대여소번호,대여소명,전체 이용건수,평일출근이용건수,평일퇴근이용건수,주말이용건수,평일출근비중,평일퇴근비중,주말비중
2715,2715.마곡나루역 2번 출구 ,173645,37531,42945,35006,0.21613637018054077,0.24731492412681044,0.2015952086152783
1210,1210. 롯데월드타워(잠실역2번출구 쪽),122673,15850,36630,31317,0.12920528559666755,0.29859871365337115,0.2552884497811254
2728,2728.마곡나루역 3번 출구,121698,24221,30696,19691,0.19902545645778896,0.252230932307844,0.1618021660175188
2701,2701. 마곡나루역 5번출구 뒤편,114953,41240,26959,16553,0.3587553173905857,0.23452193505171678,0.1439979817838595
5515,5515.한강버스 망원 선착장,97178,2477,14333,42817,0.025489308279651773,0.14749223075181625,0.44060384037539363
1153,"1153. 발산역 1번, 9번 인근 대여소",96067,11272,18663,21977,0.11733477677037901,0.19427066526486722,0.22876742273621534
230,230. 영등포구청역 7번출구,90789,19004,19217,18943,0.20932051239687627,0.21166661159391556,0.20864862483340493
502,502. 자양(뚝섬한강공원)역 1번출구 앞,88882,10099,17484,28850,0.11362255574807048,0.1967102450439909,0.3245876555433046
2622,2622. 올림픽공원역 3번출구,79556,10549,16141,24539,0.1325984212378702,0.20288853134898688,0.3084493941374629
2608,2608. 송파구청,79455,8444,18790,22675,0.10627399156755396,0.23648606129255553,0.28538166257630104
1124,1124. 발산역 6번 출구 뒤,72977,8440,16093,18731,0.11565287693382846,0.22052153418200254,0.25666990969757597
1911,1911. 구로디지털단지역 앞,70484,12588,17379,15256,0.17859372339821802,0.24656659667442257,0.21644628568185686
792,792.목동트라팰리스 웨스턴에비뉴,70074,2476,14179,20140,0.03533407540599937,0.2023432371492993,0.2874104518080886
769,769.CBS방송국 앞,69556,3096,17054,21890,0.044510897693944444,0.24518373684513198,0.3147104491345103
4217,4217. 한강공원 망원나들목,69466,3393,9963,27361,0.04884403881035326,0.14342268159963148,0.39387614084588146
3533,3533. 건대입구역 사거리(롯데백화점),68937,6295,13138,20609,0.09131525885953842,0.1905798047492638,0.29895411752759765
247,247. 당산역 10번출구 앞,67725,9277,16523,16637,0.13698043558508674,0.2439719453672942,0.24565522332964193
785,"785.양천구청, 보건소 사잇길",67616,4734,16311,16048,0.07001301467108377,0.241229886417416,0.23734027449124467
4870,4870. 몽촌토성역 3번 출구,67510,7593,13225,18680,0.11247222633683898,0.1958969041623463,0.276699748185454
272,272. 당산육갑문,67379,6341,13233,21863,0.09410944062690156,0.19639650336158151,0.32447795307143174
1160,1160. 양천향교역 7번출구앞,67279,11227,13835,14595,0.16687227812541802,0.20563623121627847,0.21693247521514886
1166,1166. 강서구립등빛도서관,67255,14860,10681,16184,0.22095011523306818,0.15881347111738905,0.2406363839119768
3939,3939.신도림역 3번출구,67072,7366,20285,16485,0.10982228053435114,0.30243618797709926,0.2457806536259542
5052,5052. 마곡역 7번출구,66948,13873,17656,12349,0.20722052936607516,0.2637270717571847,0.18445659317679394
765,765. 오목교역 3번출구,66480,5130,13856,19363,0.07716606498194946,0.20842358604091457,0.29126052948255116
4565,4565. 영등포 신세계백화점,66307,3349,15664,22244,0.050507487897205425,0.23623448504682765,0.3354698598941288
2102,2102. 봉림교 교통섬,65867,4385,11018,20677,0.06657354972899934,0.16727648139432494,0.31392047611095086
5768,5768.방이삼거리,64144,6650,11209,17926,0.10367298578199052,0.17474744325268146,0.2794649538538289
2733,2733.마곡13단지 정문 앞,63937,19670,7147,14560,0.307646589611649,0.11178191031796925,0.22772416597588252
3798,3798. 그랜드아이파크아파트 앞,63748,17251,9914,14419,0.2706124113697685,0.15551860450523938,0.22618748823492502
583,583. 청계천 생태교실 앞,62641,5237,10310,22958,0.08360339075046695,0.16458868792005235,0.3665011733529158
2721,2721.등촌1-10단지 교차로,62188,15675,13075,11807,0.25205827490834243,0.21024956583263651,0.18985978002186918
5891,5891.한강버스 여의도 선착장,61488,837,10765,26264,0.013612412177985948,0.17507481134530314,0.42714025500910746
5082,5082. 가양역 7번출구,61448,8444,15373,13459,0.13741700299440177,0.2501790131493295,0.219030725165994
2620,2620. 송파나루역 4번 출구옆,61183,8321,10639,17390,0.1360018305738522,0.173888171550921,0.28422927937498976
529,529. 장한평역 8번 출구 앞,60925,15391,13523,10446,0.2526220763233484,0.22196142798522775,0.17145670906852686
1050,1050.  둔촌역 3번 출입구,60119,8242,10510,15189,0.13709476205525709,0.17481994045143798,0.25264891298923803
113,113. 홍대입구역 2번출구 앞,59869,7195,16839,13647,0.12017905760911322,0.2812640932703068,0.22794768578062102
1906,1906. 신도림역 1번 출구 앞,59498,13084,15252,13357,0.21990655148072205,0.25634475108407007,0.2244949410064204
1151,1151. 마곡역1번출구,59399,10580,14417,12449,0.1781174767251974,0.2427145238135322,0.2095826529066146
5858,5858. 영등포역5번출구,59215,11977,9522,15584,0.20226294013341214,0.16080385037574937,0.26317655999324496
3534,3534. 건대입구역 5번출구 뒤,58808,6405,10722,15939,0.10891375323085295,0.1823221330431234,0.27103455312202424
5153,5153.한강버스 뚝섬 선착장,58351,1188,10327,23905,0.020359548251101096,0.17698068584942847,0.40967592671933645
508,508. 성수아카데미타워 앞,57587,14798,14242,9182,0.2569677184086686,0.24731276156076892,0.15944570823276086
1009,1009. 천호역4번출구(현대백화점),57506,4566,14003,16393,0.0794004103919591,0.24350502556255,0.28506590616631305
1867,1867.대륭포스트타워6차 앞,56544,10846,20542,7516,0.1918152235427278,0.36329230333899265,0.13292303338992642
2717,2717.LG유플러스 마곡사옥,56514,4110,27175,4611,0.07272534239303535,0.4808543015889868,0.08159040237817178
1222,1222. 잠실새내역 5번 출구 뒤,55811,5087,10775,15798,0.09114690652380356,0.19306229954668436,0.2830624787228324
781,781.신정보도육교 아래,55742,15176,7785,13542,0.27225431452046933,0.139661296688314,0.24294069104086685
3518,3518. 군자역 7번출구뒤,55695,10080,11586,12530,0.1809857258281713,0.20802585510368973,0.2249753119669629
1625,1625. 상계역 3번출구,55091,8151,9421,13974,0.1479552013940571,0.17100796863371512,0.25365304677715056
4574,4574. 영등포시장역 포레나영등포,54936,9107,11367,13210,0.16577471967380225,0.206913499344692,0.24046162807630697
1112,1112. 마곡엠밸리4단지 정문,54666,7179,11168,13018,0.13132477225332015,0.2042951743313943,0.23813705045183478
1152,1152. 마곡역교차로,54446,7831,14814,10355,0.14383058443228153,0.2720861036623443,0.19018844359548912
4543,4543. 오목교역 6번 출구,53602,6509,12880,13489,0.1214320361180553,0.24028954143502107,0.2516510577963509
2739,2739.수명산파크1단지교차로,53373,15205,6973,11926,0.28488186910984953,0.13064658160493134,0.2234463118055946
4457,4457. 아산병원 기숙사 부근,53097,3544,15640,8567,0.06674576718082001,0.294555247942445,0.16134621541706687
726,726. 목동3단지 시내버스정류장,52964,11717,7617,13247,0.22122573823729325,0.14381466656596933,0.25011328449512876
585,585. 성수2가1동 공영주차장 인근,52416,8506,9680,14369,0.16227869352869354,0.1846764346764347,0.2741338522588523
797,797.목동아파트 1422동 1434동 사잇길,52209,11270,8009,13515,0.21586316535463235,0.15340267003773295,0.258863414353847
708,708. 서울출입국관리사무소 앞,52154,7270,10462,12530,0.13939486904168424,0.20059822832381025,0.24025002876097712
5784,5784.한강버스 잠실 선착장,51916,1625,7522,24040,0.03130056244702982,0.14488789583172818,0.4630557053702134
1019,1019. 다성이즈빌아파트(호원대 대각선 맞은편),51646,10806,8355,12228,0.20923207992874568,0.16177438717422452,0.2367656740115401
3569,3569.건대병원후문,51584,7456,9348,11168,0.1445409429280397,0.18121898263027295,0.21650124069478907
4571,4571. 문래동롯데캐슬아파트,51277,12442,9487,11654,0.2426429003256821,0.1850147239503091,0.2272753866255826
1158,1158. 가양역 8번출구,51228,7541,11021,11453,0.14720465370500507,0.2151362536113063,0.2235691418755368
1190,1190. 마곡역 교차로(2번출구),51145,6189,13143,11983,0.12100889627529572,0.25697526639945256,0.23429465245869585
770,770.목동역5번출구,50444,7563,11630,9877,0.1499286337324558,0.23055269209420348,0.1958012845928158
1078,1078.둔촌사거리,49945,7191,7127,15458,0.14397837621383522,0.14269696666332965,0.3095004504955451
5781,5781. 올림픽공원 수영장,49519,7562,6366,11436,0.1527090611684404,0.12855671560411155,0.2309416587572447
4561,4561. 양평역 1번출구,49418,12586,10463,9897,0.254684527904812,0.21172447286413856,0.20027115625885306
3780,3780. 등촌서광아파트,49309,11197,7758,11903,0.22707822101441927,0.1573343608671845,0.2413960940193474
240,240. 문래역 4번출구 앞,48986,10085,10930,10452,0.2058751480014698,0.2231249744825052,0.21336708447311475
1020,1020. 강동경찰서,48978,9883,7768,9830,0.20178447466209318,0.1586018212258565,0.20070235615990853
1925,1925. 동양미래대학교 정문 옆,48965,6598,7521,13120,0.13474931073215562,0.15359950985397733,0.26794649239252527
5651,5651.한강버스 옥수 선착장,48408,1843,9067,19084,0.03807221946785655,0.18730375144604197,0.3942323582878863
1167,1167. 마곡수명산파크3단지 교차로,48269,11927,7364,11482,0.2470944084194825,0.15256168555387517,0.2378752408378048
1601,1601. 석계역 문화광장 내 자전거 보관소,48192,4709,10508,11461,0.0977133134130146,0.2180444887118194,0.2378195551128818
3681,3681. 길동 마루빌딩,48138,5784,8213,13375,0.12015455565249906,0.17061365241597076,0.27784702314180065
207,207. 여의나루역 1번출구 앞,47872,4473,11375,15189,0.09343666443850267,0.23761280080213903,0.3172835895721925
209,209. 유진투자증권빌딩 앞,47705,2420,17419,11453,0.05072843517451001,0.3651399224399958,0.24007965622052196
5061,5061. 우장산동 가곡어린이공원앞,47558,6724,7490,12071,0.1413852558980613,0.15749190462172505,0.25381639261533284
1184,1184. 마곡13단지,47319,15621,5526,10976,0.33012109300703735,0.11678184238889242,0.23195756461463682
3668,3668. 성내삼성아파트,47247,10135,7284,11438,0.2145109742417508,0.15416851863610387,0.24208944483247613
1084,1084. 윤선생빌딩(JYP사옥),46577,5376,11627,11353,0.11542177469566524,0.24962964553320308,0.24374691371277668
746,746. 목동2단지 상가,46240,2667,8333,14832,0.05767733564013841,0.18021193771626298,0.32076124567474046
1157,1157. 강서구청,46181,13367,7786,9111,0.2894480414023083,0.16859747515211884,0.19728892834715575
243,243. 이앤씨드림타워 앞,46132,5137,11640,10786,0.1113543744038845,0.25231943119743344,0.23380733547212348
1608,1608. 공릉역 1번 출구 앞,46131,5835,9464,10178,0.12648761136762698,0.20515488500140902,0.22063254644382302
1044,1044. 굽은다리역,46104,5723,7899,12428,0.1241323963213604,0.17133003643935452,0.2695644629533229
4940,4940.한강버스 압구정 선착장,46092,1298,8357,20197,0.028161069166015795,0.18131129046255315,0.4381888397118806
787,787.양천아파트 입구,46086,13055,6548,10702,0.28327474721173457,0.14208219415874668,0.23221802716660156
3571,3571.화양 APT(횡단보도 옆),45986,8639,8236,10310,0.18786152307223938,0.1790979863436698,0.2241986691601792
4531,4531. 목동아파트 613동 앞,45950,10291,6377,12679,0.22396082698585418,0.13878128400435255,0.27593035908596303
4029,4029. 청소년수련관 후문,45915,9352,5776,12347,0.20368071436349777,0.1257976696068823,0.2689099422846564
4137,4137. 답십리역 4번출구,45845,5399,11524,10393,0.11776638673792125,0.2513687425019086,0.22669865852328497
2639,2639.석촌역 8번출구,45582,7550,9230,10914,0.16563555789566056,0.20249221183800623,0.23943661971830985
263,263. 근로자회관 사거리,45137,5820,10434,10430,0.12894078029111372,0.23116290404767706,0.23107428495469348
1117,1117. 등촌5단지아파트 버스정류장,45000,6543,8904,9777,0.1454,0.19786666666666666,0.21726666666666666
2719,2719.마곡문화공원,44848,4498,18468,5859,0.10029432750624331,0.41179093828041385,0.1306412772029968
202,202. 국민일보 앞,44756,3946,16104,9553,0.08816694968272411,0.35981767807668247,0.21344624184466887
4508,4508. 유원목동아파트 103동 앞,44528,6187,6974,10923,0.13894628099173553,0.1566205533596838,0.24530632411067194
1295,1295. 잠실역 8번출구,44519,3004,10696,12601,0.06747680765515847,0.24025696893461218,0.28304768750421166
5096,5096. LG사이언스파크 E14동,44505,4127,25012,976,0.09273115380294349,0.5620042691832379,0.021930120211212222
1011,1011. LIGA 아파트 앞,44309,7658,7111,10755,0.17283170461982894,0.1604865828612697,0.24272721117605903
1173,1173. 강서구청사거리(SH타워),44097,11201,6257,10478,0.2540082091752273,0.1418917386670295,0.23761253600018142
795,795.양천 해누리타운,44085,5297,8938,9763,0.12015424747646591,0.20274469774299647,0.22145854599069978
1149,1149. 신방화역환승주차장,44051,5484,9549,10568,0.1244920660143924,0.21677146943315703,0.2399037479285374
3680,3680. 강동역3번출구,43786,7617,8704,9469,0.17395971315032202,0.1987849997716165,0.21625633764216873
1191,"1191. 마곡역 버스정류장(마곡나루역1번출구, 웰튼병원 방면)",43710,4392,9555,11050,0.10048043925875086,0.21859986273164037,0.2528025623427133
2628,2628.문정역 1번출구,43514,6904,9285,8971,0.15866158018109114,0.21337960196718297,0.20616353357540101
2646,2646.레이크펠리스101동앞,43374,5874,6531,12555,0.1354267533545442,0.15057407663577257,0.2894591229768986
1985,1985. 구로도서관,43317,7373,6960,10797,0.17021031003993814,0.16067594708774846,0.24925548860724428
779,779. 신정1동 주민센터 앞,43270,6530,7640,11639,0.1509128726600416,0.17656574994222324,0.26898544025883986
1182,1182. KBS 스포츠월드,43259,9550,7102,8005,0.22076330936914862,0.16417392912457524,0.18504819806283085
3219,3219.영등포역 1번출구,43185,7528,9706,11046,0.17431978696306588,0.22475396549727913,0.2557832580757207
217,217. NH농협은행 앞,43039,4786,15917,5461,0.11120146843560491,0.36982736587745996,0.12688491832988685
1637,1637. KT 전화국 버스정류장 옆,42925,2563,9189,12266,0.05970879440885265,0.21407105416423997,0.28575422248107163
4452,4452. 삼성SDS,42597,2807,17845,6137,0.06589665938915885,0.4189262154611827,0.1440711787215062
703,703. 오목교역 7번출구 앞,42528,5887,10858,9724,0.13842644845748683,0.2553141459744169,0.22864936042136946
3881,3881. 신자초교입구 교차로,42468,9598,5263,11300,0.22600546293679946,0.12392860506734482,0.26608269756051617
1024,1024.  강동구청 앞,42209,5775,9272,9592,0.13681916179013953,0.219668791016134,0.2272501125352413
5080,5080. 가양역 1번출구,42174,7507,9036,9268,0.17800066391615688,0.21425522833973537,0.21975624792526202
431,431. 청계천 영도교,42101,6271,5941,10367,0.14895133132229638,0.1411130376950666,0.24624118191966937
2136,2136. 신림역 8번출구,41976,3443,6650,12118,0.0820230607966457,0.15842386125404995,0.28868877453783115
1209,1209. 잠실나루역 (2번 출구 쪽),41960,8354,10266,8895,0.19909437559580553,0.24466158245948522,0.21198760724499524
5074,"5074. 마곡엠밸리14단지 버스정류장(마곡엠밸리11,12단지상가방면)",41860,6235,8619,8440,0.14894887720974678,0.2059006211180124,0.2016244624940277
4233,4233. 코오롱아파트사거리,41838,6612,6849,11499,0.15803814713896458,0.1637028538649075,0.27484583393087625
2824,2824.미래사랑어린이공원 앞,41804,5142,10703,10337,0.12300258348483399,0.2560281312793034,0.2472729882307913
228,228. 선유도역 3번출구 앞,41758,4745,8437,12291,0.1136309210211217,0.20204511710330955,0.29433880932994877
4897,4897. 잠실주공5단지1,41740,11772,4894,11206,0.2820316243411596,0.11724964063248683,0.268471490177288
1684,1684. 태릉입구역 5번출구,41679,2780,8696,10888,0.0667002567240097,0.20864224189639866,0.26123467453633725
3575,3575. 자양사거리(서원빌딩),41602,4735,7063,10859,0.1138166434306043,0.16977549156290564,0.2610211047545791
5882,5882. 휴젠느,41285,10823,6522,10202,0.26215332445198014,0.15797505147147875,0.24711154172217512
996,996.응암역2번출구 국민은행 앞,41248,3683,8275,11451,0.08928917765709853,0.20061578743211791,0.2776134600465477
3511,3511. 응봉역 1번출구,41189,4961,5598,14719,0.12044477894583505,0.13591007307776348,0.3573526912525189
907,907. CJ 드림시티,41059,3839,6792,12417,0.09349959813926301,0.16542049246206678,0.3024184709807837
2219,"2219. 고속터미널역 8-1번, 8-2번 출구 사이",41028,2305,9076,13373,0.05618114458418641,0.22121478015014137,0.32594813298235353
853,853.용산역 맞은편,40797,2377,7857,14407,0.05826408804568963,0.19258769027134348,0.3531387111797436
744,744. 신목동역 2번 출구,40741,7620,10020,8030,0.18703517341253284,0.24594388944797624,0.1970987457352544
1264,1264. 천호역 10번 출구 앞,40738,6028,9776,10032,0.14796995434238303,0.23997250724139624,0.24625656635082724
5070,5070. 마곡13단지힐스테이트마스터 후문(1320동 앞),40631,12800,4827,9223,0.31503039551081685,0.11880091555708695,0.22699416701533312
584,584. 광진광장 교통섬,40596,9982,5922,8180,0.24588629421617894,0.14587644102867278,0.20149768450093605
5867,5867. H타워 앞,40583,14139,8223,7780,0.3483971120912697,0.20262178744794618,0.19170588670132815
4509,4509. 서울영상고교 입구,40395,7021,5305,10007,0.1738086396831291,0.13132813467013243,0.24772867929199158
4540,4540. 목동역 3번 출구,40301,4915,9430,8664,0.12195727153172378,0.2339892310364507,0.21498225850475175
245,245. 삼성생명 당산사옥 앞,40168,6939,8782,8167,0.17274945230033859,0.21863174666401114,0.20332105158334993
2623,2623.석촌동 주민센터,40120,7462,6318,10805,0.18599202392821534,0.1574775672981057,0.26931704885343966
2621,2621. 한성백제역 2번 출구,40094,4357,6535,14507,0.10866962637801167,0.1629919688731481,0.36182471192697163
5870,5870. LG트윈타워 앞,39905,4204,11530,9018,0.1053502067410099,0.2889362235308858,0.22598671845633378
4547,4547. 목동역 2번 출구,39903,3844,7983,9961,0.09633360900182944,0.20006014585369522,0.2496303536074982
1653,1653. 노원역1번출구,39830,2847,9292,11088,0.07147878483555109,0.23329148882751694,0.27838312829525486
280,280. 양평동6차현대아파트 앞,39736,11105,4848,9347,0.279469498691363,0.12200523454801691,0.23522750150996577
4515,4515. 동문굿모닝탑,39680,4578,6061,11193,0.11537298387096774,0.1527469758064516,0.2820816532258065
1106,1106. 신방화사거리,39587,7492,6839,9917,0.18925404804607573,0.17275873392780458,0.250511531563392
631,631. 답십리역 1번출구,39342,7321,8872,7824,0.1860861166183722,0.22550963347059122,0.19887143510751867
1010,1010. 강동세무서,39256,5086,7531,9513,0.1295598125127369,0.1918432851029142,0.2423323823109843
5866,5866.포레나 당산,39226,2932,8326,10840,0.07474634171212971,0.21225717636261662,0.2763473206546678
1650,1650. 중계근린공원내,39150,5245,6256,10852,0.13397190293742017,0.15979565772669221,0.27719029374201787
4865,4865. 한성백제역 1번출구 뒤,39097,6707,6874,10458,0.17154768908100365,0.1758191165562575,0.2674885541090109
2723,2723.마곡 필네이처,39086,7238,9251,7472,0.1851813948728445,0.23668321138003376,0.19116819321496187
1118,1118. 증미역 3번출구뒤(등촌두산위브센티움오피스텔),39073,5942,10216,7939,0.15207432242213292,0.26145931973485526,0.20318378419880737
5862,5862. 당산역11번출구,39067,7629,9082,8632,0.19527990375508741,0.23247241917731076,0.220953746128446
236,236. 문래동자이아파트 앞,38995,6058,5832,10406,0.1553532504167201,0.14955763559430696,0.26685472496473905
4514,4514. 목동성당 앞,38862,6120,5004,10723,0.15748031496062992,0.1287633163501621,0.2759250681900057
4108,4108. 답십리파크자이아파트 앞,38850,10394,4820,9393,0.26754182754182754,0.12406692406692407,0.24177606177606178
1029,1029. 성내어울터,38449,2279,7437,11443,0.059273323103331686,0.1934250565684413,0.2976150224973341
731,731. 서울시 도로환경관리센터,38340,3459,8243,11593,0.09021909233176839,0.21499739175795513,0.3023735002608242
3202,3202.당산롯데캐슬프레스티지,38309,8168,6006,9989,0.21321360515805685,0.1567777806781696,0.26074812707196743
2919,2919.등나무 근린공원(시립북서울미술관 앞) ,38293,2559,7149,11180,0.06682683519181051,0.1866920847152221,0.2919593659415559
793,793.목동5단지아파트 534동,38209,3997,6114,11117,0.10460886178649009,0.16001465623282474,0.290952393415164
788,788.양천구청역 2번출구 옆,38130,5207,11643,7433,0.13655913978494624,0.3053501180173092,0.1949383687385261
791,791.현대하이페리온,38084,3192,6570,10586,0.08381472534397648,0.1725133914504779,0.2779644995273606
1293,1293. 석촌호수 서호 사거리,38081,6027,6324,10282,0.15826790262860743,0.16606706756650297,0.27000341377589876
2720,2720.힐스테이트에코,38052,5442,8577,7885,0.14301482182276884,0.22540208136234627,0.20721644066014927
3010,3010.홍대입구역 3번출구,38015,4638,8159,10178,0.12200447191897935,0.21462580560305142,0.26773641983427593
3509,3509. 세종사이버대학교,37980,8436,5868,8573,0.22211690363349132,0.15450236966824646,0.225724065297525
3784,3784. 벽산아파트,37956,9304,5190,10081,0.24512593529349774,0.13673727473917166,0.26559700706080724
275,275. 신동아아파트,37953,7065,6768,8786,0.18615129238795353,0.17832582404553,0.23149685136879825
102,102. 망원역 1번출구 앞,37930,4114,6742,10634,0.10846295808067492,0.17774848404956498,0.28035855523332454
1297,1297. 석촌호수교차로(동호 팔각정 앞),37867,4468,6265,11580,0.11799191908521932,0.1654474872580347,0.30580716719042966
1008,1008. 암사역 3번출구(국민은행앞),37812,5471,6171,10141,0.1446895165555908,0.16320215804506505,0.2681952819210833
1231,1231. 잠실역 6번출구,37792,3130,9340,10498,0.08282176121930568,0.24714225232853515,0.2777836579170195
3772,3772. 길성그랑프리텔아파트,37772,7985,6469,9202,0.21139997882029016,0.1712644286773271,0.24361961241130997
1674,1674. 서울북부고용센터앞,37530,2787,7993,8190,0.07426059152677858,0.21297628563815615,0.2182254196642686
794,794.양천문화회관,37435,6755,5365,10238,0.18044610658474688,0.1433150794710832,0.2734873781220783
565,565. 옥수역 3번출구,37283,3520,7710,11514,0.09441300324544699,0.2067966633586353,0.30882707936593085
4868,4868. 석촌호수 서호 남단,37250,8106,6792,8527,0.21761073825503355,0.18233557046979865,0.22891275167785236
931,931. 역촌파출소,37199,8359,5317,9052,0.2247103416758515,0.1429339498373612,0.24333987472781526
780,780.신정교 하부,37098,4926,4942,12905,0.13278343846029436,0.1332147285567955,0.3478624184592161
259,259. 대방역6번출구,36877,12647,4908,7783,0.3429508907991431,0.13309108658513435,0.21105295983946634
755,755. 목동1단지아파트 상가 앞,36836,3820,6916,9945,0.10370289933760451,0.18775111304158976,0.2699804539037898
1668,1668. 중계역 6번출구,36659,4240,7800,9505,0.11566054720532475,0.2127717613682861,0.2592814861289179
2704,2704.홈플러스(강서점),36599,6843,7171,7354,0.18697232164813246,0.19593431514522255,0.20093445176097707
1103,1103. 방화역 4번출구앞,36427,5298,6145,9211,0.14544156806764214,0.16869355148653473,0.2528618881598814
1192,1192. 마곡수명산파크 209동 건너편,36331,10577,4596,8223,0.29112878808730835,0.12650353692438965,0.22633563623351957
734,734. 신트리공원 입구,36220,8924,5418,9127,0.24638321369409166,0.1495858641634456,0.2519878520154611
670,670.삼육서울병원 버스정류장,36218,3201,6615,9352,0.0883814677784527,0.1826439891766525,0.25821414766138384
2708,2708.강서한강자이타워 앞,36216,3932,9881,7444,0.10857079743759664,0.27283521095648333,0.2055445107134968
419,419. 홈플러스 마포점 앞,36010,1831,7013,12180,0.05084698694806998,0.19475145792835324,0.3382393779505693
1611,1611. 과기대 입구(우),35973,2629,6671,8795,0.07308258972006783,0.1854446390348317,0.24448892224724098
602,602. 장안동 사거리,35880,3393,6241,9385,0.09456521739130434,0.17394091415830545,0.2615663322185061
2641,2641.송파역 4번출구,35803,3903,6934,9232,0.10901321118342039,0.193670921431165,0.2578554869703656
232,232. 양평우림 이비즈센타 앞,35725,6635,8978,6953,0.18572428271518546,0.25130860741777467,0.1946256123163051
361,361. 동묘앞역 1번출구 뒤,35677,4772,5362,9090,0.1337556408890882,0.15029290579364857,0.25478599658043
4535,4535. 목동12단지 아파트,35650,8333,4934,10134,0.23374474053295932,0.13840112201963534,0.28426367461430574
3789,3789. 염창나들목,35579,6987,4323,11605,0.19637988701200146,0.12150425812979566,0.3261755529947441
1908,1908. 해원리바파크 육교 밑,35460,8933,6834,8707,0.25191765369430347,0.19272419627749576,0.2455442752397067
5095,5095. 원당근린공원,35410,5201,6329,9585,0.14687941259531206,0.1787348206721265,0.27068624682293135
147,147. 마포역 4번출구 뒤,35286,4198,8451,9561,0.11897069659354985,0.2395000850195545,0.2709573201836422
3600,3600.사근빗물펌프장 건너편,35283,3731,5869,9886,0.10574497633421194,0.16634073066349234,0.28019159368534424
1113,1113. 서남환경공원 버스정류장,35265,9048,4635,8900,0.256571671629094,0.13143343258188006,0.2523748759393166
5333,5333. 노원역9번-10번 출구 앞,35229,1787,8044,9586,0.050725254761702004,0.22833461069005648,0.27210536773680777
290,290. 새말소공원,35200,8414,5656,7016,0.23903409090909092,0.16068181818181818,0.1993181818181818
2002,2002. 노들역 1번출구,35169,3801,5524,12506,0.10807813699564958,0.15707014700446417,0.35559725894964317
2176,2176. 보라매공원 보도육교,35163,6099,4834,10261,0.17344936438870404,0.13747404942695446,0.29181241646048406
1232,1232. 잠실주공 521동 건너편,35111,2186,7841,10875,0.06225969069522372,0.22332032696306,0.3097319928227621
2377,2377. 수서역 5번출구,35048,3918,9503,8271,0.1117895457658069,0.2711424332344214,0.23599064140607168
4553,4553. 당산삼성2차아파트,35013,8118,5691,7859,0.23185673892554196,0.16253962813812012,0.22445948647645161
383,383. 신당역 12번 출구 뒤,34955,3693,5451,8438,0.10565012158489487,0.15594335574309828,0.24139608067515378
2744,2744.강서세무서 앞,34944,8443,5579,7489,0.24161515567765568,0.1596554487179487,0.2143143315018315
6058,6058. 시청역 2번출구,34914,9096,8584,5161,0.2605258635504382,0.24586125909377327,0.14782035859540585
1150,1150. 송정역 1번출구,34775,5832,6910,7868,0.16770668583752696,0.198705966930266,0.22625449317038102
283,283. 아크로타워 스퀘어(영등포시장),34651,8580,4713,8239,0.2476119015324233,0.13601339066693602,0.23777091570228853
3664,3664. 맥도날드 서울둔촌DT점 앞,34342,4621,5811,8895,0.13455826684526237,0.1692097140527634,0.2590122881602702
2707,2707.한강아파트,34342,8602,4545,8160,0.2504804612427931,0.13234523324209424,0.23760992370857842
1012,1012. 천호역효성해링턴타워 앞,34325,3775,6419,8662,0.1099781500364166,0.187006554989075,0.2523525127458121
5883,5883. 영문초사거리,34310,4293,6942,8427,0.12512387059166424,0.20233168172544447,0.24561352375400758
1180,1180. 마곡엠밸리 15단지(1502동) 건너편,34233,6032,6864,6853,0.17620424736365495,0.20050828148277977,0.20018695410860865
1251,1251. 석촌역 2번출구,34142,3435,6368,9909,0.10060922031515436,0.18651514263956417,0.29022904340694744
278,278. 쌍용플레티넘오피스텔,34114,4717,5218,9860,0.13827167731723047,0.15295772996423757,0.2890308964061676
117,117. 홍은사거리,34067,3960,6545,9860,0.11624152405553762,0.19212140781401357,0.28942965333020226
648,648. 장안동위더스빌옆,33994,7870,5309,7853,0.2315114431958581,0.15617461905042065,0.23101135494499028
1946,1946. 구로역 광장,33888,6815,8994,6033,0.20110363550519358,0.26540368271954673,0.17802762039660056
5887,5887.나루마을 마당공원,33887,9848,5015,8213,0.29061291940862277,0.14799185528373712,0.24236432850355594
2637,2637. 아시아지하보도 14번 출구,33792,2774,6724,9491,0.08209043560606061,0.19898200757575757,0.2808652935606061
6177,6177. 마곡롯데캐슬르웨스트,33687,7423,5830,7150,0.22035206459465076,0.1730637931546294,0.21224804820850773
1914,1914. 대림역4번출구,33618,6140,6989,7405,0.1826402522458207,0.20789458028437147,0.22026890356356713
1308,1308. 안암로터리 버스정류장 앞,33562,1404,7339,8313,0.041833025445444254,0.21866992431917048,0.24769084083189322
296,296.KT플라자 영등포점,33379,6709,5403,8172,0.20099463734683484,0.1618682405105006,0.24482459031127354
5752,5752. 풍납백제문화공원 옆 인근,33268,6897,3929,9712,0.20731634002645186,0.11810147889864134,0.2919321870866899
2718,2718.마곡수명산파크1단지,33237,9943,3745,7148,0.2991545566687728,0.11267563257815086,0.21506152781538646
3570,3570.구의역 리버비스타 오피스텔,33180,3043,5782,9421,0.09171187462326703,0.17426160337552743,0.28393610608800485
415,415. DMC역 9번출구 앞,33134,6802,8978,5342,0.20528761996740508,0.27096034285024445,0.1612241202390294
206,206. KBS 앞,33082,2444,11205,7233,0.07387703282751949,0.3387038268544828,0.21863853455051085
1662,1662. 노원역7번출구,33003,1426,8775,8606,0.04320819319455807,0.26588491955276794,0.26076417295397386
3536,3536. 중앙농협(자양동),32978,6604,4514,8978,0.20025471526472194,0.13687913154224027,0.27224210079446903
3410,3410.종로3가역 8번출구,32846,4513,7212,5406,0.13739877001765816,0.21957011508250623,0.164586250989466
2745,2745.수명초등학교,32843,10857,3387,6085,0.3305727247815364,0.10312699814267881,0.1852754011509302
735,735. 영도초등학교,32826,7144,4220,9052,0.21763236458904528,0.12855663193809785,0.2757570218729056
1193,1193. 마곡센트럴타워 1차,32767,1045,10278,5738,0.03189184240241707,0.31366924039429916,0.17511520737327188
1163,1163. 방화동강서기동대앞,32744,7729,4229,7724,0.23604324456388956,0.12915343268995846,0.2358905448326411
1655,1655. 공릉1단지아파트,32689,6022,4251,8396,0.18422099177093212,0.13004374560249626,0.25684481018079475
3504,3504. 원일교회,32489,4552,4519,9216,0.1401089599556773,0.13909323155529563,0.283665240542953
1111,1111. 마곡엠밸리6_7단지 마곡중학교,32457,4876,4888,8886,0.15022953446097914,0.15059925439812674,0.2737776134578057
4382,4382. 페코텍글로벌허브빌딩 앞,32387,8554,7281,4414,0.26411831907864264,0.22481242473832094,0.13628925186031432
514,514. 성수사거리 버스정류장 앞,32316,4476,7590,6318,0.13850724099517267,0.23486817675454882,0.19550686966208689
4179,4179. 보라매병원역 1번출구,32314,2425,6343,9469,0.07504487219161973,0.19629262858203875,0.29303088444637
183,183. 하늘채코오롱아파트 건너편,32099,6686,5117,7955,0.20829309324278014,0.15941306582759587,0.24782703511012805
3868,3868. 자양한강도서관,32039,7425,4672,8381,0.2317488061425138,0.1458222790973501,0.2615874403071257
2611,2611. 송파지역자활센터 뒤,32011,10121,3927,7678,0.3161725656805473,0.12267657992565056,0.2398550498266221
1218,1218. 방이역 4번출구,31988,2691,6270,9586,0.08412529698636989,0.19601100412654746,0.2996748780792797
747,747. 목동3단지 상가,31970,3353,5323,10113,0.10487957460118862,0.16649984360337816,0.3163278073193619
4864,4864. 송파사거리,31967,3288,5883,8322,0.1028560703225201,0.18403353458253824,0.26033096630900615
1208,1208. 풍납현대아파트쉼터,31931,5758,5669,7770,0.18032632864614326,0.17753906861670476,0.24333719582850522
1162,1162. 공항초등학교건너편,31900,7710,4469,8382,0.24169278996865204,0.14009404388714733,0.26275862068965516
2632,2632.석촌고분역 2번 출구,31895,5039,5046,9019,0.15798714532058317,0.15820661545696818,0.28277159429377646
1986,1986. 태평양물산,31892,1150,14820,4255,0.03605919979932271,0.4646933400225762,0.13341903925749404
1244,1244. 문정 법조단지8,31879,3549,5473,9480,0.11132720599767872,0.17168041657517488,0.29737444712820355
1077,1077.강동역 1번출구 앞,31858,6170,5355,7248,0.19367191914118903,0.16808964781216648,0.22750957373344216
1013,1013. 강동구청역 1번 출입구,31786,5276,7048,6811,0.16598502485370917,0.22173283835650914,0.2142767256024665
3582,3582.화양동 우체국,31740,6722,4560,7272,0.21178323881537492,0.14366729678638943,0.22911153119092628
2615,2615. 테라타워2,31739,7074,7910,4513,0.22288036800151234,0.24922020227480388,0.14219099530546017
3413,3413.종로플레이스,31664,5061,6154,4347,0.15983451237998988,0.19435320869125822,0.13728524507326934
4135,4135. 삼성생명 앞,31641,4030,5621,8686,0.12736639170696248,0.1776492525520685,0.2745172402894978
4037,4037. 물넘이교,31609,4492,4476,9308,0.14211142396152995,0.14160523901420483,0.29447309310639375
2742,2742.강서구민올림픽체육센터,31599,7597,4321,4493,0.24041900060128485,0.1367448336972689,0.14218804392544068
213,213. KT앞,31572,8553,5738,4685,0.2709045990117826,0.1817433168630432,0.14839097934879006
4213,4213. 마포구중앙도서관 정문 앞,31572,1849,6176,9230,0.0585645508678576,0.19561636893449894,0.2923476498162929
231,231. 남부고용노동지청 남측,31541,5522,6660,5619,0.17507371357915094,0.21115373640658192,0.17814907580609365
1617,1617. 하계동 중평어린이공원 앞,31500,8986,3910,8172,0.2852698412698413,0.12412698412698413,0.25942857142857145
3764,3764. 관문주유소(GS칼택스) 앞,31500,6164,5244,7549,0.19568253968253968,0.16647619047619047,0.23965079365079364
1569,1569.수유역2번출구,31453,3054,6351,8488,0.09709725622357168,0.20192032556512893,0.269862970145932
303,303. 광화문역 1번출구 앞,31377,5568,7206,5270,0.17745482359690218,0.22965866717659433,0.16795742104088981
796,796.목동아파트 14단지 B상가 앞,31297,7059,4475,8162,0.22554877464293702,0.1429849506342461,0.26079176917915453
2217,2217.아크로리버뷰 부지 앞,31263,3103,4928,11857,0.0992547100406231,0.15763042574289096,0.37926622525029585
771,771.목동아파트 703동 앞,31256,3736,6043,7965,0.11952905042231891,0.19333887893524443,0.25483107243409264
1451,1451. 중랑세무서,31195,3417,5971,8616,0.10953678474114441,0.19140887962814554,0.27619810867126143
268,268. 그랜드컨벤션센터 앞,31122,3170,6080,7797,0.10185720712036501,0.19536019536019536,0.25053017158280316
1226,1226. 잠실4동 주민센터 옆,31070,6694,5396,7628,0.21544898616028324,0.17367235275185067,0.24551013839716768
512,512. 뚝섬역 1번 출구 옆,30925,3827,7682,8112,0.12375101050929668,0.2484074373484236,0.2623120452708165
2635,2635.잠실새내역 1번출구,30924,3237,6393,8765,0.10467597982149787,0.206732634846721,0.2834368128314578
3500,3500. 군자역2번출구,30828,5561,6277,7059,0.18038795899831322,0.20361359802776696,0.22898014791747762
4893,4893. 문정법조단지12,30673,3817,14012,2758,0.12444169138982167,0.4568187004857692,0.08991621295601995
308,308. 광화문 S타워 앞,30610,2510,12703,3148,0.08199934661875204,0.4149950996406403,0.1028422084286181
1018,1018. 둔촌 주공 GS 맞은편,30598,5151,4412,8331,0.1683443362311262,0.14419243087783515,0.2722726975619322
704,704. 남부법원검찰청 교차로,30572,3908,6276,6605,0.12782938636660998,0.20528588250686902,0.21604736360068036
2525,2525.반포쇼핑타운 2동 앞,30447,1549,5797,11019,0.05087529149013039,0.1903964265773311,0.36190757710119226
3514,3514. 왕십리교회옆,30422,4459,4748,7931,0.1465715600552232,0.1560712642166853,0.2606994937873907
5311,5311. 주공601동 상가 노원지하보도 앞,30225,2018,6123,7918,0.06676592224979322,0.20258064516129032,0.26196856906534327
458,458. 광화문역 5번출구,30185,3262,8130,6798,0.10806692065595494,0.26933907569985094,0.22521119761470929
186,186. 월드컵공원,30172,745,3426,16154,0.02469176720137876,0.1135489858146626,0.5353970568739228
4564,4564. 63스퀘어,30163,3533,8883,4912,0.11713025892649935,0.2944998839637967,0.16284852302489805
305,305. 종로구청 옆,30136,4107,8244,5199,0.13628218741704273,0.2735598619591187,0.1725179187682506
3002,3002.벽산상암스마트큐브 ,30128,3132,5546,8981,0.10395645246946363,0.18408125331917152,0.29809479553903345
3657,3657. 서울천호동우체국,30123,3011,4504,8585,0.09995684360787438,0.1495203001029114,0.28499817415264084
5064,5064. 양천향교역8번출구,30120,7583,5924,5712,0.25175962815405045,0.19667994687915005,0.18964143426294822
284,284. 센트럴 푸르지오 시티 앞,30064,4714,6299,8078,0.15679882916444918,0.20951969132517295,0.26869345396487493
4096,4096.창동역2번출구 하나은행365 앞,30017,2675,6907,7531,0.08911616750508046,0.23010294166638903,0.2508911616750508
1663,1663. 동해문화예술관앞,29993,2552,5472,6311,0.08508652018804387,0.18244256993298436,0.2104157636781916
5878,5878. 우리은행 앞,29951,822,14448,5173,0.02744482655003172,0.48238790023705386,0.17271543521084437
1669,1669. 중계역 3번출구,29939,3136,6150,7182,0.10474631751227496,0.20541768262133003,0.2398877718026654
543,543. 구의공원(테크노마트 앞),29895,2497,7181,8132,0.08352567318949657,0.24020739254055862,0.2720187322294698
302,302. 경복궁역 6번출구 뒤,29892,6324,5575,6827,0.21156162183861904,0.18650475043489897,0.22838886658637764
2732,2732.마곡수명산 1-2단지 ,29865,9186,3409,6799,0.30758412857860373,0.11414699480997824,0.22765779340364975
1198,1198. LG 사이언스파크,29807,6771,10230,3018,0.22716140503908477,0.34320797128191366,0.10125138390311
786,786.목동아파트 8단지 상가동 앞,29591,5169,4584,8371,0.17468149099388328,0.15491196647629346,0.2828900679260586
4527,4527. 목동신시가지아파트6단지,29561,3023,4154,6394,0.10226311694462298,0.14052298636717298,0.21629850140387674
568,568. 청계8가 사거리 B,29551,4605,5223,8066,0.15583228993942674,0.1767452878075192,0.2729518459612196
1220,1220. 잠실근린공원,29528,6316,4416,7976,0.21389867244649147,0.14955296667569765,0.27011649959360606
291,291. 문래동 하이테크 시티,29495,1783,11209,4464,0.06045092388540431,0.38003051364638074,0.15134768604848278
3542,3542. 래미안 구의파크 스위트,29482,7187,4582,7664,0.24377586323858624,0.1554168645275083,0.2599552269181195
238,238. 제2구민체육센타 앞,29452,6403,6523,4145,0.21740459052016842,0.22147901670514736,0.14073747113948118
154,154. 마포구청역 ,29409,2665,4885,9211,0.09061851814070522,0.1661056139277092,0.3132034411234656
2109,2109. 은천로입구 가로공원,29384,7312,3583,7932,0.2488429077048734,0.12193710863054724,0.2699428260277702
612,612. 시립동부병원 앞 사거리,29252,5785,5453,6645,0.19776425543552578,0.18641460412963215,0.22716395460139477
1155,1155. 기쁜우리복지관,29225,6954,3950,6402,0.2379469632164243,0.13515825491873396,0.2190590248075278
4486,4486. 홈플러스 잠실점,29185,2418,8035,6834,0.08285077951002227,0.27531266061332876,0.23416138427274286
548,548. 자양나들목,29111,6958,3578,8390,0.2390161794510666,0.12290886606437429,0.28820720689773627
592,592. 건국대학교 학생회관,29050,1205,6372,4128,0.041480206540447505,0.2193459552495697,0.1420998278829604
293,293. 충북 미래관,29033,8438,3732,7340,0.2906347948885751,0.12854338166913512,0.25281576137498707
1449,1449. 상봉역 1번출구,29010,3630,7639,6545,0.125129265770424,0.2633229920716994,0.2256118579800069
1102,1102. 방화사거리 마을버스 버스정류장,28997,3175,4816,7623,0.10949408559506156,0.16608614684277684,0.26288926440666277
2727,2727.서울식물원 잔디마당 앞,28994,3319,13386,2489,0.11447195971580328,0.4616817272539146,0.08584534731323722
3579,3579.광진 캠퍼스시티,28963,5750,5823,6721,0.19852915789110245,0.20104961502606775,0.23205469046714775
2921,2921.중계역 2번출구,28909,4022,5584,6558,0.13912622366737,0.1931578401189941,0.2268497699678301
1248,1248. 방이초등학교,28818,3809,5331,7968,0.13217433548476645,0.18498854882365187,0.27649385800541326
4142,4142. 현대썬앤빌 앞,28776,7214,3462,6714,0.2506950236308034,0.12030859049207673,0.23331943286071727
3819,3819. 서울대벤처타운역,28768,2590,4869,8389,0.09003058954393771,0.16925055617352613,0.2916087319243604
614,614. 용두동 사거리,28744,3849,4730,6708,0.13390620651266352,0.16455608126913443,0.2333704425271361
1243,1243. 문정 법조단지7,28726,2518,9964,4354,0.08765578221819954,0.34686346863468637,0.1515700062661004
2601,2601. 석촌호수 아뜰리에,28707,4551,4685,8067,0.15853276204410074,0.16320061309088377,0.28101159995819835
1688,1688. 마들역 7번출구,28696,4259,6182,6662,0.14841789796487315,0.21543072205185393,0.23215779202676332
184,184.망원우체국사거리 인근,28690,3415,4926,8464,0.11903102126176368,0.17169745555942836,0.2950156849076333
630,630. 동대문구 보건소,28621,6025,5616,5128,0.21050976555675902,0.1962195590650222,0.1791691415394291
219,219. 롯데캐슬엠파이어 옆,28617,4734,7829,4711,0.16542614529824928,0.2735786420659049,0.16462242722857043
1262,1262. 송파여성문화회관 앞,28612,4530,4873,7077,0.1583251782468894,0.17031315531944638,0.24734377184398154
103,103. 망원역 2번출구 앞,28606,1709,5026,9560,0.05974271131930364,0.17569740613857232,0.3341956232958121
4027,4027. 한내 행복발전소 옆,28489,1021,4543,9106,0.035838393766014956,0.15946505668854646,0.3196321387202078
4481,4481. 올림픽공원 북2문 B,28413,2817,5378,9462,0.09914475768134305,0.18927955513321368,0.3330165769190159
5087,5087. 연세강서빌딩,28395,7326,4002,7013,0.2580031695721078,0.14094030639197042,0.2469801021306568
1140,1140. 목동사거리 버스정류장,28378,5850,4318,6601,0.20614560575093382,0.1521601240397491,0.23260976813024173
1964,1964. 원메디타운 앞,28359,4128,4322,6653,0.14556225536866604,0.15240311717620508,0.23459924538947072
3760,3760. 발산역 8번 출구,28299,6881,5320,5760,0.24315346832043536,0.1879925085692074,0.20354076115763808
5765,5765. 삼전동주민센터 건너편,28216,5596,4195,7297,0.19832719024666856,0.14867451091579245,0.2586121349588886
3904,3904. 테크노마트 앞,28211,2110,5782,8473,0.07479352025805537,0.20495551380667115,0.30034383751019106
1656,1656. 중앙하이츠 아파트 입구,28111,2188,4191,8581,0.07783429974031518,0.1490875458005763,0.30525417096510266
1363,1363. 보문4교 인근,28064,4654,4377,7616,0.1658352337514253,0.15596493728620298,0.27137970353477764
754,754. 목동1단지아파트 118동 앞,28044,7986,3452,7671,0.2847667950363714,0.1230922835544145,0.2735344458707745
1447,1447. 면목역 3번출구,28022,3085,5480,7383,0.11009207051602313,0.1955606309328385,0.2634715580615231
906,906. 연신내역 5번출구,27990,1748,5236,8043,0.06245087531261165,0.18706680957484817,0.28735262593783495
3581,3581.광진광장,27984,5788,6137,5817,0.20683247570040023,0.21930388793596342,0.207868782161235
3890,3890. 웰츠타워 오피스텔,27942,3079,4838,6867,0.11019254169350798,0.1731443704817121,0.24575907236418296
560,560. 비전교회 앞,27924,7527,4253,6693,0.26955307262569833,0.1523062598481593,0.23968629136226902
914,914. 새절역 2번출구,27913,2271,4208,8318,0.08135993981299036,0.15075412890051232,0.29799734890552787
768,768.목동5단지아파트 501동,27897,2585,4726,8133,0.09266229343657024,0.16940889701401585,0.2915367243789655
2730,2730.마곡메가박스 앞,27894,2758,5544,6848,0.09887430988743098,0.19875241987524198,0.24550082455008246
1235,1235. 잠실트리지움310동 옆,27863,2727,4725,8253,0.09787172953379034,0.16957972939023078,0.29619926066826974
2173,2173. 당곡사거리,27808,2382,5001,7839,0.08565880322209436,0.179840333716916,0.28189729574223243
4122,4122. 청계9가교차로 앞,27804,6373,4481,7129,0.22921162422672997,0.16116386131491872,0.25640195655301395
4373,4373. 서울숲 지식산업센터,27801,3746,6146,5825,0.13474335455559153,0.22107118448976656,0.20952483723607065
226,226. 샛강역 1번출구 앞,27796,6114,6912,4735,0.21995970643258023,0.24866887321916822,0.17034825154698519
5884,5884. GS강서타워,27758,4208,7973,5077,0.15159593630665033,0.2872325095467973,0.18290222638518625
573,573. 구의문주차장 앞,27707,5902,4783,6826,0.21301476161258887,0.17262785577651857,0.24636373479626086
574,574. 아차산역4번출구,27663,4545,4356,7473,0.1642988829844919,0.157466652206919,0.27014423598308207
1455,1455. 상봉역 2번 출구,27597,1871,5822,6948,0.06779722433597855,0.2109649599594159,0.25176649635829984
5868,5868. 로프트시티오피스텔,27549,5784,3977,7302,0.20995317434389632,0.14436095684053868,0.26505499292170315
497,497.합정동주민센터 앞,27548,1260,5812,8749,0.04573834761144185,0.21097720342674603,0.31759111369246407
3548,3548.뚝섬역 6번출구,27519,4397,6079,6339,0.15978051528035175,0.22090192230822342,0.23034994004142592
2264,2264. 이수역 1번출구,27504,4349,5388,7076,0.15812245491564864,0.19589877835951133,0.2572716695753345
1851,1851. 가산디지털단지 9번출구 인근,27458,8079,7187,4016,0.2942311894529827,0.26174521086750674,0.1462597421516498
203,203. 국회의사당역 3번출구 옆,27427,7273,8508,2830,0.26517665074561564,0.3102052721770518,0.10318299485908047
4594,4594. 양평교 영등포대여소,27387,5131,5115,6746,0.1873516631978676,0.18676744440793078,0.24632124730711652
3936,3936. 힐스테이트 신도림역,27273,3278,4499,7275,0.12019213141201922,0.16496168371649617,0.2667473325266747
1328,1328. 월곡역 3번출구,27259,4196,5901,5936,0.15393081184196045,0.21647896107707545,0.21776294068014235
5865,5865.더리브오피스텔 앞,27238,8201,3598,6830,0.30108671708642337,0.13209486746457155,0.25075262500917833
1023,1023. 한국종합기술사옥 앞,27040,1547,11342,2824,0.05721153846153846,0.41945266272189347,0.10443786982248521
279,279. 영등포 푸르지오 아파트 B,26944,3940,4456,6766,0.146229216152019,0.16538004750593824,0.25111342042755347
2340,2340. 삼호물산버스정류장(23370) 옆,26889,4196,6255,6039,0.15604894194652089,0.23262300569005914,0.22458998103313624
589,589. 성수역3번출구,26867,3695,5946,6384,0.13752931105073138,0.22131239066512823,0.23761491792905795
3513,3513. 상왕십리역 1번출구,26825,2916,5782,6594,0.10870456663560112,0.21554520037278657,0.24581547064305684
1904,1904. 도림천역 1번 출구 앞,26783,6158,3606,5872,0.22992196542582982,0.13463764328118583,0.219243550013068
4026,4026. 상계주공1단지아파트,26767,6978,3310,7193,0.26069413830462884,0.12365973026487839,0.2687264168565771
4541,4541. 갈산문화예술센터,26756,6862,3996,6565,0.2564658394378831,0.14934967857676784,0.2453655254896098
2915,2915.서울과학기술대학교(어학교육원),26750,2871,4775,5128,0.10732710280373832,0.17850467289719626,0.19170093457943926
3205,3205.문래현대2차,26729,6226,3322,7672,0.2329305248980508,0.12428448501627445,0.287029069549927
4484,4484. 잠실나루역4번출구뒤,26660,5120,6590,6367,0.19204801200300076,0.2471867966991748,0.23882220555138783
1955,1955. 디지털입구 교차로,26631,1734,6024,6531,0.06511208741692014,0.22620254590514813,0.24524050918102963
540,540. 군자역 7번출구 베스트샵 앞,26528,3232,4060,6887,0.1218335343787696,0.15304583835946925,0.2596124849215923
229,229. 양평1 보행육교 앞,26527,1939,10176,5246,0.07309533682662947,0.3836091529385155,0.19776077204357825
825,825. 서빙고동 주민센터 앞,26519,1714,4489,10335,0.06463290470983069,0.16927485953467325,0.38972057769900825
3914,3914. 신도림쌍용플래티넘노블아파트 앞,26468,6825,3633,6726,0.25785854616895876,0.13726008765301495,0.2541181804443101
1912,1912. 한신휴아파트 앞,26443,5622,4664,6434,0.21260825171122794,0.1763793820670877,0.24331581136784783
5301,5301. 상계주공1단지 버스정류장 옆(대원빌딩 앞),26378,3000,4584,7081,0.11373113958601865,0.1737811812874365,0.268443399802866
501,501. 광진문화예술회관 앞,26329,5164,3187,6170,0.19613354096243685,0.12104523529188348,0.23434236013521212
1120,1120. 대림경동아파트앞,26199,6890,3287,6476,0.26298713691362263,0.1254628039238139,0.24718500706133822
3758,3758. 서울남부출입국관리소,26195,6148,3658,5122,0.23470127887001335,0.13964497041420118,0.1955334987593052
1169,1169. 염창역 1번 출구,26184,3054,7040,6243,0.11663611365719523,0.26886648334860985,0.23842804766269476
474,474.동대문역사문화공원역 1번출구 뒤편,26164,1950,5907,6503,0.07452988839626969,0.2257682311573154,0.24854762268766245
287,287. 영등포전화국사거리 (서강어린이공원),26074,5186,4173,6797,0.1988954514075324,0.16004448876275218,0.26068113829868833
1657,1657. 노원구청 ,26055,1379,8494,4191,0.05292650163116484,0.32600268662444826,0.16085204375359816
576,576. 광나루역 3번 출구,26032,3265,4256,7466,0.12542255685310388,0.16349108789182545,0.28680086047940995
106,106. 합정역 7번출구 앞,25910,1267,4984,9416,0.048900038595137016,0.1923581628714782,0.3634118101119259
1135,1135. 강서구의회,25868,6358,3343,6043,0.24578629967527446,0.12923302922529767,0.23360909231482913
1957,1957. 구일고등학교 정문 ,25828,7936,2802,5459,0.30726343503174847,0.10848691342728821,0.21135976459656186
362,362. 청계8가사거리 A,25792,5347,3573,7458,0.20731234491315137,0.13853132754342432,0.289159429280397
4798,4798. 황학동롯데캐슬,25790,2915,4840,6827,0.1130283055447848,0.18766963939511438,0.2647150058162078
1452,1452. 겸재교 진입부,25767,3207,3671,7881,0.12446152054954011,0.14246904955951412,0.30585632786121786
615,615. 용두동 래미안허브리츠아파트 앞,25735,3768,4637,6512,0.14641538760442976,0.1801826306586361,0.25304060617835633
500,500. 어린이대공원역 3번출구 앞,25711,2971,4642,6367,0.11555365407802108,0.18054529189840923,0.24763719808642215
549,549. 아차산역 3번출구,25681,3487,4527,7112,0.13578131692691095,0.17627818231377282,0.2769362563763093
1291,1291. 서울체육고등학교 앞,25600,1312,6653,3699,0.05125,0.2598828125,0.1444921875
663,663. 외대앞역 3번출구,25599,2833,5201,6380,0.11066838548380796,0.20317199890620727,0.24922848548771437
870,870.노들섬 서측 앞,25568,332,5135,11051,0.012984981226533167,0.20083698372966208,0.4322199624530663
1048,1048. 둔촌어린이공원,25500,4943,3689,6641,0.19384313725490196,0.14466666666666667,0.2604313725490196
498,498.연남동주민센터 앞,25464,3388,4830,6403,0.13305058121269242,0.18967954759660696,0.2514530317310713
3782,3782. 겸재정선미술관,25397,6484,4788,5681,0.25530574477300466,0.1885262038823483,0.22368783714611962
267,267. 삼성화재 사옥 옆,25339,2934,5335,6118,0.11578988910375311,0.21054500966888987,0.24144599234381783
146,146. 마포역 2번출구 뒤,25262,2929,5402,6868,0.11594489747446758,0.21383896761934923,0.2718707940780619
1381,1381.석계역 4번출구 뒤,25257,2467,4884,6974,0.09767589183196737,0.19337213445777407,0.27612147127529
5886,5886.신풍역 2번출구,25241,2634,4831,6497,0.10435402717800404,0.19139495265639236,0.2573986767560715
393,393. 동대문역 8번 출구,25228,1968,4546,4382,0.07800856191533218,0.18019660694466466,0.17369589345172032
1996,1996. 구일역 1번 출입구 앞,25188,4022,4661,7485,0.15967921232332857,0.18504843576306176,0.29716531681753217
2702,2702. 마곡 엠밸리2단지,25177,7298,3091,5435,0.2898677364261032,0.12277078285736982,0.21587162886761727
224,224. 롯데캐슬 앞,25168,2666,5768,5790,0.10592816274634456,0.22917991099809282,0.2300540368722187
4041,4041. 공릉역3번출구,25108,2063,4662,6558,0.08216504699697308,0.18567787159471086,0.2611916520630875
1448,1448. 코스트코 상봉점,25103,1776,3949,7416,0.07074851611361192,0.15731187507469227,0.2954228578257579
4600,4600. 서울 영등포구 우체국,25100,4965,4893,4481,0.19780876494023905,0.1949402390438247,0.17852589641434263
4013,4013. 중계 롯데마트,25086,3195,3676,6667,0.12736187514948577,0.14653591644742087,0.26576576576576577
153,153. 성산2교 사거리,25043,4191,4446,6307,0.16735215429461325,0.17753464041848022,0.2518468234636425
227,227. 양평1나들목 보행통로 입구,25027,3010,3663,9346,0.1202701082830543,0.14636192911655413,0.3734366883765533
1195,1195. 코오롱One&Only타워,25022,903,11958,1576,0.036088242346734876,0.4778994484853329,0.06298457357525378
1132,1132. 등촌역 7번출구,24986,5138,3868,5630,0.20563515568718482,0.15480669174737854,0.22532618266229087
4575,4575. 대림동 e편한세상영등포아델포레,24975,4529,3518,6074,0.18134134134134133,0.14086086086086086,0.2432032032032032
1503,1503. 강북구청사거리(수유역 8번출구),24948,1514,5052,6598,0.06068622735289402,0.2025012025012025,0.2644700978034311
1716,1716. 창동역 1번출구 건너편,24886,1828,6063,6547,0.07345495459294382,0.2436309571646709,0.2630796431728683
342,342. 대학로 마로니에공원,24850,3329,5059,6365,0.13396378269617706,0.20358148893360162,0.25613682092555334
1643,1643. 태릉입구역 8번출구,24810,1643,5179,7016,0.06622329705763805,0.2087464731962918,0.2827891979040709
2255,2255. 양재시민의숲역 1번출구,24789,5795,5675,5062,0.23377304449554237,0.22893218766388318,0.20420347734882408
1076,1076. 천동초교입구사거리 버스정류장(십자성마을 방면),24714,3835,4014,6873,0.1551752043376224,0.16241806263656228,0.27810148094197623
2746,2746.수명산파크 4단지 411동 앞,24711,7850,2572,5630,0.31767229169195904,0.1040832018129578,0.22783375824531585
956,956. 응암시장교차로,24670,5580,3311,6150,0.2261856505877584,0.1342115930279692,0.24929063640048643
421,421. 마포구청 앞,24668,3760,4673,4882,0.15242419328684936,0.18943570617804442,0.19790822117723367
3757,3757. 신방화역 6번출구,24652,3363,5737,6184,0.13641895180918384,0.23271945481096867,0.2508518578614311
1901,1901. 신도림동주민센터 앞,24615,5327,4149,5667,0.2164127564493195,0.16855575868372943,0.23022547227300427
505,505. 자양사거리 광진아크로텔 앞,24600,2170,4299,6466,0.08821138211382114,0.1747560975609756,0.2628455284552845
1636,1636. 상계주공2단지 버스정류장 옆,24558,2984,4753,5810,0.12150826614545158,0.19354181936639792,0.23658278361430085
1215,1215. 올림픽공원역 1번출구 앞,24511,2731,4934,6313,0.11141936273509853,0.20129737668801762,0.25755783117783854
905,905. 구파발역 2번출구,24509,1466,5725,7052,0.059814761924191114,0.23358766167530295,0.28773103757803253
3671,3671. 둔촌동역교차로,24502,3313,4274,6216,0.13521345196310505,0.17443474002122275,0.2536935760346094
1531,1531. 미아사거리 1번 출구,24478,1652,4499,6656,0.06748917395212027,0.1837976958901871,0.2719176403300923
588,588. 뚝섬 유원지역,24470,1658,4697,7685,0.06775643645279934,0.19194932570494483,0.31405803024111156
2741,2741.마곡수명산파크5-6단지,24452,6385,2790,5379,0.26112383445116966,0.11410109602486504,0.21998200556191722
3794,3794. 안양천합수부(현대3차아파트),24446,5011,2952,7827,0.20498241021025934,0.12075595189397038,0.32017507976765114
4598,4598. 오목교 동측 지하보도,24418,4599,4228,6440,0.18834466377262676,0.17315095421410434,0.2637398640347285
3966,3966. 독산역1번출구 B,24382,8483,5511,3177,0.3479205971618407,0.22602739726027396,0.1303010417521122
3756,3756. 마곡힐스테이트 정문,24352,7092,2999,6135,0.29122864651773983,0.12315210249671485,0.2519300262812089
2618,2618. 삼전역 1번출구,24351,3889,4335,6290,0.1597059669007433,0.17802143649131452,0.2583056137324956
1988,1988. 고척LIGA아파트 앞,24321,6741,3159,5913,0.2771678796102134,0.12988775132601454,0.2431232268410016
5881,5881. 세계청소년NGO교육문화원,24304,4426,4267,6069,0.18210994075049375,0.1755678077682686,0.24971198156682028
3214,3214.영등포 푸르지오 아파트 A,24260,7365,2701,6074,0.30358615004122014,0.11133553173948887,0.2503709810387469
1177,1177. 수명중?고교,24259,7808,2623,4276,0.32185992827404264,0.1081248196545612,0.17626447916237273
643,643. 동대문구민체육센터 (육교아래),24254,6152,2851,6217,0.25364888265853053,0.11754762101096726,0.2563288529727055
6183,6183.K스퀘어 마곡,24228,2776,7255,5007,0.11457817401353805,0.29944692091794617,0.2066617137196632
1197,1197. 엠펠리체 호텔 건너편,24163,1940,5673,5823,0.08028804370318256,0.23478044944750237,0.24098828787816082
2619,2619. 석촌고분역 4번출구,24098,3938,3803,6604,0.16341605112457466,0.1578139264669267,0.2740476388081999
1610,1610. 화랑대역 2번출구 앞,24088,3094,3913,6788,0.12844569910328796,0.16244603121886417,0.2818000664231152
1338,1338. 용문2교 옆,24088,3572,3624,6049,0.1482896047824643,0.15044835602789772,0.25112089006974425
3759,3759. 이대서울병원,24051,1708,6455,3797,0.07101575818053303,0.2683880088146023,0.15787285351960417
829,829. 한강대교 북단 교차로,23975,2148,4435,8502,0.08959332638164755,0.18498435870698646,0.3546193952033368
244,244. 영등포삼환아파트 앞,23949,3762,3925,6296,0.1570838030815483,0.163889932773811,0.2628919787882584
4377,4377. 우영테크노센터 앞,23913,685,8758,4963,0.02864550662819387,0.36624430226236776,0.2075440137163886
1442,1442. 중랑구청 중화동 별관 앞,23884,2913,4165,5578,0.12196449505945403,0.17438452520515826,0.2335454697705577
2335,2335. 3호선 매봉역 3번출구앞,23871,4807,5651,4964,0.20137405219722676,0.23673076117464706,0.20795107033639143
4383,4383. 푸조비즈타워 앞,23866,3495,9592,2594,0.1464426380625157,0.4019106678957513,0.1086901868767284
642,642. 신답역 사거리,23848,5864,4254,5368,0.24589064072458908,0.17837973834283796,0.22509225092250923
634,634. 외국어대 정문 앞,23775,2264,3802,5970,0.0952260778128286,0.15991587802313353,0.25110410094637226
702,702. 목4동주민센터 옆,23750,5445,3221,5480,0.22926315789473684,0.13562105263157895,0.23073684210526316
3692,3692. 둔촌오륜역 1번 출구,23735,4738,3777,6240,0.1996208131451443,0.15913208342110807,0.26290288603328416
5066,5066. 아망떼마곡전시장,23696,1247,9762,3105,0.05262491559756921,0.41196826468602293,0.13103477380148548
626,626. 군자교 서측 녹지대,23664,3941,4914,5964,0.16653989181879647,0.20765720081135902,0.25202839756592293
4559,4559. 신길역 2번출구,23568,4333,5038,5960,0.1838509843856076,0.2137644263408011,0.2528852681602172
4537,4537. 서울남부지방검찰청 후문 ,23564,5475,4034,4525,0.2323459514513665,0.1711933457817009,0.19203021558309286
1686,1686. 상계주공10단지 종합상가 앞,23543,2546,3416,6563,0.10814254767871555,0.14509620694049186,0.27876651233912414
1744,1744.도봉소방서 옆,23531,1297,4875,6643,0.05511877948238494,0.20717351578768434,0.2823084441800178
2050,2050. 노량진역 5번출구,23492,2234,3742,6261,0.09509620296271071,0.1592882683466712,0.26651626085475905
3416,3416.동묘앞역 6번출구,23423,2553,3084,5317,0.10899543184049866,0.13166545702941554,0.2269991034453315
1168,1168. 마곡엠밸리10단지 앞,23417,5497,3185,5069,0.23474398940940341,0.13601229875731305,0.21646666951360122
912,912. 응암오거리,23391,4162,3639,6187,0.17793168312598862,0.1555726561498012,0.26450344149459193
1090,1090.상일동역 2번출구 앞,23384,3785,5759,4883,0.16186281217926787,0.24627950735545673,0.2088179952104003
3882,3882. 자양2동 주민센터,23382,6669,3089,5905,0.2852193995381062,0.13211017021640578,0.25254469249850314
2630,2630.서울방이동 고분군,23355,2943,4088,6071,0.1260115606936416,0.17503746521087563,0.2599443374009848
3934,3934. 철도교통관제센터 정문 앞,23348,6739,8241,5549,0.2886328593455542,0.3529638512934727,0.23766489635086516
3586,3586.군자역 비채온 오피스텔,23325,3607,3803,6331,0.15464094319399785,0.1630439442658092,0.2714255091103966
2025,2025. 흑석역 1번출구,23316,2271,4679,6890,0.0974009264024704,0.2006776462515011,0.29550523245839766
2724,2724.(재)FITI시험연구원,23311,8204,5758,2750,0.35193685384582385,0.24700785037106945,0.11797005705460942
316,316. 종각역 1번출구 앞,23243,4394,5196,3393,0.18904616443660457,0.2235511766983608,0.14597943466850236
4399,4399. 더리브 세종타워 앞,23217,2365,6568,5450,0.10186501270620665,0.28289615368049276,0.2347417840375587
4856,4856. 올림픽공원 서1문 앞,23211,2689,5396,6145,0.11585024341906855,0.23247598121580285,0.2647451639308948
1126,1126. 우장산역 1번출구옆(우장산아이파크105동앞),23199,1690,4415,6315,0.07284796758480969,0.1903099271520324,0.2722100090521143
3549,3549.건영아파트 앞,23181,6381,3331,5644,0.2752685388896079,0.14369526767611407,0.2434752599111341
723,723. SBS방송국,23146,2284,7053,4362,0.09867795731443878,0.3047178778190616,0.18845588870647195
2729,2729.넥센 유니버시티 앞,23110,1877,8510,3292,0.0812202509736045,0.3682388576373864,0.14244915620943316
1002,1002. 해공공원(천호동),23082,4366,2788,6658,0.18915171995494326,0.12078676024607919,0.2884498743609739
473,473.을지로4가역 9번출구,23066,4568,5045,3971,0.1980404057920749,0.21872019422526662,0.17215815485996705
3905,3905. 희훈타워빌 앞,23062,4460,3360,5611,0.19339172664990026,0.14569421559274998,0.2433006677651548
551,551. 구의삼성쉐르빌 앞,23039,3146,3536,6008,0.13655106558444377,0.15347888363210208,0.26077520725725944
1028,1028. 포레스 주상복합 빌딩,23016,3488,3765,5800,0.15154675008689608,0.16358185610010428,0.25199860966284326
1414,1414. 사가정역 2번출구,23009,2216,5015,5752,0.09631013951062628,0.2179581902733713,0.24998913468642706
1246,1246. 문정 법조단지10,22990,2927,6980,4904,0.12731622444541105,0.30361026533275337,0.21331013484123532
1956,1956. 동아1차APT105동 버스정류장(신도림중학교 방면),22959,6010,3919,5035,0.26177098305675334,0.1706955877869245,0.21930397665403545
3864,3864. 광진소방서 앞,22952,5948,3618,5255,0.259149529452771,0.15763332171488323,0.2289560822586267
2613,2613. 잠실나들목,22950,2257,2970,9002,0.0983442265795207,0.12941176470588237,0.39224400871459697
593,593.자양중앙나들목,22936,5012,2763,7409,0.2185211021974189,0.12046564352982211,0.3230292989187304
1269,1269. 리센츠아파트 ,22859,2838,3601,6610,0.12415241261647492,0.15753095061026293,0.2891640054245593
1185,1185. 등촌9단지,22847,5261,3829,4878,0.23027093272639734,0.1675931194467545,0.21350724383945377
414,414. 상암동주민센터 옆,22818,2688,4836,4987,0.1178017354719958,0.21193794372863528,0.21855552633885528
4036,4036. 하계역 6번출구,22811,2632,5556,5294,0.11538292928850116,0.24356670027618255,0.23208101354609617
913,913. 이마트 버스정류장(서부경찰서 방면),22761,1623,4540,6139,0.07130618162646632,0.19946399543078072,0.26971574183911073
1720,1720. 도봉구청 옆(중랑천변),22747,2331,4821,6236,0.10247505165516332,0.21194003604870973,0.27414604123620695
2913,2913.상계8동 주민센터,22735,4974,3261,6134,0.2187816142511546,0.14343523202111283,0.26980426654937323
398,398. 을지로3가역 3번출구,22720,2201,5876,4985,0.096875,0.2586267605633803,0.21941021126760563
370,370. 시청역(2호선) 9번출구 뒤,22712,2935,6489,2642,0.12922684043677352,0.2857079957731596,0.11632617118703768
409,409. 누리꿈스퀘어 옆,22632,940,9476,3155,0.04153411099328384,0.4186991869918699,0.13940438317426654
5057,5057. 마곡역4번출구,22623,1448,6243,4695,0.06400565795871459,0.2759580957432701,0.20753215753878795
5055,5055. 마곡역5번출구앞,22606,2587,6257,4620,0.11443864460762629,0.2767849243563656,0.20437052110059276
1619,1619. 중계동 하나프라자빌딩 앞(중1-1),22546,1370,3864,6832,0.06076465891954227,0.17138295041249002,0.3030249268162867
222,222. 시범아파트버스정류장 옆,22529,3605,5220,4243,0.16001597940432333,0.2317013626880909,0.18833503484397887
1462,1462.동부시장 북문 앞,22493,1545,4217,6501,0.06868803627795314,0.18748054950429022,0.2890232516782999
1221,1221. 삼전역 4번출구,22465,3849,3491,6125,0.17133318495437347,0.1553972846650345,0.2726463387491654
264,264. 교보생명보험 앞,22451,3593,5157,4657,0.16003741481448489,0.22970023606966283,0.20742951316199723
1075,1075.천동초교 삼거리,22446,5805,2920,5444,0.25862068965517243,0.13008999376280853,0.2425376459057293
2713,2713.우장초등학교 앞,22432,8011,2397,5139,0.3571237517831669,0.10685627674750357,0.2290923680456491
4141,4141. 우리은행장안지점 앞,22420,3057,3886,5311,0.1363514719000892,0.17332738626226585,0.23688670829616415
4332,4332. 이수교차로,22310,1469,3541,7939,0.06584491259524877,0.15871806364858806,0.3558493948901838
4884,4884. H비즈니스파크,22296,1345,8565,3486,0.060324721923214926,0.3841496232508073,0.1563509149623251
3785,3785. 마곡14단지 1408동앞,22278,5434,2732,5068,0.24391776640632012,0.12263219319508036,0.2274890026034653
1072,1072.고덕역 5번출구,22238,1747,4584,6353,0.0785592229517043,0.2061336451119705,0.2856821656623797
546,546. 잠실대교북단 교차로,22226,3263,3320,6011,0.14681004229281022,0.14937460631692612,0.2704490236659768
433,433. 을지로입구역 2번출구,22220,4445,5353,3688,0.20004500450045004,0.2409090909090909,0.16597659765976597
5065,5065. 허준박물관삼거리,22157,5180,3305,5036,0.23378616238660468,0.1491627927968588,0.2272870876021122
4398,4398. 유원지식산업센터 앞,22137,2089,5463,5331,0.09436689705018747,0.24678140669467408,0.24081853909743867
2801,2801. 대륭포스트타워1차,22097,488,11283,2579,0.022084445852378152,0.5106123003122596,0.11671267592885912
1458,1458. 상봉터미널2,22080,5250,2909,5453,0.23777173913043478,0.1317481884057971,0.24696557971014493
559,559. 왕십리역 4번 출구 건너편,22022,1512,4672,5944,0.06865861411315957,0.2121514848787576,0.2699119062755426
4007,4007. 노원 을지대학교 병원,21990,2288,4612,4600,0.10404729422464756,0.20973169622555707,0.20918599363346976
1535,1535. 효성인텔리안 앞,21962,1870,3923,5903,0.0851470722156452,0.1786267188780621,0.26878244240050997
3501,3501. K&S빌딩 앞,21941,3624,3114,5596,0.1651702292511736,0.14192607447244884,0.2550476277289093
590,590. 건국대학교 (입학정보관),21907,3497,3103,2993,0.15962934221938194,0.14164422330761858,0.1366229972155019
363,363. 신설동역 11번출구 뒤,21869,3422,3366,5542,0.15647720517627692,0.15391650281219993,0.2534180803877635
4796,4796. 서울시청,21857,2909,5584,3660,0.1330923731527657,0.2554787939790456,0.16745207485016242
133,133. 해담는다리,21843,3482,3445,6199,0.15941033740786523,0.15771643089319232,0.28379801309343955
3559,3559.성동구민종합체육센터 앞,21828,1814,4793,6722,0.08310426974528129,0.21958035550668867,0.30795308777716696
4136,4136. 롯데캐슬SKY-L65 D동 앞,21816,4313,3332,5710,0.1976989365603227,0.15273193986065273,0.2617345067840117
1667,1667. 중계중학교,21781,3240,2975,5463,0.14875350075754099,0.13658693356595197,0.2508149304439649
749,749. 이대목동병원보도육교,21750,1723,5798,4326,0.07921839080459771,0.26657471264367816,0.19889655172413792
4218,4218. 디지털매직스페이스,21750,1716,6551,4368,0.07889655172413793,0.30119540229885056,0.20082758620689656
5859,5859. 여의도 삼부아파트,21748,2742,4839,5979,0.1260805591318742,0.2225032186867758,0.27492183189258784
633,633. 청량리 기업은행 앞,21744,2433,3880,6193,0.11189293598233996,0.17844002943340692,0.28481420161883736
582,582. 경일중학교 앞,21732,3523,4755,4642,0.16211117246456838,0.2188017669795693,0.21360206147616417
3421,3421.혜화역 1번출구,21698,2101,3666,5330,0.09682920084800442,0.16895566411650845,0.24564475988570375
5853,5853. 여의도역2번출구 앞,21694,4047,7339,2800,0.1865492762975938,0.3382963031252881,0.12906794505393196
5086,5086. 가양테크노타운,21677,1368,5293,6090,0.0631083637034645,0.24417585459242516,0.28094293490796696
131,131. 증산2교,21635,3032,3656,6453,0.14014328634157616,0.16898544025883985,0.29826669748093365
641,641. 용두역 4번출구,21628,2257,4223,5923,0.10435546513778435,0.1952561494359164,0.2738579619012391
816,816. 신용산역 6번출구 앞,21603,2823,4783,5698,0.13067629495903346,0.22140443456927278,0.26375966300976716
3894,3894. 노룬산시장 앞,21602,4359,3564,5518,0.20178687158596426,0.1649847236367003,0.2554393111748912
5089,5089. LG사이언스파크 E10동,21585,1135,9786,888,0.052582812138058835,0.4533703961084086,0.04113968033356498
4131,4131. 베네스트 오피스텔 앞,21557,4761,3357,5206,0.22085633436934637,0.15572667810919888,0.24149928097601708
539,539. 군자교교차로,21546,2470,3465,6173,0.1146384479717813,0.1608187134502924,0.2865032952752251
1737,1737. 신창시장,21538,3379,3259,5576,0.1568855046893862,0.15131395672764417,0.25889126195561335
1683,1683. 노원문화예술회관,21535,4245,2880,5294,0.19712096586951475,0.13373577896447644,0.24583236591595078
225,225. 앙카라공원 앞,21527,4505,4624,4381,0.20927207692665026,0.21480001858131648,0.2035118688159056
3566,3566.우성4차아파트,21500,5687,2691,5582,0.26451162790697674,0.12516279069767441,0.2596279069767442
911,911. 은평평화공원(역촌역4번출구),21498,3271,3726,5458,0.15215368871522933,0.17331844822774212,0.25388408224020836
1933,1933. 개봉푸르지오아파트 상가,21481,5207,2947,5277,0.24240026069549836,0.137191006005307,0.24565895442484056
130,130. 신촌역(2호선) 7번출구 앞,21474,1375,4647,5916,0.06403092111390518,0.2164012293936854,0.27549594858899135
1661,1661. 당현천근린공원,21453,3634,3337,5038,0.16939355801053466,0.15554934041858948,0.23483895026336643
1977,1977. 천왕역 1번 출입구 앞,21428,3228,4877,4713,0.1506440171737913,0.22759940265073736,0.2199458652230726
1697,1697.상계주공2단지 219동,21402,4061,2675,5795,0.18974862162414727,0.12498831884870573,0.2707690870012148
4497,4497. 아시아선수촌아파트 교차로,21392,5675,3680,5202,0.26528608825729244,0.17202692595362754,0.2431750186985789
4353,4353. 코오롱디지털타워 3차앞,21360,1902,6508,3841,0.08904494382022472,0.3046816479400749,0.17982209737827715
258,258. 신길역3번출구,21326,7103,3645,4668,0.3330676169933415,0.17091812810653662,0.2188877426615399
2908,2908. 광운대학교 중앙도서관,21318,1588,3777,4744,0.07449104043531288,0.1771742189698846,0.22253494699315132
194,194. 증산교 앞,21318,2287,4696,6031,0.10728023266722957,0.22028332864246178,0.2829064640210151
2015,2015. 신대방삼거리역 6번출구쪽,21314,3905,2604,5752,0.18321291170122925,0.12217321948015389,0.26986956929717554
1172,1172. 가양3동 주민센터,21301,3861,4221,4813,0.1812590958170978,0.19815971081169897,0.2259518332472654
1438,1438. 홈플러스 신내점 앞,21298,2972,4422,5108,0.13954361911916613,0.20762512912010517,0.23983472626537702
3886,3886.광진구 민방위교육센터,21242,5116,2687,5903,0.24084361171264476,0.1264946803502495,0.2778928537802467
1337,1337. 돈암성당 옆,21240,1372,2862,7061,0.06459510357815443,0.13474576271186442,0.33243879472693033
4566,4566. 대림성원상떼빌아파트,21221,5242,3154,4965,0.24701946185382403,0.14862636068045804,0.23396635408321945
5099,5099. LG사이언스파크 E7동,21199,789,11323,1067,0.03721873673286476,0.5341289683475635,0.050332562856738525
1416,1416. 상봉역 3번출구,21180,2589,4204,5400,0.12223796033994334,0.19848914069877244,0.254957507082153
516,516. 광진메디칼 앞,21142,4825,3352,4999,0.22821871156938794,0.1585469681203292,0.23644877495033584
2306,2306. 압구정역 2번 출구 옆,21115,2567,5000,4986,0.12157234193701161,0.23679848448969926,0.2361354487331281
1174,1174. 강서구청사거리(부민병원),21059,6213,2725,4035,0.29502825395317916,0.1293983569970084,0.1916045396267629
237,237. 보라매 두산위브 건너편,21058,4678,3677,4962,0.2221483521701966,0.1746129736917086,0.23563491309716023
3201,3201.당산skv1센터,21058,3288,4959,3833,0.15614018425301548,0.23549244942539652,0.18202108462342104
1762,1762.북한산 한신휴플러스APT앞,21031,4474,2609,5416,0.21273358375731063,0.12405496647805621,0.25752460653321285
1021,1021. 강일동 리슈빌 빌딩앞,20989,4749,2818,4352,0.2262613750059555,0.1342608032779075,0.20734670541712324
2140,2140. 신림1교 교차로,20962,3693,2730,6033,0.17617593741055243,0.13023566453582675,0.2878065070126896
1333,1333. 석관초등학교 앞,20958,2445,3836,4824,0.11666189521900945,0.18303273213092852,0.23017463498425422
4532,4532. 목동현대아파트 후문 앞,20955,3182,2739,5806,0.15184920066809832,0.13070866141732285,0.277069911715581
4557,4557. 리버뷰신안인스빌2차 후문,20936,3587,2922,5744,0.17133167749331296,0.1395682078716087,0.27435995414596864
179,179. 가좌역 4번출구 앞,20929,5508,4381,4179,0.26317549811266666,0.20932677146543074,0.1996750919776387
1446,1446. 중랑전화국 교차로,20905,3843,3224,4855,0.1838316192298493,0.15422147811528342,0.2322410906481703
2731,2731.명덕고교,20881,5152,3102,3781,0.24673147837747234,0.1485561036348834,0.181073703366697
561,561. 서울숲역 2번출구 앞,20880,3825,4423,4511,0.18318965517241378,0.21182950191570882,0.216044061302682
2531,2531.멤피스아파트 앞,20875,3443,4619,4576,0.16493413173652693,0.22126946107784431,0.21920958083832334
1259,1259. 방이역 1번출구,20861,2359,3718,5598,0.11308182733330138,0.17822731412683956,0.26834763434159437
4765,4765. 동대문디자인플라자,20851,1118,4637,5432,0.053618531485300464,0.22238741547168,0.2605150832094384
613,613. 신설동역 10번출구 앞,20827,3344,4120,4623,0.16056081048638787,0.1978201373217458,0.22197147932971623
4182,4182.보라매병원역 2번출구,20792,1889,5053,5071,0.09085225086571759,0.24302616390919585,0.24389188149288188
701,701. 목동사거리 부근,20756,4454,2760,5295,0.2145885527076508,0.13297359799576025,0.25510695702447483
624,624. 전농동 동아아파트 앞,20736,6185,2098,4826,0.2982735339506173,0.1011766975308642,0.23273533950617284
1278,1278. 송파구청 교차로,20702,2499,4895,5538,0.12071297459182688,0.23645058448459086,0.2675103854700029
3700,3700. 강변그대가리버뷰 입구 맞은편,20702,4563,2078,7253,0.22041348661965027,0.10037677519080282,0.35035262293498215
3767,3767. 대원빌딩,20673,5508,2748,5214,0.26643447975620377,0.1329270062400232,0.25221303149034974
5851,5851. 도림천 건널목 위,20653,4209,2612,5409,0.20379605868396844,0.12647073064445843,0.26189899772430153
1201,1201. 가락시장역 3번 출구,20652,3141,4550,3900,0.1520918070889018,0.22031764478016658,0.18884369552585706
1022,1022. 길동 사거리(초소앞),20648,3452,3705,4776,0.16718326230143354,0.17943626501356064,0.2313056954668733
5053,5053. 신마곡벽산블루밍메트로오피스텔앞,20643,4652,3182,4892,0.2253548418350046,0.15414426197742576,0.2369810589546093
4938,4938.LH수서2단지 201동 앞,20632,6499,2399,5253,0.31499612252811166,0.11627568825126018,0.2546044978673905
1512,1512. 강북중학교 앞,20628,3216,3028,6099,0.15590459569517162,0.14679076982741904,0.29566608493310065
176,176. 명지대학교 도서관,20627,3126,2644,5235,0.15154894070877975,0.1281815096717894,0.25379357153245746
1080,1080.천호지하주차장 5번 출입구,20552,2772,3271,5394,0.13487738419618528,0.15915725963409888,0.26245620864149477
3215,3215.강변삼성래미안,20525,6535,2224,5055,0.3183922046285018,0.10835566382460414,0.24628501827040195
3865,3865. 이튼타워리버 2차,20496,2635,2947,5373,0.12856167056986728,0.1437841530054645,0.2621487119437939
1689,1689. 마들역 3번출구,20446,2561,3556,5180,0.12525677394111318,0.17392154944732466,0.25335028856500047
3796,3796. 송정역 3번출구 앞,20424,4529,3908,4723,0.22174892283587935,0.19134351743047395,0.23124755189972582
1975,1975. 대림역 1번 출입구 밑,20420,3284,4161,4933,0.16082272282076396,0.20377081292850147,0.24157688540646424
3919,3919. 구로역·NC신구로점 버스정류장(구로역 방면),20414,1904,3613,5688,0.0932693249730577,0.17698638189477808,0.27863231115900855
2222,2222.사당역 12번출구 뒤,20410,2741,3763,5038,0.134296913277805,0.1843704066634003,0.24683978441940224
2348,2348. 포스코사거리(기업은행),20409,1467,9155,2134,0.07188005291783037,0.44857660835905727,0.10456171296976824
3517,3517. 용마사거리,20390,3495,3471,5167,0.1714075527219225,0.17023050514958313,0.25340853359489945
1081,1081.트레빌빌딩,20366,2458,3405,5550,0.12069134832564077,0.1671904153982127,0.27251301188254934
1224,1224. 아시아지하보도 2번 출구,20358,2592,3638,5704,0.1273209549071618,0.1787012476667649,0.28018469397779744
3778,3778. 김포공항입구 교차로,20331,2013,3277,6047,0.09901136195956912,0.16118243077074418,0.2974275736559933
2274,2274. 양재시민의숲역 3번출구,20330,4056,5123,3796,0.19950811608460403,0.25199212985735364,0.1867191342843089
1321,1321. 국민은행 종암동지점 앞,20310,2767,3139,5126,0.1362383062530773,0.15455440669620876,0.25238798621368785
2647,2647.잠실 자전거 수리센터 앞,20299,3165,4966,4907,0.15591901078870882,0.24464259323119367,0.24173604611064584
4693,4693. 수색감리교회,20285,4077,2544,5598,0.20098595020951443,0.12541286665023416,0.275967463643086
4852,4852. 서울복합물류 게이트 1,20260,2277,5265,4226,0.11238894373149062,0.2598716683119447,0.2085883514313919
1958,1958. 강서수도사업소민원센터,20189,3854,3623,4608,0.1908960324929417,0.1794541582049631,0.22824310267967704
2032,2032. 이수역 11번출구쪽,20173,2244,4024,5176,0.11123779308977345,0.19947454518415705,0.25658057800029743
205,205. 산업은행 앞,20165,1196,6913,5515,0.05931068683362262,0.3428217208033722,0.27349367716340195
4685,4685. DMC역 5번 출구(수색역 방향),20161,2093,4121,5647,0.10381429492584693,0.20440454342542533,0.28009523337136055
3774,3774. 마곡9단지 910동 상가앞,20158,5553,2749,4725,0.27547375731719415,0.13637265601746204,0.23439825379501936
4244,4244. 당인리발전소 공원 앞,20121,1491,3852,6422,0.07410168480691814,0.1914417772476517,0.31916902738432484
123,123. 문화촌 공원,20119,4180,2308,5919,0.2077638053581192,0.11471743128386103,0.29419951289825536
368,368. SK 서린빌딩 앞,20101,1003,7673,3485,0.049898015024128155,0.38172230237301624,0.17337445898214018
1033,1033. 고덕동 아남아파트,20081,5292,2118,4870,0.2635326925949903,0.10547283501817639,0.24251780289826205
2000,2000. 신도림4차 e편한세상 아파트 1109동 앞,20073,2656,3127,5593,0.13231704279380263,0.15578139789767348,0.2786329895880038
577,577. 광진청소년수련관,20060,2054,3200,6006,0.10239282153539382,0.15952143569292124,0.2994017946161516
933,933. 역촌종합시장 버스정류장(예일여고 방면),20045,2732,3299,5292,0.13629333998503368,0.1645796956847094,0.2640059865303068
1121,1121. 가양레포츠센터 앞,20015,1936,3788,5765,0.0967274544091931,0.18925805645765675,0.28803397451911067
3754,3754. 신방화역 8번출구,19980,3282,3086,5011,0.16426426426426427,0.15445445445445447,0.2508008008008008
4065,4065. 창동역 1번출구 앞,19938,2206,5013,4741,0.11064299327916541,0.2514294312368342,0.23778714013441668
2228,2228.뒷벌공원 옆,19876,4011,3823,4669,0.20180116723686858,0.19234252364660898,0.2349064198027772
4385,4385. 용답동 우체국 주변,19870,4877,3250,3966,0.2454453950679416,0.16356316054353295,0.1995973829894313
1691,1691. 노원정보도서관,19870,1823,3278,5538,0.09174635128334171,0.1649723200805234,0.2787116255661802
1319,1319. 종암박스파크,19868,3960,2899,5666,0.19931548218240386,0.14591302597141131,0.2851822025367425
4496,4496. 잠실 파크리오 120동 앞,19812,3581,3001,5233,0.18074904098526146,0.15147385422975973,0.26413284877851806
4633,4633. 센트럴파크타워 앞,19806,1015,5013,5584,0.051247096839341616,0.25310511966070887,0.2819347672422498
1088,1088.풍납사거리(강동),19793,2859,4262,4713,0.1444450058101349,0.21532865154347497,0.2381144849189107
4031,4031. 청암예술학교 앞,19766,1691,2917,5468,0.08555094606900739,0.14757664676717597,0.276636648790853
4813,4813. 망우지구대,19762,2539,2894,5420,0.12847889889687278,0.14644266774617953,0.2742637384880073
1059,1059. 래미안 강동팰리스(102동),19758,3268,2987,5400,0.16540135641259238,0.15117926915679725,0.2733070148800486
254,254. 도림신협 앞,19752,3487,2709,4595,0.17653908464965573,0.13715066828675576,0.23263466990684487
1165,1165. 마곡중학교 후문,19708,3853,2517,4991,0.19550436371016847,0.1277146336513091,0.2532474122183885
1017,1017. 둔촌고교입구 교차로(길동주민센터 방면),19702,3143,3256,5423,0.15952695157851995,0.1652624099076236,0.2752512435285758
729,729. 서부식자재마트 건너편,19690,5502,2969,4807,0.27943118334179784,0.15078720162519046,0.2441340782122905
3656,3656. 둔촌푸르지오아파트,19667,2973,2929,5486,0.1511669293740784,0.14892967915798036,0.2789444246707683
1602,1602. 광운대역 앞,19639,1808,3425,4906,0.09206171393655481,0.17439788176587404,0.24980905341412496
3627,3627. 압구정나들목,19632,798,3686,7882,0.0406479217603912,0.18775468622656888,0.40148736756316217
1994,1994. 삼성전자 물류센터 앞,19630,6081,3060,4719,0.3097809475292919,0.15588385124808965,0.24039735099337747
4820,4820. 망우역 2번 출구,19605,4680,3249,4265,0.23871461361897475,0.1657230298393267,0.2175465442489161
4087,4087. 우이교 교차로,19579,1625,2738,6265,0.08299708871750344,0.1398437100975535,0.3199856989631748
3422,3422.성균관대 정문,19576,3229,2764,4615,0.16494687372292602,0.14119329791581528,0.23574785451573355
3927,3927. 구로월드아파트 앞,19575,2704,5549,3484,0.1381353767560664,0.28347381864623244,0.17798212005108557
5091,5091. 보타닉파크타워2,19571,803,6588,2934,0.04103009554953758,0.33662050993817383,0.14991569158448725
2740,2740.마곡레포츠센터,19564,2974,3949,2997,0.1520139030873032,0.20185033735432428,0.15318953179308933
1692,1692. 온곡초교 교차로,19524,1875,3423,5204,0.09603564843269821,0.17532267977873386,0.26654374103667283
4964,4964.암사역사공원역 1번출구 A,19460,3780,6057,3210,0.19424460431654678,0.3112538540596095,0.16495375128468653
119,119. 서강나루 공원,19457,2993,2884,5695,0.15382638639050214,0.1482242894588066,0.292696715834918
657,657. 동대문롯데캐슬아파트 앞,19439,4823,2363,4748,0.2481094706517825,0.12155975101599877,0.24425124749215493
678,678.장안힐스테이트(아) 앞,19419,2968,3531,4609,0.1528400020598383,0.18183222617024564,0.23734486842782843
3975,3975.현대시티아울렛 가산,19410,3978,4316,4155,0.20494590417310665,0.22235960844925295,0.21406491499227204
2384,2384. 자곡사거리,19400,5138,2943,4594,0.26484536082474225,0.15170103092783505,0.23680412371134021
1959,1959. 구로구의회 앞,19397,3532,4083,4128,0.1820900139196783,0.21049646852606074,0.21281641490952208
385,385. 종각역 5번출구,19391,1694,5784,3770,0.08736011551750812,0.2982827084730029,0.1944200917951627
4841,4841. 중화수경공원,19382,3119,2614,5796,0.16092250541739758,0.13486740274481476,0.2990403467134455
4859,4859. 잠실나루 나들목,19362,2062,3134,7082,0.10649726267947526,0.16186344385910548,0.3657679991736391
1962,1962. 가리봉동주민센터,19322,3701,5738,2443,0.19154331849705,0.29696718766173275,0.12643618673015217
4387,4387. 성수역 1번출구 주변,19286,1174,6553,4054,0.06087317224930001,0.3397801514051644,0.21020429326972934
841,841. 신용산역 1번 출구,19280,728,5057,5500,0.03775933609958506,0.26229253112033196,0.28526970954356845
4906,4906. 섬유센터 앞,19272,1752,5878,3873,0.09090909090909091,0.30500207555002073,0.2009651307596513
1708,1708. 도봉보건소사거리,19190,2513,3132,4572,0.13095362167795727,0.16321000521104742,0.23824908806670142
2230,2230.이수역 4번 출구,19188,2466,3990,4467,0.12851782363977485,0.207942464040025,0.23280175109443402
3811,3811.신사로입구,19170,4760,2280,5138,0.24830464267083985,0.1189358372456964,0.2680229525299948
5084,5084. 강서우체국,19165,3795,3981,3838,0.198017218888599,0.20772241064440386,0.20026089225150012
221,221. 여의도초교 앞,19128,2782,3649,5403,0.14544123797574238,0.19076746131325806,0.282465495608532
4824,4824. 상봉신협 앞,19109,5092,2318,5039,0.2664712962478413,0.12130409754565911,0.26369773405201735
563,563. 성동세무서 건너편,19101,2155,8430,1927,0.1128213182555887,0.4413381498350872,0.1008847704308675
5890,5890.여의나루역 3번출구,19097,1829,3816,7191,0.09577420537257161,0.19982196156464366,0.37655129077865634
943,943. 은평구청 보건소,19079,2435,3937,3538,0.1276272341317679,0.20635253419990565,0.1854394884427905
756,756. 목동주차장,19075,940,3411,6268,0.04927916120576671,0.17882044560943644,0.32859764089121885
2259,2259. 잠원역 3번-4번 출구사이 ,19036,2045,4315,5042,0.10742803109897037,0.22667577222105484,0.2648665686068502
265,265. 영등포유통상가 사거리,19014,3091,3742,4318,0.16256442621226463,0.19680235615861996,0.22709582412958873
587,587. 유니베라 앞,18985,1078,6357,4218,0.05678166973926784,0.3348432973400053,0.22217540163286806
114,114. 홍대입구역 8번출구 앞,18954,612,4058,5590,0.032288698955365625,0.21409728817136225,0.29492455418381347
1001,1001. 광진교 남단 사거리(천호공원 방면),18948,1872,2950,5823,0.09879670677644078,0.1556892548026177,0.30731475617479415
2910,2910.도깨비시장,18933,1944,3175,5075,0.10267786404690224,0.1676966143770137,0.26805049384672264
4091,4091. 방학역2번출구,18884,1936,3717,4690,0.10252065240415166,0.19683329803007837,0.24835839864435502
530,530. 청계벽산아파트 앞,18882,4727,2966,4351,0.2503442431945768,0.15708081770998836,0.23043109840059317
266,266. 영등포청과시장 사거리,18875,2204,4051,4219,0.1167682119205298,0.2146225165562914,0.22352317880794703
111,111. 상수역 2번출구 앞,18851,852,3158,6324,0.0451965412975439,0.16752426926953476,0.33547291920853006
292,292. 영일 어린이공원,18838,4186,2606,4484,0.22221042573521604,0.13833740312135046,0.23802951481048942
5151,5151.진넥스베르디엠 앞,18837,2736,3110,4868,0.14524605828953654,0.16510059988320858,0.25842756277538886
204,204. 국회의사당역 5번출구 옆,18832,2831,5537,2935,0.15032922684791844,0.29402081563296517,0.1558517417162277
3560,3560.성동구 견인차량 보관소 앞,18829,3126,3573,4279,0.1660205002921026,0.1897604758617027,0.22725582877476233
4020,4020. 중계동 성모빌딩 앞 ,18806,1020,3615,5439,0.05423800914601723,0.19222588535573754,0.2892162075933213
2404,2404. 대모산입구역 4번 출구 앞,18785,3718,2951,5107,0.19792387543252596,0.15709342560553632,0.2718658504125632
1742,1742. 북한산 코오롱 하늘채,18781,3223,2104,4757,0.17160960545231882,0.11202811351898195,0.25328789734305945
1966,1966. 한마을아파트 정문상가,18769,4856,2172,4361,0.2587244925142522,0.11572273429591347,0.23235121743300122
623,623. 서울시립대 정문 앞 B,18738,2064,3018,4807,0.11015049631764329,0.1610630803714377,0.25653751734443375
166,166. 가재울 초등학교,18732,4966,2149,5163,0.2651078368567158,0.11472346786248132,0.275624599615631
2604,2604. 풍납토성 서성벽터A,18673,4345,3258,4738,0.23268890912011997,0.17447651689605312,0.25373533979542656
1351,1351. 안암2교 옆,18652,2739,3385,4392,0.146847523053828,0.18148187861891485,0.23547072699978555
4556,4556. 리버뷰신안인스빌1차 후문,18647,4723,4515,3113,0.2532847106773207,0.24213010135678661,0.1669437443020325
1824,1824. 독산근린공원 입구,18601,4529,2401,5168,0.2434815332509005,0.12907908176979732,0.27783452502553624
3013,3013.서울지방고용노동청 앞,18597,1012,7483,2000,0.054417379147174275,0.40237672742915526,0.10754422756358552
4220,4220. 신촌 청년주택,18583,3996,2503,5311,0.2150352472690093,0.13469299897756012,0.28579884840983694
2058,2058. 동작경찰서,18562,1429,2756,6004,0.0769852386596272,0.14847537980821032,0.32345652408145675
417,417. DMC역 2번출구 옆,18562,4516,5443,2984,0.24329274862622563,0.29323348777071434,0.16075853895054412
214,214. 금융감독원 앞,18556,594,8469,1484,0.0320112093123518,0.45640224186247036,0.07997413235611123
4024,4024. 꿈의숲 SK뷰 아파트,18531,3458,2451,4422,0.18660622740273056,0.13226485348874858,0.23862716529059413
4140,4140. 신설동역 4번출구,18496,2482,3209,4203,0.13419117647058823,0.1734969723183391,0.22723832179930795
3407,3407.안국동사거리(신),18481,2320,3847,4937,0.12553433255776203,0.20815973161625453,0.2671392240679617
2658,2658.가락몰 업무동,18476,1782,4001,3559,0.09644944793245291,0.21655120155877897,0.192628274518294
4465,4465. 건영아파트앞 사거리,18466,2597,3291,4491,0.1406368460955269,0.17821943030434312,0.24320372576627314
4418,4418. 종암동 동덕여대 제2생활관 앞,18449,2459,2933,4632,0.1332863569841184,0.1589788064393734,0.2510705187273023
716,716.신정6동 주민센터 인근,18448,2200,3097,4704,0.11925411968777103,0.16787727666955768,0.25498699045967044
1450,1450. 화랑대역 7번출구,18444,1718,2363,4149,0.0931468228150076,0.12811754500108435,0.2249512036434613
2656,2656.풍납동 아이파크 107동 앞,18420,2852,4035,3677,0.15483170466883822,0.21905537459283386,0.1996199782844734
3860,3860. 건국대학교 정문 앞,18403,2201,2999,4304,0.11960006520675977,0.1629625604521002,0.23387491169917948
310,310. 청계광장 옆,18389,2745,4785,3115,0.14927402251345914,0.26020990809723205,0.1693947468595356
4510,4510. 신정네거리역 교차로,18376,2931,3114,4945,0.15950152372659993,0.16946016543317372,0.26910100130605136
3929,3929. 고척아이파크아파트 205동 앞,18375,6603,1962,4167,0.3593469387755102,0.10677551020408163,0.22677551020408163
719,719. 홍익병원앞 교차로,18375,3862,2634,4462,0.21017687074829933,0.1433469387755102,0.24282993197278913
1705,1705. 도봉구청 정문앞,18333,1423,3671,4005,0.07761959308351062,0.2002400043637157,0.2184585174275896
2901,2901.공릉동풍림아파트 101동,18304,5264,1810,4775,0.2875874125874126,0.0988854895104895,0.2608719405594406
2067,2067. 보라매역?동작세무서 버스정류장(강남중학교방면),18277,1964,3490,5040,0.1074574601958746,0.1909503747879849,0.2757564151666028
1380,1380.월곡역 5번출구 앞,18274,2972,3041,4588,0.16263543832767868,0.16641129473569005,0.251067089854438
220,220. 미성아파트 A동 앞,18264,2320,5066,3586,0.12702584318878668,0.27737625930792814,0.1963425317564608
157,157. 애오개역 4번출구 앞,18244,4423,2464,4411,0.242435869326902,0.13505810129357598,0.24177811883358913
4528,4528. 양천구청역 1번출구,18222,3645,4620,3479,0.2000329272308199,0.253539677313138,0.19092306003731752
1212,1212. 송파역 2번 출구앞,18188,3002,4054,3898,0.16505388168022872,0.22289421596657136,0.2143171321750605
1354,1354. 고려대학교 2번출구,18184,2108,3844,3630,0.11592608886933568,0.2113946326440827,0.19962604487461505
288,288. 쌍용예가(구청별관),18171,3685,3403,3944,0.20279566341973473,0.18727642947553794,0.21704914424082328
1030,1030. 미호 플랜트 앞,18118,3250,3250,4870,0.17937962247488684,0.17937962247488684,0.2687934650623689
1141,1141. 곰달래 문화복지센터 A,18050,3284,2861,4672,0.18193905817174516,0.15850415512465374,0.2588365650969529
4592,4592. 신길우성4차아파트,18034,3177,2646,4213,0.17616723965842299,0.14672285682599534,0.2336142841299767
1274,1274. 영파여고 앞,18025,2531,2658,3739,0.14041608876560333,0.1474618585298197,0.20743411927877947
1830,1830. 빅마켓 금천점 앞,18014,4643,4207,3394,0.25774397690685025,0.23354057954923949,0.1884090152103919
4522,4522. 신곡시장,18011,1865,3079,4898,0.10354783188051746,0.1709510854477819,0.2719449225473322
1907,1907. 구일우성(아) 육교 밑,17998,4975,2504,3963,0.2764196021780198,0.13912656961884654,0.22019113234803867
4567,4567. 한림대학교 강남성심병원 신관,17982,2827,2978,4634,0.15721276832387943,0.1656100544989434,0.25770214659103546
578,578. 성동세무서 부근,17969,4585,4163,2685,0.255161667315933,0.23167677667093328,0.14942400801380154
1530,1530. 광산사거리,17965,1594,2698,4985,0.08872808238241024,0.15018090731978848,0.27748399666017254
3900,3900. 건국대학교 신공학관,17919,776,4850,2055,0.04330598805736927,0.27066242535855795,0.11468273899213126
558,558. 성동광진 교육지원청 앞,17914,1784,3338,4123,0.09958691526180641,0.18633471028246065,0.2301551858881322
3783,3783. 마곡금호어울림아파트,17894,4946,2586,4571,0.27640549904996087,0.14451771543534145,0.25544875377221415
542,542. 강변역 4번출구 뒤,17891,1113,4332,5474,0.062210049745682186,0.24213291599128053,0.305963892459896
201,201. 진미파라곤 앞,17858,1814,5164,4182,0.1015791242020383,0.28917011983424795,0.23418075932355248
4854,4854. 가락시장역 2번 출구,17842,2624,3623,4187,0.1470687142697007,0.2030601950453985,0.23467100100885552
2231,2231. 삼성타운(삼성생명) A동 맞은편,17837,1115,6750,2689,0.06251051185737512,0.37842686550428883,0.15075405056904187
669,669.청계한신휴플러스앞 삼거리,17787,5043,2371,3798,0.2835216731320627,0.13329960083206838,0.2135267330072525
1738,1738. 창동주공17단지 상가앞,17785,3128,3207,4463,0.1758785493393309,0.1803204947989879,0.2509418048917627
4491,4491. 장지역 1번출구,17770,2642,4532,3712,0.1486775464265616,0.2550365785030951,0.20889138998311763
1245,1245. 문정 법조단지9,17754,2632,3582,5187,0.14824828207727836,0.20175735045623522,0.29215951334910445
2909,2909. 석계역 3번 출구,17736,1969,3185,5047,0.1110171402796572,0.17957825890843482,0.28456247180875055
3544,3544.한양대역 3번 출구,17733,2480,3917,3577,0.1398522528618959,0.22088761066937349,0.2017143179383071
1004,1004. 삼성광나루아파트 버스정류장,17732,2330,2745,5433,0.13140085720730882,0.15480487254680803,0.3063952176855403
1606,1606. 태릉입구역 3번출구 ,17726,1528,2949,4838,0.08620106058896536,0.1663657903644364,0.27293241566061155
1305,1305. 성북구청,17718,2363,2706,4648,0.13336719720058698,0.15272604131391804,0.2623320916582007
3762,3762. 마곡9단지 907동앞,17702,5282,2137,4184,0.29838436334877416,0.12072082250593154,0.23635747373178173
4080,4080. 창동주공19단지앞 ,17684,2133,3320,4395,0.12061750735127799,0.1877403302420267,0.24852974440171907
2332,2332. 선릉역3번출구,17683,2404,4466,3155,0.135949782276763,0.25255895492846236,0.17841995136571848
3009,3009. 홍대입구역 사거리,17659,634,4313,4814,0.03590237272778753,0.24423806557562716,0.27260886799932044
4804,4804. 동서울농협 앞,17638,1049,3539,4409,0.05947386324980156,0.20064633178364893,0.24997165211475225
571,571. 세종대학교 대양AI센터,17633,2610,3180,3214,0.14801792094368513,0.18034367379345545,0.1822718765950207
1128,1128. 화곡역 6번출구,17611,2800,3311,4292,0.15899153937879734,0.18800749531542785,0.2437113167906422
3506,3506. 영동대교 북단,17608,2341,3327,4401,0.13295093139482053,0.18894820536119947,0.24994320763289413
438,438. 성산2-1 공영주차장,17587,2361,2915,4978,0.13424688690510037,0.1657474270768181,0.2830499800989367
1385,1385.성신여대입구역 3번출구 앞,17565,1989,2456,4679,0.11323654995730145,0.13982351266723597,0.2663820096783376
2653,2653.올림픽공원사거리(선수촌아파트),17564,2251,2929,5204,0.12815987246640856,0.166761557731724,0.29628786153495784
4905,4905. 강남경찰서,17542,665,6767,2946,0.03790901835594573,0.38575989054839815,0.16793980161897162
3415,3415.동대문역6번출구,17512,1827,3442,4619,0.10432846048423938,0.19655093650068525,0.26376199177706716
4953,4953. 세양청마루아파트 앞,17497,3112,2777,4299,0.17785906155340916,0.1587129222152369,0.24569926273075385
412,412. DMC산학협력연구센터 앞,17479,2349,5358,2835,0.1343898392356542,0.3065392757022713,0.16219463356027233
490,490.가온문화공원,17420,884,5846,3195,0.050746268656716415,0.33559127439724457,0.18340987370838116
4560,4560. 양평동성원아파트,17395,2686,4270,3347,0.15441218741017534,0.2454728370221328,0.19241161253233688
1928,1928. 고척스카이돔구장 광장,17336,2604,2741,3864,0.15020766035994462,0.15811029072450392,0.222888786340563
1199,1199. 우장산역 3번출구,17291,2081,2965,4395,0.12035162801457405,0.17147649065988085,0.25417847435081836
1804,1804. 독산역 2번출구 자전거주차장,17246,4545,4346,3114,0.2635393714484518,0.2520004638756813,0.18056360895280066
1827,1827. 독산보도육교 앞 자전거 보관소,17244,2145,4191,5055,0.1243910925539318,0.2430410577592206,0.2931454418928323
488,488.푸르메병원,17238,3478,3226,3477,0.20176354565494836,0.18714468035735005,0.2017055342847198
1478,1478.홈플러스 상봉점 앞,17230,1778,3311,4816,0.10319210679048171,0.19216482878699942,0.2795124782356355
2060,2060. 남성역3번출구 뒤,17220,4144,1935,4664,0.24065040650406505,0.11236933797909408,0.2708478513356562
1471,1471.동양쇼핑 정류소 앞,17214,3167,2245,4509,0.18397815731381434,0.13041710235854537,0.26193795747647264
252,252. 보라매역4번출구,17184,2237,3448,4153,0.1301792364990689,0.20065176908752327,0.24167830540037244
1205,1205. 종합운동장역 4번출구,17176,1835,4754,4631,0.10683511877037727,0.27678155565905915,0.26962040055891945
3698,3698. 명일역 3번출구 옆,17172,2355,3444,4384,0.13714185883997204,0.20055904961565338,0.25529932448171444
4207,4207. 아만티호텔 앞,17141,1244,3824,4380,0.07257452890729829,0.22309083484044104,0.2555276821655679
2414,2414. 도곡역 아카데미스위트 앞,17139,2143,4263,3365,0.12503646653830444,0.24873096446700507,0.19633584223116868
834,834. 효창공원앞역 3번출구 앞,17130,5375,2203,3868,0.31377699941622883,0.12860478692352598,0.22580268534734385
680,680.꿈마루어린이도서관 앞,17109,1586,2425,4663,0.09269974867029049,0.14173826640949208,0.2725466128937986
4121,4121. 서울문화재단 앞,17102,3328,4023,3150,0.19459712314349198,0.23523564495380658,0.18418898374459128
1841,1841. 가산동 주민센터,17068,6416,1863,3259,0.37590813217717367,0.10915162877900164,0.19094211389735177
5503,5503. 마포아트센터 앞,17067,3753,1880,3653,0.21989804886623307,0.11015409855276265,0.21403878830491593
104,104. 합정역 1번출구 앞,17065,1446,3826,4402,0.08473483738646352,0.22420158218576033,0.2579548784060943
1401,1401. 극동늘푸른아파트,17062,1469,2373,5366,0.08609776110655257,0.13908099871058494,0.3145000586097761
1681,1681. 현대6차 아파트,17034,2469,2566,4984,0.144945403311025,0.15063989667723376,0.29259128801221085
4952,4952.천호시장 버스정류소 옆,17031,3142,2112,4927,0.18448711173742,0.12400915976748282,0.28929598966590336
4926,4926. 대치우성아파트 사거리,17025,3047,4710,3193,0.17897209985315712,0.27665198237885463,0.18754772393538913
418,418. 월드컵경기장역 3번출구 옆,17003,609,2630,6975,0.03581720872787155,0.15467858613185909,0.4102217255778392
1260,1260. 방이동 한양3차아파트 옆,16971,2520,3051,4427,0.14848859819692417,0.1797772671027046,0.26085675564197747
1282,1282. 송파소방서 맞은편(성내4교),16968,3970,2345,4426,0.23396982555398396,0.1382013201320132,0.26084394153701085
4032,4032. 불암주유소 앞,16964,1657,3512,4697,0.09767743456731903,0.20702664465927847,0.27688045272341427
1924,1924. 삼부르네상스파크빌,16945,4522,3564,3200,0.2668633815284745,0.21032753024491,0.1888462673354972
493,493.홍대입구역 6번출구,16941,1397,3399,4698,0.08246266454164453,0.20063750664069419,0.27731538870196565
155,155. 가좌역1 번출구 앞,16933,3753,3415,3976,0.22163822122482726,0.20167719837004666,0.23480777180653162
5154,5154.광진구청 앞,16894,1354,3706,4327,0.08014679767964958,0.2193678228957026,0.2561264354208595
1108,1108. 공항시장역 2번출구 뒤,16891,3165,2272,4577,0.1873778935527796,0.13450950210171098,0.2709727073589486
609,609. 제기2교,16879,2816,2502,4614,0.16683452811185498,0.14823153030392797,0.2733574263878192
521,521. 왕십리역 11번 출구 앞,16857,1148,2679,4466,0.06810227205315299,0.1589250756362342,0.26493444859702203
178,178. 증산3교 앞,16847,3959,2176,4471,0.23499732890128805,0.12916246215943492,0.26538849646821394
773,"773.염창역 3, 4번 출구 사이",16840,1249,3404,4674,0.0741686460807601,0.20213776722090263,0.2775534441805226
1931,1931. 개봉역2번출구 A,16824,3495,3853,3379,0.20773894436519258,0.2290180694246315,0.20084403233475986
1390,1390.석관래미안아트리치,16813,2708,2424,4698,0.16106584190804735,0.14417415095461844,0.2794266341521442
255,255. 도림사거리,16811,2204,2470,5124,0.13110463387067992,0.14692760692403783,0.30480042829099996
763,763. 목동11단지 아파트,16773,2946,2373,4487,0.1756394204972277,0.14147737435163657,0.2675132653669588
1265,1265. 문정동 근린공원,16751,3169,2724,3790,0.18918273535908303,0.1626171571846457,0.22625514894633156
2202,2202.청계산입구역 1번출구,16748,3535,4416,3139,0.21106997850489612,0.2636732744208264,0.18742536422259373
2265,2265. 이수고가차도 남단,16746,2081,3538,4323,0.12426848202555835,0.21127433416935387,0.25815120028663563
2407,2407. 역삼서초삼성 세무서 앞 (역삼빌딩 앞),16713,1817,3858,3324,0.10871776461437205,0.23083826961048287,0.19888709387901635
1952,1952. 천왕연지타운2단지 앞,16713,3355,2527,4429,0.2007419374139891,0.15119966493149045,0.26500329085143304
766,766. 신목동역 3번출구,16691,1606,3983,4959,0.09621951950152777,0.23863159786711402,0.297106224911629
2059,2059. 보라매공원 정문,16690,1596,4098,4118,0.09562612342720192,0.24553624925104853,0.24673457159976034
550,550. 서울시설공단 앞,16677,1529,7018,1953,0.09168315644300534,0.420819092162859,0.11710739341608203
4349,4349.삼성화재서초타워,16677,1411,3931,3481,0.08460754332313965,0.23571385740840678,0.20873058703603767
4812,4812. 묵동 이마트 앞,16676,936,3112,4603,0.05612856800191893,0.18661549532261934,0.2760254257615735
1204,1204. 거여역 3번출구,16652,1766,3168,4079,0.10605332692769637,0.1902474177276003,0.24495556089358636
4526,4526. 목동아파트2단지 222동 앞,16637,4895,1732,4246,0.2942237182184288,0.10410530744725612,0.2552142814209293
1991,1991. 오류동역 맞은편,16632,2177,2394,4648,0.1308922558922559,0.14393939393939395,0.27946127946127947
1129,1129. 화곡역 1번 출구 앞,16581,1937,3361,3971,0.11682045714974972,0.20270188770279235,0.2394909836559918
5885,5885. 신정교하부(도림천역 방면),16563,2926,2703,4631,0.1766588178470084,0.16319507335627603,0.2795991064420697
145,145. 공덕역 5번출구,16559,2743,3355,3947,0.16565009964369828,0.20260885319161784,0.23835980433601062
2214,2214. 신반포역 2번출구 앞,16556,1072,2633,6789,0.06474993959893695,0.15903599903358298,0.41006281710558107
5073,5073. 우장산역 헤링턴타워 앞,16554,1901,2669,4409,0.11483629334299868,0.16122991422012806,0.26634046151987434
917,917. 녹번역 3번출구,16534,3725,3162,3429,0.22529333494617151,0.19124228861739445,0.20739083101487843
5514,5514.공덕역 1번출구,16522,1516,3574,4207,0.0917564459508534,0.21631763708994067,0.2546301900496308
456,456. 숭인2동 주민센터 입구,16478,2855,2318,3795,0.1732613181211312,0.14067241170044908,0.23030707610146864
650,650. 중랑교사거리,16470,1148,2347,4998,0.06970248937462052,0.142501517911354,0.3034608378870674
4480,4480. 가락시장 남1문 사거리,16460,3656,3291,3054,0.2221142162818955,0.19993924665856622,0.18554070473876064
329,329. 청계2가 사거리 옆,16448,1271,4695,3803,0.0772738326848249,0.2854450389105058,0.23121352140077822
2252,2252. 잔디마을 마을버스 정류장,16424,923,4560,3630,0.05619824646858256,0.2776424744276668,0.22101802240623478
4721,4721. 통인시장 정자,16407,4089,1933,4512,0.24922289266776376,0.1178155665264826,0.27500457121960137
3573,3573.광나루안전체험관,16382,3221,2748,4116,0.19661823953119278,0.1677450860700769,0.25125137345867415
635,635. 시조사 앞,16379,2757,2067,3840,0.16832529458452897,0.12619818059710605,0.23444654740826668
5319,5319. 연해피빌 앞,16378,1782,2444,3084,0.10880449383319087,0.14922456954451094,0.18830137989986567
256,256. 동아에코빌입구,16364,3276,2281,4246,0.20019555120997312,0.13939134685895868,0.2594720117330726
326,326. 안국역 5번출구 앞,16337,2412,3704,3384,0.1476403256411826,0.22672461284201506,0.20713717328762932
2627,2627.문정시영아파트 5동 앞 공원,16317,3638,2587,4038,0.2229576515290801,0.15854630140344425,0.24747196175767605
4386,4386. 현대자동차 동부서비스센터 주변,16305,3885,3982,2551,0.23827046918123276,0.2442195645507513,0.1564550751303281
4713,4713. 현대 뜨레비앙 아파트 앞,16271,1544,3492,3273,0.09489275397947268,0.21461495912974002,0.20115542990596766
2725,2725.서울식물원 식물문화센터,16257,1476,3153,5206,0.09079165897767116,0.19394722273482193,0.3202312849849296
1552,1552. 강북구청사거리,16256,864,3605,4270,0.0531496062992126,0.22176427165354332,0.2626722440944882
2651,2651.경찰병원역 3번출구 앞,16254,3245,2868,3623,0.19964316475944383,0.17644887412329271,0.2228989787129322
4468,4468. 가락1동주민센터 ,16252,4238,1952,4091,0.2607679054885553,0.12010829436377062,0.25172286487816886
4705,4705. 웰니스센터(민방위교육장 앞),16247,3581,2421,3196,0.22040992183172278,0.14901212531544286,0.1967132393672678
2342,2342. 대청역 1번출구  뒤,16219,2111,3553,4062,0.1301559898884025,0.21906406066958506,0.2504470065972008
2279,2279. 교대역 5번출구뒤,16206,2495,3134,3302,0.1539553251882019,0.19338516598790573,0.20375169690238185
427,427. 성산시영아파트,16200,3232,2092,4319,0.19950617283950617,0.1291358024691358,0.2666049382716049
3691,3691. 둔촌역 2번출구,16198,1529,4045,3969,0.09439436967526856,0.24972218792443512,0.24503025064822817
5774,5774. 가락본동주민센터 인근,16164,2103,3050,3566,0.13010393466963624,0.1886909180895818,0.22061370947785203
3853,3853. 어린이대공원역 2번출구,16142,4234,2677,3303,0.2622971131210507,0.16584066410605872,0.2046214843266014
1267,1267. 올림픽공원 남2문 앞,16131,2474,2582,5269,0.1533692889467485,0.16006447213439962,0.3266381501456822
1404,1404. 동일로 지하차도,16120,3011,2069,3128,0.1867866004962779,0.12834987593052108,0.19404466501240694
4619,4619. 한강트럼프월드3차 앞,16108,2060,2718,4886,0.12788676434070026,0.16873603178544822,0.30332753911100074
4453,4453. 위례중앙푸르지오 201동 앞,16093,1705,2226,4778,0.10594668489405332,0.13832100913440626,0.296899272975828
3206,3206.문래동 주민센터,16089,2054,4209,2973,0.12766486419292686,0.26160730934178633,0.1847846354652247
1433,1433. 중화역 2번출구,16078,1110,2777,4127,0.06903843761661899,0.17272048762283868,0.2566861549944023
525,525. 한양대병원사거리,16075,862,2690,4865,0.053623639191290824,0.16734059097978227,0.3026438569206843
270,270. 증권거래소후문교차로,16066,1638,5402,2517,0.10195443794348313,0.336238018175028,0.15666625171168927
2294,2294. 두상빌딩 앞,16049,3918,3225,3059,0.24412735996012214,0.2009470995077575,0.1906037759361954
2211,2211. 서초구립반포도서관 앞,16040,1709,3707,4057,0.10654613466334165,0.23110972568578553,0.252930174563591
4794,4794. 서울역 서부교차로(3),16040,4642,2588,3456,0.28940149625935163,0.16134663341645886,0.21546134663341646
1206,1206. 9호선종합운동장역 9번출구,16023,2482,3700,3741,0.15490232790363853,0.2309180552955127,0.23347687698932784
107,107. 수협 연남동지점,16013,1509,3682,3812,0.09423593330419035,0.2299381752326235,0.2380565790295385
1334,1334. 석관동주민센터 앞,16012,1915,2585,3516,0.11959780164876342,0.16144141893579816,0.21958531101673745
860,860.LG한강 자이아파트 앞,15992,1794,2685,5520,0.11218109054527263,0.16789644822411207,0.34517258629314657
380,380. CJ제일제당 앞,15989,2408,3713,2614,0.15060353993370443,0.23222215273000188,0.16348739758584027
345,345. 서울보증보험본사 앞,15988,3111,4119,1980,0.19458343757818364,0.2576307230422817,0.12384288216162122
1920,1920. 서울미래초등학교 사거리,15960,2890,2347,3938,0.18107769423558898,0.14705513784461152,0.24674185463659148
4483,4483. 잠실나들목4,15943,2338,2007,5570,0.14664743147462836,0.12588596876372077,0.3493696293043969
4019,4019. 상계주공10단지 버스정류소,15921,2244,2522,4153,0.14094592048238175,0.15840713523019911,0.2608504490923937
2110,2110. 조원동 미성아파트,15916,1894,3109,4069,0.118999748680573,0.19533802462930386,0.25565468710731337
4393,4393. 상원삼거리 장안철교 아래,15911,1595,5499,2811,0.10024511344352964,0.34560995537678335,0.17667022814405128
3128,3128.동신병원 맞은편,15903,1549,2557,4960,0.09740300572219078,0.1607872728416022,0.31189083820662766
5323,5323. 하계역 4번출구 앞,15899,2014,2939,3816,0.12667463362475628,0.18485439335807283,0.24001509528901188
1987,1987. 개봉아이파크아파트 앞,15885,4713,1688,4476,0.2966949952785647,0.10626377085300598,0.2817752596789424
4708,4708. 조계사앞사거리,15870,1950,3599,2411,0.12287334593572778,0.22678008821676118,0.15192186515437933
5097,5097. LG사이언스파크 E2동,15860,636,8720,717,0.040100882723833546,0.5498108448928121,0.04520807061790668
3414,3414.종로5가역 4번출구,15845,2547,3197,3488,0.16074471442095298,0.20176711896497318,0.22013253392237297
4792,4792. 퇴계로4가 교차로(중구청),15841,1917,2926,3311,0.12101508743134903,0.18471056120194432,0.20901458241272647
4270,4270. 우국한마음 아파트 맞은편,15839,2279,3063,3632,0.14388534629711472,0.19338342067049688,0.22930740577056632
758,758. 한사랑교회 앞,15815,3391,2100,4483,0.21441669301296237,0.13278533038254822,0.28346506481188743
475,475.DDP 패션몰,15807,885,2321,2289,0.05598785348263428,0.14683368128044538,0.14480926171949138
2737,2737.까치산역 3번 출구,15786,1650,2706,4281,0.10452299505891297,0.17141771189661725,0.2711896617255796
5088,5088. 등촌역 센터스퀘어,15786,1406,2750,4175,0.08906626124414038,0.17420499176485493,0.2644748511339161
1306,1306. 한성대입구역2번출구,15770,1259,2569,4686,0.07983512999365884,0.16290424857324032,0.29714648065948
4004,4004. 당고개입구오거리 당현천변,15763,1732,2425,4283,0.1098775613779103,0.15384127386918733,0.2717122375182389
3203,3203.도림동배드민턴체육관,15762,3970,1960,3616,0.25187158989975894,0.12434970181449055,0.22941251110265196
2605,2605. 복정역 1번 출구 앞,15742,1713,5456,2787,0.10881717697878288,0.3465887434887562,0.177042307203659
6171,6171. 월드빌딩 앞,15730,1502,2753,4236,0.09548633184996821,0.17501589319771138,0.26929434202161473
989,989. 신응교(가좌로) 앞,15728,1931,2369,4829,0.12277466937945065,0.1506230925737538,0.30703204476093593
2115,2115. 관악구시설관리공단,15727,3903,2081,3861,0.24817193361734596,0.13232021364532334,0.24550136707572964
4657,4657. 본 서부병원 교차로 사거리,15719,2325,2888,4105,0.1479101724028246,0.18372670017176665,0.2611489280488581
2710,2710.라이품 공영주차장 앞,15719,3516,2573,3735,0.2236783510401425,0.1636872574591259,0.2376105350213118
1288,1288. 문정중교 사거리,15705,2045,2593,4071,0.13021330786373767,0.16510665393186882,0.25921680993314233
605,605. 신설동역8번출구,15643,2023,3033,3873,0.12932301988109698,0.19388864028639008,0.24758678002940612
1670,1670. 노원경찰서교차로,15622,3195,1871,3122,0.2045192676993983,0.11976699526309051,0.1998463705031366
420,420. 서울시 공공자전거 상암센터,15596,563,2221,7732,0.03609899974352398,0.14240830982303154,0.49576814567837907
355,355. 서울사대부설초등학교 앞,15595,2216,3264,3099,0.14209682590573902,0.20929785187560115,0.19871753767233089
4317,4317. 양재근린공원,15586,2962,2773,3492,0.19004234569485437,0.1779160785320159,0.22404722186577697
557,557. 도선동 주민센터 앞,15573,2922,3185,3333,0.1876324407628588,0.20452064470558018,0.2140242727798112
3907,3907. 신도림7차e편한세상아파트 806동 앞,15572,3328,1851,3914,0.2137169278191626,0.11886719753403545,0.2513485743642435
1003,1003. 해공도서관앞,15571,2519,2440,4254,0.1617750947273778,0.15670156059341084,0.273200179821463
1677,1677. 육군사관학교  앞,15567,1911,3097,4305,0.12275968394681055,0.198946489368536,0.2765465407592985
2431,2431.대치역 7번출구,15567,2133,2594,4596,0.13702062054345732,0.16663454744009765,0.2952399306224706
3788,3788. 정곡나들목,15558,652,1900,6735,0.04190770021853709,0.12212366628101298,0.432896259159275
2537,2537.양재역 8번출구 앞,15542,2113,4321,3454,0.1359541886501094,0.2780208467378716,0.2222365203963454
3550,3550.금호나들목,15531,2116,2299,5641,0.13624364174876055,0.14802652758998133,0.36320906573948875
1929,1929. 고척근린공원 고척도서관 앞,15522,1806,2210,4120,0.11635098569771937,0.1423785594639866,0.26542971266589355
5326,5326. 대진고교앞 교차로,15515,1792,2312,4252,0.11550112794070255,0.14901708024492427,0.27405736384144375
1074,1074.대명초교입구 사거리,15505,2939,1793,4277,0.18955175749758144,0.11564011609158337,0.27584650112866815
6060,6060. 신한은행 본점,15501,1756,4867,2083,0.11328301399909683,0.31397974324237143,0.13437842719824528
4222,4222. 서울디자인고등학교 앞,15492,1927,2776,3979,0.12438678027368964,0.17918925897237284,0.25684224115672605
4381,4381. 더스페이스타워 앞,15486,1435,4177,3589,0.09266434198631021,0.2697274958026605,0.23175771664729433
2054,2054. 삼익아파트,15481,3387,1559,4202,0.21878431625863962,0.10070408888314708,0.2714294942187197
4089,4089. 동부센트레빌 앞,15453,3039,2073,3999,0.19666084255484373,0.13414870898854592,0.25878470199961173
2904,2904.중계3차청구아파트,15449,1082,2304,3958,0.0700368955919477,0.1491358663991197,0.25619781215612664
1440,1440. 면목2동 사거리,15430,2118,2692,4169,0.1372650680492547,0.1744653272845107,0.2701879455605962
1529,1529. 미아동 한국전력공사,15419,1434,3005,3807,0.09300214021661586,0.19488942214151372,0.2469031714118944
320,320. 을지로입구역 4번출구 앞,15406,2166,3684,2298,0.14059457354277555,0.23912761261846033,0.1491626638971829
2821,2821.청구아파트 앞,15370,3648,2243,3442,0.23734547820429408,0.14593363695510736,0.22394274560832791
3879,3879. 중랑천 뚝방길 산책로 입구,15341,3665,2326,4018,0.23890228798644156,0.15161984225278666,0.26191252199986964
2902,2902.공릉풍림아파트 108동,15335,5016,1598,3452,0.3270948809911966,0.1042060645582002,0.22510596674274536
4092,4092. 도봉경찰서 교차로,15333,2048,2211,3514,0.1335681210461097,0.14419878693015065,0.22917889519337378
2066,2066. 양문교회 앞,15323,2451,2075,4167,0.15995562226718005,0.13541734647262285,0.2719441362657443
4601,4601.양평역2번출구 뒤,15303,3317,3253,3453,0.21675488466313794,0.21257269816375873,0.22564203097431876
819,819. 선린인터넷 고등학교,15300,2618,2152,4368,0.1711111111111111,0.14065359477124184,0.28549019607843135
4076,4076. 도봉통합복지센터 뒤 중랑천 변,15300,1309,2178,4604,0.08555555555555555,0.1423529411764706,0.30091503267973857
215,215. 여의도고교 앞,15292,2965,2646,3924,0.19389223123201674,0.1730316505362281,0.2566047606591682
334,334. 종로3가역 2번출구 뒤,15289,1744,3164,3296,0.11406893845248217,0.20694617044934266,0.2155798286349663
3899,3899. 아차산역 2번출구,15288,2170,2387,4702,0.14194139194139194,0.15613553113553114,0.30756148613291473
4181,4181. 보라매공원역 2번출구,15266,2054,2734,4408,0.1345473601467313,0.1790907899908293,0.2887462334599764
700,700. KB국민은행 염창역 지점 앞,15263,1766,2786,4060,0.11570464522046779,0.18253292275437333,0.26600275175260435
838,838. 숙대입구역 4번출구,15260,1784,2718,3913,0.11690694626474443,0.1781127129750983,0.2564220183486238
5075,5075. 등촌역 1번출구,15228,2099,2573,3853,0.1378381928027318,0.16896506435513528,0.2530207512477016
289,289. 대림3동사거리,15207,2685,2470,3568,0.17656342473860723,0.16242519892154927,0.2346287893733149
455,455. 종로6가역 버스정류장(동대문 방향),15205,1721,2740,1651,0.11318645182505754,0.18020388030253207,0.10858270305820454
4711,4711. 올림픽기념 국민생활관 로터리,15196,3668,1809,3395,0.2413793103448276,0.11904448539089234,0.22341405633061331
4512,4512. 목동13_14단지 사거리,15186,2398,2610,3560,0.15790860002634005,0.17186882655077046,0.2344264454102463
2056,2056. 동작구민 체육센터,15180,3564,2394,2866,0.23478260869565218,0.15770750988142293,0.18880105401844532
239,239. 유스호스텔 앞,15134,2838,3574,2647,0.1875247786441126,0.2361569974890974,0.17490418924276463
4167,4167. 구로교 아래,15102,1133,2913,4217,0.07502317573831281,0.19288835915772745,0.2792345384717256
915,915. 증산역 4번출구,15088,2002,2452,3984,0.13268822905620362,0.16251325556733828,0.264050901378579
3984,3984. 가산롯데아이티캐슬,15048,1145,7415,1702,0.07608984582668793,0.4927565124933546,0.11310473152578415
3935,3935. 고대구로병원 앞,15043,1787,3519,2816,0.11879279399056039,0.23392940237984444,0.18719670278534867
1707,1707. 도봉구민회관,15037,1769,2036,3497,0.11764314690430272,0.13539934827425684,0.23255968610760125
3432,3432.종로2가 사거리,15035,1346,3117,3061,0.08952444296641171,0.20731626205520454,0.20359161955437313
4464,4464. 올림픽공원 북2문 A,15033,1343,2885,4763,0.08933679239007516,0.19191112884986364,0.31683629348766046
1685,1685. 불암고등학교 앞 횡단보도,15028,2430,2322,3923,0.16169816342826723,0.1545115783870109,0.2610460473782273
2911,2911.상계역중앙시장,15019,1195,2769,4316,0.07956588321459485,0.1843664691390905,0.28736933217923966
1640,1640. 한내근린공원 북측,15016,1726,2160,4757,0.11494405966968567,0.14384656366542356,0.31679541822056473
1767,1767.방학초등학교 앞,15011,2947,1898,3632,0.19632269668909466,0.1264406102191726,0.2419558990073946
108,108. 서교동 사거리,14995,367,3233,4796,0.024474824941647214,0.21560520173391132,0.31983994664888293
4143,4143.서울동물복지지원센터 동대문,14981,949,3410,3525,0.06334690608103598,0.22762165409518723,0.23529804418930644
1119,1119. 염창동 한마음아파트 앞,14981,2403,2347,4241,0.1604031773579868,0.15666510913824178,0.2830919164274748
4536,4536. 양천해누리체육공원,14957,1474,1482,1957,0.09854917429965902,0.09908404091729625,0.1308417463395066
6054,6054.청구e편한세상아파트 113동 앞,14956,2875,2198,3565,0.19223054292591601,0.146964428991709,0.23836587322813588
5893,5893.한국산업은행,14952,592,7852,1331,0.03959336543606207,0.5251471375066881,0.08901819154628143
3125,3125.연희파크푸르지오아파트 앞,14950,3257,2141,4287,0.21785953177257525,0.1432107023411371,0.28675585284280936
818,818. 숙명여대 입구 교차로,14942,2688,1886,3819,0.17989559630571544,0.1262213893722393,0.2555882746620265
411,411. DMC홍보관,14938,934,5451,2268,0.06252510376221716,0.3649082875887,0.15182755388940955
3121,3121.가좌삼거리,14899,1712,2734,4067,0.11490704074098933,0.18350224847305188,0.2729713403584133
3928,3928.고척아이파크아파트 106동 앞,14899,2033,2569,4446,0.13645211087992482,0.17242767971004766,0.2984092892140412
339,339. 종로4가 사거리,14887,1061,3193,2730,0.07127023577618057,0.21448243433868475,0.18338147376906025
4238,4238. 상암한샘빌딩앞,14883,4076,2733,2468,0.27386951555465966,0.1836323321910905,0.1658267822347645
1227,1227. 거여역 8번출구 뒤,14850,3251,3210,2960,0.21892255892255894,0.21616161616161617,0.19932659932659932
1175,1175. 대한항공 인력개발센터,14828,2496,2690,3226,0.16833018613434045,0.18141354194766657,0.21756137038036147
4965,4965.고덕비즈밸리 쿠쿠강동빌딩,14827,240,4430,4901,0.01618668645039455,0.29877925406353273,0.33054562622243205
4028,4028. 한일유앤아이아파트 105동 인근,14815,2192,2138,4330,0.14795815052311845,0.14431319608504894,0.2922713466081674
336,336. 충무로역 6번출구 앞,14806,2669,2944,2593,0.1802647575307308,0.19883830879373227,0.17513170336350128
2645,2645.잠실나들목2(엘스아파트136동),14794,2224,1980,4917,0.1503312153575774,0.13383804244964176,0.332364472083277
3814,3814. 난곡사거리 ,14791,1237,2205,3909,0.08363193834088296,0.14907714150496923,0.26428233385166655
426,426. 서울신용보증재단,14777,2256,3417,3091,0.15266968938214792,0.23123773431684375,0.20917642281924612
335,335. 종로3가역 15번출구 뒤,14765,1738,3359,2860,0.1177108025736539,0.22749746020995598,0.19370132069082288
3763,3763. 등촌태영아파트,14743,3034,3271,3319,0.20579257952926813,0.2218680051549888,0.22512378756019805
513,513. 뚝섬역 5번 출구 정류소 옆,14739,1904,3790,2567,0.12918108419838523,0.2571409186511975,0.17416378316032297
314,314. 국립현대미술관,14738,1058,2982,4377,0.07178721671868639,0.20233410232053195,0.29698737956303434
1407,1407. 먹골역 1번출구 뒤,14727,1645,2348,3914,0.11169959937529707,0.15943505126638147,0.26577035377198344
3408,3408.종로타워빌딩,14681,1547,3778,2291,0.10537429330427082,0.2573394182957564,0.1560520400517676
148,148. 용강동 주민센터 앞,14658,3192,2084,4307,0.2177650429799427,0.14217492154454905,0.293832719334152
453,453. 종로오가 지하쇼핑센터 14번출구,14658,1655,2982,3142,0.1129076272342748,0.2034383954154728,0.21435393641697367
5508,5508. 성산유수지공원,14654,2203,2219,4276,0.1503343796915518,0.15142623174559847,0.29179746144397434
2177,2177. 신대방역 2번 출구,14652,1748,2794,4149,0.11930111930111931,0.1906906906906907,0.2831695331695332
2070,2070. 노량진역 2번 출구 앞,14628,1035,2732,4753,0.07075471698113207,0.18676510801203172,0.3249248017500684
2375,2375. 수서역 1번출구 앞,14610,2520,3708,2877,0.17248459958932238,0.2537987679671458,0.19691991786447638
4272,4272. 홍남교 사거리,14601,2669,2154,4117,0.1827956989247312,0.14752414218204232,0.28196698856242725
2106,2106. 세이브마트,14588,2095,1705,3752,0.14361118727721414,0.11687688511105018,0.2571976967370441
2413,2413.도곡역 1번 출구,14580,2013,2784,4047,0.13806584362139918,0.19094650205761318,0.27757201646090535
4872,4872. 개롱역 3번 출구 뒤,14543,1608,2568,3947,0.11056865846111531,0.17657979784088565,0.2714020490957849
4090,4090. 녹천교 앞 사거리,14541,2058,2218,4257,0.14153084382092015,0.15253421360291589,0.2927584072622241
407,407. 마포구 육아종합지원센터,14526,1905,2731,2851,0.13114415530772408,0.188007710312543,0.19626875946578548
367,367. 독립문역 3-1번출구 ,14510,6354,1788,2681,0.4379048931771192,0.12322536181943487,0.18476912474155754
1627,1627. 수락산역 4번출구,14492,1653,3160,3693,0.11406293127242617,0.21805133866961082,0.254830251173061
2187,2187. 현대시장사거리,14485,2410,1937,3860,0.16637901277183292,0.13372454263030722,0.2664825681739731
2169,2169. 봉천역 2번출구,14456,1569,2308,3790,0.10853624792473714,0.1596568898727172,0.262174875484228
1665,1665. 양지근린공원앞,14452,1854,2040,3990,0.12828674231940215,0.14115693329642956,0.27608635482978133
356,356. KT혜화지사 앞,14444,2055,2641,3090,0.14227360841872058,0.18284408751038495,0.21392965937413458
2515,2515.서초초등학교 후문,14438,929,3796,3546,0.06434409197949854,0.26291730156531373,0.2456018839174401
1411,1411. 상봉시장앞 교차로 한성빌딩 앞,14438,1629,1927,4000,0.1128272613935448,0.13346723922981021,0.2770466823659787
2709,2709.강변아파트 310동 앞,14432,2349,1899,4568,0.16276330376940132,0.13158259423503327,0.3165188470066519
4957,4957. 신명초교 교차로,14407,2925,1824,3901,0.20302630665648644,0.12660512250989103,0.270771152911779
124,124. 서강대 정문 건너편,14395,1308,2437,4045,0.09086488364015283,0.16929489406043766,0.28100034734282736
610,610. 동대문중 교차로,14388,3311,2093,3441,0.2301223241590214,0.14546844592716152,0.23915763135946622
3507,3507. 어린이회관,14377,2950,1821,3291,0.20518884329136816,0.1266606385198581,0.22890728246504835
4267,4267. 서대문역 2번 출구,14367,2197,2785,3425,0.15291988584951624,0.19384701051019698,0.23839354075311478
3614,3614. 은마아파트 입구 사거리,14334,1183,2602,3925,0.08253104506767127,0.18152644063066833,0.27382447328031256
5895,5895.생각공장당산,14326,1691,3869,2460,0.11803713527851459,0.2700684070920006,0.17171576155242216
844,844. 이촌2동 동원베네스트 아파트 앞,14322,3101,1921,3750,0.21652003910068426,0.1341293115486664,0.2618349392542941
3640,3640. 일원1동주민센터앞 사거리,14295,2405,3560,2604,0.1682406435816719,0.2490381252186079,0.18216159496327386
627,627. 장안동삼거리 교통섬,14280,2066,1948,3875,0.1446778711484594,0.13641456582633052,0.2713585434173669
1834,1834. 월드메르디앙 벤처센터 2차,14257,658,7093,2166,0.046152767061794206,0.49750999509013116,0.1519253699936873
4460,4460. 올림픽훼미리아파트 112동 앞,14246,2656,3737,2788,0.18643829846974588,0.26231924750807245,0.1957040572792363
2648,2648.헬리오시티 112동 앞,14219,2663,1963,4265,0.18728461917153105,0.13805471552148535,0.29995077009634996
340,340. 혜화동 로터리,14217,2041,2331,3611,0.14356052613068862,0.16395864106351551,0.25399170007737215
3684,3684. 고덕자이(105동 앞),14207,2622,1672,3902,0.18455690856619977,0.11768846343351869,0.2746533399028648
1749,1749. ESA아파트 상가 앞,14198,1102,2032,3986,0.07761656571348077,0.1431187491195943,0.2807437667277081
4819,4819. 면목동 새싹어린이공원 앞,14193,3058,1741,3743,0.2154583245261749,0.12266610300852533,0.2637215528781794
327,327. 낙원상가 옆,14190,2047,2835,3187,0.14425651867512332,0.19978858350951373,0.22459478505990133
2711,2711.가로공원공영주차장 1번 출구,14186,2835,1686,3762,0.19984491752431977,0.11884956999859016,0.2651910334132243
3699,3699. 상일파출소 옆,14185,2309,2693,3233,0.162777581952767,0.18984843144166372,0.22791681353542476
815,815. LIG강촌아파트 103동앞,14162,1614,2394,4331,0.11396695382008191,0.16904392035023302,0.3058183872334416
711,711. 신일해피트리아파트 앞,14135,3494,1966,3296,0.24718783162362928,0.13908737177219668,0.23318004952246196
343,343. 힐스테이트창경궁 아파트 앞,14130,2464,2988,2860,0.17438075017692853,0.21146496815286625,0.2024062278839349
2244,2244. 말죽거리공원 사거리,14130,1133,3262,3771,0.08018400566171267,0.2308563340410474,0.26687898089171974
1960,1960. 구로거리공원 동측(신도림역 방면),14123,3305,2095,3500,0.23401543581392056,0.1483395879062522,0.24782270055937125
5338,5338. 상계초교 입구 교차로,14117,902,2457,3778,0.06389459516894525,0.17404547708436638,0.2676205992774669
4397,4397. 마장축산물시장 북문 건너편,14107,1340,3189,3896,0.0949883036790246,0.22605798539732047,0.2761749486070745
3651,3651. 개포동역 4번출구,14101,1756,2107,4454,0.12453017516488192,0.14942202680660946,0.31586412311183604
949,949. 연신내역 1번 출구 ,14092,1336,2779,3759,0.09480556344024979,0.19720408742548964,0.2667470905478286
2539,2539.대한무역투자진흥공사 KOTRA 앞,14084,685,6508,880,0.04863675092303323,0.4620846350468617,0.062482249360976995
3120,3120.DMC엘가아파트 앞,14082,2204,2395,3503,0.15651185911092175,0.17007527339866496,0.24875727879562562
6184,6184. 한강버스 마곡 선착장,14081,569,2273,5651,0.040409061856402244,0.16142319437539948,0.4013209289112989
1726,1726. 삼익세라믹아파트교차로,14062,2128,1976,3937,0.1513298250604466,0.14052055184184326,0.2799743990897454
1233,1233. 잠실3거리(갤러리아팰리스),14047,1605,2389,3756,0.11425927244251441,0.17007190147362425,0.26738805438883745
4114,4114. 휘경여중고삼거리,14041,1949,2300,3448,0.13880777722384446,0.16380599672388008,0.2455665550886689
1428,1428. 원묵고등학교,14037,1732,2081,3738,0.12338818835933604,0.14825105079432926,0.2662962171404146
4652,4652. 신사두산위브2차아파트 앞,14029,3732,1398,3270,0.2660203863425761,0.09965072350131869,0.2330886021811961
4169,4169. 신대방삼거리,14026,1601,1712,3990,0.11414515899044632,0.12205903322401254,0.2844716954227863
4917,4917. 일원에코파크 주차장,14017,3630,2229,3124,0.25897124919740316,0.1590211885567525,0.22287222658200756
400,400. 상암한화오벨리스크 1차 앞,14015,4627,1627,3196,0.33014627185158757,0.11608990367463431,0.22804138423118087
2013,2013. 장승배기역 5번출구,14007,1832,2308,3828,0.13079174698365104,0.16477475547940315,0.2732919254658385
4083,4083.도봉아이나라도서관 앞,13999,2802,1661,3193,0.20015715408243445,0.11865133223801701,0.22808772055146795
1770,1770.도봉한신아파트 주변,13996,1577,2060,2754,0.11267505001428979,0.14718490997427836,0.1967705058588168
2530,2530.삼호3차아파트 앞,13993,1784,2712,3809,0.12749231758736512,0.19381119130994068,0.27220753233759737
722,722. 경서농협 버스정류장(우리은행신정동지점방향),13991,2668,2201,3867,0.19069401758273175,0.15731541705382032,0.2763919662640269
4347,4347. 논현지하보도,13986,2904,2366,3154,0.20763620763620763,0.16916916916916916,0.22551122551122552
4210,4210. 가좌행복주택 앞,13982,3315,1999,3694,0.2370905449864111,0.1429695322557574,0.26419682448862825
4214,4214. JTBC 앞,13981,981,4408,2130,0.07016665474572634,0.3152850296831414,0.1523496173378156
2108,2108. 은천치안센터,13973,2165,2115,3856,0.15494167322693767,0.15136334359121162,0.27596078150719244
3863,3863. 동일로58길 입구,13968,3624,2336,3272,0.25945017182130586,0.1672394043528064,0.23424971363115693
1974,1974. 신도림2차e편한세상아파트 203동 앞,13961,2639,2066,3573,0.18902657402764844,0.14798366879163383,0.255927225843421
3931,3931. 천왕역 3번 출구 뒤,13955,2165,3505,2575,0.1551415263346471,0.2511644571838051,0.1845216768183447
5325,5325.상계주공7단지 아파트 앞,13955,1292,2115,3829,0.09258330347545683,0.15155858115370835,0.27438194195628807
3502,3502. 중곡역 1번출구,13943,1830,2639,3293,0.13124865523918813,0.18927060173563795,0.23617585885390519
281,281. 대림신동아아파트 앞,13941,1734,2190,3856,0.12438132128254788,0.15709059608349474,0.2765942184922172
1848,1848. 벽산 디지털밸리 5차,13908,790,7729,1238,0.05680184066724187,0.5557233247052057,0.08901351740005752
223,223. 진주아파트상가 앞,13903,2098,2551,3144,0.1509026828741998,0.18348557865208948,0.22613824354455872
1630,1630. 수연빌딩 앞,13884,1084,2509,4067,0.07807548256986459,0.18071161048689138,0.2929271103428407
849,849. 삼각지 자이아파트,13871,2720,2004,4103,0.19609256722658785,0.14447408261841252,0.295796986518636
4589,4589. KRX한국거래소(1),13861,1626,3773,2459,0.11730755356756367,0.27220258278623477,0.17740422768919992
1664,1664. 노해근린공원내,13839,2189,1777,4073,0.15817616879832358,0.12840523159187803,0.2943131729171183
2327,2327. 뱅뱅사거리 랜드마크타워 앞,13825,1442,4140,2202,0.10430379746835443,0.29945750452079567,0.15927667269439422
4113,4113. 한국국방연구원 앞,13819,1542,3174,3169,0.11158549822707867,0.22968376872422028,0.2293219480425501
4719,4719. 종로문화원 건너편,13816,1160,3533,2510,0.08396062536189924,0.25571800810654316,0.181673422119282
1605,1605. 헬스케어,13795,1507,2704,3427,0.10924247915911563,0.1960130482058717,0.2484233417905038
4517,4517. 성보하이드로빌딩,13780,2403,1635,3938,0.1743831640058055,0.11865021770682148,0.2857764876632801
1382,1382.래미안월곡아파트 입구,13776,3492,1586,3370,0.2534843205574913,0.11512775842044135,0.24462833914053425
4707,4707. 청계3가 사거리,13775,2255,2406,3505,0.16370235934664246,0.17466424682395645,0.2544464609800363
5513,5513. 마포음식문화거리,13759,2110,2206,4024,0.1533541681808271,0.16033141943455193,0.292463115051966
1470,1470.중화동 우리은행 앞,13737,2006,2371,3619,0.1460289728470554,0.1725995486641916,0.26344907912935867
1229,1229. 송파체육문화회관 앞,13731,2667,2296,2141,0.19423202971378634,0.16721287597407328,0.15592455028767024
165,165. 중앙근린공원,13716,3679,1673,3700,0.26822688830562846,0.12197433654126567,0.26975794692330124
4569,4569. 힐스테이트클래시안아파트,13707,3138,1671,3438,0.2289341212519151,0.12190851389800832,0.2508207485226527
1384,1384.성신여대입구역 5번출구,13700,2424,1837,3654,0.17693430656934306,0.1340875912408759,0.2667153284671533
3528,3528. 광진정보도서관,13699,523,2860,5034,0.03817796919483174,0.20877436309219652,0.36747207825388717
5155,5155.광진경찰서 앞,13690,3382,1906,3404,0.24704163623082542,0.13922571219868518,0.24864864864864866
2423,2423.영희초교 사거리(래미안개포루체하임),13690,1863,1849,3938,0.13608473338203067,0.13506208911614317,0.28765522279035793
3775,3775. 가양오토갤러리,13689,2560,3190,2573,0.18701146906275112,0.23303382277741252,0.1879611366790854
3119,3119.연희 브라운스톤 아파트 앞,13689,2256,2122,3999,0.1648038571115494,0.15501497552779603,0.292132369055446
777,777.신월6차보람아파트 앞,13688,3485,1707,3334,0.25460257159555816,0.12470777323202806,0.24357101110461718
1456,1456. 상아빌딩(우림시장 교차로),13668,1735,1784,3636,0.12693883523558677,0.1305238513315774,0.2660228270412643
2080,2080. 대방지하보도(대방동경남아너스빌아파트),13656,1949,2949,3287,0.1427211482132396,0.21594903339191565,0.24070005858230814
3983,3983. 금천구청역 1번 출구,13649,2264,4094,2494,0.1658729577258407,0.29994871419151586,0.18272400908491465
1741,1741. 제일강산수산입구,13641,1304,2083,3805,0.09559416465068543,0.15270141485228356,0.27893849424528994
1148,1148. 볏골공원,13638,4078,1595,3382,0.2990174512391846,0.11695263235078457,0.24798357530429682
2333,2333. 양재역 3번출구 주변,13629,1877,3566,2789,0.13772103602612076,0.2616479565632108,0.20463717073886564
2171,2171. 서울대입구역 5번출구,13601,1027,2698,3718,0.07550915373869568,0.1983677670759503,0.2733622527755312
2247,2247.섬들근린공원,13587,2778,2017,3477,0.20446014572753368,0.14845072495768014,0.25590638109958047
1651,1651. 상계동 우방유쉘아파트 앞,13585,1878,1938,3733,0.1382407066617593,0.14265734265734265,0.27478836952521163
4677,4677. 백련산 SK뷰 아이파크 해모로 아파트 앞,13579,4023,1429,3329,0.2962662935414979,0.10523602621695265,0.24515796450401356
985,985. 은평세무서 버스정류장(은평구청 방면),13562,2079,2198,3190,0.1532959740451261,0.16207049107801208,0.23521604483114586
1110,1110. 공항중학교앞,13531,4120,1263,2979,0.3044859951223117,0.09334121646589313,0.22016111152169093
2542,2542.신논현타워 앞,13520,1657,3025,3247,0.12255917159763313,0.22374260355029585,0.24016272189349114
1846,1846. 롯데캐슬골드파크1차 동문,13507,6123,1082,2644,0.45332050048123196,0.08010661138668838,0.1957503516695047
3131,3131.연가교 교차로,13506,4017,1454,3694,0.2974233673922701,0.1076558566563009,0.2735080704871909
5317,5317. 공릉동 신도1차 아파트 뒤,13503,2125,1967,3463,0.15737243575501741,0.1456713322965267,0.25646152706805897
826,826. 서울역 서부교차로2,13492,3517,1994,3200,0.2606729914023125,0.1477912837236881,0.23717758671805514
6061,6061.충무아트센터,13472,1600,2021,2783,0.1187648456057007,0.15001484560570072,0.20657660332541566
5309,5309. 월계 롯데캐슬아파트 뒤,13461,2791,1596,3591,0.207339722160315,0.11856474258970359,0.2667706708268331
916,916. 평생학습관 앞,13460,1430,2152,3754,0.1062407132243685,0.15988112927191678,0.2789004457652303
331,331. 을지로2가 사거리 북측,13430,1472,4833,1353,0.10960536113179449,0.35986597170513773,0.1007446016381236
5869,5869. 영등포아트홀 앞,13429,1522,2609,2917,0.11333680839973193,0.19428103358403456,0.2172164718147293
3793,3793. 더리브골드타워,13428,2693,4052,2082,0.2005510872803098,0.3017575215966637,0.1550491510277033
374,374. 신당동주민센터앞,13417,1449,2879,3050,0.10799731683684878,0.21457851978832823,0.227323544756652
1203,1203. 밀리아나2빌딩 앞,13404,915,3304,2642,0.06826320501342882,0.2464935840047747,0.19710534168904806
4588,4588.양남사거리2,13399,1652,4091,2493,0.12329278304351071,0.30532129263377866,0.1860586610941115
706,706. 신정네거리역,13386,1784,2967,3241,0.13327356940086657,0.22164948453608246,0.2421186314059465
4425,4425. 하늘채코오롱아파트 앞,13364,1770,1810,4110,0.13244537563603712,0.13543849146961986,0.30754265190062857
1327,1327. 상월곡역 3번출구,13352,2001,2502,3333,0.14986518873576993,0.18738765727980827,0.24962552426602755
5078,5078. 왈도강서캠퍼스 앞,13311,3177,1846,3221,0.23867478025693037,0.13868229284050784,0.24198031703102696
2086,2086.삼일수영장 앞,13302,3896,1098,3087,0.2928882874755676,0.08254397834912043,0.23207036535859268
454,454. 종로2가 버스정류장 (종각방향),13297,1337,2786,2908,0.10054899601413853,0.20952094457396406,0.21869594645408738
1520,1520. 수유중앙시장,13286,1410,1714,3717,0.1061267499623664,0.1290079783230468,0.279768177028451
457,457. 종로꽃시장 입구 옆,13257,2529,2907,1959,0.19076714188730481,0.21928038017651053,0.14777098891151844
1743,1743.창동19단지아파트 관리사무소앞,13231,2615,1732,3651,0.19764190159473963,0.13090469352278739,0.2759428614617187
276,276. 영등포로터리2,13230,3693,2296,3170,0.27913832199546484,0.17354497354497356,0.23960695389266817
1501,"1501. 미아역 3번,4번 출구 사이",13223,1125,2364,3269,0.08507902896468275,0.17877939953112001,0.24722075172048702
3204,3204.도림고가도로 밑,13220,2569,2019,3369,0.1943267776096823,0.1527231467473525,0.2548411497730711
2369,2369. KT선릉타워,13217,1444,3461,2215,0.10925323447075735,0.2618597261103125,0.167587198305213
2504,2504. 신사역 4번출구 뒤,13208,698,3306,3459,0.052846759539672924,0.2503028467595397,0.2618867353119322
5896,5896.영등포구청역 6번출구,13206,2280,2757,2799,0.17264879600181735,0.20876874148114494,0.21194911403907316
4145,4145.청량리동 주민센터,13184,1245,2441,3225,0.09443264563106796,0.1851486650485437,0.24461468446601942
4102,4102. 휘경1동주민센터 앞,13175,2302,2139,3590,0.17472485768500948,0.1623529411764706,0.27248576850094874
233,233. 양평1동 YP센터 앞,13122,1356,4464,2147,0.10333790580704161,0.3401920438957476,0.1636183508611492
1729,1729. 도봉한신아파트 버스정류장,13121,1273,1994,3837,0.09702004420394787,0.15197012422833625,0.29243197926987274
359,359. 원남동사거리,13118,1200,2840,2743,0.09147735935356,0.21649641713675866,0.2091019972556792
1814,1814. 두산위브아파트 옆 상가건물 앞,13116,3963,1631,2941,0.3021500457456542,0.12435193656602622,0.22422994815492528
1318,1318. 길음역 3번출구 뒤,13093,1235,2513,3422,0.09432521194531429,0.19193462155350188,0.26136103261284654
4077,4077. 도봉제1교,13076,1145,1747,4748,0.08756500458855919,0.13360354848577546,0.3631079840929948
150,150. 서강대역 2번출구 앞,13064,1937,2064,3555,0.14827005511328842,0.15799142682180037,0.27212186160440904
1277,1277. 성내7교,13060,2672,1594,3201,0.20459418070444105,0.12205206738131699,0.24509954058192956
143,143. 공덕역 2번출구,13057,2008,3289,2846,0.15378724056061882,0.2518955349620893,0.2179673738224707
3220,3220.래미안에스티움 앞 (신풍로),13054,2714,1751,3372,0.20790562279760993,0.13413513099433125,0.2583116286195802
3873,3873. 동서울우편집중국 앞,13036,1643,2292,2885,0.12603559374041118,0.17582080392758515,0.22131021785823873
4011,4011. 월계 센트럴 아이파크,13009,938,2363,3108,0.07210392804981167,0.18164347759243601,0.2389115227919133
2359,"2359. 국립국악중,고교 정문 맞은편",13005,3020,1847,2796,0.23221837754709726,0.14202229911572473,0.21499423298731257
3102,3102. 연희삼거리,12997,2250,1705,3769,0.1731168731245672,0.13118411941217203,0.289989997691775
3641,3641. 대청역,12978,2162,3561,2620,0.16658961319155494,0.2743874248728618,0.20188010479272614
674,674.고대앞사거리 교통섬,12977,1051,2464,2997,0.0809894428604454,0.18987439315712415,0.23094706018340141
908,908. 구산역 4번출구,12977,1551,2077,3843,0.11951914926408261,0.16005240040070895,0.2961393234183555
2703,2703.서울도시가스 앞 ,12969,1531,2570,3512,0.11805073637134705,0.19816485465340428,0.27079959904387385
2408,2408. 강남한양수자인아파트,12957,2761,1822,3343,0.213089449718299,0.14061897044068844,0.2580072547657637
1444,1444. 면목4치안센터,12937,2873,1511,3385,0.22207621550591328,0.11679678441678905,0.2616526242560099
3411,3411.종묘,12914,1838,2441,2166,0.14232615765835527,0.18901966857673844,0.16772494966702803
1805,1805. 서울디지털운동장 앞,12908,2684,3609,1889,0.20793306476603657,0.27959405020142547,0.146343352959405
241,241. 신길우성1차아파트 앞 공원,12907,3505,1268,3127,0.2715580692647401,0.09824126443015418,0.2422716355466026
1375,1375. 생명의 전화 종합복지관 앞 교차로,12903,3092,2008,2676,0.23963419359838797,0.15562272339765945,0.2073936293885143
2917,2917.신창중학교 후문 맞은편 버스정류장,12902,1837,1435,3428,0.14238102619748877,0.11122306619128818,0.26569524104789954
389,389. 을지로4가역 1번출구,12895,2506,3019,2218,0.19433889104303995,0.23412175261729354,0.172004652966266
1809,1809. LG전자 별관동(호서대 벤처타워 맞은편),12884,1194,5867,1085,0.09267308289351134,0.4553710027941633,0.08421297733623098
2303,2303. 논현역 10번출구,12864,1860,2918,2902,0.14458955223880596,0.22683457711442787,0.2255907960199005
1271,1271. 송파도서관,12839,908,2468,3740,0.07072201884882,0.19222680894150634,0.2912999454786198
3818,3818. 은천교회 앞,12836,3050,1541,3590,0.23761296354004363,0.12005297600498598,0.2796821439700841
958,958. 본 서부병원 버스정류장(은평 세무서 방면),12835,1925,1926,3258,0.14998052201012854,0.15005843396961432,0.2538371640046747
5760,5760. 풍납사거리 성내유수지,12833,1426,2687,3499,0.11111976934465831,0.20938206187173694,0.27265643263461387
2189,2189. 봉천역 4번출구,12827,699,2490,3418,0.05449442582053481,0.19412177438216263,0.26646916660169956
1808,1808. 에이스하이엔드타워8차 앞,12823,386,6755,1327,0.0301021601809249,0.5267878031661858,0.10348592373079622
2540,2540.반포천 앞,12790,1843,2792,2949,0.1440969507427678,0.218295543393276,0.2305707584050039
3987,3987. LG전자가산A와 가산테라타워 사이,12775,4600,1887,2347,0.36007827788649704,0.14771037181996086,0.18371819960861058
4873,4873. 개롱역사거리 2번 출구,12773,2079,2460,3067,0.16276520786033039,0.19259375244656698,0.24011586941204102
1431,1431. 중랑구청 사거리,12763,805,2424,3502,0.06307294523231215,0.1899239990597822,0.274386899631748
800,800. 목월공원 앞,12747,2534,2361,3408,0.1987918725974739,0.1852200517768887,0.26735702518239585
3221,3221.서울특별시 남부교육지원청,12732,2228,2766,2489,0.17499214577442665,0.2172478793590952,0.19549167452089225
5341,5341.공릉동효성아파트 앞,12728,1905,1466,3473,0.14967001885606537,0.11517913262099308,0.2728629792583281
2221,2221. 방일초교 마을버스 정류장,12727,1311,2746,3324,0.10300935020036144,0.21576176632356409,0.26117702522196906
4139,4139. 답십리 사거리,12724,2281,1520,3323,0.17926752593524048,0.11945928953159383,0.26116001257466204
3908,3908. 오류동 다숲오피스텔 앞,12723,2574,1564,3393,0.20231077576043385,0.12292698262988289,0.26668238622966284
3212,3212.신풍역 6번출구,12711,2051,1764,3088,0.16135630556211156,0.13877743686570687,0.2429391865313508
1473,1473.중랑역 1번 출구(중화문화복지센터),12706,2165,2570,2992,0.17039194081536282,0.20226664567920669,0.23547930111758225
4074,4074. 도봉구육아종합지원센터(창동),12706,2862,1629,3284,0.22524791437116323,0.1282071462301275,0.2584605698095388
4005,4005. 중계2차 한화꿈에그린 101동 인근,12692,1110,2255,3632,0.08745666561613614,0.1776709738417901,0.28616451307910495
1186,1186. 송정중학교,12691,3035,1842,2840,0.23914585139074934,0.14514222677487984,0.22378063194389725
4078,4078. 원당공원 앞,12676,2432,1777,3219,0.19185863048280213,0.14018617860523824,0.25394446197538656
199,199. 서울 월드컵 경기장,12670,1101,1899,4345,0.08689818468823994,0.1498816101026046,0.34293606945540644
472,472.삼일교(시그니쳐 타워),12654,1373,4020,1173,0.10850324008218745,0.3176861071597914,0.09269796111901375
806,806. 전자랜드 본관 앞,12653,1952,2849,2738,0.15427171421797203,0.22516399272899706,0.21639136963565953
4411,4411. 동산어린이공원 앞,12632,2879,2448,2241,0.22791323622545914,0.19379354021532616,0.17740658644711843
736,736. 오솔길공원,12607,2951,1806,3066,0.23407630681367494,0.14325374791782344,0.24319822320932816
2523,2523.뉴코아 킴스클럽 앞,12604,1516,1928,4101,0.12027927642018407,0.15296731196445573,0.3253728974928594
1965,1965. 삼환로즈빌아파트 105동 옆,12586,1743,1988,3473,0.13848720800889877,0.15795328142380421,0.2759415223263944
1085,1085.래미안 솔베뉴(고덕로),12581,1930,2183,3064,0.15340592957634527,0.17351561879023925,0.2435418488196487
5877,5877. 문래동 꽃밭정원,12558,1688,2597,3370,0.1344163083293518,0.2068004459308807,0.2683548335722249
4620,4620. 삼각지역 14번 출구 앞(교통섬),12552,1644,2018,3389,0.13097514340344169,0.16077119184193753,0.2699968132568515
242,242. 신길선원가와인아파트 앞,12548,2009,1952,3492,0.16010519604717882,0.15556263946445648,0.27829136117309533
3508,3508. 화양사거리,12538,2203,3313,2514,0.1757058542032222,0.26423672037007495,0.20051044823735842
1937,1937. 한진아파트 입구,12538,2305,1495,3235,0.18384112298612218,0.11923751794544585,0.2580156324772691
3515,3515. 서울숲 관리사무소,12492,339,2086,5298,0.027137367915465897,0.1669868715978226,0.4241114313160423
1408,1408. 먹골역 6번출구 앞,12483,1702,2011,3211,0.13634542978450692,0.16109909476888568,0.2572298325722983
354,354. 포르투갈 대사관 앞,12475,1573,2359,2832,0.12609218436873748,0.18909819639278558,0.22701402805611223
5332,5332. 마들역 4번출구,12455,2202,1780,3137,0.17679646728221599,0.14291449217181854,0.2518667201926937
1941,1941. 오류동역 2번출구,12450,2437,2347,2865,0.1957429718875502,0.1885140562248996,0.23012048192771084
249,249. 여의도중학교 옆,12449,842,2125,5076,0.06763595469515624,0.17069644148124347,0.4077435938629609
1070,1070.(시립)고덕평생학습관,12432,1071,2058,3087,0.08614864864864864,0.16554054054054054,0.2483108108108108
932,932. 예일여중,12420,923,1952,3550,0.07431561996779389,0.1571658615136876,0.285829307568438
1127,1127. 화곡역 버스정류장,12410,1473,2237,3137,0.11869460112812248,0.18025785656728444,0.25278001611603546
1171,1171. 염창동 새마을금고 건너편,12401,2494,1488,3054,0.20111281348278365,0.11999032336101927,0.24627046205951134
4558,4558. 대영중고 후문,12390,2723,1554,2711,0.21977401129943502,0.12542372881355932,0.2188054882970137
2376,2376. 수서역 7번출구 앞,12379,1373,4202,2622,0.11091364407464253,0.3394458356894741,0.21181032393569754
4823,4823. 방정환교육지원센터 옆,12377,1418,1815,3365,0.11456734265169266,0.14664296679324554,0.27187525248444694
450,450. 효자동 삼거리,12377,2431,1996,3468,0.1964127009776198,0.1612668659610568,0.2801971398561849
511,511. 서울숲역 5번 출구 옆,12375,1857,2830,3207,0.15006060606060606,0.2286868686868687,0.25915151515151513
1430,1430. 중랑구청,12360,1497,2749,2662,0.12111650485436894,0.22241100323624596,0.21537216828478964
1461,1461.동양엔파트 앞,12358,698,2571,3322,0.05648163133193073,0.2080433727140314,0.26881372390354424
1061,1061. 천호초교 입구 사거리(일주빌딩),12353,2261,1910,3250,0.18303246175018215,0.15461831134137458,0.26309398526673683
2213,2213. 고속터미널역 5번출구 앞,12353,2395,2913,2737,0.19388002914271837,0.23581316279446288,0.22156561159232574
622,622. 전농사거리 교통섬,12344,1592,1694,3301,0.1289695398574206,0.13723266364225534,0.26741736876215166
5098,5098. LG사이언스파크 W4동,12338,5138,3285,837,0.41643702382882153,0.2662506078781002,0.0678391959798995
544,544. 광남중학교,12333,2458,1374,4276,0.19930268385632044,0.11140841644368767,0.34671207329927833
1373,1373. 성북구보건소 건너편,12315,2514,2163,3094,0.20414129110840437,0.1756394640682095,0.25123832724319933
4539,4539. 목동7단지아파트 A상가,12314,1480,2382,3126,0.12018840344323534,0.193438362839045,0.25385739808348223
495,495.염리초등학교 앞,12314,1640,2862,2562,0.13318174435601754,0.23241838557739158,0.20805587136592496
185,185. 마포 신수공원 앞,12295,2009,1424,4007,0.16339975599837334,0.11581943879625864,0.3259048393655958
2644,2644. 성내5교,12287,2255,1756,3255,0.18352730528200537,0.14291527630829332,0.26491413689265075
2003,2003. 사육신공원앞,12279,1224,1823,3701,0.09968238455900318,0.1484648587018487,0.30140890952031923
4507,4507. 신정제일시장,12278,1919,2250,3266,0.15629581365043166,0.18325460172666558,0.26600423521746214
175,175. 홍연2교옆,12266,2543,1676,3405,0.20732105005706833,0.1366378607533018,0.2775966085113321
1286,1286. 위례중앙푸르지오 1단지 앞,12255,1335,1687,3431,0.10893512851897184,0.13765809873521012,0.2799673602611179
1268,1268. 몽촌토성역 1번출구 옆,12250,1482,2223,4234,0.12097959183673469,0.18146938775510205,0.3456326530612245
2077,2077.노들역 3번출구,12249,2646,1629,3707,0.216017634092579,0.13299044819985306,0.3026369499550984
832,832. 이촌1동 주민센터 뒤,12244,1942,2269,3359,0.15860829794184908,0.18531525645213984,0.2743384514864423
5761,5761. 버섯분수대,12230,1613,2262,3003,0.13188879803761241,0.18495502861815208,0.2455437448896157
401,401. 상암월드컵파크 10단지 앞,12226,2721,1568,3083,0.222558481923769,0.12825126778995583,0.25216751185997055
1765,1765.쌍문역 1번출구 주변,12226,831,2434,3334,0.06796990021266154,0.19908391951578602,0.27269752985440865
2411,2411. 세곡동 성당,12222,2201,1731,3448,0.18008509245622648,0.14162984781541482,0.28211422025855015
4016,4016. 노원 마들스타디움,12221,1476,1641,2840,0.12077571393502987,0.13427706407004336,0.23238687505114147
348,348. 독립문역 사거리,12220,3330,1251,2622,0.2725040916530278,0.10237315875613748,0.21456628477905074
4809,"4809. 동성1,2차 아파트 앞",12197,1431,1848,3325,0.11732393211445437,0.1515126670492744,0.2726080183651718
846,846. 용산중학교,12192,1764,1756,3330,0.14468503937007873,0.14402887139107612,0.27312992125984253
2372,2372. 대치역 사거리,12182,1595,2473,3497,0.1309308816286324,0.20300443276966015,0.28706287965851257
3969,3969. 독산역 롯데캐슬 104동 앞,12164,2873,1531,3056,0.23618875369944098,0.12586320289378494,0.2512331469911213
248,248. 초원아파트 앞,12146,889,2934,4457,0.0731928206817059,0.24156100773917338,0.36695208299028487
5059,5059. 화곡2동주민센터,12136,3059,1517,3114,0.2520599868160844,0.125,0.25659195781147
2103,2103. 신림동 우방아파트,12134,2627,1780,3450,0.2164990934564035,0.14669523652546562,0.2843250370858744
4659,4659. 신진과학기술고등학교 버스정류장(응암시장 방면),12123,3127,1369,2978,0.25793945393054524,0.11292584343809288,0.24564876680689599
837,837. 한남나들목 입구,12118,1028,2255,4093,0.08483248060736095,0.18608681300544644,0.33776200693183694
579,579. 마장역 4번출구,12117,1541,1763,2801,0.12717669390113065,0.14549806057605016,0.23116282908310637
403,403. 부엉이공원 앞,12112,2214,2118,2753,0.18279392338177014,0.1748678996036988,0.22729524438573315
2503,2503. 반포1동 서초빌딩 앞,12111,2071,2585,2667,0.1710015688217323,0.2134423251589464,0.22021302947733465
1079,1079.강일동입구교차로,12108,3091,1699,3028,0.2552857614800132,0.1403204492897258,0.2500825900231252
1027,1027. 프라자 아파트 앞,12096,2869,1459,3086,0.23718584656084657,0.12061838624338625,0.2551256613756614
4886,4886. 배명고등학교 건너편,12095,2772,1574,2964,0.2291856138900372,0.1301364200082679,0.24505994212484497
2033,2033. 사당동 아르테스 웨딩앞,12094,1736,1830,3068,0.14354225235654045,0.15131470150487844,0.2536795105010749
307,307. 서울역사박물관 앞,12092,1224,3123,2275,0.10122394971882236,0.2582699305325835,0.18814091961627522
4042,4042. 상계문화정보도서관,12089,1015,2589,3190,0.08396062536189924,0.21416163454380016,0.26387625113739765
835,835. 남영역 건너편,12073,1537,2267,2925,0.1273088710345399,0.18777437256688478,0.2422761534001491
3683,3683. KT&G강동지사,12046,1935,2089,2990,0.16063423543084843,0.17341856217831644,0.24821517516187946
2387,2387. 래미안강남힐즈 사거리,12037,1590,1814,3294,0.1320927141314281,0.15070200216000665,0.2736562266345435
4828,4828. 신내동 한살림 중랑지구 앞,12029,2958,1558,2923,0.2459057278244243,0.12952032587912546,0.24299609277579184
2277,2277. 길마중4교 하부,12019,1774,2096,3075,0.14759963391297112,0.17439054829852732,0.25584491222231465
1706,1706. 방학동우체국 건너편,12018,1410,2062,2857,0.11732401397903146,0.17157596937926445,0.23772674321850557
4303,4303. 매헌역 2번출구앞광역버스 정류장앞(22-297),12014,2370,2752,2097,0.19726985183952056,0.22906608956217747,0.17454636257699352
4718,4718. 광화문역 6번출구 옆 A,12010,1732,3027,1987,0.14421315570358034,0.2520399666944213,0.16544546211490424
4793,4793. 동대문역사문화공원역 5번출구,12010,1277,2896,2432,0.10632805995004163,0.24113238967527062,0.20249791840133222
2185,2185. 대학동 고시촌,11997,1721,1607,3477,0.14345252979911643,0.13395015420521797,0.28982245561390346
318,318. 광교사거리 남측,11992,1143,3436,2075,0.09531354236157438,0.28652434956637757,0.17303202134756504
3989,3989.가산디지털단지역 9번출구 앞,11985,3565,3024,1361,0.2974551522736754,0.2523153942428035,0.11355861493533584
4255,4255. 래미안 루센티아 아파트 108동 앞,11979,2194,1454,3335,0.18315385257534017,0.12137908005676601,0.27840387344519574
2538,2538.사평리근린공원,11950,1259,2276,3861,0.10535564853556485,0.1904602510460251,0.3230962343096234
1709,1709. 쌍문역4번출구 주변,11945,1056,3437,2681,0.08840519045625785,0.2877354541649226,0.22444537463373795
4880,4880. 송파청소년센터,11932,3060,1418,2804,0.25645323499832384,0.11884009386523633,0.23499832383506536
4039,4039. 서울시 북부여성발전센터,11916,1368,1909,2622,0.1148036253776435,0.16020476670023498,0.22004028197381673
4618,4618. 풍전아파트 건너편,11913,1748,3725,2108,0.1467304625199362,0.3126836229329304,0.17694955091076975
2195,2195.은천교회,11899,2593,1375,3348,0.21791747205647533,0.11555592906966972,0.2813681822001849
4843,4843. 봉화산역 4번 출구,11892,1320,2025,3466,0.11099899091826437,0.17028254288597378,0.29145644130507903
1187,1187. 강서수산물도매시장,11874,1367,2706,2466,0.11512548425130538,0.22789287518948964,0.20768064679130874
2302,2302. 교보타워 버스정류장(신논현역 3번출구 후면),11872,1102,2498,2825,0.09282345013477089,0.21041105121293802,0.23795485175202155
4002,4002. 상계주공 14단지 상가 앞,11857,2298,1457,3345,0.19380956397065024,0.12288099856624779,0.2821118326726828
2016,2016. 신대방삼거리역 3번출구쪽,11857,2095,1574,3289,0.17668887576958758,0.1327485873323775,0.2773888842034241
1983,1983. 구로동롯데아파트,11853,2274,1440,3017,0.1918501645153126,0.12148823082763857,0.2545347169492955
341,341. 혜화역 3번출구 뒤,11841,1850,1916,2708,0.15623680432395912,0.1618106578836247,0.2286969005996115
321,321. KEB 하나금융그룹 명동사옥 옆,11834,1275,2632,2099,0.10774040899104276,0.2224100050701369,0.17737028899780294
437,437. 대흥역 1번출구,11831,1089,2525,3107,0.0920463189924774,0.21342236497337502,0.2626151635533767
510,510. 뚝도아리수정수센터 버스정류소 옆,11830,592,2397,4582,0.05004226542688081,0.2026204564666103,0.3873203719357565
807,807. 서울역 12번 출구 앞,11821,2063,2906,2572,0.17451992217240503,0.24583368581338297,0.217578885035107
4895,4895. 송파레이크힐 상가,11818,1753,2206,2950,0.14833305127771196,0.18666441022169572,0.2496192249111525
4591,4591. 신길자이아파트,11808,2455,1457,3426,0.20790989159891599,0.1233909214092141,0.29014227642276424
1036,1036. 고덕동 주양쇼핑,11788,1023,2165,3448,0.08678316932473702,0.1836613505259586,0.29250084832032575
1771,1771.성원APT버스정류소,11776,1967,1506,3188,0.16703464673913043,0.12788722826086957,0.27072010869565216
1506,1506. 강북문화예술회관,11770,2021,1542,2855,0.17170773152081564,0.13101104502973662,0.2425658453695837
740,740. 으뜸공원,11766,3386,1358,2686,0.28777834438211797,0.11541730409654938,0.22828488866224717
5756,5756. 극동아파트,11761,2247,2275,2400,0.19105518238245048,0.1934359323186804,0.20406428024827822
4914,4914. 도심공항타워 앞,11745,593,3806,2586,0.05048957002979992,0.32405278842060453,0.22017879948914432
553,553. 중곡 성원아파트 앞,11744,1742,1947,3166,0.14833106267029972,0.16578678474114442,0.26958446866485014
4023,4023. 월계역 1번 출구,11736,1453,2134,2833,0.12380708929788685,0.18183367416496252,0.2413940013633265
656,656. 영휘원 교차로,11728,2232,2166,2655,0.1903137789904502,0.1846862210095498,0.226381309686221
4360,4360. 르노삼성자동차 성수사업소 앞,11719,1783,4814,1530,0.15214608755013226,0.41078590323406433,0.13055721477941803
286,286. 우성아파트 교차로,11709,1901,2606,2576,0.1623537449824921,0.22256383978136476,0.2200017080877957
742,742. 등촌역 5번 출구 뒤,11708,1478,1817,3219,0.12623846942261702,0.15519303040655963,0.2749402118209771
3405,3405.파크팰리스,11694,2998,1774,2582,0.25637078843851546,0.1517017273815632,0.22079698990935523
2505,2505. 우성아파트사거리 (기업은행앞),11693,767,3104,2293,0.06559480030787651,0.2654579663046267,0.1961002309073805
4110,4110. 용두롯데캐슬리치아파트 앞,11686,1453,1763,3006,0.12433681328084888,0.15086428204689373,0.2572308745507445
2403,2403. 공무원연금매점 교차로 (개포주공9단지 입구),11674,2298,1937,3318,0.19684769573410998,0.16592427616926503,0.28422134658214837
2104,2104. 사당역 5번출구,11670,700,2266,3301,0.05998286203941731,0.19417309340188518,0.28286203941730936
1372,1372. KEB은행 고대점,11668,447,2237,2840,0.03830990743914981,0.1917209461775797,0.24340075419952006
1775,1775.신원리베르텔 앞,11666,505,2304,3020,0.043288187896451225,0.19749699982856164,0.25887193553917365
594,594. 중랑물재생센터(서울새활용플라자),11656,593,5217,1392,0.050875085792724775,0.4475806451612903,0.11942347288949898
2085,2085.강남중학교 앞,11651,2264,1763,2979,0.19431808428461075,0.15131748347781307,0.25568620719251567
2090,2090.기아자동차 사당점 앞,11640,2779,1622,3041,0.23874570446735396,0.1393470790378007,0.26125429553264606
3665,3665. 고덕센트럴 아이파크상가 앞,11621,1929,1286,3057,0.16599259960416488,0.11066173306944325,0.263058256604423
4867,4867. 가락대림아파트 앞,11611,2198,1927,2838,0.18930324692102315,0.16596331065369047,0.24442339161140297
4549,4549.목동4단지아파트,11606,1912,1660,3408,0.16474237463381008,0.14302946751680165,0.2936412200585904
3925,3925. 중앙유통단지 앞 B,11597,402,4867,738,0.03466413727688195,0.4196775028024489,0.06363714753815641
4674,4674. 녹번역e편한세상 캐슬 정문 앞,11594,1617,1990,3192,0.13946869070208728,0.1716405037088149,0.2753148180093152
805,805. 문배어린이공원 앞,11571,2278,1583,2822,0.19687148906749632,0.13680753608158328,0.243885576008988
4018,4018. 상계주공15단지 버스정류소,11559,1934,2025,2928,0.16731551172246734,0.1751881650661822,0.25330910978458343
2111,2111. 서울대입구역 1번출구,11556,936,1841,3212,0.08099688473520249,0.15931118033921773,0.277950848044306
2642,2642.마천동 성내천 쉼터,11554,1991,1268,3157,0.17232127401765623,0.10974554266920547,0.2732387052103168
2308,2308. 압구정파출소 앞,11530,999,2628,2948,0.08664353859496965,0.2279271465741544,0.2556808326105811
5857,5857. U레지던스 앞,11526,3583,1274,2936,0.31086239805656773,0.11053270865868471,0.2547284400485858
4629,4629. 한강초교보도육교 앞,11521,574,2564,3521,0.0498220640569395,0.22255012585713047,0.30561583195903136
5872,5872. 서경팰리스 앞,11505,1705,1626,2736,0.14819643633202956,0.14132985658409386,0.2378096479791395
1178,1178. 개화산역 2번 출구,11504,1649,2178,2982,0.14334144645340752,0.18932545201668985,0.2592141863699583
661,661. 경희대학교 청운관,11502,679,2860,2235,0.05903321161537124,0.24865240827682142,0.19431403234220135
1396,1396.래미안장위퍼스트하이(513동),11497,2500,1665,3001,0.2174480299208489,0.14482038792728538,0.26102461511698705
672,672.대광고등학교,11493,1689,1614,2657,0.1469590185330201,0.14043330723048814,0.23118419907769946
3988,3988. 엘아르베뉴 102동 앞,11476,2857,2732,2068,0.2489543394911119,0.23806204252352736,0.18020216103171838
962,962. 은평뉴타운엘크루 앞,11463,430,2001,3338,0.037511995114716916,0.17456163308034545,0.29119776672773273
3980,3980. 금천현대홈타운 후문 서부샛길,11442,3517,1492,2500,0.3073763328089495,0.1303967837790596,0.21849327040727146
2914,2914.서울과학기술대학교(미래관),11420,425,3375,1298,0.037215411558669004,0.29553415061295973,0.11366024518388791
1361,1361. 홍익중고 입구,11409,2337,1432,2911,0.2048382855640284,0.125514944342186,0.2551494434218599
181,181. 망원초록길 입구,11406,743,1702,4581,0.06514115377871296,0.14921970892512712,0.40163072067332983
3959,3959. 시흥사거리(시흥동 994-3 앞),11404,2618,2015,2767,0.22956857243072606,0.17669238863556647,0.24263416345142055
4825,4825. 신내동 벽산아파트 후문 앞,11392,2785,1349,2717,0.24446980337078653,0.11841643258426966,0.238500702247191
2706,2706.강서공업고등학교 앞,11377,2671,1661,2934,0.23477190823591457,0.14599630834139052,0.2578887228619144
399,399. 서울역 센트럴 자이아파트,11371,3250,1980,2542,0.28581479201477444,0.17412716559669333,0.2235511388620174
4499,4499. 세양청마루 101동 앞,11364,2614,1548,2861,0.23002463921154523,0.13621964097148892,0.25175994368180216
1953,1953. 천왕역 4번출구 뒤,11356,1776,2543,2477,0.15639309616061994,0.22393448397323001,0.21812257837266644
1557,1557.신창교,11349,1561,1767,2894,0.13754515816371488,0.1556965371398361,0.25500044056745086
170,170. DMC파크뷰자이아파트 302동 앞,11341,2894,1318,3304,0.2551803191958381,0.11621550127854686,0.2913323340093466
4478,4478. 문정근린공원2,11338,2166,1483,2520,0.1910389839477862,0.13079908273064034,0.2222614217675075
4530,4530. 방아다리어린이공원,11328,1522,1614,3057,0.13435734463276836,0.14247881355932204,0.2698622881355932
5860,5860. 어울림병원 앞,11301,2779,1348,2840,0.24590744181930801,0.11928147951508716,0.25130519423059905
1565,1565.수유사거리,11298,1070,1984,3013,0.09470702779252965,0.17560630200035404,0.2666843689148522
2091,2091. 이수역9번출구,11298,891,2418,2856,0.07886351566648965,0.21402018056293148,0.2527881040892193
552,552. 대림아크로리버 앞,11289,1315,1589,3234,0.11648507396580743,0.14075648861723802,0.28647355833111876
2012,2012. 대림사거리(동작상떼빌아파트),11287,1584,2116,2790,0.14033844245592275,0.1874723132807655,0.24718702932577302
4208,4208. 스타벅스(동교동) 앞,11283,421,3166,2910,0.03731277142603917,0.28059913143667464,0.25791013028449883
739,739. 신월사거리,11282,2109,1602,2119,0.18693494061336643,0.14199609998227264,0.187821308278674
2511,2511. 이수역 6번출구 앞,11265,1811,2285,2582,0.16076342654238793,0.20284065690190856,0.22920550377274745
4887,4887. 호돌이상가,11260,2037,2241,2664,0.18090586145648313,0.19902309058614565,0.23658969804618118
4427,4427. 동일하이빌뉴시티,11259,1294,2001,3057,0.11493027799982236,0.17772448707700506,0.27151612043698375
762,762. 오목로 무중력지대 앞,11248,636,2274,3333,0.05654338549075391,0.2021692745376956,0.2963193456614509
182,182. 망원2빗물펌프장 앞,11246,1123,1749,4140,0.09985772719189046,0.1555219633647519,0.3681308909834608
2324,2324. 천주교 대치 2동 교회 옆,11226,1004,2326,3050,0.08943523962230536,0.2071975770532692,0.27169071797612687
984,984.상신초등학교앞 버스정류장,11224,2153,1375,3008,0.19182109764789737,0.12250534568781184,0.26799714896650034
752,752. 성원2차 아파트,11184,2798,1577,2800,0.2501788268955651,0.14100500715307582,0.2503576537911302
4138,4138. 조일빌딩 앞,11177,2518,1969,2575,0.2252840654916346,0.17616533953654828,0.2303838239241299
2191,2191.대학동주민센터 ,11176,1357,1618,3067,0.12142090193271296,0.14477451682176093,0.2744273443092341
346,346. 맥스타일 앞,11168,564,2128,2346,0.05050143266475645,0.19054441260744986,0.21006446991404013
2179,2179. 양녕로 입구,11162,993,1754,3398,0.08896255151406558,0.15714029743773517,0.30442573015588603
1533,"1533. 번동 주공3, 4단지 교차로",11161,1292,1863,2921,0.11576023653794462,0.16692052683451303,0.26171490009855747
1722,1722. 창동청소년수련관,11154,1833,1632,2116,0.16433566433566432,0.14631522323830015,0.18970772816926662
2409,2409. 역삼동 디오슈페리움 (우성아파트 사거리),11139,1073,2827,2203,0.09632821617739475,0.25379297962115094,0.1977735882933836
3587,3587.우성식품 앞,11133,2354,1381,2869,0.21144345639090992,0.12404563010868588,0.2577023264169586
743,743. 현대6차아파트 101동 옆,11126,1953,1587,1964,0.17553478339025705,0.14263886392234407,0.1765234585655222
2603,2603. 송파 글마루 도서관,11110,1838,1425,2820,0.16543654365436544,0.12826282628262825,0.2538253825382538
4406,4406. 장곡초등학교 앞,11107,1700,1396,2817,0.1530566309534528,0.1256865040064824,0.2536238408211038
300,300. 정동사거리,11090,2584,2247,1918,0.23300270513976556,0.20261496844003607,0.17294860234445447
4643,4643. 한가람아파트 앞,11069,910,1700,4109,0.08221158189538351,0.15358207606829885,0.37121691209684704
4062,4062. 평화도봉공원 주변,11042,1443,1909,2939,0.13068284731026988,0.17288534685745335,0.26616554971925377
4803,4803. 상봉2동 주민센터 앞,11038,1768,1670,2675,0.16017394455517303,0.15129552455154918,0.24234462764993658
2823,2823.중앙유통단지 앞,11029,820,3659,1326,0.07434944237918216,0.3317617191041799,0.12022848853023846
519,519. 양지사거리,11022,1748,2238,2566,0.15859190709490112,0.2030484485574306,0.232807113046634
5314,5314. 월계1동주민센터 앞,11017,1364,1703,2707,0.12380865934464917,0.15457928655713896,0.24571117364073705
4224,4224. 서부운전면허시험장,11013,2173,1665,2341,0.1973122673204395,0.15118496322527922,0.2125669663125397
6190,6190.마곡광장(마곡나루역 6번출구),11011,3376,2455,2037,0.3066024884206702,0.22295885932249568,0.18499682136045772
3803,3803. 남서울중학교,11009,1962,1550,2716,0.1782178217821782,0.1407938959033518,0.2467072395312926
2819,2819.하늘숲초등학교 앞,11000,2825,1541,2398,0.25681818181818183,0.1400909090909091,0.218
1961,1961. 신도림테크노근린공원,10996,1416,3794,2365,0.12877409967260822,0.34503455802109856,0.21507821025827573
537,537. 한양대후문역 부근,10996,1034,1611,3082,0.09403419425245543,0.14650782102582757,0.28028373954165153
852,852. 청암자이아파트 앞,10973,1737,1842,3256,0.15829763966098606,0.1678665816094049,0.29672833318144537
2415,2415.한티역 롯데백화점 앞,10961,848,2185,3035,0.07736520390475321,0.19934312562722378,0.27689079463552596
1322,1322. 래미안라센트아파트 103동 앞,10956,2531,997,2804,0.2310149689667762,0.09100036509675064,0.25593282219788244
3628,3628. 역삼1동 주민센터,10955,891,2767,2348,0.08133272478320401,0.25257873117298035,0.21433135554541305
5076,5076. 메이필드호텔앞,10944,689,5856,1141,0.06295687134502924,0.5350877192982456,0.10425804093567251
5876,5876. 에이스하이테크시티 4동 앞,10934,516,4514,1435,0.047192244375342966,0.4128406804463142,0.13124199743918052
4520,4520. 대성유니드아파트,10927,2279,1598,2696,0.20856593758579664,0.14624325066349408,0.2467282877276471
3417,3417.창신3동주민센터,10906,2036,1405,2536,0.18668622776453328,0.12882816798092794,0.23253255088941868
2633,2633.송파학사 옆,10898,1855,1553,3564,0.1702147182969352,0.14250321159845844,0.3270324830244081
2410,2410. 포스코피앤에스타워 (역삼역 3번출구 부근),10872,1430,3111,1705,0.13153053715967622,0.28614790286975716,0.15682487122884473
1068,1068.명일파출소,10866,1150,2028,2710,0.10583471378612185,0.18663721700717836,0.24940180379164367
2175,2175. 신림동걷고싶은문화의거리입구,10858,729,1498,3124,0.06713943636028735,0.13796279241112544,0.2877141278320133
1806,1806. 에이스하이엔드타워9차 앞,10856,1272,5238,1307,0.11717022844509949,0.4824981577008106,0.1203942520265291
817,817. 삼각지역 4번출구 앞,10850,1967,1479,3023,0.18129032258064517,0.13631336405529954,0.2786175115207373
2920,2920.상계중학교(당현2교사거리),10848,1364,1691,3177,0.12573746312684367,0.15588126843657818,0.2928650442477876
1016,1016. 해뜨는 주유소옆 리엔파크 109동앞,10841,1754,1745,2778,0.16179319250991606,0.16096301079236233,0.25624942348491836
2276,2276. 영동1교 (양재천근린공원),10831,1189,2087,3472,0.10977749053642323,0.1926876558027883,0.32056135167574556
2206,2206. 언남초등학교 앞,10816,2720,1695,2301,0.2514792899408284,0.15671227810650887,0.2127403846153846
4084,4084. 도봉동실내스포츠센터,10806,1602,1596,2620,0.14825097168239867,0.14769572459744587,0.24245789376272442
1916,1916. 구로중학교앞,10796,2179,1678,2727,0.20183401259725825,0.15542793627269358,0.25259355316783993
485,485.서울역5번출구,10784,1872,2855,2090,0.17359050445103857,0.2647440652818991,0.19380563798219586
3812,3812. KT관악지점,10780,1390,1380,2848,0.12894248608534323,0.1280148423005566,0.26419294990723563
5090,5090. 대상연구소,10772,464,5631,977,0.043074637950241364,0.522744151503899,0.09069810620126253
5329,5329. 상계주공15단지 1509동 앞,10750,2337,1489,2445,0.2173953488372093,0.13851162790697674,0.22744186046511627
3529,3529. 어린이대공원정문,10747,1499,1931,3072,0.13948078533544245,0.1796780496882851,0.28584721317577
4226,4226. 마포프레스티지자이 1,10746,2721,1484,2577,0.25321049692908987,0.13809789689186674,0.2398101619207147
2912,2912.대진고등학교,10737,781,1611,3357,0.0727391263853963,0.15004191114836546,0.3126571668063705
3516,3516. 구의아리수정수센터앞,10725,3066,1211,2630,0.28587412587412586,0.11291375291375291,0.24522144522144523
1639,1639. 희성오피앙,10723,1556,1770,2952,0.14510864496875875,0.1650657465261587,0.27529609251142406
4791,4791. 명동역9번 출구,10705,1696,2087,2666,0.15843063988790285,0.1949556282111163,0.24904250350303597
828,828. 숙대입구역 8번,10703,888,1905,2899,0.08296739231991031,0.17798748014575352,0.2708586377651126
1395,1395.래미안장위포레카운티(102동),10703,2094,1425,3073,0.19564608053816687,0.13314024105391012,0.2871157619359058
1514,1514. 강북구청 사거리 버스정류소 앞,10688,839,1836,2647,0.07849925149700598,0.1717814371257485,0.24766092814371257
4211,4211. 시석빌딩 앞,10687,294,1956,3733,0.027510058950126322,0.1830261064845139,0.34930289136333864
1196,1196. 서울식물원(문화센터) 건너편,10682,1993,4003,1250,0.18657554765025275,0.3747425575734881,0.11701928477813144
2082,2082.7호선 이수역7번출구,10674,1100,2286,2538,0.10305415027168821,0.21416526138279932,0.23777403035413153
836,836. 현대자동차서비스 앞,10669,663,2554,3439,0.0621426562939357,0.23938513450182772,0.32233573905708124
1690,1690. 도봉운전면허시험장 버스정류장 옆,10666,1322,1770,2329,0.12394524657791112,0.1659478717419839,0.2183573973373336
673,673.안암골벽산아파트(후문),10658,1297,1722,2742,0.12169262525802214,0.16156877462938637,0.25727153312066053
5335,5335. 하계역 1번 출구,10653,924,2455,2601,0.08673613066741763,0.23045151600488126,0.2441565756125035
445,445.대한상공회의소,10651,920,3851,1232,0.08637686602196977,0.36156229462022343,0.11566989015115951
301,301. 경복궁역 7번출구 앞,10633,2191,1361,2388,0.20605661619486504,0.12799774287595223,0.22458384275369134
5894,5894.영등포세무서,10628,963,3169,1964,0.09060971019947309,0.29817463304478736,0.18479488144523898
3425,3425.광화문 풍림스페이스본 1단지앞,10620,2696,1307,2423,0.2538606403013183,0.12306967984934086,0.22815442561205274
5775,5775. 가락시장역 5번출구,10615,1435,2442,1987,0.13518605746585022,0.23005181347150258,0.18718794159208668
4008,4008. 하계 어린이 공원,10586,1971,1538,2815,0.18618930663139996,0.14528622709238617,0.26591724919705273
1526,1526. 강북종합시장 앞,10582,1418,1343,2797,0.134001134001134,0.12691362691362693,0.2643167643167643
379,379. 서울역9번출구,10565,1466,2535,2365,0.138760056791292,0.2399432087079981,0.22385234264079507
3985,3985. 디폴리스 지식산업센터,10542,811,5841,1195,0.07693037374312274,0.5540694365395561,0.1133560994118763
464,464. 삼청동 골목,10526,1531,1609,2274,0.14544936348090443,0.15285958578757364,0.21603648109443283
586,586. 마장동 주민센터,10523,2800,928,2728,0.26608381640216666,0.08818777915043238,0.2592416611232538
637,637. KAIST 경영대학 앞,10510,846,2163,2281,0.08049476688867745,0.20580399619410086,0.2170313986679353
4636,4636. 용산구꿈나무종합타운 앞,10501,1311,1817,2757,0.12484525283306351,0.17303113989143892,0.26254642415008095
640,640. 동대문경찰서 교차로,10493,2091,1665,2469,0.1992757076146002,0.1586772133803488,0.235299723625274
506,506. 금호 어울림 아파트 앞,10487,687,4286,1873,0.06550967864975685,0.4086964813578717,0.17860207876418424
4350,4350.누리숲어린이공원 앞,10485,1425,2005,2728,0.13590844062947066,0.19122556032427276,0.26018121125417265
3547,3547.상왕십리역 6번 출입구,10469,911,2272,2758,0.08701881746107555,0.21702168306428504,0.2634444550577897
2547,2547. 반포래미안 리오센트,10468,1750,1832,2869,0.16717615590370655,0.1750095529231945,0.27407336645013375
5328,5328.롯데캐슬시그니처아파트 앞,10466,1967,1556,2519,0.18794190712784253,0.14867188992929486,0.2406841200076438
441,441.염천교사거리,10454,1450,3685,1005,0.1387028888463746,0.35249665199923474,0.09613545054524585
1302,1302. 한성대입구역6번출구 뒤,10454,1943,1529,2549,0.18586187105414195,0.14625980485938397,0.24383011287545436
128,128. 신촌역(2호선) 1번출구 옆,10442,1054,2366,2562,0.10093851752537827,0.22658494541275617,0.24535529592032176
4576,4576.보라매sk뷰 108동 앞,10440,2723,1262,2468,0.26082375478927206,0.12088122605363985,0.2363984674329502
2105,2105. 미성동 신림체육센터,10436,1783,1248,2631,0.17085090072824838,0.11958604829436566,0.2521080873898045
4545,4545. 청소년음악센터,10422,1450,1064,2479,0.13912876607177124,0.10209172903473422,0.23786221454615236
3801,3801. 이랜드글로벌R&D센터,10415,360,5728,863,0.03456553048487758,0.5499759961593855,0.0828612578012482
1145,1145. 곰달래 문화복지센터 B,10410,1278,1355,2927,0.12276657060518732,0.13016330451488953,0.28117195004803075
1930,1930. 개봉지구대 개봉치안센터,10408,2279,1329,2506,0.21896617986164488,0.1276902382782475,0.24077632590315143
461,461. 서울경찰청,10395,2443,1763,1960,0.235016835016835,0.1696007696007696,0.18855218855218855
3718,3718. 번동3단지 버스정류장,10377,997,1941,2859,0.09607786450804665,0.18704827984966754,0.2755131540907777
1469,1469.먹골역 4번출구,10370,1350,1881,2691,0.13018322082931533,0.18138862102217937,0.2594985535197686
1540,1540. 가오리역,10362,1288,1715,2852,0.12430032812198417,0.16550858907546806,0.27523644084153637
1332,1332. 석계역 5번출구 건너편,10358,985,1731,2857,0.09509557829696853,0.16711720409345435,0.2758254489283645
5318,5318. 극동의 푸른별 아파트 뒤(중계4동주민센터 앞),10356,2496,1031,2215,0.2410196987253766,0.09955581305523369,0.21388567014291232
1339,1339. 삼성전자서비스 성북센터,10355,1553,1554,2545,0.14997585707387737,0.15007242877836793,0.24577498792853694
5506,5506. 월드컵참누리아파트,10353,2442,1389,2710,0.23587365980875108,0.1341640104317589,0.26175987636433884
3505,3505. 신양초교앞 교차로,10351,1072,1524,3006,0.10356487295913439,0.14723215148294852,0.2904067239880205
5764,5764. 한국체육대학교,10341,649,2224,3036,0.06275988782516198,0.21506624117590176,0.2935886277922831
3786,3786. 강서힐스테이트 상가 앞,10332,1328,1668,2734,0.12853271389856755,0.16144018583042974,0.2646147890050329
1468,1468.먹골역 7번 출구,10327,1107,1673,2745,0.10719473225525322,0.16200251767212162,0.26580807591749783
6176,6176. 유광사 여성병원 앞,10313,1570,1624,2700,0.15223504314942307,0.15747115291379812,0.26180548821875305
526,526. 용답토속공원 앞,10309,1794,3701,1148,0.17402269861286254,0.3590066931807159,0.11135900669318072
2315,2315. 봉은사역 5번출구 옆,10303,1364,2994,2197,0.13238862467242551,0.29059497233815396,0.21323886246724255
1464,1464.중화역 4번출구,10298,1051,1827,2834,0.10205865216546903,0.17741308992037289,0.27519906778015146
4463,4463. 방이역 2번 출구,10239,1876,1638,2585,0.18322101767750756,0.1599765602109581,0.25246606113878306
6178,6178. 마스터밸류에이스 지식산업센터,10230,680,3176,2264,0.06647116324535679,0.3104594330400782,0.22130987292277615
1869,1869.롯데캐슬골드파크3차 301동 앞,10226,3199,1103,1981,0.3128300410717778,0.10786231175435165,0.1937218853901819
2655,2655.송이공원,10223,1777,1514,2863,0.17382373080309108,0.14809742736965667,0.2800547784407708
115,115. 마스타 빌딩 앞,10221,1155,1493,2785,0.11300264162019372,0.14607181293415517,0.2724782310928481
440,440. 하늘공원 입구,10210,273,1736,4993,0.0267384916748286,0.17002938295788442,0.4890303623898139
3558,3558.마장동 금호어울림APT앞,10192,1433,1425,2894,0.14060047095761383,0.1398155416012559,0.2839481946624804
4269,4269. 연희IC 남측,10190,1065,1602,2906,0.10451422963689892,0.15721295387634937,0.28518155053974487
4826,4826. 홈플러스 면목점,10181,1627,1398,2562,0.15980748453000687,0.13731460563795306,0.25164522149101265
782,782.서남병원 후문,10178,2512,1692,2245,0.2468068382786402,0.16624091177048536,0.22057378659854587
191,191. 서우빌딩,10164,1983,1217,2536,0.1951003541912633,0.11973632428177883,0.24950806768988587
3103,3103. 홍제삼거리 북측,10152,1319,1557,2822,0.12992513790386132,0.15336879432624115,0.2779747832939322
1217,1217. 송파파인타운 7단지,10147,1311,1766,2726,0.1292007489898492,0.1740415886468907,0.26865083275845075
3207,3207.양남사거리1,10140,1412,2693,1765,0.13925049309664694,0.2655818540433925,0.17406311637080868
3520,3520. 광진경찰서,10109,2191,1352,2419,0.21673756058957364,0.13374220991195965,0.23929172024928283
4860,4860. 가락쌍용2차아파트 103동,10107,1376,1873,2869,0.1361432670426437,0.18531710695557535,0.2838626694370238
3815,3815. 광일빌딩,10089,1862,1111,2831,0.18455743879472694,0.11011993259986123,0.2806026365348399
4123,4123. 배봉초교 교차로,10082,1593,2240,2472,0.1580043642134497,0.22217813925808372,0.24518944653838523
3123,3123.DMC파크뷰자이1단지 110동 앞,10077,2055,1308,2924,0.20392974099434355,0.12980053587377197,0.29016572392577156
353,353. 재동초교 앞 삼거리,10076,875,2186,2952,0.0868400158793172,0.2169511710996427,0.2929734021437078
1828,1828. 독산동 한양수자인아파트 앞,10066,2855,1272,2138,0.28362805483806874,0.12636598450228492,0.2123981720643751
4320,4320. 비석공원,10056,1227,2374,2755,0.12201670644391407,0.23607796340493237,0.27396579156722356
925,925. 불광역 2번출구,10055,793,2188,2535,0.07886623570363004,0.2176031824962705,0.252113376429637
122,122. 신성기사식당 앞,10037,1717,1521,2700,0.1710670519079406,0.1515393045730796,0.2690046826741058
1719,1719. 신도봉사거리 버스정류장,10031,1561,1797,2529,0.15561758548499652,0.17914465158010168,0.2521184328581398
2606,2606. 위례동주민센터,10029,2024,1898,2531,0.20181473726194038,0.18925117160235316,0.2523681324159936
4133,4133.래미안허브리츠아파트 앞,10028,1552,1765,2496,0.15476665337056242,0.1760071798962904,0.24890307140007978
2390,2390. 구룡마을 입구 (래미안블레스티지 아파트),10020,1855,1241,2676,0.18512974051896208,0.12385229540918163,0.26706586826347306
5342,5342. 상계공원 입구,10017,2193,1245,2664,0.21892782270140762,0.12428870919436957,0.265947888589398
4367,4367. kt 행당빌딩 앞,10010,1030,1579,2705,0.1028971028971029,0.15774225774225775,0.27022977022977024
344,344. 성균관대 E하우스 앞,10002,1760,1323,2354,0.17596480703859227,0.13227354529094182,0.23535292941411717
2212,2212.서초현대4차아파트 201동 맞은편,9986,2077,1275,2695,0.2079911876627278,0.1276787502503505,0.26987782896054474
520,520. 상왕십리역 4번 출구 앞,9981,1514,1913,2225,0.15168820759442941,0.19166416190762448,0.22292355475403267
3311,3311.서울대입구역 4번 출구,9954,579,2076,2585,0.058167570825798674,0.20855937311633513,0.2596945951376331
4146,4146.이삭어린이공원,9952,1723,1877,2596,0.17313102893890675,0.18860530546623794,0.2608520900321543
1429,1429. 장안중학교,9947,1158,1578,2622,0.11641701015381523,0.15864079621996582,0.2635970644415402
1734,1734. 쌍문현대1차아파트 108동 앞,9945,2322,1081,2697,0.2334841628959276,0.10869783810960282,0.2711915535444947
2089,2089.사당역10번출구(금강빌딩),9939,1073,1608,2582,0.10795854713753898,0.16178690009055238,0.25978468658818793
387,387. 훈련원공원주차장 앞,9927,996,2209,2239,0.10033242671501964,0.22252442832678554,0.22554648937241867
4025,4025. 한천교 동편,9920,1066,1427,3309,0.10745967741935483,0.1438508064516129,0.33356854838709676
4147,4147.청량리역광장,9912,1220,1948,2715,0.12308313155770782,0.19652945924132365,0.27391041162227603
4370,4370. 성동교 사거리,9904,494,3407,1979,0.049878836833602586,0.34400242326332797,0.19981825525040386
2550,2550.양재동 꽃시장 건너편,9901,1565,2487,1983,0.15806484193515807,0.2511867488132512,0.20028279971720028
1403,1403. 중화빌딩 앞 (동부시장),9897,685,1931,2877,0.0692128927957967,0.19510962918055977,0.29069414974234614
4573,4573. 두산위브아파트,9880,3008,1231,2651,0.3044534412955466,0.12459514170040485,0.26831983805668014
1735,"1735. 도봉역 1,2번 출구사이 건너편",9878,1628,1747,2490,0.16481069042316257,0.17685766349463455,0.25207531889046364
4653,4653. 불광역 9번 출구 맞은편,9873,969,1637,2490,0.09814646004254027,0.16580573280664437,0.2522029778182923
1170,1170. 강서구보건소,9850,1188,1518,2471,0.12060913705583756,0.15411167512690355,0.25086294416243654
4105,4105. 서울교통공사사거리 교통섬,9847,1612,2559,1634,0.16370468162892252,0.2598761043972784,0.16593886462882096
5753,5753. 호반써밋,9845,1781,1670,2502,0.1809040121889284,0.16962925342813612,0.25413915693245304
4603,4603. 한강GS에클라트 건너편 교통섬,9841,1726,2181,2232,0.17538868001219388,0.22162381871761,0.22680621888019512
2241,2241.양재전화국 사거리,9826,1373,2473,2396,0.13973132505597394,0.25167921840016283,0.24384286586606962
2420,2420.학여울역 사거리(LG베스트샵 앞),9816,3061,1915,2288,0.31183781581092096,0.19508964955175223,0.2330888345558272
4846,4846. 상봉동양엔파트 앞,9795,1245,1243,2487,0.12710566615620214,0.12690148034711587,0.2539050535987749
5759,5759. 풍납근린공원,9784,1015,2093,2599,0.10374080130825838,0.21392068683565005,0.2656377759607523
5330,5330. 구립수락노인종합복지관,9782,2005,1579,2344,0.20496830913923533,0.1614189327335923,0.23962379881414844
4212,4212. 한화오벨리스크 앞,9776,2395,1255,2500,0.24498772504091654,0.12837561374795417,0.25572831423895254
4117,4117. 휘경119안전센터 앞,9765,1174,1795,2551,0.1202252944188428,0.18381976446492576,0.2612391193036354
285,285. 콤텍시스템 앞,9747,1184,2426,2180,0.12147327382784447,0.2488970965425259,0.22365856160870012
408,408. LG CNS앞,9744,719,3442,1133,0.07378899835796388,0.3532430213464696,0.11627668308702792
1553,1553.서울북부고용노동지청,9738,1182,1519,2695,0.12138016019716574,0.15598685561716985,0.2767508728691723
105,105. 합정역 5번출구 앞,9733,548,2061,2892,0.05630329805815268,0.21175382718586253,0.29713346347477654
1340,1340. 광운초등학교 앞,9728,3044,1121,2141,0.3129111842105263,0.115234375,0.22008634868421054
4710,4710. 자교교회 앞,9727,1790,1387,2541,0.18402385113601316,0.1425927829752236,0.2612316233165416
3420,3420. 성균관대입구 사거리 B,9725,894,1605,2597,0.0919280205655527,0.16503856041131104,0.2670437017994859
4485,4485. 잠실나루역 고가하부,9718,784,2251,2635,0.08067503601564108,0.2316320230500103,0.27114632640461
617,617. 청솔우성아파트 앞,9715,2428,951,2444,0.2499227997941328,0.09788986103962943,0.25156973751930006
4689,4689. 은평서해그랑블아파트앞,9707,2158,1282,2513,0.22231379416915628,0.13206964046564335,0.2588853404759452
4962,4962.고덕비즈밸리 디엠스퀘어 앞,9689,197,4658,1239,0.02033233563835277,0.4807513675301889,0.12787697388791414
195,195. 모래내고가차도 ,9683,1704,1258,2543,0.17597851905401218,0.12991841371475782,0.2626252194567799
3552,3552.서울숲 공영주차장앞,9673,216,1498,4636,0.022330197456838622,0.1548640545849271,0.4792722009717771
6180,6180.양천향교역 3번출구,9660,1888,1775,2287,0.19544513457556936,0.18374741200828157,0.2367494824016563
1833,1833. 독산역 1번출구 A,9657,3034,1477,1766,0.31417624521072796,0.15294604949777363,0.18287252770011392
5313,5313. 중계주공2단지 앞,9656,1362,1235,2918,0.14105219552609777,0.12789975144987573,0.30219552609776307
156,156. 서울서부지방법원 앞,9651,1038,2370,2059,0.10755362138638483,0.2455704072116879,0.21334576727800228
3707,3707. 드래곤타워 앞,9643,1627,1441,2431,0.16872342631961007,0.14943482318780463,0.25209996888934977
430,430. 장충동먹자골목 앞,9620,1379,1841,2183,0.14334719334719334,0.19137214137214137,0.22692307692307692
3963,3963. 에이스 하드웨어(시흥대로 396) 앞,9611,2718,1320,1977,0.28280095723649984,0.13734262823847673,0.20570180002080948
251,251. 서울지방병무청 버스정류장,9599,1083,1674,2483,0.11282425252630482,0.17439316595478696,0.25867277841441816
2514,2514.사평역 2번출구,9591,1838,1825,2265,0.19163799395266395,0.1902825565634449,0.2361588989677823
2654,2654.올림픽선수촌아파트 136동 앞,9591,1537,1408,2453,0.16025440517151496,0.14680429569387968,0.255760608904181
394,394. 경희궁 자이 3단지,9589,2807,2101,1599,0.2927312545625195,0.21910522473667746,0.16675357180102202
5310,5310. 목련아파트,9588,2434,1202,1938,0.2538589904046725,0.12536503963287443,0.20212765957446807
2427,2427.개포고등학교 정문앞,9584,1364,1590,2423,0.14232053422370616,0.16590150250417363,0.2528171953255426
3816,3816. 관악 GSfresh,9580,2065,1387,2331,0.21555323590814196,0.14478079331941546,0.24331941544885177
982,982. 녹번초등학교(서오릉로),9574,1515,1519,2491,0.15824106956340087,0.1586588677668686,0.2601838312095258
5758,5758. 올림픽선수기자촌아파트 123동 근처,9566,1438,1224,2790,0.15032406439473134,0.12795316746811625,0.29165795525820615
390,390. 충무로역 1번출구,9565,990,2310,1991,0.10350235232618923,0.2415054887611082,0.20815473078933613
3551,3551.성동도로사업소,9564,659,2782,1166,0.06890422417398578,0.29088247595148475,0.1219155165202844
4274,4274. 신촌 파랑고래 입구,9558,517,1512,2853,0.054090813977819625,0.15819209039548024,0.2984934086629002
332,332. 을지로2가 사거리 남측,9537,1646,1985,1344,0.17259096151829717,0.2081367306280801,0.14092481912551116
4544,4544.경창시장,9529,2335,1555,2191,0.2450414524084374,0.16318606359534055,0.22992968831986568
4902,4902. 구역삼세무서 교차로,9528,1344,2687,1480,0.14105793450881612,0.2820109151973132,0.15533165407220823
4842,4842. 면목라온프라이빗 아파트,9522,2441,1008,2541,0.25635370720436884,0.10586011342155009,0.26685570258349084
1060,1060. 천일초교 사거리,9520,1345,1671,2550,0.14128151260504201,0.1755252100840336,0.26785714285714285
1659,1659. 중계동 을지중학교,9519,1459,1078,2699,0.15327240256329447,0.11324718983086458,0.2835381867843261
930,930. 구 서부경찰서 건너편,9508,1575,1853,2415,0.16564997896508205,0.19488851493479176,0.2539966344131258
1560,1560. 도봉세무서 앞,9499,804,1688,2463,0.08464048847247078,0.1777029160964312,0.259290451626487
813,813. 삼각지역 3번출구,9498,646,1376,3135,0.06801431880395872,0.1448726047588966,0.3300694883133291
5067,5067. 주원 리젠트 앞,9497,2241,1083,2209,0.2359692534484574,0.11403601137201222,0.23259976834789933
3543,3543. 세종대학교(학술정보원),9494,376,2211,1540,0.039603960396039604,0.2328839266905414,0.1622077101327154
1247,1247. 문정 법조단지11,9491,1028,2139,2565,0.10831313876303866,0.22537140448846277,0.27025603203034454
2301,2301. 현대고등학교 건너편,9467,412,1962,3231,0.04351959438047956,0.20724622372451673,0.3412907996197317
4216,4216. 망원정 앞,9464,2155,1398,2801,0.22770498732037195,0.1477176669484362,0.2959636517328825
2170,2170. 조원동 강남힐병원,9463,2303,1060,2469,0.243368910493501,0.11201521716157667,0.2609109161999366
714,714. 한국SGI 양천문화회관 앞,9460,2177,1545,2216,0.23012684989429175,0.16331923890063424,0.23424947145877378
452,452. 동대문 종합시장 버스정류장,9452,1184,1748,2034,0.1252644942869234,0.184934405416843,0.21519255184088024
4552,4552. 코레일유통본사,9434,1832,2594,915,0.19419122323510707,0.2749629001483994,0.09698961204155183
4175,4175. 대방역2번출구,9432,1092,1870,2213,0.11577608142493638,0.19826123833757422,0.23462680237489397
2009,2009. 보라매역 8번출구,9423,890,1704,2511,0.09444975061020906,0.18083412925819803,0.2664756446991404
1402,1402. 금란주차장 앞,9420,1400,1204,2439,0.14861995753715498,0.1278131634819533,0.2589171974522293
1976,1976. 남구로역 5번 출입구 앞,9419,2051,1682,1617,0.21775135364688397,0.17857522029939485,0.17167427540078564
3912,3912. 삼호아파트 앞,9413,1021,1337,2545,0.10846701370445129,0.1420376075640072,0.27037076383724634
4423,4423.현대백화점 미아점,9390,1784,1101,2872,0.18998935037273695,0.11725239616613418,0.3058572949946752
950,950. 구산역 2번 출구 예일여고 버스정류장,9349,1275,1531,2671,0.13637822226976148,0.1637608300352979,0.2856990052412023
1750,1750. 창포원 남쪽 입구,9348,613,1554,3072,0.06557552417629439,0.1662387676508344,0.3286264441591784
4095,4095. 방학브라운스톤아파트,9336,1363,1457,2288,0.14599400171379606,0.15606255355612683,0.24507283633247642
3618,3618. 서울율현초교 삼거리,9317,1681,1457,2339,0.18042288290222175,0.15638080927337125,0.25104647418697007
750,750. 연의근린공원 건너편,9314,2661,1127,2242,0.28569894782048527,0.12100064419153962,0.24071290530384368
4518,4518. 청기와빌딩,9312,1617,1612,2399,0.17364690721649484,0.17310996563573883,0.25762457044673537
1239,1239. 문정 법조단지3,9309,2090,2281,1869,0.22451391126866474,0.24503168976259534,0.20077344505317435
4104,4104. 외대앞역 교차로,9308,956,1557,2669,0.10270734851740439,0.1672754619681994,0.28674258702191663
720,720. 서울강월초등학교 앞,9294,1489,1323,2409,0.16021088874542716,0.14234990316333118,0.2591994835377663
1336,1336. 성북3교 위,9284,1781,1180,2449,0.19183541576906507,0.12710038776389487,0.26378716070659197
591,591. 건국대학교 (행정관),9278,456,1929,1211,0.04914852338866135,0.20791118775598189,0.13052381978874758
4800,4800. 필동 삼거리,9271,1050,2026,1473,0.11325639089634344,0.2185309028152303,0.15888253694315607
3008,3008.DMC역7번출구,9268,2889,2232,1180,0.3117177384548986,0.24082865774708676,0.1273198100992663
1437,1437. 늘푸른공원 앞,9265,1697,1558,2273,0.18316243928764167,0.16815974096060443,0.24533189422558013
1139,1139. 용문사 버스정류장,9264,2153,1078,2007,0.23240500863557859,0.11636442141623489,0.21664507772020725
1346,1346. 길음8골어린이공원 옆,9259,1622,1045,2491,0.17518090506534184,0.11286316016848472,0.26903553299492383
1754,1754. 창동시장입구 사거리,9259,816,1569,2525,0.08813046765309429,0.16945674478885409,0.2727076358138028
4329,4329. SC제일은행 양재동지점 앞,9240,2064,2071,1776,0.22337662337662337,0.22413419913419913,0.19220779220779222
1289,1289. 풍납토성 서성벽터B,9227,1574,2095,1993,0.17058632274845562,0.22705104584371952,0.21599653191719953
665,665.이문동 쌍용아파트 정문,9226,2081,1152,2591,0.22555820507262087,0.12486451333188814,0.28083676566225885
2317,2317. 삼성도로공원,9213,520,2407,2780,0.05644198415282753,0.26126126126126126,0.3017475306631933
1454,1454. 한국전력공사(동대문 중랑지사),9207,1348,1325,2289,0.14641033995872704,0.14391224068643424,0.24861518409905506
2353,2353. 강남구청역 2번출구 뒤,9206,930,2476,2023,0.10102107321312187,0.2689550293286987,0.21974799044101673
282,282. 신한은행 대림동지점,9204,1377,1384,2309,0.14960886571056062,0.15036940460669274,0.2508691873098653
4116,4116. 이문e편한세상아파트 앞,9167,1525,1549,2320,0.16635758699683648,0.16897567361186866,0.2530817061197775
4640,4640. 원효로2가 교차로,9166,1299,1675,2442,0.14171939777438358,0.18274056295003274,0.2664193759546149
3115,3115.북아현 치안센터 인근,9164,2018,998,2565,0.22020951549541684,0.10890440855521606,0.2798996071584461
1214,1214. 오금역 7번 출구 인근,9156,1963,1402,1951,0.21439493228484055,0.15312363477501093,0.21308431629532548
391,391. 시립미술관,9137,1481,2308,1697,0.1620882127613002,0.2525993214402977,0.18572835722884973
4394,4394.서울시립24시간게스트하우스,9128,874,3187,1648,0.09574934268185802,0.3491454864154251,0.18054338299737072
2389,2389. 경기여자고등학교 후문 (삼성로3길 입구),9128,1908,1146,2366,0.20902716914986855,0.12554776511831728,0.25920245398773006
5152,5152.이스트폴 105동 방면 입구,9114,1318,1434,2696,0.1446126837831907,0.15734035549703754,0.29580864603906076
2237,2237.서울남부터미널 대합실 입구,9111,1176,2424,2111,0.12907474481396114,0.26605202502469544,0.23169794753594555
2652,2652.송파 레미니스1단지 102동 앞,9108,2143,1617,2187,0.2352876592007027,0.17753623188405798,0.24011857707509882
2325,2325. 대치삼성아파트 앞 교차로,9105,548,1717,2595,0.06018671059857221,0.1885777045579352,0.28500823723228996
3956,3956. 대륭테크노타운21차 앞,9103,1137,3110,1611,0.12490387784246952,0.3416456113369219,0.17697462375041195
3104,3104. e편한세상 신촌4단지 앞,9099,1249,1289,2387,0.13726783162984943,0.14166391911199033,0.2623365204967579
1993,1993. 금강수목원아파트 앞,9097,1867,1362,2186,0.20523249422886666,0.14971968780916786,0.24029899967022095
1300,1300. 오륜사거리,9093,1687,1578,2612,0.1855273287143957,0.17354008578027053,0.287253931595733
733,733. 신정이펜하우스314동,9088,1885,1254,2376,0.20741637323943662,0.13798415492957747,0.261443661971831
2250,2250. 서초유치원 맞은편,9081,1511,1457,2442,0.16639136658958265,0.16044488492456777,0.2689131152956723
1532,1532. 번3동 주민센터 교차로,9072,1468,1631,2339,0.16181657848324515,0.17978395061728394,0.257826278659612
4951,4951. 강동농협 버스정류소 앞(광채빌라),9065,1719,1431,2465,0.18963044677330393,0.15785990071704356,0.2719249862107005
2271,2271. 내방역 8번출구 앞,9062,956,1910,2342,0.10549547561244758,0.21077024939306996,0.25844184506731405
4035,4035. 휴플러스 수락한신아파트 101동 앞,9059,2095,1116,2556,0.23126172866762335,0.12319240534275307,0.28215034772049896
1425,1425. 신성미소지움아파트,9059,1328,1211,1657,0.14659454685947676,0.1336792140412849,0.18291202119439232
2242,2242.양재역 10번 출구 앞,9041,2159,2033,1583,0.23880101758655017,0.22486450613870146,0.1750912509678133
1159,1159. 서서울모터리움 앞,9038,732,3412,1179,0.08099136977207347,0.37751714981190526,0.13044921442797078
3753,3753. 공항중학교 버스정류장,9033,2469,1355,1942,0.2733311192294919,0.15000553525960367,0.21498948300675302
2524,2524.반포쇼핑타운 8동 앞,9018,524,1806,2560,0.05810601020181858,0.20026613439787092,0.28387669106231983
1391,1391.성북청소년센터,9017,1503,1104,2543,0.166685150271709,0.12243539980037707,0.2820228457358323
2156,2156. 신림푸르지오아파트,9013,1843,1265,2263,0.20448241429046932,0.1403528236991013,0.25108177077554644
2215,2215. 반포종합운동장 입구,9002,871,1207,2637,0.09675627638302599,0.13408131526327483,0.29293490335481004
3686,3686. 고덕 래미안 힐스테이트(101동),8999,1789,1127,2538,0.1987998666518502,0.1252361373485943,0.2820313368152017
607,607. 신이문역 2번출구,8992,1197,2026,2032,0.13311832740213522,0.22531138790035588,0.22597864768683273
1862,1862.MD호텔 앞,8984,2911,1377,1619,0.3240204808548531,0.15327248441674088,0.18020926090828138
4923,4923.수협대치동지점,8982,1233,1824,2436,0.1372745490981964,0.20307281229124916,0.2712090848363393
4408,4408. 돌곶이역 앞,8978,710,2276,1890,0.0790822009356204,0.25350857652038317,0.21051459122298952
5864,5864.장훈고 앞,8976,2125,880,1887,0.23674242424242425,0.09803921568627451,0.21022727272727273
395,395. 경희궁 자이 2단지,8959,2892,1248,1954,0.322803884362094,0.13930126130148454,0.21810469918517691
1527,1527. 미아역 1번 출구 뒤,8959,1195,1413,2212,0.13338542248018753,0.1577184953677866,0.2469025560888492
1727,1727. 서울도봉초등학교인근,8955,1377,1098,2616,0.15376884422110554,0.12261306532663317,0.29212730318257957
628,628. 휘봉고등학교 앞,8945,1338,1205,2043,0.1495807713806596,0.13471212968138624,0.22839575181665736
2529,2529.우리은행 방배동지점 앞,8930,1057,1864,2357,0.11836506159014558,0.2087346024636058,0.26394176931690927
948,948. 디지털미디어 시티역 4번출구(DMC역),8913,1130,2745,1818,0.12678110624929878,0.30797711208347356,0.20397172669134972
3130,3130.가재울사거리,8912,2134,1147,2248,0.2394524236983842,0.12870287253141832,0.25224416517055653
2095,2095.경문고등학교 앞,8907,1612,1140,2161,0.1809812507016953,0.12798922196025597,0.24261816548781856
4341,4341. 영동1교 북단,8906,1205,1789,2753,0.13530204356613518,0.20087581405793847,0.30911744891084664
5782,5782. 오금현대 아파트 상가입구 앞,8897,1133,1919,2113,0.1273462965044397,0.21569068225244464,0.2374957850960998
4040,4040. 공릉로 26길,8893,1217,962,2753,0.13684920724165073,0.10817496907680198,0.3095693241875633
4663,"4663. 불광역3,6호선 버스정류장(동명여고 방면)",8886,1000,1500,2494,0.11253657438667566,0.1688048615800135,0.2806662165203691
126,126. 서강대 후문 옆,8883,704,1617,1677,0.07925250478441968,0.18203309692671396,0.18878757176629518
2820,2820.신세기아파트 앞,8875,2585,1200,2087,0.29126760563380283,0.1352112676056338,0.23515492957746478
676,676.FITI시험연구원 앞,8872,1648,1263,1892,0.18575293056807934,0.14235798016230838,0.2132551848512173
2299,2299. 한전아트센터 앞,8868,2070,1685,1574,0.2334235453315291,0.19000902119981958,0.17749210645015787
713,713. 양서중학교 옆,8863,1868,1268,1931,0.21076384971228704,0.14306668171048179,0.2178720523524766
2266,2266. 서초역 3번출구,8862,1422,2016,2154,0.16046039268788084,0.22748815165876776,0.24306025727826674
3122,3122.북가좌삼거리2,8861,2153,1071,2286,0.24297483354023247,0.12086671933190385,0.25798442613700484
3412,3412.세운상가,8854,1245,1825,1567,0.14061441156539417,0.2061215269934493,0.17698215495821099
960,960. 구파발역 환승센터,8850,340,2495,1830,0.0384180790960452,0.28192090395480224,0.20677966101694914
1228,1228. 마천사거리 ,8831,1843,1288,2465,0.20869663684746914,0.14584984712943042,0.2791303363152531
809,809. 한남 유수지 복개주차장,8820,669,1857,2597,0.07585034013605442,0.21054421768707482,0.29444444444444445
1051,"1051. 강일중,선사고 버스정류장(신암중학교 방면)",8783,870,1284,2468,0.09905499259933963,0.1461915063190254,0.28099738130479335
652,652. 답십리 래미안엘파인아파트 입구,8782,2403,1118,2225,0.27362787519927123,0.12730585288089274,0.2533591437030289
4847,4847. 신내역시티프라디움 앞,8766,910,1219,2093,0.10381017567875885,0.13906000456308465,0.23876340406114532
4639,4639. 동빙고근린공원,8758,545,1316,3960,0.06222881936515186,0.15026261703585295,0.4521580269467915
1936,1936. 개봉역 1번 출구 자전거보관서쪽,8757,1541,1995,1971,0.1759735069087587,0.2278177458033573,0.2250770811921891
3129,3129.DMC래미안e편한세상203동옆,8749,2276,1148,2210,0.2601440164590239,0.1312149959995428,0.2526002971768202
2293,2293. SPC 앞,8738,985,2302,1821,0.11272602426184482,0.26344701304646373,0.2084000915541314
820,820. 청파동입구 교차로,8737,1313,1851,1919,0.15028041661897676,0.21185761703101752,0.21964060890465836
4835,4835. 망우동 본죽 앞,8724,1776,988,2221,0.20357634112792297,0.11325080238422743,0.2545850527281064
4202,4202. 프런트원(공덕역4번출구 앞),8719,1061,1967,1797,0.12168826700309669,0.2255992659708682,0.20610161715793096
3903,3903. 현대아파트 앞,8714,2009,1480,2102,0.2305485425751664,0.1698416341519394,0.24122102364011935
903,903. 은평뉴타운 아이파크,8710,1712,1122,2254,0.1965556831228473,0.1288174512055109,0.25878300803673937
775,775.세종그랑시아 앞(102동),8702,1270,1173,2315,0.14594346127327051,0.13479659848310732,0.266030797517812
3986,3986.청년주택 독산동점,8700,3447,957,1888,0.39620689655172414,0.11,0.21701149425287355
1641,1641. 한내근린공원 남측,8688,1264,1482,2544,0.14548802946593,0.17058011049723756,0.292817679558011
2657,2657.송파 파인타운 11단지 ,8682,1557,939,2349,0.1793365583966828,0.10815480304077402,0.2705597788527989
2712,2712.화곡터널입구교차로,8678,1392,1165,2419,0.16040562341553352,0.13424752247061536,0.2787508642544365
2394,2394. 개포래미안포레스트아파트 107동 앞,8675,2380,980,2129,0.2743515850144092,0.11296829971181556,0.2454178674351585
2227,2227.방배열린문화센터 앞,8673,1580,1826,1555,0.1821745647411507,0.21053845266920326,0.179292055805373
4918,4918. 매봉역 1번출구,8661,1023,2113,2043,0.11811569102874957,0.24396720932917676,0.23588500173190163
4797,4797. KG타워 앞,8656,1409,2280,1371,0.16277726432532347,0.2634011090573013,0.1583872458410351
1073,1073. SSTS 몰 앞,8644,1381,1092,2460,0.15976399814900508,0.1263304025913929,0.28459046737621474
1981,1981. 천왕지구삼거리 앞,8643,2475,1081,1951,0.2863589031586255,0.12507231285433298,0.22573180608584983
347,347. 동대문역사문화공원역 9번출구 앞,8639,623,1590,2109,0.07211482810510476,0.18404907975460122,0.2441254774858201
4307,4307. 고투몰 gate 15옆,8638,1350,1336,2354,0.15628617735586942,0.15466543181291967,0.2725167862931234
3127,3127.홍은2파출소 옆,8637,1173,1658,2250,0.1358110455019104,0.1919648025934931,0.2605071205279611
1854,1854. 가산아네스트 오피스텔 앞,8633,3068,1318,1791,0.3553805166222634,0.1526699872581953,0.2074597474805977
1326,1326. 상월곡역 1번출구,8631,1215,1193,2282,0.14077163712200208,0.13822268566794113,0.2643957826439578
5509,5509.신석초교 앞,8626,1536,1234,2461,0.17806631115233015,0.14305587757941107,0.2853002550428936
518,518. 청계천 박물관 앞,8614,400,3328,1725,0.046436034362665427,0.3863478058973764,0.20025539818899465
1628,1628. 노일초등학교 앞,8612,1048,1484,2156,0.12169066418950301,0.1723176962378077,0.25034835113794707
1671,1671. 인덕대학교,8606,1443,1189,1730,0.16767371601208458,0.1381594236579131,0.20102254241227052
1564,1564.4.19민주묘지역 1번출구,8598,542,1586,2401,0.06303791579437078,0.18446150267504072,0.2792509886020005
476,476.광희문,8598,1152,1125,2180,0.13398464759246337,0.13084438241451501,0.25354733658990464
1290,1290. 위례송파꿈에그린아파트24단지 앞 성벽 다리 밑,8596,2621,701,2130,0.3049092601209865,0.08154955793392275,0.24778966961377386
666,666.이문대성유니드아파트 앞,8590,825,1955,2584,0.0960419091967404,0.22759022118742725,0.3008149010477299
1420,1420. 신내어울공원 앞,8582,923,1905,2104,0.10755068748543463,0.22197622931717548,0.2451642973665812
1240,1240. 문정 법조단지4,8582,1620,1561,2119,0.18876718713586577,0.18189233278955955,0.2469121416919133
4857,4857. 올림픽공원 장미광장,8580,970,1697,3040,0.11305361305361306,0.19778554778554777,0.3543123543123543
2631,2631.배명고등학교,8569,1681,1217,2027,0.19617224880382775,0.1420235733457813,0.23655035593418136
4054,4054. 창동한신아파트 버스정류소,8564,1030,1145,2338,0.12027090144792153,0.1336992059785147,0.2730032695002335
358,358. 성균관대입구 사거리 A,8562,469,1540,2403,0.05477692128007475,0.17986451763606634,0.28065872459705676
2245,2245.양재초등학교 맞은편,8554,1300,1973,2053,0.1519756838905775,0.23065232639700725,0.24000467617488894
4414,4414. 안암역 3번 출구,8553,546,1539,2252,0.06383725008768854,0.17993686425815503,0.26329942710160176
3642,3642. 강남자곡힐스테이트,8544,1640,686,2383,0.19194756554307116,0.08029026217228465,0.27890917602996257
2418,2418.봉은사역 7번 출구 ,8540,1205,2499,1701,0.1411007025761124,0.29262295081967216,0.19918032786885245
1616,1616. 하계2동 공항버스정류장 옆,8522,938,1633,2136,0.1100680591410467,0.19162168505045765,0.2506453884064774
2164,2164. 관악우체국,8511,952,1178,2203,0.11185524615203854,0.13840911761250146,0.25884149923628247
324,324. 신세계백화점 본점 앞,8498,460,2419,1829,0.05413038361967522,0.2846552129912921,0.21522711226170863
2172,2172. 나들목공원,8479,545,1596,2797,0.06427644769430357,0.18822974407359358,0.32987380587333415
3643,3643. 더시그넘하우스 앞,8479,1471,1511,1707,0.1734874395565515,0.17820497700200497,0.20132091048472697
759,759. 보아스아파트 앞,8475,2116,1127,2075,0.2496755162241888,0.13297935103244837,0.2448377581120944
1839,1839. 수출의 다리 아래,8470,251,3505,1349,0.02963400236127509,0.4138134592680047,0.15926800472255018
1536,1536. 번동 두산위브 101동 옆,8464,802,1329,2180,0.09475425330812855,0.15701795841209829,0.2575614366729679
1065,1065.보훈병원 후문옆(더 원커피),8458,1065,1985,1736,0.12591629226767556,0.23468905178529204,0.20524946795932844
3694,3694. 강동리엔파크 13단지(1303동 앞),8452,2321,1737,1485,0.274609559867487,0.20551348793185045,0.1756980596308566
4871,4871. 오금동 대림아파트 정문,8441,1132,1392,2168,0.13410733325435376,0.1649093709276152,0.256841606444734
188,188. 홍은동 정원여중 입구,8440,1433,1395,2315,0.1697867298578199,0.16528436018957346,0.27428909952606634
767,767.신정숲속마을아파트,8438,2994,927,1876,0.35482341787153354,0.10986015643517422,0.22232756577388008
1829,1829. 홈플러스 금천점 앞,8428,1134,1660,2003,0.1345514950166113,0.1969625059326056,0.23766018035121025
436,436. 이대역 5번출구,8426,656,2027,2174,0.07785426062188465,0.24056491811061,0.2580109185853311
5861,5861. 보라주유소 앞,8420,1575,1382,2046,0.18705463182897863,0.16413301662707838,0.24299287410926365
162,162. 봉원고가차도 밑,8405,1333,1389,2089,0.1585960737656157,0.1652587745389649,0.24854253420582986
4638,4638. 청파동삼거리 앞,8400,1654,873,2351,0.19690476190476192,0.10392857142857143,0.2798809523809524
2251,2251. 더케이호텔 입구(양재2) ,8399,1133,2766,1453,0.13489701154899392,0.3293249196332897,0.1729967853315871
811,811. 녹사평역1번출구,8397,769,1876,2455,0.0915803263070144,0.22341312373466715,0.29236632130522805
2178,2178. 서울대학교 정문,8386,325,2243,2265,0.0387550679704269,0.2674695921774386,0.27009301216312903
2239,2239.교대역 6번출구,8386,1422,1775,1468,0.16956832816599093,0.21166229430002384,0.17505366086334367
413,413. 상암월드컵파크 3단지 후문,8371,1359,1280,2658,0.16234619519770638,0.15290885198900966,0.3175247879584279
3007,3007.MBC 앞,8350,762,2926,1148,0.09125748502994012,0.3504191616766467,0.13748502994011977
1089,1089.고덕 래미안힐스테이트(201동),8347,2037,863,2027,0.24403977476937821,0.10339043967892655,0.2428417395471427
2307,2307. 압구정 한양 3차 아파트,8346,604,2032,2471,0.07236999760364246,0.24346992571291637,0.2960699736400671
3792,3792. 화곡본동시장 입구,8333,1363,1318,2023,0.16356654266170648,0.15816632665306612,0.24276971078843154
4931,4931. 디에이치퍼스티어아이파크 124동 앞,8332,1660,1080,2067,0.19923187710033605,0.12962073931829093,0.24807969275084013
4392,4392. 답십리역 6번출구,8327,1206,1965,1686,0.1448300708538489,0.23597934430166928,0.20247388014891318
2521,2521.서초 크로바타워 앞,8326,1359,1395,1937,0.16322363680038435,0.1675474417487389,0.23264472736007688
1256,1256. 문정현대아파트 교차로,8310,1201,1559,1927,0.14452466907340553,0.18760529482551144,0.2318892900120337
971,971. 역촌 센트레빌 아파트,8296,2995,623,1890,0.36101735776277727,0.07509643201542912,0.22782063645130182
337,337. 창경궁 입구,8296,1331,1396,1816,0.16043876567020252,0.1682738669238187,0.218900675024108
774,774.등촌역 4번 출구 ,8278,966,1506,2220,0.1166948538294274,0.181928001932834,0.26818071998067167
1870,1870.독산3동주민센터 앞,8252,2121,1107,1790,0.25702859912748427,0.13414929714008725,0.21691711100339311
4073,4073.방아골종합사회복지관,8246,1773,975,2103,0.2150133398011157,0.11823914625272859,0.2550327431481931
979,979.원풍빌라앞,8245,1920,822,1869,0.23286840509399637,0.0996967859308672,0.22668283808368708
1367,1367. 길음문화복합미디어센터,8242,1444,985,2145,0.17520019412763893,0.11950982771172046,0.26025236593059936
1752,1752. 창동 주공 4단지 입구 옆,8239,1494,1183,2173,0.1813326860055832,0.14358538657604078,0.26374560019419835
4616,4616. 신용산지하차도 앞,8231,1320,1568,2212,0.1603693354391933,0.19049933179443568,0.26874012878143605
2634,2634.위례포레샤인아파트 정류장,8228,2525,787,1839,0.30687894992707826,0.0956490034030141,0.2235051045211473
338,338. 세운스퀘어 앞,8226,827,2071,1303,0.10053488937515195,0.25176270362265984,0.15840019450522733
2360,2360. 도곡1동 주민센터 교차로,8222,1014,1977,1595,0.12332765750425687,0.2404524446606665,0.19399172950620286
2405,2405. 청담공원앞 교차로,8221,2078,1633,1539,0.2527673032477801,0.1986376353241698,0.18720350322345214
654,654. 전농동 텃골공원,8217,1380,1110,2319,0.1679445052939029,0.13508579773640014,0.2822197882438846
1702,1702. 녹천역 1번출구 앞,8217,1813,1257,2198,0.2206401363027869,0.1529755385177072,0.26749421930144823
5322,5322.노원성당 앞,8216,1931,987,2318,0.23502921129503407,0.12013145082765336,0.2821324245374878
1368,1368. 성신여대입구 교차로,8213,1391,1328,1975,0.1693656398392792,0.16169487398027518,0.24047242177036407
4221,4221. 솔리스타오피스텔(공덕동주민센터),8194,2742,821,2060,0.3346350988528191,0.10019526482792288,0.2514034659506956
4808,4808. 신내2동 주민센터 앞,8190,547,1892,1819,0.06678876678876679,0.23101343101343103,0.2221001221001221
142,142. 아현역 4번출구 앞,8186,1594,1470,1955,0.19472269728805278,0.17957488394820426,0.23882237967261177
3606,3606. 신사동주민센터 옆,8186,444,2141,2155,0.05423894453945761,0.26154409968238457,0.2632543366723675
1109,1109. 공항시장역 4번출구,8186,1396,1165,2174,0.17053505985829465,0.14231614952357685,0.26557537258734426
1086,1086.래미안 솔베뉴(구천면로),8182,1011,1270,2322,0.12356392080175996,0.15521877291615743,0.2837936934734784
4874,4874. 탄천1교 하부보도,8181,1982,1063,2222,0.2422686713115756,0.1299352157437966,0.2716049382716049
639,639. 서울시립대 후문,8172,688,1396,2074,0.08418991678903573,0.17082721488007832,0.25379344101811063
1364,1364. 성북동 치안센터 앞,8161,1592,1082,1961,0.19507413307192745,0.1325817914471266,0.2402891802475187
709,709. 신정3동 현장민원실 앞,8152,1214,1199,2057,0.14892051030421982,0.14708047105004907,0.2523307163886163
3655,3655. 둔촌신성미소지움아파트,8131,1503,1175,2479,0.18484811216332556,0.14450867052023122,0.30488254827204525
121,121. 마포소방서 앞,8118,1320,1234,2046,0.16260162601626016,0.1520078837152008,0.25203252032520324
3510,3510. 중곡SK아파트앞,8117,1563,994,2329,0.192558827152889,0.1224590365898731,0.28692866822717755
1457,1457. 동원사거리,8115,1104,1419,2014,0.13604436229205175,0.17486136783733827,0.24818237831176834
3545,3545.한양대역 1번출구,8100,575,1783,1896,0.07098765432098765,0.22012345679012346,0.23407407407407407
3557,3557.서울숲리버뷰자이APT105동 앞,8096,1508,897,2261,0.18626482213438736,0.11079545454545454,0.2792737154150198
2112,2112. 서울대입구역 마에스트로,8093,633,1151,2370,0.07821574199925861,0.14222167305078462,0.2928456690967503
2430,2430.강남파이낸스센터앞(역삼역2번출구),8092,1327,1662,1558,0.16398912506178942,0.20538803756796836,0.19253583786455758
2319,2319. 포스코사거리 서측(수협 삼성동 지점),8087,638,2851,1109,0.07889204896747867,0.3525411153703475,0.13713367132434773
2509,2509. 심산기념문화센터,8080,1717,1873,1368,0.2125,0.23180693069306932,0.16930693069306932
4563,4563. 여의도 은하아파트,8077,1472,1368,2016,0.1822458833725393,0.16936981552556643,0.2495976228797821
3880,3880. 홍련봉 공원,8066,1620,1275,2398,0.20084304487974214,0.1580709149516489,0.2972972972972973
3110,3110.홍은 현대아이파크 아파트 202동 앞,8066,1358,1200,2381,0.16836102157203076,0.14877262583684603,0.29518968509794197
4542,4542. 월정초 사거리,8054,2059,1143,2047,0.25564936677427363,0.14191705984603922,0.25415942388875096
406,406. 상암월드컵파크 7단지 앞,8043,1050,1105,2345,0.13054830287206268,0.13738654730821834,0.2915578764142733
1472,1472.영성빌딩(PAT),8036,1047,1318,1943,0.13028870084619212,0.1640119462419114,0.24178695868591338
4316,4316. 고속터미널역 3번출구,8036,1027,2034,2131,0.12779990044798406,0.2531110004977601,0.2651816824290692
2328,2328. 르네상스 호텔 사거리 역삼지하보도 7번출구 앞,8030,875,1948,1605,0.10896637608966377,0.24259028642590286,0.19987546699875466
866,866.브라운스톤 남산아파트,8030,1515,1179,2306,0.18866749688667497,0.14682440846824407,0.28717310087173104
5321,5321.불암아파트 앞,8023,1150,1128,2268,0.14333790352735884,0.14059578711205284,0.2826872740869999
4014,4014. 불암산역 3번 출구,8018,1430,1112,2358,0.17834871539037167,0.13868795210775756,0.29408830132202546
2297,2297. 남부터미널역 1번출구,8015,944,1828,1934,0.11777916406737367,0.2280723643169058,0.2412975670617592
1751,1751. 창원초등학교 교차로,8008,1350,947,2171,0.1685814185814186,0.11825674325674326,0.2711038961038961
1266,1266. 문정동 글샘 공원,8006,954,1916,1898,0.11916062952785411,0.23932050961778667,0.23707219585311018
2362,2362. 신사동 가로수길 입구,8006,494,1855,2165,0.06170372220834374,0.23170122408193855,0.27042218336247814
1257,1257. 가락시장역 사거리,8001,2687,1385,1269,0.335833020872391,0.17310336207974003,0.15860517435320584
322,322. 명동성당 앞,8001,747,1844,2149,0.09336332958380203,0.23047119110111236,0.268591426071741
1394,1394.길음뉴타운 래미안9단지,7991,1886,1009,1988,0.23601551745713928,0.1262670504317357,0.24877987736203228
4246,4246. 상수역새마을금고,7967,633,1231,2443,0.07945274256307268,0.15451236349943517,0.30663988954437055
4671,4671. 청구성심병원 앞,7956,788,1408,2216,0.09904474610356963,0.1769733534439417,0.27853192559074913
4462,4462. 가락중학교 앞,7955,905,1049,2283,0.11376492771841609,0.13186675047140164,0.28698931489629165
2048,2048. 삼일초등학교 인근,7938,1616,777,1825,0.2035777273872512,0.09788359788359788,0.22990677752582514
2036,2036. 정금마을 마을버스정류장,7936,1054,1020,2193,0.1328125,0.12852822580645162,0.27633568548387094
536,536. 행당역 2번출구 앞,7933,1558,1007,2247,0.19639480650447497,0.12693810664313626,0.28324719526030506
1715,1715. 서울특별시교육청도봉도서관,7925,623,1163,2631,0.07861198738170347,0.14675078864353314,0.33198738170347003
1253,1253. 오금역 3번 출구 뒤,7923,1418,1431,1705,0.17897261138457654,0.1806134040136312,0.21519626404139847
402,402. 상암월드컵파크 9단지 앞,7921,2195,895,1905,0.2771114758237596,0.11299078399192021,0.240499936876657
1551,1551.4.19탑 앞,7912,1118,993,2367,0.14130434782608695,0.12550556117290193,0.2991658240647118
4306,4306. 서래공원 앞,7906,972,1994,1617,0.12294459903870478,0.2522135087275487,0.20452820642549963
1057,1057. 능골근린공원,7898,1552,1369,1512,0.19650544441630793,0.17333502152443656,0.19144087110660926
2263,2263. 바우뫼문화복지회관,7897,1169,1580,1721,0.14803089780929468,0.20007597821957707,0.21793085982018487
2119,2119. 중앙동 동진빌딩,7892,1422,1148,1935,0.18018246325392803,0.1454637607704004,0.24518499746578815
4345,4345. 반포역 4번출구,7892,1448,1212,2329,0.183476938672073,0.15357323872275722,0.2951089711099848
4580,4580. 국회제2의원회관,7884,780,3852,247,0.0989345509893455,0.4885844748858447,0.03132927447995941
1474,1474.서울중랑우체국,7882,650,1186,1677,0.08246637909160112,0.15046942400405988,0.21276325805633087
6188,6188.금호아파트,7874,1229,1631,1799,0.15608331216662433,0.20713741427482854,0.2284734569469139
1303,1303. 돈암초교 입구,7869,2040,1169,1784,0.2592451391536409,0.14855763121108145,0.22671241580887025
1654,1654. 당고개입구 오거리,7856,1106,1156,2317,0.14078411405295316,0.14714867617107943,0.2949338085539715
2320,2320. 도곡역 대치지구대 방향,7851,918,1345,2186,0.11692777990064959,0.17131575595465545,0.2784358680422876
748,748. 목동운동장,7848,615,1902,2474,0.07836391437308869,0.2423547400611621,0.3152395514780836
2419,"2419.봉은사역 1,2번 출구 ",7840,1012,1768,2060,0.12908163265306122,0.22551020408163266,0.2627551020408163
1821,1821. 홈플러스 시흥점 맞은편 다비치안경 앞,7830,1902,938,2096,0.24291187739463602,0.1197956577266922,0.2676883780332056
3685,3685. 강동리엔파크14단지(1401동 앞),7817,2016,1501,1622,0.2578994499168479,0.19201739797876424,0.20749648202635282
4960,4960.고덕비즈밸리 지식산업센터 A,7813,250,3579,1211,0.031997952131063614,0.45808268270830665,0.15499808012287214
1768,1768.신동아타워 버스정류소,7811,992,1333,2064,0.12700038407374215,0.17065676609909103,0.26424273460504416
1296,1296. 석촌호수교차로 (송파나루근린공원 앞),7803,738,1313,2654,0.09457900807381776,0.16826861463539663,0.34012559272074844
416,416. 상암월드컵파크 1단지 교차로,7799,741,2161,1727,0.09501218104885242,0.27708680600076935,0.22143864598025387
309,309. 광화문역 6번출구 옆 B,7796,593,2755,1048,0.07606464853771165,0.353386351975372,0.1344279117496152
2716,2716.롯데 R&D 센터,7792,404,4557,400,0.05184804928131417,0.5848305954825462,0.0513347022587269
848,848. 삼각지12번 출구,7791,678,1720,2244,0.08702348864073932,0.22076755230394043,0.2880246438197921
2145,2145. 은천초등학교 육교,7781,1637,895,1972,0.21038426937411644,0.11502377586428479,0.2534378614573962
3113,3113. 독립문 앞,7766,2076,985,2442,0.2673190831831058,0.1268349214524852,0.31444759206798867
904,904. 은평뉴타운 푸르지오,7762,2339,747,2195,0.30133986086060294,0.09623808296830713,0.2827879412522546
1518,1518. 수유2동은행빌딩 앞,7753,1096,1118,2045,0.1413646330452728,0.14420224429253192,0.2637688636656778
3918,3918. 이좋은집오피스텔 앞,7752,1084,1079,2156,0.13983488132094943,0.13918988648090816,0.27812177502579977
349,349. 어린이도서관,7748,1034,1279,2216,0.13345379452762002,0.16507485802787816,0.28600929272070214
1299,1299. 송파소방서 (방이119안전센터),7746,1389,1129,2105,0.17931835786212239,0.14575264652723988,0.2717531629227989
1713,1713. 쌍문동 이안아파트 앞,7736,902,1157,2014,0.11659772492244054,0.14956049638055843,0.26034126163391935
3523,3523. 건국대학교 과학관(이과대) 앞,7720,302,1783,796,0.039119170984455956,0.23095854922279793,0.10310880829015544
1405,1405. 망우역 1번출구,7715,1446,1428,1945,0.18742709008425146,0.18509397278029813,0.25210628645495786
1642,1642. 서울여대 남문,7703,945,1174,1906,0.12267947552901468,0.15240815266779176,0.247436063871219
2365,2365. K+ 타워 앞,7696,233,1822,2061,0.030275467775467777,0.23674636174636174,0.2678014553014553
4107,4107. 장안동근린공원 입구,7680,816,1327,2119,0.10625,0.17278645833333334,0.27591145833333336
4009,4009. 월계프라자,7680,1082,983,1901,0.14088541666666668,0.12799479166666666,0.24752604166666667
954,954. 은평뉴타운구파발9단지,7679,877,871,2237,0.11420757911186352,0.1134262273733559,0.2913139731735903
177,177. 북가좌 초등학교,7665,1880,1055,1993,0.24527071102413567,0.13763861709067188,0.2600130463144162
3797,3797. 마곡수명산파크7단지 710동 앞,7659,940,1107,1855,0.12273142707925316,0.1445358401880141,0.24219872045959
3211,3211.신길 래미안 프레비뉴,7639,1655,955,2102,0.21665139416153947,0.12501636339835057,0.2751669066631758
1041,1041. 묘곡초등학교,7638,1400,1137,1927,0.1832940560356114,0.14886095836606442,0.2522911757004451
4811,4811. 한양수자인아파트 앞,7620,1712,749,2024,0.22467191601049868,0.09829396325459318,0.2656167979002625
4273,4273. 홍연2교 사거리,7617,1813,1224,1852,0.23802021793356964,0.16069318629381646,0.24314034396744125
2243,2243.서울가정법원,7604,1709,1777,1484,0.22475013150973172,0.23369279326670173,0.19516044187269857
129,129. 신촌역(2호선) 6번출구 옆,7588,670,1188,2028,0.08829731154454401,0.1565629942013706,0.2672641012124407
1772,1772.시립도봉노인복지관 버스정류소,7582,1204,935,2141,0.1587971511474545,0.12331838565022421,0.2823793194407808
3675,3675. 강동리버스트8단지,7571,1069,909,2104,0.1411966715097081,0.12006339981508388,0.27790252278430855
864,864.순천향대학병원(한남오거리),7566,355,1958,2146,0.04692043351837166,0.2587893206449908,0.28363732487443827
4621,4621. 남산도서관 앞,7553,561,1227,2140,0.07427512246789356,0.1624520058254998,0.2833311267046207
180,180. 충정로역 7번출구 아래,7543,1075,1759,1691,0.14251624022272305,0.23319634097839056,0.22418136020151133
2034,2034. 사당역 7번출구쪽,7534,898,1415,2062,0.11919299177063977,0.18781523758959384,0.27369259357578973
1732,1732. 방학역사거리,7528,1085,1247,1878,0.14412858660998937,0.16564824654622742,0.24946865037194474
6059,6059. 덕수중학교,7527,1062,1658,1382,0.14109206855320844,0.22027368141357778,0.18360568619635978
1666,1666. 노원소방서인근,7526,895,1146,2171,0.1189210736114802,0.15227212330587298,0.2884666489503056
6057,6057. 을지로5가(방산시장),7523,1317,1517,1632,0.17506313970490495,0.20164827861225576,0.21693473348398246
5305,5305. 대륜E&S 서울지사 앞,7512,1053,979,1870,0.14017571884984026,0.1303248136315229,0.24893503727369543
4907,4907. 극동스포츠 앞,7510,881,1555,2018,0.11731025299600532,0.2070572569906791,0.26870838881491343
1568,1568.4.19민주묘지 입구사거리,7500,834,1104,2112,0.1112,0.1472,0.2816
2205,2205. 내곡3단지 어린이공원 앞,7486,2309,1131,1726,0.30844242586160836,0.15108201977023777,0.23056371894202513
776,776.목마공원,7477,773,1682,1825,0.10338371004413535,0.22495653336899826,0.24408185100976326
3132,3132.홍제교,7471,940,1164,2108,0.12581983670191407,0.15580243608619998,0.2821576763485477
660,660. 동의보감타워,7471,1049,1314,1714,0.14040958372373177,0.17588006960246286,0.22942042564583054
939,939. 은평구청 교차로,7445,795,1833,1575,0.10678307588985897,0.24620550705171257,0.21155137676292815
2385,2385. 학동역,7443,1427,1461,1542,0.19172376729813248,0.196291817815397,0.2071745264006449
3588,3588.세종대학교(영실관),7424,463,1950,1080,0.06236530172413793,0.2626616379310345,0.14547413793103448
372,372. 약수역 3번출구 뒤,7415,551,1213,2193,0.07430883344571813,0.16358732299393122,0.29575185434929196
4128,4128.  종암초등학교 뒤(새울센스빌),7411,1202,1082,1787,0.1621913372014573,0.14599919039265957,0.24112805289434625
4891,4891. 위례포레나송파,7395,1634,903,1990,0.2209601081812035,0.12210953346855984,0.2691007437457742
3634,3634. 국악고교 앞 교차로,7387,1420,1217,1745,0.19222959252741303,0.164748883173142,0.23622580208474347
118,118. 광흥창역 2번출구 앞,7383,910,1212,1934,0.12325612894487335,0.16416091019910606,0.2619531355817418
2330,2330. 역삼월드메르디앙아파트 앞,7374,860,1651,1514,0.11662598318416056,0.22389476539191755,0.20531597504746407
4253,4253. 홍은도담도서관,7366,1755,812,1841,0.23825685582405648,0.11023622047244094,0.24993212055389627
839,839. 보광동 삼성리버빌아파트 앞,7366,797,864,2143,0.10819983708932936,0.1172956828672278,0.290931306000543
1388,1388. 돈암초교입구 버스정류장(한성대입구역 방면),7366,1011,1108,1953,0.13725224002172143,0.15042085256584306,0.26513711648112953
3006,3006. 상암월드컵파크5단지(상암중학교),7362,554,1691,1352,0.07525129041021461,0.22969301820157567,0.18364574843792447
2084,2084.e편한세상 상도노빌리티 앞,7348,486,1140,1969,0.06614044637996734,0.15514425694066414,0.2679640718562874
2422,2422.수서동 성당 맞은편,7347,868,891,2189,0.11814345991561181,0.1212739893834218,0.2979447393493943
328,328. 탑골공원 앞,7344,381,1412,1920,0.051879084967320264,0.19226579520697168,0.26143790849673204
3689,3689. 강일역 3번출구,7344,1451,1705,1591,0.19757625272331156,0.2321623093681917,0.21663943355119825
4045,4045. 은하수 공원,7328,1904,922,1800,0.259825327510917,0.12581877729257643,0.24563318777292575
3930,3930. 온수역 2번 출구 앞,7324,774,1923,1459,0.1056799563080284,0.2625614418350628,0.19920808301474605
3676,3676. 강동리엔파크9단지,7310,1442,885,1742,0.1972640218878249,0.1210670314637483,0.23830369357045145
2341,2341. 일원역 4~5번 출구 사이,7293,826,1296,1985,0.11325928972987796,0.1777046482928836,0.2721788015905663
1759,1759.서울북부지방법원 앞,7282,979,1866,1562,0.13444108761329304,0.2562482834386158,0.21450151057401812
1136,1136. 등촌2파출소,7281,1301,932,1816,0.17868424666941354,0.12800439500068672,0.24941628897129514
4582,4582. 국회도서관,7256,359,2150,986,0.04947629547960309,0.29630650496141125,0.1358875413450937
134,134. 연세로 명물길,7251,372,1427,2037,0.05130326851468763,0.19680044131843882,0.28092676872155564
1812,1812. 갑을그레이트밸리 앞,7239,793,2347,1314,0.1095455173366487,0.3242160519408758,0.18151678408619976
1548,1548. 북서울 꿈의숲 서문,7232,334,1009,3147,0.04618362831858407,0.1395188053097345,0.43514933628318586
810,810. 이태원지하보도,7230,750,1464,2237,0.1037344398340249,0.2024896265560166,0.30940525587828493
4313,4313. 반포종합운동장,7228,711,1621,2115,0.09836745987825124,0.2242667404537908,0.292612064194798
140,140. 이화여대 후문,7227,607,2135,1269,0.08399059083990591,0.29541995295419954,0.17559153175591533
6182,6182.오스템임플란트비전타워,7221,298,3895,516,0.041268522365323364,0.5393989752111896,0.07145824678022435
4775,4775. 을지로지하쇼핑센터,7215,674,1891,1477,0.09341649341649341,0.2620928620928621,0.2047124047124047
3609,3609. 언주초등학교 입구,7200,878,1998,1388,0.12194444444444444,0.2775,0.19277777777777777
737,737. 장수공원,7192,1472,1206,1742,0.20467185761957732,0.16768631813125695,0.2422135706340378
2148,2148. 낙성대역 3번출구 뒤,7187,870,1336,1663,0.1210518992625574,0.18589119243077779,0.231390009739808
3906,3906. 천왕차량사업소 입구,7164,1313,1849,1655,0.18327749860413178,0.2580960357342267,0.23101619207146845
2426,2426.강남한신휴플러스 6단지,7164,2190,613,1586,0.30569514237855944,0.08556672250139587,0.22138470128419876
3525,3525. 금호스포츠센터앞,7154,866,1042,2334,0.12105116019010344,0.14565278166060944,0.3262510483645513
621,621. 전농초등학교 건너편,7153,1949,1030,1702,0.2724730882147351,0.14399552635257934,0.2379421221864952
3553,3553.마장역3번출구,7142,1163,1397,1633,0.16283954074488938,0.19560347241669002,0.2286474376925231
3116,3116.신촌역 4번출구,7136,644,1189,1840,0.09024663677130045,0.16661995515695066,0.257847533632287
4678,4678. 백련산로 녹번센트레빌 ,7131,1730,793,1761,0.24260272051605666,0.11120459963539475,0.2469499368952461
1083,1083.광문고교사거리(아이파크),7120,903,1149,1801,0.12682584269662922,0.161376404494382,0.2529494382022472
1998,1998. 고척교 교차로,7112,763,1334,2196,0.10728346456692914,0.187570303712036,0.30877390326209225
900,900. 은평예술회관,7106,975,1422,1552,0.13720799324514496,0.20011258091753448,0.21840698001688713
1516,1516. 우이동길마을마당,7103,1251,1059,1817,0.17612276502886104,0.14909193298606221,0.25580740532169505
5871,5871. 건영상가 앞,7095,1888,919,1621,0.2661028893587033,0.1295278365045807,0.2284707540521494
4889,4889. 마천역 1번 출구 인근②,7087,888,1304,1856,0.1252998447862283,0.1839988711725695,0.2618879638775222
4615,4615. 크라운호텔앞 버스정류소,7085,221,1431,2390,0.031192660550458717,0.20197600564573043,0.33733239237826396
235,235. 신길동 우리은행 옆,7076,814,1164,1853,0.11503674392312041,0.16449971735443752,0.2618711136235161
1682,1682. 중계종합사회복지관 교차로,7067,672,1028,1853,0.09508985425215792,0.145464836564313,0.2622046129899533
843,843. 이태원관광특구 입구(용산구청방향),7061,265,1618,2176,0.037530094887409715,0.22914601331256196,0.30817164707548506
2246,2246. 서울시 품질시험소 앞,7041,765,1811,1369,0.10864933958244567,0.2572077829853714,0.1944326090044028
3604,3604. 삼성중앙역 5번출구,7020,1417,1608,1187,0.20185185185185187,0.22905982905982905,0.1690883190883191
1241,1241. 문정 법조단지5,7020,1291,1314,1769,0.1839031339031339,0.18717948717948718,0.251994301994302
3761,3761. 나이아가라관광호텔,7020,1293,821,1993,0.1841880341880342,0.11695156695156696,0.28390313390313393
271,271. 샛강생태공원방문자센터 앞,7002,1289,1672,1611,0.1840902599257355,0.23878891745215652,0.2300771208226221
250,250. 대림아파트 사거리,6993,1479,994,1971,0.21149721149721148,0.14214214214214213,0.28185328185328185
3636,3636. 삼성중앙역·플래티넘아파트 정류소,6993,833,1287,1665,0.11911911911911911,0.18404118404118405,0.23809523809523808
976,976.진관고등학교앞,6989,1320,825,1547,0.18886822149091428,0.11804263843182143,0.22134783230791244
1031,1031. 올림픽로 836(아리수로),6983,930,1431,1762,0.13318058141200056,0.20492624946298152,0.2523270800515538
4838,4838.동원사거리 행복오피스텔 앞,6977,1090,912,1829,0.15622760498781713,0.13071520710907267,0.2621470546079977
575,575. 대원중고교 입구(대하빌딩),6968,954,1050,1865,0.13691159586681975,0.15068886337543053,0.26765212399540755
1835,1835. STX V타워,6965,1725,2300,853,0.24766690595836324,0.33022254127781764,0.12246949030868629
4206,4206. 광흥창역5번출구,6956,966,1463,1883,0.13887291546866015,0.2103220241518114,0.27070155261644624
638,638. 서울시립대 정보기술관,6953,265,1722,1319,0.038113044728894,0.24766287933266215,0.18970228678268372
2038,2038. 동작역 7번출구,6951,698,1399,2310,0.10041720615738743,0.20126600489138252,0.3323262839879154
745,745. 강서초등학교,6948,1502,1055,1650,0.21617731721358666,0.15184225676453655,0.2374784110535406
2020,2020. 장승배기역2번출구뒷편쪽,6945,964,1184,1681,0.13880489560835133,0.1704823614110871,0.24204463642908566
405,405. DMC빌 앞,6944,670,2050,941,0.09648617511520738,0.2952188940092166,0.13551267281105991
1325,1325. 상월곡역 4번출구,6935,686,1443,1652,0.09891852919971161,0.20807498197548666,0.23821196827685653
4420,4420. 성북구 한예종 캠퍼스 별관,6931,561,1399,1258,0.0809407011975184,0.20184677535709133,0.18150339056413217
555,555. 구의3동주민센터,6919,650,1280,1758,0.09394421159127042,0.1849978320566556,0.2540829599653129
845,845. 용산 선인상가,6915,506,2356,872,0.07317425885755603,0.34070860448300794,0.12610267534345626
1287,1287. 위례아이파크 101동 맞은편,6908,1546,1064,1964,0.22379849449913145,0.15402431962941518,0.28430804863925885
428,428. 명보사거리,6906,587,2028,996,0.08499855198378221,0.29365768896611644,0.14422241529105126
1441,1441. 신내능말공원,6882,1983,789,1546,0.2881429816913688,0.11464690496948561,0.22464399883754724
1840,1840. 솔브레인이엔지 뒤편,6869,1315,2505,819,0.19143980200902605,0.36468190420730817,0.11923132915999418
2614,2614. 가락고등학교 앞,6832,1607,713,1612,0.23521662763466042,0.10436182669789228,0.23594847775175645
2273,2273. 일동제약 사거리,6831,602,1685,1830,0.08812765334504465,0.24666959449568146,0.2678963548528766
1856,1856. 모두의학교,6823,2021,745,1698,0.2962040158288143,0.10918950608236846,0.24886413601055254
2388,2388. 강남구 도시관리공단,6817,1828,1368,1463,0.2681531465454012,0.20067478362916238,0.21461053249229867
2339,2339. 현대아파트 정문 앞,6798,1529,928,1841,0.22491909385113268,0.136510738452486,0.27081494557222713
535,535. 응봉삼거리,6797,1058,911,2196,0.15565690745917315,0.1340297189936737,0.3230837134029719
941,941. 은평뉴타운 도서관,6792,817,1171,1877,0.12028857479387514,0.17240871613663133,0.2763545347467609
4836,4836. 양원역 1번 출구,6791,831,1475,1509,0.12236783978795465,0.2171992342806656,0.22220586069798262
952,952. 서울연신중학교,6789,1614,735,1721,0.23773751657092354,0.10826336721166593,0.25349830608337015
1421,1421. 신내역 4번출구,6788,1149,1591,1436,0.16926929876252209,0.2343842074248674,0.21154979375368296
4807,4807. 라코지스테이 앞,6786,1401,809,1834,0.20645446507515472,0.11921603300913645,0.27026230474506335
1696,1696.수락리버시티4단지,6777,1325,797,2008,0.19551423933894052,0.11760365943632876,0.2962962962962963
1480,1480. 용마지구대 B,6770,714,1105,2096,0.10546528803545052,0.16322008862629248,0.30960118168389955
4264,4264. 홍남교 버스정류장,6766,1640,912,1949,0.24238841265149275,0.13479160508424476,0.2880579367425362
4546,4546. 목동운동장 주경기장,6752,687,1058,2216,0.10174763033175356,0.15669431279620852,0.3281990521327014
4362,4362. 행당중학교 후문,6749,499,1200,2143,0.07393687953770929,0.17780411912875982,0.31752852274411025
298,298.KBS 연구동 건너편,6744,1414,2007,1269,0.20966785290628706,0.2975978647686833,0.18816725978647686
909,909. 백련산 힐스테이트 3차,6742,1683,785,1436,0.24962919015129043,0.11643429249480866,0.21299317709878374
3922,3922. 서울남부교정시설 앞,6714,997,2599,1301,0.14849568066726243,0.3871015787905868,0.19377420315758118
1758,1758.솔밭공원역 1번출구 주변,6713,765,912,2037,0.11395799195590645,0.13585580217488455,0.3034410844629823
2229,2229.로고스교회 맞은 편,6709,1094,1122,1696,0.163064540169921,0.16723803845580562,0.2527947533164406
4958,4958. 고덕래미안힐스테이트 아파트 211동,6707,2245,446,1449,0.3347249142686745,0.06649768898166095,0.2160429402117191
1025,1025. 상일초등학교,6700,735,2213,1177,0.10970149253731343,0.3302985074626866,0.17567164179104477
963,963. 불광롯데캐슬아파트 앞,6684,893,884,1848,0.1336026331538001,0.1322561340514662,0.2764811490125673
1034,1034. 고덕동 래미안 힐스테이트,6673,1830,744,1650,0.27423947250112396,0.11149408062340777,0.24726509815675107
712,712. 강월초교입구 사거리,6668,1112,953,1547,0.16676664667066587,0.14292141571685663,0.23200359928014397
4774,4774. 을지로입구역 8번출구,6648,758,1586,1450,0.11401925391095066,0.23856799037304452,0.2181107099879663
4312,4312. 반포미도2차아파트 옆,6644,980,1674,1305,0.14750150511739915,0.25195665261890426,0.196417820590006
2069,2069. 숭실대 입구역3번 출구 앞,6643,541,1053,1819,0.08143910883636911,0.15851272015655576,0.2738220683426163
434,434. 신당 래미안 버스정류장,6641,1168,800,2099,0.17587712693871405,0.12046378557446168,0.31606685740099383
965,965. 서울특별시 은평병원,6641,1211,896,1400,0.18235205541334137,0.13491943984339708,0.21081162475530793
2626,"2626.경찰병원역 1,2번 출구 사이",6641,1531,1134,1361,0.23053756964312602,0.17075741605179942,0.20493901520855293
1825,1825. 한신아파트 앞 육교 아래,6637,1498,1276,1670,0.22570438451107427,0.1922555371402742,0.25161970769926173
1543,1543. 수유1동 주민센터,6625,794,1016,1736,0.11984905660377358,0.15335849056603773,0.2620377358490566
4888,4888. 둔촌오륜역 2번출구,6623,1187,939,1803,0.17922391665408424,0.14177865015853844,0.27223312698173036
1672,1672. 상계동수락리버시티,6618,883,953,1904,0.13342399516470232,0.14400120882441825,0.2877002115442732
2196,2196. 봉천역 3번출구,6617,635,1181,1806,0.09596493879401541,0.17847967356808223,0.2729333534834517
3658,3658. 프라이어팰리스아파트,6615,1416,823,1926,0.21405895691609977,0.12441421012849584,0.291156462585034
2416,2416.한티역 6번 출구,6614,994,1464,1468,0.15028726942848503,0.2213486543695192,0.22195343211369822
975,975.백련산 힐스테이트상가앞,6610,2072,618,1609,0.313464447806354,0.0934947049924357,0.24341906202723146
2174,2174. 삼성디지털프라자관악점,6599,519,914,1928,0.07864828004243067,0.13850583421730564,0.29216547961812395
4753,4753. 시청역 10번출구,6595,1058,1567,940,0.1604245640636846,0.23760424564063684,0.1425322213798332
4715,4715. 돈의문 박물관 마을,6587,1187,1846,958,0.18020343100045544,0.28024897525428877,0.14543798390769697
2198,2198.사랑의병원,6559,817,752,1857,0.12456167098643085,0.11465162372312852,0.28312242719926817
1207,1207. 마천중앙시장,6547,1260,800,1789,0.1924545593401558,0.12219337100962273,0.27325492592026884
5072,5072. 김포공항입구 교통섬,6547,1178,1103,1678,0.17992973881166946,0.16847411027951734,0.25630059569268365
2826,2826.가마산지하보도 옆,6541,1858,1247,1274,0.28405442592875707,0.19064363247209906,0.19477144167558477
2358,2358. 구룡초사거리 (현대아파트10동 앞 ),6536,1778,979,1523,0.27203182374541,0.1497858017135863,0.2330171358629131
1032,1032. 선사고등학교,6523,1155,1066,1622,0.17706576728499157,0.163421738463897,0.2486585926720834
2344,2344. 리엔파크 2단지 앞,6522,963,689,1724,0.14765409383624656,0.1056424409690279,0.2643360932229378
5777,5777. 호반써밋12단지,6477,1509,784,1515,0.2329782306623437,0.12104369306777829,0.23390458545622975
4579,4579. 국회의사당 본관,6472,947,2116,1136,0.14632262051915945,0.326946847960445,0.17552533992583436
2502,2502. 서초역1번출구 앞,6466,751,1365,1590,0.11614599443241572,0.21110423755026292,0.2459016393442623
2517,2517. 서초그랑자이 앞,6455,1679,1405,1401,0.2601084430673896,0.21766072811773818,0.21704105344694036
4234,4234. 에스테반,6454,1923,826,1549,0.2979547567400062,0.1279826464208243,0.24000619770684847
299,299.여의도 순복음교회,6444,186,1187,3016,0.028864059590316574,0.18420235878336436,0.468032278088144
2822,2822.제니스스포츠 앞,6419,1514,1235,1588,0.23586228384483565,0.19239756971490887,0.24739055927714598
1519,1519. 장미원시장 건너편,6419,644,1014,1735,0.10032715376226826,0.1579685309238199,0.2702913226359246
1733,1733. 방학사거리 (봄마당 앞),6414,530,1087,1741,0.08263174306205176,0.16947302775179296,0.27143748051138133
2116,2116. 에이스에이존빌딩,6413,272,1101,1771,0.04241384687353813,0.17168251988149072,0.27615780445969124
4275,4275.농협생명본사빌딩 서관,6411,1080,1690,944,0.16846045858680392,0.2636094213071284,0.14724691935735454
710,710. 금옥여고보도육교,6411,1121,449,1043,0.1748557167368585,0.07003587583840275,0.1626891280611449
2331,2331. 동영문화센터앞,6408,929,1342,1258,0.14497503121098626,0.20942571785268416,0.19631710362047441
1015,1015. 샛마을 근린공원,6407,925,894,1910,0.14437334165756205,0.13953488372093023,0.2981114406118308
4318,4318. 방배역 2번 출구,6402,747,1503,1406,0.11668228678537956,0.23477038425492033,0.2196188691034052
1064,1064.중앙보훈병원역 1번출구,6396,765,1217,1732,0.11960600375234522,0.19027517198248906,0.2707942464040025
4389,4389. 서울숲역3번출구,6374,254,1393,2600,0.03984938813931597,0.21854408534672107,0.4079071226859115
1230,1230. 송파중학교 정문,6368,656,969,2010,0.10301507537688442,0.15216708542713567,0.31564070351758794
851,851.효창 푸르지오 앞,6363,1062,970,1887,0.1669024045261669,0.15244381581015246,0.29655822725129655
2071,2071. 대림아파트 후문 상가 옆,6360,1162,671,1675,0.18270440251572326,0.10550314465408805,0.26336477987421386
3776,3776. 김포공항사거리,6359,1086,1127,1483,0.17078156942915554,0.1772291240761126,0.23321276930334958
4935,4935. 도곡삼성래미안,6324,1789,853,1657,0.28289057558507275,0.13488298545224542,0.26201771030993043
4585,4585. 국회6문,6318,135,1533,2127,0.021367521367521368,0.2426400759734093,0.3366571699905033
2501,2501. 서초 포레스타5단지,6313,1769,765,1583,0.2802154284809124,0.12117852051322668,0.25075241565024553
1859,1859. 대륭테크노타운 18차,6279,215,3531,430,0.034241121197642936,0.5623506927854754,0.06848224239528587
863,863.이촌역2번 출구,6274,567,1437,2247,0.09037296780363405,0.22904048453936882,0.358144724258846
163,163. 명지전문대학교 정문 앞,6262,1281,819,1245,0.20456723091664006,0.1307888853401469,0.19881826892366655
1831,1831. 한국전력 구로금천지사 앞,6258,1658,1079,1159,0.2649408756791307,0.1724193032917865,0.18520294023649728
4686,4686. 우물골 근린공원,6234,1165,747,1710,0.18687840872633943,0.11982675649663138,0.2743022136669875
2549,2549.호반써밋서초파크 403동,6233,1912,746,1424,0.30675437189154503,0.11968554468153378,0.2284614150489331
3663,3663. 암사정수센터교차로(강동롯데캐슬퍼스트아파트),6231,1636,604,1525,0.26255817685764726,0.09693468143155191,0.2447440218263521
4863,4863. 잠실나들목5,6219,983,876,1680,0.15806399742723912,0.14085865894838398,0.27013989387361315
919,919. 서울혁신파크,6218,591,1154,1877,0.09504663879060792,0.18559022193631391,0.3018655516243165
167,167. 연가초등학교 옆,6202,1387,810,1642,0.2236375362786198,0.13060303128023218,0.26475330538535957
171,171. 임광빌딩 앞,6197,1541,1436,987,0.24866871066645152,0.23172502823947072,0.15927061481361948
2396,2396. 영동3교 북단(우성캐릭터 앞 보도),6194,867,1041,1956,0.1399741685502099,0.1680658701969648,0.3157894736842105
2326,2326. 대치동 삼성로,6191,711,1356,1607,0.11484412857373606,0.21902762073978355,0.2595703440478113
1528,1528. 삼각산동 주민센터,6189,811,725,1676,0.1310389400549362,0.1171433187914041,0.270803037647439
636,636. 세종대왕기념관 교차로,6183,446,1992,1165,0.07213326863981886,0.32217370208636587,0.1884198609089439
2337,2337. 대모산입구역 2번출구 앞,6181,845,770,1881,0.13670927034460442,0.1245753114382786,0.304319689370652
471,471.회현사거리 남측,6170,948,1523,1101,0.15364667747163696,0.24683954619124798,0.17844408427876823
1067,1067.한영중고앞사거리,6169,821,941,1575,0.13308477873237154,0.1525368779380775,0.2553088020748906
757,757. 신정이펜하우스 1단지아파트 입구 사거리,6158,1591,848,1535,0.2583631049041897,0.13770704774277362,0.24926924326079897
3765,3765. 문소빌딩,6157,1735,715,1523,0.28179308104596396,0.11612798440799091,0.2473607276270911
3770,3770. 남부순환로 205,6156,1165,982,1570,0.18924626380766732,0.1595191682910981,0.25503573749187786
3537,3537. 아차산 휴먼시아 아파트 옆,6156,1233,865,1790,0.20029239766081872,0.14051332033788175,0.2907732293697206
4134,4134. 제기동 현대아파트 앞,6155,696,1178,1495,0.11307879772542648,0.19138911454102356,0.24289195775792038
4687,4687. 역촌센트레빌아파트 101동 앞,6149,1633,749,1461,0.2655716376646609,0.12180842413400553,0.23759960969263294
1275,1275. 거여초등학교 옆,6142,1342,802,1609,0.2184956040377727,0.13057635949202215,0.2619667860631716
4604,4604. 원효로다목적체육관 앞,6132,773,1967,1217,0.12606001304631442,0.3207762557077626,0.19846705805609915
4555,4555. 대림우성2차아파트,6131,560,1090,1704,0.0913390963953678,0.17778502691241233,0.27793182188876203
1849,1849. 대륭포스트타워5차,6116,970,1302,1174,0.15860039241334206,0.21288423806409418,0.1919555264879006
4862,4862. 성내교 남단,6104,736,1162,2055,0.12057667103538663,0.19036697247706422,0.33666448230668417
4954,4954. 신명초등학교 건너편,6104,1914,547,1404,0.313564875491481,0.08961336828309305,0.23001310615989515
5751,5751. 송파여성축구장,6098,503,1165,2111,0.08248606100360774,0.19104624467038372,0.34617907510659235
2008,2008. 노량진근린공원 대방공원,6096,1130,653,1597,0.18536745406824148,0.10711942257217848,0.2619750656167979
1426,1426. 면목도시개발아파트 1동 앞,6091,969,1093,1674,0.15908717780331638,0.17944508290921032,0.2748317189295682
1736,1736. 버스정류장 앞,6086,496,1054,1547,0.08149852119618797,0.17318435754189945,0.2541899441340782
667,667.청량차도 육교 밑,6072,1382,1104,1395,0.22760210803689065,0.18181818181818182,0.22974308300395258
1183,1183. 강서대학교,6070,1742,896,1220,0.2869851729818781,0.14761120263591435,0.20098846787479407
477,477.앰배서더 호텔 주변,6066,820,1010,1606,0.1351796900758325,0.16650181338608638,0.26475436861193535
4855,4855. 거여5단지 503동 앞,6055,679,808,1781,0.11213872832369942,0.13344343517753923,0.29413707679603635
2313,2313. 금원빌딩 앞,6051,203,1986,1498,0.03354817385556107,0.32821021318790283,0.24756238638241612
351,351. 청운초교 앞 삼거리,6049,1494,748,1423,0.24698297239213093,0.12365680277731857,0.23524549512316084
922,922. 연신내역 4번출구,6027,549,1133,1568,0.09109009457441514,0.1879873900779824,0.2601626016260163
760,760. 잣절보도육교 아래,6025,1137,896,1486,0.18871369294605808,0.1487136929460581,0.2466390041493776
2026,2026. 흑석역 4번출구,6015,979,1133,1300,0.1627597672485453,0.1883624272651704,0.21612635078969245
2903,2903.월계초안아파트 1단지,6014,1030,742,1759,0.17126704356501496,0.1233787828400399,0.29248420352510807
1105,1105. 방화근린공원,6014,691,699,2357,0.11489857000332557,0.11622879946790822,0.39191885600266047
1910,1910. 낙원교회 맞은편,6013,1592,943,1193,0.26475968734408784,0.15682687510394147,0.19840345917179444
4785,4785. 롯데시티호텔,6009,572,1980,770,0.09519054751206524,0.3295057413879181,0.12814112165085706
4683,4683. 은평 성모병원 사거리,6008,874,974,1515,0.14547270306258323,0.16211717709720372,0.25216378162450065
371,371. 동대입구역 6번출구 뒤,6003,590,1114,1596,0.09828419123771448,0.18557387972680325,0.2658670664667666
169,169. 북가좌 삼거리,6000,1457,866,1262,0.24283333333333335,0.14433333333333334,0.21033333333333334
4658,4658. 녹번역1번출구앞,6000,499,1197,1569,0.08316666666666667,0.1995,0.2615
2233,2233. 서초신동아1차아파트 옆,5982,1010,890,1233,0.16883985289200937,0.14877967235038447,0.20611835506519557
4578,4578.보라매sk뷰,5972,1058,906,1622,0.1771600803750837,0.15170797052913595,0.2716008037508372
1554,1554.번동사거리,5968,767,859,1632,0.12851876675603216,0.1439343163538874,0.2734584450402145
1042,1042. 강일리버파크 2~5단지,5967,1288,1056,1486,0.21585386291268643,0.1769733534439417,0.24903636668342552
923,923. 국민은행 연서지점,5964,818,749,1597,0.13715627095908786,0.1255868544600939,0.26777330650570086
2122,2122. 낙성대로 입구,5960,499,904,1654,0.08372483221476511,0.15167785234899328,0.27751677852348994
135,135. 명물길 원형무대 앞,5954,583,1471,1564,0.09791736647631843,0.2470607994625462,0.2626805508901579
120,120. 신수동 사거리,5940,1332,697,1662,0.22424242424242424,0.11734006734006734,0.2797979797979798
946,946. 독바위역 ,5903,703,862,1824,0.11909198712519058,0.14602744367270878,0.30899542605454855
4419,4419. 성북구 한예종 캠퍼스 본관,5902,498,1086,861,0.08437817688919011,0.18400542189088445,0.14588275160962386
1063,1063.강동롯데캐슬퍼스트 아파트(관리동),5890,1177,760,1960,0.199830220713073,0.12903225806451613,0.33276740237691
2381,2381. 언주역 4번출구,5889,563,1367,1172,0.09560196977415521,0.23212769570385464,0.19901511292239768
2272,2272. 교대입구 교차로,5883,591,1571,1233,0.10045894951555329,0.26704062553119157,0.20958694543600204
3726,3726.삼양동사거리,5883,563,635,1695,0.09569947305796363,0.10793812680605133,0.28811830698623153
6055,6055. 한국경제,5880,1188,1534,859,0.20204081632653062,0.2608843537414966,0.14608843537414967
4458,4458. 가락2동주민센터 인근,5875,959,967,1400,0.1632340425531915,0.16459574468085106,0.23829787234042554
138,138. 신촌동 제1공영주차장 앞,5871,916,800,1378,0.15602112076307273,0.13626298756600239,0.23471299608243912
2336,2336. 강남세브란스교차로  래미안그레이튼 104동 앞,5870,1112,1141,1066,0.18943781942078364,0.19437819420783645,0.18160136286201023
2139,2139. 서울신성초등학교,5870,1145,903,1550,0.1950596252129472,0.15383304940374787,0.26405451448040884
4599,4599. 대림우성아파트 사거리,5868,1094,898,1499,0.18643490115882755,0.15303340149965916,0.255453306066803
4058,4058. 다락원체육공원 전망대 입구,5865,230,882,2039,0.0392156862745098,0.15038363171355498,0.3476555839727195
4472,4472. 송파파크데일 1단지 115동 건너편,5855,593,709,1605,0.10128095644748078,0.12109308283518361,0.2741246797608881
4784,4784. 중부경찰서앞 사거리,5832,697,1665,932,0.1195130315500686,0.2854938271604938,0.1598079561042524
1693,1693. 원자력 병원,5827,847,1177,1343,0.1453578170585207,0.20199073279560667,0.23047880556032263
4474,4474. 가락현대 1차 11동 앞,5820,773,871,1686,0.13281786941580756,0.14965635738831615,0.28969072164948456
4173,4173. 중대후문 마을버스정류장,5811,631,904,1761,0.10858716227843744,0.15556702805024952,0.30304594734124934
1130,1130. 화곡본동시장 버스정류장,5810,868,980,1428,0.1493975903614458,0.1686746987951807,0.2457831325301205
4281,4281.명지대사거리,5808,1152,790,1510,0.19834710743801653,0.13601928374655647,0.2599862258953168
3638,3638. 신청담나들목,5806,417,1189,1797,0.0718222528418877,0.20478815018945917,0.309507406131588
840,840. 용산 파크타워 앞,5800,889,929,1783,0.1532758620689655,0.16017241379310346,0.3074137931034483
1056,1056. 강일리버파크 7~11단지,5798,1677,657,1424,0.289237668161435,0.11331493618489134,0.24560193170058642
4637,4637. 용산시티파크 101동 앞,5789,723,879,1819,0.12489203662117809,0.15183969597512523,0.31421661772326825
4064,4064. 신창아파트 입구 앞,5788,1415,677,1408,0.2444713199723566,0.11696613683483069,0.2432619212163096
3933,3933. 오류동부골든아파트 후문 옆,5787,1567,567,1521,0.2707793329877311,0.09797822706065319,0.26283048211508553
3623,3623. 일원에코파크 앞(개포로 방면),5782,877,971,1702,0.15167762020062261,0.16793497059840887,0.2943618125216188
260,260. 여의도 마리나선착장 앞,5781,397,1246,2038,0.0686732399238886,0.21553364469814912,0.35253416363950874
4548,4548.신목동역1번출구,5778,698,1037,1329,0.1208030460366909,0.17947386638975424,0.23001038421599168
2650,2650.위례22단지 2208동 다리앞,5776,1730,534,1414,0.2995152354570637,0.09245152354570638,0.24480609418282548
993,993.은평뉴타운 은뜨락아파트앞,5772,677,1098,1440,0.11729036729036729,0.19022869022869024,0.2494802494802495
822,822. 이촌1동 마을공원,5764,968,1243,1384,0.16793893129770993,0.21564885496183206,0.24011103400416378
4401,4401.뚝섬유수지 공영주차장,5741,647,1094,1595,0.11269813621320328,0.19055913603901758,0.27782616268942695
1348,1348. 성북제일새마을금고 본점 앞,5732,904,978,1488,0.15771109560362875,0.17062107466852758,0.2595952547103978
4390,4390. 신답역 1번출구,5732,994,1813,973,0.17341242149337055,0.31629448709002095,0.16974877878576414
1973,1973. 오리로와 서해안도로 교차로 앞,5731,1060,686,1439,0.18495899493980109,0.11969987785726749,0.25109056011167336
1049,1049. 강일리버파크 10단지,5731,1345,513,1461,0.2346885360321061,0.08951317396614901,0.25492933170476356
160,160. 북아현동 가구거리,5730,710,1230,1401,0.12390924956369982,0.21465968586387435,0.24450261780104712
3644,3644. 상록수아파트,5723,620,807,1749,0.1083347894460947,0.14100995981128778,0.30560894635680586
4634,4634. 이태원역 3번 출구,5723,220,869,2271,0.038441376900227156,0.15184343875589726,0.396819849729163
902,902. 진관동 은빛초등학교,5718,1448,616,1544,0.25323539699195524,0.10772997551591465,0.2700244840853445
2137,2137. KT&G 관악지점,5717,904,791,1579,0.15812489067692845,0.1383592793423124,0.27619380794122794
1999,1999. 수궁동 성당 주변,5715,605,914,1232,0.10586176727909011,0.1599300087489064,0.21557305336832897
2312,2312. 청담역 13번 출구 앞,5712,1156,1194,1299,0.20238095238095238,0.20903361344537816,0.22741596638655462
4801,4801. 충정로역 2호선(엘리베이터 앞),5711,1026,1245,1231,0.17965330064787252,0.2180003502013658,0.2155489406408685
1436,1436. 동원베네스트 건물 앞,5709,1172,637,1400,0.20528989315116483,0.1115782098441058,0.24522683482221055
4766,4766. 서소문성지역사박물관,5708,2026,785,1168,0.3549404344779257,0.13752627890679747,0.204625087596356
1843,1843. 독산고등학교,5689,1402,615,1380,0.24644049920899982,0.10810335735630164,0.2425733872385305
4469,4469. 거여동 어울림아파트  102동앞,5688,697,1405,1273,0.12253867791842475,0.2470112517580872,0.22380450070323488
4837,4837. 양원지구 힐데스하임 앞,5687,1323,813,1475,0.2326358361174609,0.1429576226481449,0.2593634605240021
850,850.KCC용산웰츠(WELLTZ)타워,5669,1170,729,1621,0.20638560592697125,0.1285941083083436,0.28594108308343624
869,869.노들섬 동측 앞,5662,346,1095,2284,0.06110914871070293,0.19339456022606852,0.4033910279053338
4346,4346.장학재단빌딩 앞,5649,492,1692,1117,0.08709506107275625,0.29952203929899096,0.19773411223225348
1360,1360. 정릉역,5646,857,709,1476,0.15178887708111938,0.12557562876372652,0.2614240170031881
3690,3690. 강일역 4번출구,5638,1130,1681,1004,0.20042568286626464,0.2981553742461866,0.17807733238737142
1537,1537. 북한산 우이역,5633,377,675,2184,0.06692703710278715,0.11982957571453932,0.3877152494230428
4834,4834. 용마복지센터 앞,5622,544,848,1198,0.09676271789398791,0.15083600142298115,0.21309142653859836
2280,2280. 서울서초고용센터앞,5611,1045,1395,1121,0.18624131170914277,0.24861878453038674,0.19978613437889858
4929,4929. 투썸플레이스 강남청담점 앞,5585,627,1773,1184,0.11226499552372426,0.3174574753804834,0.21199641897940913
3647,3647. 구룡역 1번 출구,5565,1287,1225,907,0.231266846361186,0.22012578616352202,0.16298292902066486
2518,2518. 서초동 현대아파트 앞,5564,1087,1109,1219,0.19536304816678648,0.19931703810208484,0.21908698777857658
466,466.롯데호텔,5558,536,1266,1081,0.09643756747031307,0.2277797768981648,0.19449442245412019
3646,3646. 선정릉역 4번 출구,5558,737,1505,1175,0.13260165527168047,0.2707808564231738,0.2114069809283915
4152,4152. 상도효성해링턴플레이스,5545,685,760,1465,0.12353471596032461,0.13706041478809738,0.26420198376916143
164,164. 북가좌1동 주민센터 ,5543,1531,561,1419,0.2762042215406819,0.10120873173371821,0.2559985567382284
2352,2352. 서울본부세관(건설회관 앞),5536,397,1894,735,0.07171242774566473,0.3421242774566474,0.13276734104046242
4641,4641. 아메리칸센터,5535,515,1243,1434,0.0930442637759711,0.22457091237579044,0.25907859078590784
2535,2535.신반포역 3번출구 뒤,5525,876,838,1656,0.15855203619909503,0.15167420814479637,0.2997285067873303
5778,5778. 북위례3,5523,641,748,1693,0.11606011225783089,0.1354336411370632,0.3065363027340214
2349,2349. 역삼빌딩 앞(하나은행 옆),5520,633,1181,1179,0.11467391304347826,0.21394927536231884,0.21358695652173912
3920,3920. 개봉역2번출구 B,5509,1254,817,1342,0.2276275186059176,0.14830277727355237,0.2436013795607188
2643,2643.풍납중학교 측면,5496,679,1151,1415,0.12354439592430859,0.2094250363901019,0.2574599708879185
4094,4094.도봉여성센터,5485,931,756,1351,0.16973564266180494,0.13783044667274386,0.2463081130355515
1967,1967. 참새공원(백곡경노당),5484,1136,580,1393,0.20714806710430342,0.10576221735959154,0.2540116703136397
4144,4144.시립대학교 박물관 앞,5480,292,1235,900,0.05328467153284672,0.22536496350364962,0.16423357664233576
1634,1634. 당고개공원 대여소,5478,864,722,1560,0.15772179627601315,0.13179992698064988,0.2847754654983571
1343,1343. 한성대7번출구 앞,5465,513,685,1606,0.09387008234217749,0.1253430924062214,0.2938700823421775
364,364. 창신역 1번출구 앞,5461,1094,495,1397,0.2003296099615455,0.09064273942501373,0.2558139534883721
2083,2083.흑석롯데캐슬에듀포레(107동),5455,1117,682,1484,0.20476626947754353,0.1250229147571036,0.27204399633363885
4930,4930. 학여울역 1번출구,5452,1429,960,1384,0.26210564930300806,0.1760821716801174,0.2538517975055026
2520,2520.서초1교 (진흥아파트 방면),5451,778,1015,1293,0.14272610530177948,0.1862043661713447,0.2372041827187672
2364,2364. 도산공원교차로,5448,460,1461,1154,0.08443465491923642,0.2681718061674009,0.2118208516886931
3310,3310.영락고등학교,5434,960,644,1419,0.17666543982333455,0.11851306588148694,0.2611336032388664
4762,4762. 국제빌딩,5425,778,1240,785,0.14341013824884793,0.22857142857142856,0.1447004608294931
2127,2127. 난곡종점,5418,886,508,1436,0.16352897748246586,0.09376153562200074,0.26504245108896274
192,192. 연서어린이공원,5408,1540,819,1260,0.28476331360946744,0.15144230769230768,0.23298816568047337
4684,4684. 응암2동주민센터 버스정류장(영락중학교 방면),5398,1232,501,1250,0.2282326787699148,0.0928121526491293,0.23156724712856613
4280,4280.북가좌2동 주민센터,5397,1139,722,1516,0.2110431721326663,0.13377802482860848,0.28089679451547156
3799,3799. 국립항공박물관,5395,581,2001,1045,0.1076923076923077,0.37089898053753473,0.1936978683966636
1547,1547. 꿈의숲 롯데캐슬,5394,1232,679,1492,0.22840192806822396,0.12588060808305523,0.27660363366703744
1539,1539. 4.19민주묘지역,5385,341,939,1626,0.06332404828226555,0.17437325905292478,0.30194986072423396
446,446. 상명대입구,5379,503,934,1572,0.09351180516824689,0.17363822271797733,0.29224762967094253
3602,3602. 한국지역난방공사강남지사,5333,1209,1762,574,0.2267016688543034,0.33039564972810803,0.10763172698293644
1509,1509. 서울북부수도사업소,5330,495,809,1204,0.09287054409005628,0.15178236397748593,0.22589118198874297
1285,1285. 위례별 유치원 뒤,5328,1459,768,1352,0.27383633633633636,0.14414414414414414,0.25375375375375375
4840,4840. 서울시 북부병원 앞,5321,683,722,1061,0.12835933095282842,0.13568878030445405,0.19939860928396919
4033,4033. 녹천역 4번 출구 옆,5315,577,985,1465,0.10856067732831609,0.18532455315145813,0.2756349952963311
1725,1725. 창1동주민센터,5313,1252,477,1204,0.23564840956145303,0.08977978543195934,0.22661396574440051
2617,2617. 가락삼환아파트 앞,5311,856,847,1357,0.16117491997740538,0.1594803238561476,0.25550743739408777
4475,4475. 송파파인타운 4단지 403동,5302,1289,693,1363,0.24311580535646926,0.13070539419087138,0.25707280271595623
141,141. 연대 대운동장 옆,5300,385,1157,1142,0.07264150943396226,0.21830188679245283,0.21547169811320754
2380,2380. 봉은사로68길 북측,5294,776,817,1197,0.14658103513411408,0.15432565168114848,0.22610502455610124
467,467.한국은행,5291,161,2125,881,0.03042903042903043,0.4016254016254016,0.1665091665091665
2616,2616. 거여동 사거리,5290,912,734,1249,0.1724007561436673,0.1387523629489603,0.23610586011342155
4017,4017. 월계 청백1단지 아파트 정류장,5276,949,644,1587,0.17987111448066717,0.12206216830932524,0.30079605761940864
3958,3958. 롯데캐슬2차 마을버스 정류장(18804) 뒤편,5275,1258,907,1151,0.23848341232227488,0.1719431279620853,0.2181990521327014
6189,6189.데시앙플렉스 지식산업센터,5266,558,1434,951,0.10596278009874667,0.2723129510064565,0.1805924800607672
384,384. 중림동삼거리,5250,1687,681,1282,0.32133333333333336,0.12971428571428573,0.24419047619047618
2190,2190.도원맨션,5245,447,1019,1510,0.08522402287893231,0.19428026692087702,0.28789323164918973
2027,2027. 중앙대학교 정문 1,5230,303,1133,1281,0.05793499043977055,0.21663479923518164,0.24493307839388145
468,468.웨스틴 조선호텔,5215,457,1487,932,0.08763183125599233,0.2851390220517737,0.17871524448705656
5783,5783.성내5교 2,5201,610,933,1749,0.11728513747356277,0.17938857911940012,0.33628148432993654
4396,4396. 마장축산물시장 서문 인근,5187,882,727,1130,0.1700404858299595,0.14015808752650857,0.217852323115481
3820,3820. 은천삼거리,5182,585,767,1387,0.11289077576225395,0.1480123504438441,0.2676572751833269
2510,2510. JW타워,5167,1144,1145,872,0.22140507064060383,0.22159860654151345,0.16876330559318753
1258,1258. 가락미륭아파트 앞,5166,750,817,1449,0.14518002322880372,0.1581494386372435,0.2804878048780488
4097,4097.숭미파출소 사거리,5161,1135,741,1209,0.21991862042239876,0.14357682619647355,0.23425692695214106
664,664. 서울시립대 건설공학관,5160,314,1021,1092,0.060852713178294576,0.19786821705426358,0.2116279069767442
1660,1660. 서울시립과학관,5158,619,764,1302,0.12000775494377666,0.14811942613416051,0.2524234199302055
964,964. 북한산힐스테이트 7차아파트,5158,906,726,1428,0.17564947654129506,0.1407522295463358,0.276851492826677
4703,4703. 쌍용아파트2단지 정문,5154,833,738,1481,0.1616220411331005,0.14318975552968569,0.2873496313542879
4581,4581. 국회소통관,5146,648,1188,761,0.12592304702681695,0.2308589195491644,0.14788184998056744
4278,4278. 홍은2동주민센터,5116,1304,877,907,0.254886630179828,0.17142298670836592,0.1772869429241595
4815,4815. 중랑데시앙플렉스 앞,5110,857,1773,709,0.16771037181996087,0.34696673189823873,0.13874755381604698
1349,1349. 월계2교 버스정류장 앞,5109,874,677,1398,0.17107065962027795,0.13251125464865923,0.2736347621843805
1515,1515. 송천동 주민센터,5084,770,692,1260,0.15145554681353265,0.13611329661683713,0.24783634933123525
1279,1279. 마천금호어울림 1차아파트 건너편,5076,966,949,1280,0.19030732860520094,0.18695823483057525,0.25216706067769895
424,424. 롯데하이마트 (상암월드컵점) ,5067,421,1037,1360,0.08308663903690547,0.20465758831655811,0.26840339451351886
198,198. 충정2교,5049,1150,1008,986,0.22776787482669836,0.19964349376114082,0.19528619528619529
4941,4941.압구정로 11길,5034,298,937,1858,0.05919745729042511,0.18613428684942393,0.3690901867302344
1510,1510. 번동주공5단지 관리사무소 앞,5029,825,979,1214,0.16404851859216543,0.19467090872936965,0.24139988069198648
494,494.신수동주민센터,5013,1237,514,1084,0.24675842808697387,0.10253341312587273,0.21623778176740474
1479,1479.면목 홈플러스 2 ,5013,353,893,1456,0.07041691601835229,0.1781368442050668,0.29044484340714144
3521,3521. 현대홈타운 뒷길,5012,943,629,1456,0.18814844373503592,0.12549880287310455,0.2905027932960894
2357,2357. 르네상스호텔사거리 역삼지하보도 3번출구 앞 (더 오번 빌딩 명동칼국수 앞),4991,774,1253,853,0.15507914245642157,0.25105189340813466,0.1709076337407333
2907,2907. 월계중학교,4979,1196,619,850,0.2402088772845953,0.12432215304277967,0.17071701144808193
1574,1574.송중초등학교 옆,4974,541,774,1260,0.10876558102131081,0.15560916767189384,0.25331724969843183
3653,3653. 강동리버스트4단지아파트 404동 앞,4972,1637,516,1121,0.32924376508447306,0.10378117457763475,0.22546259050683828
1358,1358. 정릉도서관 앞,4971,636,798,1223,0.12794206397103197,0.16053108026554014,0.24602695634681152
2356,2356. 강남구청,4970,630,931,1080,0.1267605633802817,0.18732394366197183,0.21730382293762576
959,959. 구파발10단지 인근,4955,362,689,1586,0.07305751765893037,0.13905146316851666,0.32008072653884967
6172,6172. 가양5단지아파트,4940,1392,637,965,0.2817813765182186,0.12894736842105264,0.19534412955465588
4315,4315. 이투스교육 앞,4938,421,1559,981,0.08525718914540299,0.3157148643175375,0.19866342648845686
1774,1774.정의여중고 버스정류소,4933,899,794,1302,0.18224204338130956,0.1609568214068518,0.2639367524832759
2548,2548.반포1동 자율방범초소 옆,4931,934,844,1271,0.1894139119853985,0.17116203609815453,0.2577570472520787
489,489.구룡근린공원,4925,983,818,1223,0.19959390862944162,0.16609137055837564,0.2483248730964467
1161,1161. 강서면허시험장 앞,4925,376,894,813,0.07634517766497462,0.1815228426395939,0.1650761421319797
491,491.월드컵파크 4단지,4923,481,1254,1230,0.0977046516351818,0.25472273004265694,0.2498476538695917
995,995.은평다목적체육관,4922,963,614,1123,0.1956521739130435,0.12474603819585535,0.22815928484355952
1652,1652. 파르코 앞,4909,473,1081,1315,0.09635363617844775,0.22020778162558566,0.2678753310246486
741,741. 화곡로 입구 교차로,4901,602,953,1080,0.122832075086717,0.1944501122219955,0.22036319118547235
3611,3611. 방죽마을 입구,4890,1041,764,1065,0.21288343558282208,0.15623721881390593,0.21779141104294478
4642,4642. 용산더프라임아파트 101동 앞,4882,847,885,1299,0.1734944694797214,0.18127816468660385,0.26607947562474393
1714,1714. 도봉문화정보도서관 삼거리,4859,569,981,1309,0.11710228442066269,0.20189339370240791,0.2693969952665157
3402,3402.이화공영주차장,4847,1181,810,880,0.24365586961006808,0.16711367856406023,0.18155560140292964
2258,2258.구룡사 삼거리,4838,896,1047,1183,0.18520049607275735,0.21641174038859032,0.2445225299710624
1571,1571.북서울 꿈의 숲 입구,4833,1087,610,1224,0.22491206290088972,0.12621560107593627,0.2532588454376164
927,927. 연신내역 3번출구 인근,4822,454,748,1248,0.0941518042306097,0.15512235586893405,0.2588137702198258
3802,3802. 관악구민체육센터,4810,1539,471,811,0.31995841995841995,0.09792099792099793,0.16860706860706862
2024,2024. 상도역 1번출구,4804,754,754,1273,0.1569525395503747,0.1569525395503747,0.26498751040799334
2545,2545.국립중앙도서관(국제회의장옆),4800,142,1456,1074,0.029583333333333333,0.30333333333333334,0.22375
6063,6063.NH농협은행(신당역6번출구),4793,347,795,1199,0.07239724598372627,0.16586688921343626,0.2501564781973712
1757,1757.솔밭공원역 1번출구 앞,4788,440,735,1393,0.09189640768588136,0.15350877192982457,0.2909356725146199
5780,5780. 송파세무서,4786,414,1608,670,0.08650229837024655,0.3359799414960301,0.13999164229001254
1992,1992. 구로구배드민턴실내체육관 앞,4784,531,620,975,0.11099498327759197,0.12959866220735786,0.20380434782608695
2128,2128. 관악구청교차로,4770,520,735,1211,0.1090146750524109,0.1540880503144654,0.2538784067085954
2818,2818.천왕이펜하우스3단지 앞,4750,1245,535,974,0.26210526315789473,0.11263157894736842,0.20505263157894738
4761,4761. 중부경찰서앞사거리 건너편,4748,578,1357,945,0.12173546756529065,0.285804549283909,0.1990311710193766
5763,5763. 세륜초등학교 건너편,4745,447,797,1400,0.09420442571127502,0.16796628029504743,0.2950474183350896
4148,4148.동대문구 장안동 씨젠의료재단,4738,477,825,1245,0.10067539046010975,0.17412410299704517,0.26276910088645
802,802. 한강진역 2번 출구 앞,4738,684,898,1253,0.14436471084845925,0.18953144786829887,0.26445757703672435
4627,4627. 효창공원앞역 5번출구 옆,4736,1083,835,1093,0.22867398648648649,0.17630912162162163,0.23078547297297297
3419,3419.국립어린이과학관,4723,706,902,1141,0.1494812619098031,0.1909803091255558,0.24158373914884607
4924,4924.논현동가구거리,4720,810,1115,804,0.1716101694915254,0.23622881355932204,0.17033898305084746
3649,3649. 구룡역 5번 출구,4715,1343,1171,824,0.2848356309650053,0.248356309650053,0.17476139978791091
2186,2186. 낙성대입구삼거리,4695,504,718,1326,0.1073482428115016,0.1529286474973376,0.2824281150159744
3967,3967. 혜명양로원 담장 옆(2),4681,924,753,854,0.19739371929074984,0.1608630634479812,0.18243964964751122
4086,4086. 도봉로 534,4678,1004,489,1040,0.21462163317657118,0.10453185121846943,0.22231722958529285
2283,2283. 그룹한빌딩옆,4668,608,998,1085,0.13024850042844902,0.21379605826906597,0.23243359040274209
3917,3917. 성공회대학교,4662,490,844,902,0.10510510510510511,0.18103818103818103,0.19347919347919348
671,671.대광빌딩,4653,452,785,1264,0.09714162905652267,0.1687083601977219,0.2716526971846121
4885,4885. 가든파이브 리빙관,4652,455,1176,1155,0.09780739466895959,0.2527944969905417,0.24828030954428204
1868,1868.우리은행 시흥남자동화점 앞,4627,1019,549,1160,0.22022909012318997,0.11865139399178734,0.25070239896261076
137,137. 신촌기차역입구 교차로,4603,228,974,1364,0.04953291331740169,0.21160112969802303,0.2963284814251575
2825,2825.초롱타운 앞,4602,1204,539,988,0.2616253802694481,0.11712299000434594,0.21468926553672316
1853,1853. 청년취업사관학교앞,4593,1804,530,913,0.392771608970172,0.11539298933159155,0.19878075332026998
2815,2815.항동지구 7단지 정문,4579,470,772,1117,0.10264249836208779,0.1685957632670889,0.24393972483074908
2062,2062. 사당새마을금고,4577,1072,577,1209,0.23421455101594932,0.12606510814944286,0.2641468210618309
4665,4665. 응암역3번 출구(서부경찰서 방면),4572,389,743,1377,0.08508311461067367,0.16251093613298337,0.30118110236220474
425,425. DMC첨단산업센터,4566,833,1212,531,0.1824353920280333,0.26544021024967146,0.11629434954007885
4875,4875. 위례포레샤인13단지,4566,980,630,1181,0.2146298729741568,0.13797634691195795,0.2586508979413053
3101,3101. 서대문구청,4561,449,678,1192,0.09844332383249288,0.14865161148870862,0.261346196009647
2368,2368. 도곡동 경남아파트 건너편,4559,546,1007,1213,0.11976310594428603,0.2208817723184909,0.2660671199824523
533,533. 금남시장 교차로,4547,968,467,1263,0.21288761820980867,0.10270508027270728,0.2777655597096987
2429,2429.압구정로데오역 6번출구,4545,340,1199,1281,0.0748074807480748,0.26380638063806383,0.28184818481848184
3673,3673. 강동리버스트6단지,4533,899,639,1130,0.1983234061328039,0.14096624751819986,0.24928303551731745
4622,4622. 한강중학교 앞 버스정류장,4531,446,878,1369,0.09843301699404106,0.19377620834252923,0.3021408077687045
4247,4247. 서울서부지방법원등기국앞,4529,867,592,1068,0.1914329874144403,0.1307131817178185,0.23581364539633473
2309,2309. 청담역(우리들병원 앞),4529,1148,807,893,0.2534775888717156,0.17818502980790463,0.19717376904393905
2370,2370. 한티역 3번출구,4520,488,828,1172,0.1079646017699115,0.1831858407079646,0.2592920353982301
858,858.녹사평역3번 출구,4509,260,994,1431,0.05766245287203371,0.22044799290308273,0.31736526946107785
942,942. 상림마을 생태공원,4500,1179,355,1277,0.262,0.07888888888888888,0.2837777777777778
5766,5766. 북위례1,4499,796,507,1259,0.17692820626805958,0.11269170926872639,0.27983996443654147
3630,3630. 개포우성6차아파트 정문 앞,4491,1369,607,1126,0.3048318859942106,0.13515920730349587,0.2507236695613449
3612,3612. 은곡마을,4490,514,702,1459,0.11447661469933185,0.15634743875278395,0.32494432071269486
2144,2144. 난우길입구,4473,517,673,1115,0.11558238318801699,0.15045830538788285,0.2492734182875028
4428,4428.돈암동부센트레빌상가,4472,340,641,1381,0.07602862254025045,0.14333631484794276,0.3088103756708408
422,422. 문화비축기지,4469,169,577,2023,0.03781606623405684,0.12911165808905795,0.4526739762810472
2057,2057. 상도 아이파크 아파트,4466,940,432,1142,0.21047917599641738,0.096730855351545,0.2557098074339454
4632,4632. 용산 푸르지오 파크타운 1단지 앞,4446,745,1035,1129,0.1675663517768781,0.23279352226720648,0.253936122357175
388,388. 동성중학교 앞,4439,951,584,1016,0.2142374408650597,0.13156116242396937,0.22888037846361795
480,480.약수역 6번 출구,4439,355,679,1157,0.07997296688443344,0.15296237891416986,0.2606442892543366
3615,3615. 서울 논현동우체국 앞,4425,540,1362,824,0.12203389830508475,0.3077966101694915,0.18621468926553672
3725,3725. 강북 청소년 문화정보도서관 앞,4425,620,610,1257,0.1401129943502825,0.13785310734463277,0.2840677966101695
2167,2167. 낙성대역 1번출구,4423,277,826,1293,0.06262717612480218,0.18675107393172055,0.2923355188785892
3807,3807. 관악우체국 교차로,4417,979,449,1234,0.22164364953588409,0.10165270545619198,0.2793751414987548
397,397. 종묘공영주차장 건너편,4396,247,805,1238,0.05618744313011829,0.18312101910828024,0.2816196542311192
867,867.서빙고역 광장(1번출구),4374,756,899,1291,0.1728395061728395,0.20553269318701417,0.29515317786922723
2321,2321. 학여울역 사거리,4373,688,718,1448,0.15732906471529842,0.16418934369997712,0.33112279899382574
4607,4607. 국립중앙박물관 -용산가족공원 앞,4361,126,812,1959,0.028892455858747994,0.18619582664526485,0.4492088970419629
953,953. 서울연신초등학교,4340,614,591,1213,0.14147465437788018,0.13617511520737327,0.2794930875576037
4909,4909. 노보텔 앰배서더 앞,4337,416,1049,1111,0.0959188379063869,0.2418722619322112,0.2561678579663362
3105,3105. 홍은센트레빌 아파트 앞,4326,755,568,1225,0.17452612112806287,0.13129912159038373,0.28317152103559873
5336,5336. 월계 고등학교 앞,4324,451,536,635,0.10430157261794634,0.12395929694727105,0.14685476410730805
469,469.회현역 1번출구,4322,633,846,795,0.14645997223507634,0.19574271170754282,0.1839426191577973
4625,4625. 용산공원갤러리앞,4321,580,1226,843,0.1342281879194631,0.28373061791252024,0.19509372830363342
3682,3682. 길동 동호빌딩,4321,869,515,1138,0.20111085396898867,0.11918537375607498,0.26336496181439484
724,724. 계남공원 입구 주출입구 좌측,4302,854,556,1073,0.198512319851232,0.1292422129242213,0.2494188749418875
4892,4892. 성내유수지 체육공원,4298,706,885,1061,0.1642624476500698,0.2059097254536994,0.24685900418799442
4493,4493. 마천사거리 2,4293,898,797,1124,0.2091777311903098,0.18565105986489636,0.26182156999767064
515,515. 광양중학교 앞,4292,660,563,1323,0.15377446411929171,0.13117427772600188,0.30824790307548927
823,823. 효창동주민센터 앞,4288,975,546,1201,0.22737873134328357,0.12733208955223882,0.2800839552238806
3556,3556.신금호파크자이APT앞,4270,431,678,1351,0.10093676814988291,0.15878220140515223,0.3163934426229508
2382,2382. 역삼동 sk뷰 501동앞,4250,352,893,1124,0.08282352941176471,0.21011764705882352,0.2644705882352941
382,382. 약수역 10번출구 앞,4245,409,632,1028,0.09634864546525324,0.14888103651354534,0.24216725559481744
2373,2373. 개포동역 사거리,4243,404,643,1244,0.09521564930473722,0.15154371906669808,0.29318878152250766
679,679.전농SK아파트 앞,4240,793,615,1190,0.18702830188679245,0.14504716981132076,0.2806603773584906
1200,1200. 개화광역환승센터,4238,340,1213,921,0.08022652194431336,0.28621991505427086,0.2173194903256253
4344,4344. 양재대로(구룡지하차도 앞),4234,1149,521,1051,0.2713745866792631,0.12305148795465282,0.24822862541332075
2812,2812.항동프라자,4232,603,763,1057,0.14248582230623819,0.1802930056710775,0.24976370510396975
4043,4043. 상계주공13단지 1301동,4223,1004,386,1052,0.23774567842765806,0.09140421501302391,0.24911200568316363
1863,1863.위너스 스포츠클럽 골프연습장옆,4213,1443,408,734,0.34251127462615716,0.09684310467600285,0.17422264419653455
606,606. 서울반도체고 앞,4208,337,697,1215,0.08008555133079848,0.16563688212927757,0.2887357414448669
159,159. 이대역 4번 출구,4195,342,958,1186,0.08152562574493445,0.22836710369487484,0.2827175208581645
3724,3724. 삼양동주민센터 앞,4192,269,580,1151,0.06416984732824428,0.1383587786259542,0.2745706106870229
1213,1213. 백토공원 앞,4192,1050,572,1028,0.25047709923664124,0.1364503816793893,0.2452290076335878
4340,4340. 방배래미안아트힐아파트 앞,4180,459,1421,868,0.10980861244019138,0.33995215311004784,0.2076555023923445
2094,2094.숭실대학교(중문) ,4178,376,600,1265,0.08999521302058401,0.14360938247965535,0.30277644806127335
5602,5602.래미안신반포리오센트 후문,4175,513,659,1560,0.12287425149700598,0.1578443113772455,0.37365269461077844
4266,4266.국민연금공단충정로사옥,4174,919,815,776,0.22017249640632486,0.19525634882606613,0.1859127934834691
4149,4149.제기동역 5번출구,4170,762,646,1091,0.18273381294964028,0.15491606714628298,0.2616306954436451
1137,1137. 등촌2동주민센터,4167,913,486,816,0.2191024718022558,0.11663066954643629,0.19582433405327573
808,808. 서빙고동 금호맨션 앞,4161,327,755,1699,0.07858687815428983,0.18144676760394135,0.40831530881999517
1181,1181. 농수산식품공사 (강서지사),4160,210,1462,365,0.05048076923076923,0.35144230769230766,0.08774038461538461
4162,4162. 노량진1동 청소년독서실,4152,1000,549,980,0.24084778420038536,0.13222543352601157,0.23603082851637766
2256,2256.양재동 꽃시장 입구,4151,726,1294,760,0.1748976150325223,0.31173211274391716,0.1830884124307396
2210,2210. 반포1동 주민센터 앞,4141,658,706,1162,0.1588988167109394,0.1704902197536827,0.28060854865974405
1826,1826. 한신코아 앞,4140,1018,650,1004,0.24589371980676328,0.1570048309178744,0.242512077294686
4932,4932. 개포래미안포레스트 130동 맞은편,4139,874,538,1033,0.2111621164532496,0.12998308770234357,0.24957719255858904
479,479.동대입구역 3번 출구,4139,488,786,1320,0.1179028750906016,0.18990094225658372,0.31891761294998794
2329,2329. 르네상스호텔사거리 역삼지하보도 2번출구,4136,649,729,737,0.15691489361702127,0.17625725338491297,0.17819148936170212
2304,2304. 대현그린타워,4125,526,1346,781,0.12751515151515153,0.3263030303030303,0.18933333333333333
1865,1865.금천구청앞(M빌딩),4109,827,813,742,0.20126551472377707,0.1978583596982234,0.18057921635434412
3674,3674. 강동리버스트7단지,4087,950,483,939,0.2324443356985564,0.11817959383410814,0.2297528749694152
4829,4829. 신내동 한살림 중랑지구 건너편,4081,1256,410,894,0.30776770399411907,0.10046557216368537,0.2190639549130115
3932,3932. 개봉센트레빌레우스아파트 앞,4081,1007,531,938,0.24675324675324675,0.1301151678510169,0.22984562607204118
2311,2311. 학동로 래미안 아파트 앞,4066,522,1035,922,0.12838170191834727,0.2545499262174127,0.2267584849975406
2351,2351. 청소년수련관(수영장)앞,4065,480,546,1077,0.11808118081180811,0.13431734317343175,0.2649446494464945
2285,2285. LH서초3단지 301동 맞은편,4065,817,531,1193,0.2009840098400984,0.13062730627306274,0.2934809348093481
4752,4752. 삼성사이버빌리지아파트,4061,616,810,1044,0.15168677665599606,0.19945826151194287,0.2570795370598375
3005,3005.마포구청 청사내,4044,538,893,525,0.13303659742828883,0.2208209693372898,0.1298219584569733
1850,1850. 코오롱테크노밸리,4043,215,1286,653,0.05317833292109819,0.31808063319317337,0.16151372743012615
5315,5315. 불암산역 앞,4040,667,619,1030,0.1650990099009901,0.15321782178217822,0.25495049504950495
4913,4913. 레베쌍트 빌딩 앞,4039,252,1104,761,0.06239168110918544,0.27333498390690764,0.18841297350829414
2270,2270. 서초포레스타 7단지,4029,1104,562,999,0.2740134028294862,0.13948870687515513,0.2479523454951601
4776,4776. 신세계면세점,4025,259,1070,870,0.06434782608695652,0.26583850931677017,0.21614906832298136
4609,4609. 파크타워 104동 앞,4018,392,679,1471,0.0975609756097561,0.16898954703832753,0.3661025385764062
2347,2347. 두산건설 본사,4017,254,1442,640,0.06323126711476226,0.358974358974359,0.1593228777694797
5779,5779. 나래교,4000,1119,545,908,0.27975,0.13625,0.227
4610,4610. 한남나인원 105동 앞,3977,170,919,1096,0.0427457882826251,0.23107870253960272,0.27558461151621827
1728,1728. 서울북부지방법원,3975,404,1409,635,0.10163522012578616,0.35446540880503147,0.15974842767295597
1427,1427. 용마산역 1번출구,3965,303,1082,1033,0.0764186633039092,0.2728877679697352,0.2605296343001261
3134,3134.SK리쳄블(서울아리수본부),3957,1189,591,899,0.3004801617386909,0.14935557240333586,0.22719231741218093
3616,3616. 역삼중학교 앞(체육관 방향),3954,568,692,974,0.14365199797673242,0.17501264542235712,0.24633282751643906
2281,2281. 서울교통공사 사당별관 건너편,3950,933,580,832,0.23620253164556962,0.1468354430379747,0.21063291139240506
3654,3654. 강동리버스트4단지아파트 405동 앞,3946,560,419,1206,0.1419158641662443,0.10618347693867207,0.30562595032944756
5773,5773. 송파시그니처롯데캐슬,3937,1100,478,1081,0.2794005588011176,0.12141224282448565,0.2745745491490983
1864,1864.산호시티빌 옆,3931,911,565,945,0.23174764690918342,0.1437293309590435,0.2403968455863648
3426,3426.독립문역 2번출구 뒤,3927,1562,420,807,0.39775910364145656,0.10695187165775401,0.2055003819709702
1263,1263. 장지공영차고지,3917,684,484,712,0.17462343630329333,0.12356395200408476,0.18177176410518253
4098,4098.창동역 1번출구 인근,3899,303,807,1086,0.07771223390612977,0.20697614773018722,0.27853295716850474
4676,4676. 갈현1동 주민센터,3897,562,518,869,0.14421349756222734,0.13292276109828072,0.22299204516294585
1546,1546. 송천동우체국,3896,273,700,894,0.07007186858316222,0.17967145790554415,0.22946611909650924
4830,4830. 신내 우디안 111동 앞,3892,1145,369,940,0.29419321685508737,0.09480986639260021,0.24152106885919836
1366,1366. 일신초등학교 옆,3881,640,474,1201,0.1649059520742077,0.12213347075496006,0.30945632568925535
1646,1646. 삼육대 입구,3880,561,450,936,0.1445876288659794,0.11597938144329897,0.24123711340206186
1347,1347. 길음래미안아파트817동 상가 앞,3853,600,337,1059,0.15572281339216196,0.08746431352193096,0.2748507656371659
4937,4937.개포래미안포레스트 126동 앞,3847,976,444,991,0.25370418507928255,0.11541460878606706,0.25760332726800106
1542,1542. 삼양사거리역,3846,368,443,994,0.09568382735309412,0.11518460738429537,0.2584503380135205
173,173. 서대문역 8번출구 앞,3840,676,1062,556,0.17604166666666668,0.2765625,0.14479166666666668
1386,1386.동선고가차도 초입,3839,560,454,1099,0.14587132065642094,0.11825996353216983,0.2862724667882261
2092,2092.흑석한강푸르지오(110동),3833,891,389,906,0.23245499608661624,0.10148708583355075,0.23636837985911818
295,295.영등포공원 분수대 앞,3833,1246,479,929,0.32507174536916256,0.12496738846856248,0.24236890164362118
6187,6187.마곡119안전센터 맞은편,3832,1207,507,598,0.31497912317327764,0.13230688935281837,0.15605427974947808
1943,1943. 온수역 북측,3826,222,789,978,0.05802404600104548,0.20622059592263461,0.25561944589649765
2609,2609. 보성중고등학교 후문 앞,3825,849,480,406,0.22196078431372548,0.12549019607843137,0.10614379084967321
1679,1679. 삼육대 도서관,3821,137,635,856,0.03585448835383408,0.16618686207799005,0.22402512431300706
3114,3114.충정로역 3번 출구,3815,640,616,942,0.16775884665792923,0.1614678899082569,0.24692005242463957
2363,2363. 강남 을지병원 교차로,3798,175,989,884,0.04607688256977357,0.26040021063717744,0.23275408109531331
2305,2305. MCM 본사 직영점 앞,3798,85,1908,484,0.02238020010531859,0.5023696682464455,0.12743549236440233
1188,1188. 롯데중앙연구소,3789,307,1736,495,0.08102401689100026,0.45816838215888095,0.13064133016627077
1038,1038. 강일 다솜 어린이 공원,3788,702,502,911,0.1853220696937698,0.13252375923970433,0.24049630411826822
1525,1525. 미아동 복합청사,3779,670,717,791,0.17729558084149247,0.1897327335273882,0.20931463350092616
1819,1819. 금천구청 앞 자전거거치대,3773,339,775,742,0.08984892658362047,0.2054068380598993,0.19666048237476808
4908,4908. SB타워 앞,3761,117,1294,745,0.031108747673491092,0.34405743153416646,0.19808561552778517
2065,2065. 서울시여성가족재단,3748,670,471,855,0.17876200640341516,0.12566702241195304,0.22812166488794022
857,857. 현대 안성타워,3740,97,1061,1027,0.025935828877005348,0.2836898395721925,0.2745989304812834
3813,3813. 낙성대역 5번출구,3734,312,653,1108,0.08355650776647028,0.17487948580610604,0.2967327262988752
5100,5100. 강서도로사업소,3733,322,1505,420,0.08625770158049825,0.4031609965175462,0.11251004553978033
2406,2406. 논현동 광명빌딩 앞,3732,127,1069,807,0.03403001071811361,0.28644158628081456,0.2162379421221865
4277,4277. 서대문우체국 정류소 옆,3722,523,594,1000,0.14051585169263836,0.1595916174099946,0.2686727565824825
435,435. SK 남산빌딩,3705,559,749,727,0.15087719298245614,0.20215924426450743,0.196221322537112
4903,4903. 신사스퀘어,3704,140,1019,945,0.03779697624190065,0.27510799136069114,0.2551295896328294
442,442.서울역 서부,3698,953,590,908,0.2577068685776095,0.159545700378583,0.24553812871822606
1058,1058. 고덕숲 아이파크 1,3696,763,450,1003,0.20643939393939395,0.12175324675324675,0.2713744588744589
4882,4882. 위례포레샤인18단지 1802동,3694,681,489,883,0.18435300487276665,0.13237682728749323,0.2390362750406064
1761,1761.방학중학교 앞,3693,775,508,888,0.2098564852423504,0.13755754129434064,0.2404549147034931
4248,4248. 신촌 교보빌딩,3693,267,647,1127,0.07229894394800974,0.1751963173571622,0.3051719469266179
2398,2398. 더라움,3689,437,841,790,0.11846028734074275,0.2279750609921388,0.21415017619951207
2371,2371. 한국우편사업진흥원,3688,353,916,814,0.09571583514099784,0.24837310195227766,0.22071583514099782
3688,3688. 상일동산(동아아파트앞 교차로),3686,694,650,847,0.18827997829625612,0.176342919153554,0.22978838849701574
3973,3973. 독산2동주민센터 앞,3683,1016,345,858,0.27586206896551724,0.09367363562313331,0.23296225902796633
4668,4668. 기자촌사거리 B,3682,423,699,1032,0.11488321564367192,0.18984247691472025,0.28028245518739814
1703,1703. 도봉산광역환승센터앞 ,3676,162,1012,993,0.044069640914037,0.27529923830250275,0.27013057671381935
2203,2203. 청계산입구역 2번출구,3674,182,855,977,0.04953728905824714,0.23271638541099618,0.2659227000544366
4490,4490. 송파파인타운 10단지 1005동,3667,763,394,994,0.20807199345514044,0.1074447777474775,0.27106626670302697
1558,1558.강북문화정보도서관,3653,448,629,1168,0.12263892690938955,0.17218724336162058,0.3197372022994799
1466,1466.두산대림아파트 삼거리,3633,311,599,1060,0.08560418387007983,0.16487751169832093,0.2917698871456097
524,524. 래미안금호하이리버 아파트 102동 옆,3631,715,459,947,0.19691545028917654,0.1264114568989259,0.2608096942990912
4827,4827. 신내SK V1센터 앞,3614,276,1906,386,0.07636967349197565,0.527393469839513,0.10680686220254565
3661,3661. 명일동신동아아파트 앞,3607,591,529,819,0.16384807319101746,0.14665927363459938,0.22705849736623232
4153,4153. 흑석동효사정앞,3605,533,550,1054,0.1478502080443828,0.15256588072122051,0.29237170596393897
2310,2310. 청담동 맥도날드 옆(위치),3605,210,951,835,0.05825242718446602,0.2638002773925104,0.231622746185853
4132,4132. 이문삼익아파트 앞,3603,882,320,958,0.24479600333055787,0.08881487649181238,0.2658895364973633
4103,4103. 휘경sk뷰아파트 앞,3601,448,631,1068,0.12440988614273812,0.17522910302693695,0.2965842821438489
470,470.회현역 7번출구,3598,532,923,777,0.14785992217898833,0.2565314063368538,0.21595330739299612
4351,4351.서울AI허브 앞,3597,155,1159,632,0.04309146510981374,0.32221295524047816,0.17570197386711148
4768,4768. 서울도시건축전시관,3593,1055,741,532,0.2936264959643752,0.20623434455886447,0.1480656832730309
3910,3910. 목양전원교회 앞 로터리,3559,517,437,1012,0.14526552402360213,0.12278729980331554,0.28434953638662547
5785,5785.한림연예예술고등학교,3541,704,422,789,0.19881389438011862,0.11917537418808247,0.22281841287771817
978,978.녹번 힐스테이트상가앞,3541,362,747,944,0.1022310081897769,0.21095735667890425,0.26659135837334086
1951,1951. 천왕이펜하우스 4단지 후문,3541,863,461,952,0.24371646427562835,0.1301892120869811,0.26885060717311493
1823,1823. W컨템포오피스텔앞,3517,745,525,676,0.21182826272391242,0.14927495024168325,0.1922092692635769
139,139. 연세대 정문 건너편,3508,473,710,669,0.13483466362599772,0.2023945267958951,0.19070695553021666
4667,4667. 폭포동입구 교차로,3504,449,541,890,0.1281392694063927,0.15439497716894976,0.2539954337899543
1756,1756.서울북부광역등기국,3499,333,602,860,0.09517004858531009,0.172049156901972,0.24578450985995998
608,608. 전농삼성아파트,3499,833,418,812,0.23806801943412403,0.11946270362960847,0.23206630465847386
3109,3109.북한산더샾 106동 앞,3493,360,464,945,0.10306326939593473,0.13283710277698255,0.27054108216432865
616,616. 서울시립대 정문 앞 A,3468,279,478,766,0.08044982698961937,0.13783160322952712,0.22087658592848905
3923,3923. 구로공구상가 앞,3463,239,848,596,0.06901530464914814,0.24487438637019926,0.17210511117528154
1007,1007.암사동 선사유적지,3458,180,388,1406,0.05205320994794679,0.11220358588779641,0.4065934065934066
4605,"4605. 노들섬 다목적홀(동쪽) 숲, 앞",3456,84,689,1540,0.024305555555555556,0.19936342592592593,0.44560185185185186
5504,5504.아현교회,3453,426,896,731,0.12337098175499565,0.25948450622646974,0.21169997103967564
2235,2235.KT 서초지사 앞,3442,322,951,669,0.09355026147588612,0.27629285299244627,0.19436374201045903
3974,3974.  안천중학교,3433,1078,303,640,0.3140110690358287,0.08826099621322459,0.18642586658898921
5507,5507. 아현래미안푸르지오아파트 104동 앞,3433,1012,271,925,0.2947859015438392,0.07893970288377512,0.26944363530439847
4781,4781. 브라운스위트레지던스,3430,978,761,660,0.285131195335277,0.221865889212828,0.1924198250728863
2226,2226. 신동아럭스빌아파트 앞,3429,265,1305,692,0.07728200641586469,0.3805774278215223,0.20180810731991836
4240,4240. 아현문화건강센터,3428,825,473,792,0.24066511085180864,0.1379813302217036,0.2310385064177363
2088,2088.상도중앙하이츠빌 입구,3427,857,365,858,0.25007295010213015,0.10650714911000875,0.2503647505106507
3530,3530. 왕십리자이아파트 후문(삼거리),3427,790,298,883,0.2305223227312518,0.08695652173913043,0.25765976072366503
4956,4956. 암사역사공원역 1번출구,3419,626,579,1020,0.1830944720678561,0.16934776250365605,0.298332845861363
352,352. 중앙고입구 삼거리,3419,557,658,900,0.16291313249488154,0.1924539338988008,0.26323486399532026
6062,6062.서울역파출소,3419,1121,536,831,0.32787364726528223,0.15677098566832406,0.2430535244223457
1979,1979. 구로1동우체국 앞,3414,897,302,825,0.2627416520210896,0.08845928529584066,0.24165202108963094
4925,4925. 청담백영빌딩 앞,3414,198,925,726,0.05799648506151142,0.27094317516110134,0.2126537785588752
4177,4177. 롯데캐슬 101동 앞,3413,793,299,939,0.2323469088778201,0.0876062115440961,0.2751245238792851
2143,2143. 서울산업정보학교,3412,432,635,985,0.12661195779601406,0.18610785463071514,0.28868698710433766
2649,2649.오금공원사거리2,3402,435,559,992,0.12786596119929453,0.1643151087595532,0.2915931804820694
3703,3703. 삼양입구사거리,3400,594,405,910,0.17470588235294118,0.11911764705882352,0.2676470588235294
3622,3622. 은마아파트입구 사거리(1),3394,201,609,989,0.059222156747200945,0.17943429581614614,0.2913965822038892
1635,"1635. 상계3,4동 주민센터 대여소",3349,427,460,818,0.12750074649148999,0.1373544341594506,0.244252015527023
4454,4454. 위례 포레샤인 1809동 부근,3332,586,367,931,0.1758703481392557,0.11014405762304921,0.27941176470588236
1365,1365. 선잠단지 앞,3329,592,302,959,0.1778311805346951,0.0907179333133073,0.2880744968458997
410,410. 상암중학교 옆,3321,297,615,898,0.08943089430894309,0.18518518518518517,0.2704004817825956
2659,2659.서울친환경유통센터,3304,1046,302,572,0.31658595641646486,0.09140435835351089,0.17312348668280872
2817,2817.천왕이펜하우스5단지 앞,3292,389,556,738,0.11816524908869988,0.16889428918590524,0.22417982989064397
830,830. 강변삼성스위트아파트 앞,3277,853,584,773,0.2602990540128166,0.1782117790662191,0.23588648153799208
928,928. 은평역사한옥박물관,3275,399,588,1198,0.12183206106870229,0.17954198473282443,0.3658015267175573
6173,6173. 서울자동차운전전문학원,3263,229,849,599,0.07018081520073552,0.26019000919399327,0.18357339871284095
5852,5852. 대림동현대2차 201동 앞,3261,532,404,858,0.16314014106102423,0.1238883777982214,0.26310947562097514
3659,3659. 명일초등학교 옆,3251,405,593,798,0.12457705321439556,0.18240541371885574,0.24546293448169793
4519,4519. 양원보도육교,3249,363,263,229,0.11172668513388735,0.08094798399507541,0.07048322560787934
5879,5879. 국회도서관 2문 앞,3230,129,1144,581,0.039938080495356035,0.3541795665634675,0.17987616099071208
4802,4802. 새우개마을,3227,1079,756,534,0.33436628447474437,0.23427331887201736,0.165478772854044
5892,5892.국회의사당본관 좌측,3227,234,1502,255,0.072513170127053,0.46544778431980166,0.07902076231794236
5334,5334. 화랑대역 3번출구,3222,430,686,645,0.1334574798261949,0.21291123525760397,0.20018621973929238
2533,2533.한가람미술관 앞,3215,136,857,897,0.042301710730948676,0.2665629860031104,0.27900466562986004
4304,4304. 서울고앞,3211,570,566,861,0.17751479289940827,0.17626907505450015,0.26814076611647464
2350,2350. 래미안그레이튼102동앞,3209,387,696,699,0.1205983172327828,0.21688999688376442,0.21782486755998753
1379,1379.길음뉴타운푸르지오아파트 3단지,3196,1188,185,825,0.3717146433041302,0.05788485607008761,0.2581351689612015
3427,3427.인왕산 아이파크 정문,3195,1129,461,614,0.3533646322378717,0.14428794992175273,0.19217527386541472
827,827. 국군복지단,3187,131,1000,218,0.04110448697834954,0.3137747097583935,0.06840288672732978
4939,4939.도산공원,3186,194,795,741,0.06089139987445072,0.2495291902071563,0.23258003766478344
1357,1357. 북한산보국문역,3184,368,424,912,0.11557788944723618,0.13316582914572864,0.2864321608040201
1377,1377. 한국과학기술연구원 북문,3183,210,1223,442,0.06597549481621112,0.3842287150486962,0.13886270813697768
2401,2401. 밀알학교 입구 (삼성서울병원 입구),3180,573,426,898,0.180188679245283,0.1339622641509434,0.28238993710691823
3652,3652. 한영외국어고등학교,3173,747,477,681,0.23542388906397732,0.15033091711314214,0.21462338480932872
4319,4319. 삼성전자R&D어린이집 뒤,3159,377,894,472,0.11934156378600823,0.28300094966761635,0.14941437163659385
6053,6053. 중부세무서 앞,3158,230,662,653,0.07283090563647879,0.20962634578847372,0.20677644078530716
1376,1376. 한국과학기술연구원 중문,3151,35,1245,300,0.011107584893684545,0.3951126626467788,0.0952078705172961
2625,2625.가락종합 사회복지관,3145,950,404,728,0.302066772655008,0.12845786963434022,0.2314785373608903
2421,2421. 신논현역 4번출구,3144,339,624,894,0.10782442748091603,0.1984732824427481,0.28435114503816794
534,534. 금호사거리,3142,534,346,996,0.16995544239338,0.11012094207511139,0.316995544239338
3532,3532. 왕십리KCC스위첸아파트,3139,1144,227,577,0.3644472762026123,0.07231602421153234,0.18381650207072317
1314,1314. 정릉꿈에그린1단지 201동 앞,3112,582,336,790,0.1870179948586118,0.10796915167095116,0.2538560411311054
1316,1316. 고려사대부속중고 건너편 ,3107,216,525,741,0.06952043772127454,0.16897328612809784,0.2384937238493724
967,967. 서울혁신파크2,3101,126,743,822,0.040632054176072234,0.23960012899064817,0.26507578200580456
1857,1857. 주공14단지,3098,1202,319,663,0.3879922530664945,0.10296965784377017,0.21400903808908975
4608,4608. 국립중앙박물관 정문 앞,3088,100,730,1033,0.03238341968911917,0.23639896373056996,0.33452072538860106
2129,2129. 낙성대 과학전시관,3087,213,628,828,0.06899902818270165,0.20343375445416262,0.26822157434402333
4928,4928. 교수마을 입구,3083,431,680,694,0.1397988971780733,0.22056438533895556,0.22510541680181642
5767,5767. 북위례2,3074,604,325,886,0.19648666232921275,0.10572543916720885,0.28822381262199087
2383,2383. 보금자리정원,3066,509,494,841,0.16601435094585779,0.16112198303979125,0.2742987606001305
2223,2223. 방배래미안 정문 앞,3060,195,542,866,0.06372549019607843,0.17712418300653596,0.2830065359477124
1477,1477.면목삼익아파트 앞,3057,324,482,977,0.10598626104023552,0.15767091920183185,0.31959437356885834
4333,4333. 서울고등학교 건너편,3041,691,494,738,0.22722788556395923,0.16244656363038473,0.24268332785268004
2425,2425.세곡동 사거리(대왕초등학교 정류장),3037,406,500,801,0.13368455712874547,0.16463615409944024,0.2637471188673033
1731,1731. 도봉고등학교 맞은편,3030,328,409,913,0.10825082508250825,0.13498349834983497,0.30132013201320135
4088,4088. 김근태도서관,3029,152,441,1077,0.050181578078573784,0.14559260482007264,0.3555628920435787
3637,3637. 세곡데이케어센터,3025,639,357,733,0.2112396694214876,0.11801652892561984,0.24231404958677685
3624,3624. 대모산입구역 7번 출구 앞,3017,613,346,882,0.20318196884322173,0.114683460391117,0.2923433874709977
2037,2037. 동작역 5번출구 동작주차공원,3009,131,574,1187,0.04353605849119309,0.19076105018278497,0.3944832170156198
4327,4327. 몽마르뜨공원입구,3005,391,655,774,0.13011647254575706,0.21797004991680533,0.2575707154742097
1053,1053. 동명근린공원 진입로 (아리수로),2993,587,453,685,0.19612429001002338,0.1513531573671901,0.22886735716672235
5889,5889.의원회관출입구 앞,2984,158,897,490,0.05294906166219839,0.30060321715817695,0.16420911528150134
3111,3111.무악재역 4번 출구,2978,461,547,772,0.15480188045668233,0.1836803223640027,0.2592343854936199
1039,1039. 고덕초등학교,2976,754,380,793,0.25336021505376344,0.12768817204301075,0.2664650537634409
2159,2159. 인헌초교,2973,196,327,1010,0.06592667339387824,0.1099899091826438,0.33972418432559703
483,483.남산타운아파트 버스정류장,2971,316,474,992,0.10636149444631438,0.15954224166947156,0.3338943116795692
2248,2248. 서초리슈빌S 글로벌 앞,2965,900,404,646,0.30354131534569984,0.13625632377740304,0.2178752107925801
1410,1410. 면목 대원칸타빌아파트,2965,503,300,916,0.16964586846543,0.10118043844856661,0.30893760539629006
1842,1842. 한울중학교,2951,948,178,557,0.32124703490342255,0.0603185360894612,0.18874957641477466
196,196. 연희교차로 인근,2937,459,437,765,0.15628192032686414,0.1487912836227443,0.2604698672114402
2386,2386. 크린랩 본사,2936,470,699,698,0.1600817438692098,0.2380790190735695,0.23773841961852862
1352,1352. e 편한세상 보문아파트 내,2933,660,396,779,0.22502557108762358,0.13501534265257414,0.2655983634503921
4180,4180. 흑석동주민센터 입구,2931,550,306,874,0.18764926646195837,0.10440122824974411,0.29819174343227567
4583,4583. 의정관,2930,335,1235,265,0.11433447098976109,0.42150170648464164,0.09044368600682594
3100,3100. 북성초교,2927,366,472,783,0.1250427058421592,0.16125725999316706,0.267509395285275
2269,2269. 주홍교 하부,2924,391,580,801,0.13372093023255813,0.19835841313269495,0.27393980848153215
1675,1675. 월계문화체육센터,2924,531,422,385,0.18160054719562244,0.14432284541723667,0.13166894664842682
4271,4271. 충정로역 1번 출구,2921,417,728,771,0.14275932899691887,0.24922971585073606,0.26395070181444713
1858,"1858. 500번,507번 버스 종점 앞",2920,222,851,860,0.07602739726027398,0.29143835616438357,0.2945205479452055
1504,1504. 삼양시장오거리,2915,283,443,783,0.09708404802744425,0.15197255574614066,0.2686106346483705
522,522. 금호역 1번출구 앞,2909,210,600,756,0.07218975592987281,0.2062564455139223,0.2598831213475421
4461,4461. 한양3차아파트 3동 앞,2906,504,434,882,0.17343427391603577,0.14934618031658636,0.3035099793530626
3902,3902. 항동지구5단지 501동 앞,2902,627,308,808,0.2160578911095796,0.10613370089593384,0.27842866988283943
947,947. 연신내 선일하이츠빌 정류소,2894,581,369,753,0.20076019350380098,0.12750518313752593,0.2601935038009675
5331,5331. 공릉동 풍림아파트 112동 앞,2893,897,445,539,0.31005876253024545,0.1538195644659523,0.18631178707224336
1820,1820. 신한은행 시흥대로금융센터지점,2890,497,540,574,0.17197231833910034,0.18685121107266436,0.1986159169550173
3563,3563.구의7단지현대아파트,2879,845,387,818,0.2935046891281695,0.13442167419242793,0.2841264327891629
2417,"2417.선정릉 디캠프(D,CAMP)앞",2869,572,569,518,0.19937260369466714,0.198326943185779,0.18055071453468108
994,994.북한산생태공원입구(교통섬),2865,500,438,723,0.17452006980802792,0.15287958115183245,0.2523560209424084
1037,1037. 강일리버파크 6단지,2847,520,316,772,0.182648401826484,0.11099402880224798,0.2711626273270109
3915,3915. 동선아파트 앞,2843,245,325,899,0.08617657404150546,0.114315863524446,0.3162152655645445
2249,2249. 우솔초등학교 맞은편,2837,892,379,673,0.314416637292915,0.13359182234755024,0.23722241804723299
2184,2184. 구암초등학교 버스정류장,2834,480,309,866,0.16937191249117856,0.1090331686661962,0.305575158786168
1620,1620. 중계구민체육센터,2828,263,377,839,0.092998585572843,0.1333097595473833,0.2966760961810467
3555,3555.양지사거리(센트라스APT 115동앞),2815,656,330,691,0.2330373001776199,0.1172291296625222,0.24547069271758437
3804,3804. 낙성대공원,2800,55,364,1469,0.019642857142857142,0.13,0.5246428571428572
1393,1393.돈암육교 하단,2796,348,310,687,0.12446351931330472,0.11087267525035766,0.24570815450643776
1304,1304. 만해공원,2777,474,375,803,0.17068779258192293,0.13503781058696435,0.28916096507021966
3117,3117.이화여대 인문관 인근,2777,217,597,510,0.07814187972632337,0.21498019445444724,0.1836514223982715
4915,4915. 영동중앙교회 버스정류장,2775,448,682,455,0.16144144144144143,0.24576576576576575,0.16396396396396395
1424,1424. 양원역 2번출구,2770,241,622,639,0.08700361010830325,0.22454873646209386,0.23068592057761733
600,600. 휘경2동 주민센터,2763,259,333,668,0.09373868982989504,0.12052117263843648,0.2417661961635903
569,569. 응봉현대아파트 정류소,2761,424,375,915,0.15356754798985875,0.1358203549438609,0.33140166606302063
3503,3503. 광진유진스웰,2761,341,576,780,0.12350597609561753,0.20862006519377038,0.28250633828323074
4883,4883. 위례포레샤인18단지 1812동,2757,512,333,732,0.18570910409865796,0.12078346028291621,0.26550598476605003
1353,1353. 금호어울림센터힐 내,2756,714,232,876,0.2590711175616836,0.0841799709724238,0.3178519593613933
3561,3561.행당동 삼부APT후문,2752,123,538,785,0.04469476744186047,0.19549418604651161,0.2852470930232558
432,432. 마포중앙도서관,2745,166,633,819,0.0604735883424408,0.23060109289617486,0.2983606557377049
4310,4310. 염곡동(염통골) 입구,2741,503,458,516,0.18350966800437796,0.16709230207953302,0.18825246260488873
4479,4479. 문정중학교,2722,709,233,724,0.260470242468773,0.08559882439382807,0.2659808963997061
1541,1541. 삼양역,2706,177,401,750,0.06541019955654102,0.14818920916481892,0.2771618625277162
4672,4672. 준빌딩 앞,2694,357,375,735,0.13251670378619154,0.13919821826280623,0.2728285077951002
3431,3431.로제우스 레포츠센터,2682,231,569,779,0.08612975391498881,0.2121551081282625,0.290454884414616
4324,4324. 세화고등학교,2676,67,504,714,0.025037369207772796,0.18834080717488788,0.26681614349775784
4911,4911. 도곡동 골프 로데오거리,2672,476,559,538,0.1781437125748503,0.2092065868263473,0.20134730538922155
2804,2804.항동지구 6단지 602동 앞,2671,276,340,918,0.1033320853612879,0.1272931486334706,0.34369150131037063
2318,2318. 삼성중앙역4번출구(문화센터더 리빌),2670,355,610,598,0.13295880149812733,0.22846441947565543,0.22397003745318353
1344,1344. 아리랑시네센터 앞,2662,171,444,855,0.0642374154770849,0.16679188580015025,0.3211870773854245
4488,"4488. 문현중,고등학교 사이",2656,265,355,713,0.09977409638554217,0.13365963855421686,0.2684487951807229
4919,4919. 학여울역사거리(은마아파트),2645,520,371,800,0.19659735349716445,0.14026465028355387,0.30245746691871456
1847,1847. 독산주공 14단지 버스정류소,2643,587,760,631,0.22209610291335605,0.2875520242149073,0.23874385168369278
4959,4959. 암사역사공원역 3번출구,2642,885,600,379,0.33497350492051475,0.22710068130204392,0.14345193035579107
1422,1422. 신내우디안아파트 1단지,2638,112,641,658,0.04245640636846096,0.24298711144806673,0.2494313874147081
3766,3766. 강서문화센터,2622,883,245,598,0.33676582761250956,0.09344012204424104,0.22807017543859648
3924,3924. 오류동 계림웨스트밸리 앞,2620,592,340,532,0.22595419847328244,0.1297709923664122,0.20305343511450383
4613,4613. 서울갤러리아 앞,2617,72,534,954,0.027512418800152847,0.20405043943446693,0.36453954910202524
1392,1392.돈암삼성풍림아파트,2609,568,212,674,0.21770793407435798,0.08125718666155615,0.2583365274051361
1342,1342. 성북쉼터 앞,2604,551,319,644,0.21159754224270352,0.12250384024577574,0.24731182795698925
1463,1463.중랑구민회관,2602,328,320,617,0.12605687932359724,0.12298232129131437,0.23712528823981552
2516,2516.본마을 노인복지센터 앞,2574,312,413,844,0.12121212121212122,0.16045066045066045,0.3278943278943279
3701,3701. 방아삼거리,2565,109,317,898,0.04249512670565302,0.12358674463937622,0.3500974658869396
3806,3806. 낙성대 교수아파트,2562,243,505,691,0.09484777517564402,0.19711163153786104,0.2697111631537861
977,977.신도중학교앞,2551,445,403,706,0.17444139553116425,0.15797726381811056,0.27675421403371225
297,297.국회3문,2522,485,681,574,0.19230769230769232,0.2700237906423473,0.22759714512291832
3531,3531. 논골사거리(금호도서관 입구),2519,471,262,809,0.1869789599047241,0.10400952759031362,0.32115919015482336
449,449. 일성아파트,2513,468,343,653,0.1862315957023478,0.13649025069637882,0.25984878631118186
1467,1467.sk신내 주유소앞(용마산로),2498,118,410,724,0.04723779023218575,0.16413130504403523,0.2898318654923939
451,451. 청와대앞길,2497,196,577,782,0.07849419303163796,0.23107729275130157,0.3131758109731678
443,443.호암아트홀,2477,595,882,202,0.24020993136859103,0.3560758982640291,0.08155026241421073
4305,4305. 서일스포츠센터,2476,573,367,592,0.231421647819063,0.14822294022617125,0.23909531502423265
855,855.이촌역5번출구 앞,2475,247,518,840,0.0997979797979798,0.20929292929292928,0.3393939393939394
1435,1435. 능산삼거리,2468,402,287,637,0.16288492706645058,0.11628849270664506,0.25810372771474877
1315,1315. 고려사대부속중고 정문,2460,178,372,709,0.07235772357723577,0.15121951219512195,0.28821138211382114
973,973.제각말푸르지오 5-1단지 아파트,2443,395,347,717,0.1616864510847319,0.14203847728203028,0.2934916086778551
2334,2334. 삼호아파트 2동 ( 간선도로),2433,359,465,343,0.14755445951500207,0.19112207151664612,0.14097821619399917
1459,1459. 용마한신아파트사거리,2427,326,243,703,0.13432220848784507,0.10012360939431397,0.2896580140090647
1006,1006. 롯데캐슬 115동앞,2423,386,396,630,0.15930664465538588,0.16343375980189848,0.260008254230293
3620,3620. 청담역 11번 출구,2422,817,400,458,0.33732452518579686,0.16515276630883569,0.18909991742361684
5339,5339. 은빛1단지 아파트 앞,2422,254,373,619,0.10487200660611065,0.15400495458298927,0.2555739058629232
2519,2519.서초2교(사임당로 방면),2416,558,394,548,0.23096026490066227,0.1630794701986755,0.22682119205298013
859,859.남산공원 야외식물원 앞,2416,171,432,759,0.07077814569536424,0.17880794701986755,0.31415562913907286
4623,4623. 라인프랜즈이태원점 앞,2403,99,466,773,0.04119850187265917,0.1939242613399917,0.32168123179359137
4845,4845. 신내역금강펜테리움센트럴파크,2398,503,474,519,0.2097581317764804,0.19766472060050042,0.21643035863219348
4538,4538. 양천공영차고지,2390,163,437,482,0.06820083682008368,0.18284518828451882,0.20167364016736403
4417,4417. 성북청소년문화의집,2367,366,298,571,0.15462610899873258,0.12589776087874946,0.2412336290663287
2041,2041. 사당중학교 버스정류소,2360,415,243,690,0.17584745762711865,0.10296610169491525,0.2923728813559322
2532,2532.국립국악원 앞,2339,251,793,489,0.10731081658828559,0.3390337751175716,0.20906370243693886
161,161. 무악재역1번 출구,2338,343,414,718,0.1467065868263473,0.1770744225834046,0.30710008554319934
4881,4881. 거여동사거리 송파둘레길 입구,2331,454,356,603,0.19476619476619478,0.1527241527241527,0.25868725868725867
3970,3970. 시흥4동주민센터 앞,2329,833,164,466,0.35766423357664234,0.07041648776298841,0.2000858737655646
3629,3629. 청담사거리(신한오피스텔빌딩 앞),2326,82,699,497,0.0352536543422184,0.3005159071367154,0.21367153912295786
4879,4879. 마천청소년센터,2322,457,245,646,0.19681309216192938,0.10551248923341947,0.27820844099913866
4473,4473. 마천금호어울림 1차 102동앞,2311,435,282,691,0.18823020337516227,0.12202509736045002,0.29900475984422326
5897,5897.여의도공작아파트,2292,130,717,740,0.056719022687609075,0.31282722513089006,0.3228621291448517
2040,2040. 비계 버스정류소,2285,288,237,735,0.12603938730853392,0.1037199124726477,0.32166301969365424
4611,4611. 국제루터교회 앞,2281,192,466,599,0.08417360806663744,0.20429636124506795,0.2626041209995616
4158,4158. 노량진근린공원,2265,415,269,604,0.18322295805739514,0.11876379690949228,0.26666666666666666
127,127. 현대벤처빌 앞,2265,226,419,596,0.09977924944812362,0.18498896247240618,0.2631346578366446
1866,1866.서울안천초등학교 옆,2248,280,439,538,0.12455516014234876,0.1952846975088968,0.2393238434163701
3418,3418.창신역2번 출구,2242,547,243,535,0.243978590544157,0.10838537020517396,0.23862622658340768
1101,1101. 상사마을 버스정류장(아라대교방면),2236,403,418,481,0.18023255813953487,0.18694096601073346,0.21511627906976744
2165,2165. JK장평타워,2223,122,393,656,0.054880791722896984,0.1767881241565452,0.29509671614934774
4021,4021. 중계본동 입구,2216,445,282,572,0.20081227436823104,0.1272563176895307,0.2581227436823105
1573,1573.현대성우아파트 옆,2202,392,206,664,0.17801998183469572,0.09355131698455948,0.30154405086285196
1370,1370. 복자사랑 피정의 집,2198,404,202,749,0.18380345768880801,0.09190172884440401,0.34076433121019106
938,938. 금암 문화공원,2190,224,394,679,0.10228310502283106,0.17990867579908676,0.31004566210045664
2536,2536.서초AICT 우수기업센터 앞,2161,267,537,333,0.12355391022674687,0.24849606663581675,0.15409532623785285
1861,1861.IBK기업은행 석수역 지점 앞,2155,160,538,610,0.07424593967517401,0.24965197215777263,0.28306264501160094
4323,4323. 내곡도서관,2146,129,364,638,0.06011183597390494,0.16961789375582478,0.2972972972972973
4584,4584. 국회2문,2131,207,804,306,0.09713749413420929,0.37728765837634914,0.14359455654622244
681,681.서울특별시 동부교육지원청(육교),2099,351,357,402,0.1672224868985231,0.1700809909480705,0.19151977131967604
1418,1418. 새솔초등학교,2084,545,183,497,0.2615163147792706,0.08781190019193857,0.23848368522072938
4916,4916. 청담역 1번출구,2082,303,396,546,0.14553314121037464,0.19020172910662825,0.2622478386167147
2079,2079.중앙대학교 중앙광장,2073,287,328,534,0.1384466956102267,0.15822479498311626,0.2575976845151954
992,992.북한산입구 정류장,2066,90,244,931,0.04356243949661181,0.1181026137463698,0.4506292352371733
2807,2807.항동지구 1단지 105동 앞,2063,234,328,628,0.11342704798836646,0.15899175957343675,0.30441105186621426
200,200. 국회의원회관,2060,253,799,104,0.12281553398058252,0.38786407766990294,0.05048543689320388
974,974.연신초등학교옆 마을마당,2059,391,275,571,0.18989800874210783,0.13355998057309373,0.2773190869354055
4421,4421. 롯데캐슬클라시아 입구 앞,2059,325,408,574,0.15784361340456532,0.19815444390480816,0.2787761049052938
4681,4681.박석고개(은평소방서) 앞,2050,298,319,536,0.14536585365853658,0.15560975609756098,0.26146341463414635
2257,2257. 청계산 입구 삼거리,2048,40,795,458,0.01953125,0.38818359375,0.2236328125
3401,3401.창신두산아파트,2039,800,220,467,0.392349190779794,0.10789602746444335,0.22903384011770475
3428,3428.서울미술관,2021,396,273,679,0.19594260267194458,0.1350816427511133,0.3359722909450767
3911,3911. 항동하버리안2단지아파트 후문,2016,291,265,602,0.14434523809523808,0.1314484126984127,0.2986111111111111
465,465. 삼청공원 앞,2007,374,491,441,0.1863477827603388,0.24464374688589935,0.21973094170403587
2078,2078.흑석 아크로리버하임(103동),1996,201,371,579,0.10070140280561123,0.18587174348697394,0.29008016032064127
1730,1730. 도봉산역 교차로 앞,1993,42,497,558,0.021073758153537382,0.249372804816859,0.2799799297541395
4936,4936. SK텔레콤(T1) 인근,1992,227,526,437,0.11395582329317269,0.2640562248995984,0.21937751004016065
3720,3720. 우이천 창번교,1991,327,361,581,0.16423907584128578,0.18131592164741336,0.29181315921647416
2808,2808.항동지구 2단지 202동 앞,1988,280,272,549,0.14084507042253522,0.13682092555331993,0.2761569416498994
2199,2199.신봉천주유소 A,1987,199,303,599,0.10015098137896326,0.1524911927528938,0.3014594866633115
2093,2093.상도SH빌아파트 입구,1966,225,254,563,0.11444557477110885,0.12919633774160733,0.2863682604272635
2225,2225.백석예술대학교 제3캠퍼스 앞,1964,200,841,353,0.10183299389002037,0.42820773930753564,0.17973523421588594
2806,2806.항동지구 4단지 입구,1957,488,241,531,0.24936126724578436,0.12314767501277465,0.27133367399080227
3539,3539. 서원마을,1943,264,465,652,0.13587236232629954,0.2393206381883685,0.3355635615028307
1445,1445. 용마지구대 A,1940,297,289,496,0.15309278350515465,0.14896907216494845,0.2556701030927835
2207,2207. 내곡파출소 뒤 정자,1940,331,469,401,0.17061855670103093,0.24175257731958763,0.20670103092783504
1513,1513. 강북구청 뒷편,1939,125,325,539,0.06446621970087674,0.16761217122227953,0.2779783393501805
1836,1836. 금천구립 독산도서관,1928,383,328,445,0.19865145228215766,0.17012448132780084,0.2308091286307054
2814,2814.항동지구 10단지 1001동 앞,1927,789,183,496,0.40944473274519977,0.09496626881162429,0.25739491437467565
1250,1250.문정2동 주민센터,1923,319,217,446,0.16588663546541862,0.11284451378055123,0.23192927717108686
4336,4336. 서울교육청 교육연수원 앞,1919,124,765,241,0.06461698801459093,0.3986451276706618,0.1255862428348098
1283,1283. 오금공원 사거리,1889,249,317,550,0.13181577554261514,0.16781365802011647,0.2911593435680254
1453,1453. 중랑캠핑숲,1856,432,241,432,0.23275862068965517,0.12984913793103448,0.23275862068965517
1971,1971. 오정초교 앞 보도육교,1848,104,303,413,0.05627705627705628,0.16396103896103897,0.22348484848484848
921,921. 신도고등학교,1843,237,355,496,0.12859468258274553,0.19262072707542052,0.26912642430819317
3429,3429.HW컨벤션센터 앞,1838,486,192,547,0.264417845484222,0.1044613710554951,0.29760609357997825
2354,2354. 청담역 2번출구,1815,230,372,554,0.12672176308539945,0.2049586776859504,0.3052341597796143
3714,3714. 송천센트레빌,1803,316,171,503,0.1752634498058791,0.09484193011647254,0.2789794786466999
5308,5308. 상계신동아아파트,1788,200,196,663,0.11185682326621924,0.10961968680089486,0.37080536912751677
3610,3610. 윗반마을 입구,1777,154,389,612,0.08666291502532358,0.21890827236916152,0.34440067529544177
4942,4942.율현삼거리,1765,73,382,476,0.041359773371104816,0.21643059490084987,0.2696883852691218
4760,4760. 서울역 7번출구,1755,146,504,281,0.08319088319088319,0.28717948717948716,0.16011396011396012
945,945. 기자촌 사거리 A,1752,295,280,488,0.16837899543378995,0.1598173515981735,0.2785388127853881
2130,2130. 영어마을 관악캠프,1751,100,316,551,0.05711022272986865,0.18046830382638493,0.31467732724157627
854,854.HID 유족동지회 앞,1734,55,308,642,0.031718569780853516,0.1776239907727797,0.370242214532872
1242,1242. 문정 법조단지6,1719,276,502,358,0.16055846422338568,0.2920302501454334,0.20826061663758
2068,2068. 총신대 앞(육교),1702,278,337,378,0.16333725029377202,0.19800235017626322,0.22209165687426558
2284,2284. CJ오쇼핑앞,1699,69,573,384,0.04061212477928193,0.3372572101236021,0.22601530311948204
725,725. 양강중학교앞 교차로,1688,207,252,520,0.1226303317535545,0.14928909952606634,0.3080568720379147
1538,1538. 솔밭공원역,1687,139,209,532,0.08239478363959692,0.12388855957320688,0.3153526970954357
4772,4772. 중앙일보,1685,95,717,179,0.05637982195845697,0.4255192878338279,0.10623145400593471
4617,4617. 동원베네스트 건너편,1681,327,229,400,0.19452706722189173,0.13622843545508626,0.2379535990481856
1550,1550.삼각산아이원아파트(105동 옆),1642,493,128,480,0.3002436053593179,0.0779537149817296,0.292326431181486
1572,1572. 우이동 먹거리마을,1623,142,231,642,0.08749229821318547,0.1423290203327172,0.3955637707948244
5880,5880. 국회박물관,1616,34,383,126,0.02103960396039604,0.2370049504950495,0.07797029702970297
3648,3648. 구룡역 4번 출구,1609,99,338,452,0.061528899937849595,0.21006836544437538,0.2809198259788689
1855,1855. 성지아파트 옆 도로변,1608,234,201,379,0.1455223880597015,0.125,0.23569651741293532
5888,5888.여의도성당,1600,106,644,392,0.06625,0.4025,0.245
3003,3003.래미안신공덕3차아파트,1579,471,139,432,0.2982900569981001,0.08803039898670044,0.27359088030398987
968,968. 은평뉴타운 상림마을 13단지,1577,376,124,401,0.238427393785669,0.07863031071655041,0.25428027901078
564,564. 금호역 3번출구,1550,133,159,527,0.08580645161290322,0.10258064516129033,0.34
4178,4178. 이수성결교회 옆,1542,99,272,521,0.06420233463035019,0.17639429312581065,0.33787289234760054
6185,6185.가양나들목,1526,223,173,532,0.14613368283093053,0.11336828309305373,0.3486238532110092
4612,4612. 이태원로 255,1479,47,244,526,0.03177822853279243,0.1649763353617309,0.3556457065584855
1969,1969. 궁동생태공원,1478,134,195,409,0.09066305818673884,0.13193504736129905,0.2767253044654939
4309,4309. 서초케이타운앞,1476,111,202,393,0.07520325203252033,0.13685636856368563,0.266260162601626
3940,3940.삼각어린이공원 앞,1473,407,175,335,0.27630685675492195,0.11880515953835709,0.22742701968771215
3404,3404.서울특별시 중부교육지원청,1466,236,315,186,0.16098226466575716,0.21487039563437926,0.12687585266030013
2809,2809.항동지구 11단지 1103동 앞,1463,197,211,518,0.1346548188653452,0.1442241968557758,0.35406698564593303
447,447. 신영동삼거리,1461,163,219,406,0.11156741957563313,0.14989733059548255,0.2778918548939083
969,969. 은평 지웰테라스,1459,291,110,318,0.19945167923235094,0.07539410555174778,0.21795750514050719
3937,3937. 개봉역 신영지웰에스테이트,1450,375,251,372,0.25862068965517243,0.17310344827586208,0.25655172413793104
966,966. 서울혁신파크1,1448,103,411,410,0.07113259668508287,0.2838397790055249,0.28314917127071826
1066,1066.생태공원앞 교차로(조명탑),1447,265,249,436,0.18313752591568763,0.17208016586040084,0.3013130615065653
486,486. 평창동주민센터 앞,1440,101,258,457,0.07013888888888889,0.17916666666666667,0.3173611111111111
2805,2805.구로자원순환센터 ,1428,125,182,508,0.08753501400560224,0.12745098039215685,0.3557422969187675
4690,4690.은평뉴타운폭포동 힐스테이트4단지,1408,229,208,502,0.16264204545454544,0.14772727272727273,0.3565340909090909
4782,4782. 서소문역사공원,1406,257,446,217,0.18278805120910385,0.31721194879089615,0.15433854907539118
5786,5786.문정로데오거리입구,1397,164,295,410,0.11739441660701504,0.21116678596993557,0.2934860415175376
4896,4896. 송파레이크힐,1352,355,248,247,0.2625739644970414,0.1834319526627219,0.18269230769230768
5601,5601.감정평가사회관앞,1343,120,340,375,0.08935219657483247,0.25316455696202533,0.27922561429635145
4099,4099.창동역 이마트 건너편,1288,107,210,363,0.08307453416149069,0.16304347826086957,0.28183229813664595
381,381. 장충체육관,1286,110,260,329,0.08553654743390357,0.20217729393468117,0.2558320373250389
4044,4044. 공릉산 백세문 입구,1278,150,152,509,0.11737089201877934,0.1189358372456964,0.3982785602503912
2506,2506. LG유플러스 (방배사옥),1261,51,365,281,0.040444091990483745,0.28945281522601113,0.22283901665344966
2508,2508. 양재이스타빌 앞,1256,177,317,305,0.1409235668789809,0.25238853503184716,0.2428343949044586
937,937. 상림마을 롯데캐슬2단지 옆,1254,75,171,519,0.05980861244019139,0.13636363636363635,0.4138755980861244
1723,1723. 방학동학마을도서관,1245,141,265,363,0.11325301204819277,0.21285140562248997,0.29156626506024097
3972,3972. 산기슭공원 앞,1238,395,89,277,0.31906300484652667,0.07189014539579967,0.22374798061389337
5898,5898.당산역 1번출구,1236,69,350,312,0.055825242718446605,0.28317152103559873,0.2524271844660194
4348,4348. 사당역 1번출구,1207,197,296,223,0.1632145816072908,0.2452361226180613,0.18475559237779618
991,991.흥국사 정류장,1195,106,142,429,0.0887029288702929,0.11882845188284519,0.35899581589958157
2541,2541.옛골 입구,1173,205,224,382,0.17476555839727195,0.19096334185848252,0.3256606990622336
5337,5337. 태강릉 앞,1169,62,187,474,0.05303678357570573,0.15996578272027373,0.40547476475620187
4777,4777. 약수동 주민센터,1160,116,164,375,0.1,0.1413793103448276,0.3232758620689655
4334,4334. 인재개발원 데이터센터,1152,47,278,201,0.04079861111111111,0.24131944444444445,0.17447916666666666
2096,2096.서울특별시 동작관악교육지원청,1132,356,149,243,0.31448763250883394,0.13162544169611307,0.2146643109540636
2810,2810.항동지구 3단지 311동 앞,1128,176,181,409,0.15602836879432624,0.16046099290780141,0.3625886524822695
429,429. 송도병원,1105,201,103,377,0.18190045248868777,0.09321266968325792,0.3411764705882353
523,523. 옥수동성당 옆,1080,81,159,356,0.075,0.14722222222222223,0.3296296296296296
3781,3781. 강서아동복지센터,1072,96,218,253,0.08955223880597014,0.20335820895522388,0.23600746268656717
2392,2392. 구룡산 입구 (구룡산 서울둘레길 입구),1072,245,196,241,0.228544776119403,0.1828358208955224,0.2248134328358209
1822,1822. 서울 시흥동우체국 앞,1021,208,171,259,0.20372184133202742,0.16748285994123407,0.25367286973555336
556,556. 달맞이공원,1019,50,210,388,0.04906771344455348,0.20608439646712462,0.380765456329735
2289,2289. 남태령역 2번출구,1017,151,260,202,0.14847590953785644,0.255653883972468,0.19862340216322516
4523,4523. 구립양천어르신요양센터,983,137,152,342,0.13936927772126145,0.15462868769074262,0.34791454730417093
4337,4337. 우면산등산로 입구,978,96,381,187,0.09815950920245399,0.3895705521472393,0.19120654396728015
3787,3787. 가양나들목,964,58,171,364,0.06016597510373444,0.17738589211618258,0.3775933609958506
2813,2813.항동지구 3단지 302동 앞,928,351,81,236,0.37823275862068967,0.08728448275862069,0.2543103448275862
2816,2816.항동지구 8단지 803동옆(주차장입구),916,160,151,228,0.17467248908296942,0.1648471615720524,0.24890829694323144
5320,5320. 국제 스케이트장,869,46,147,228,0.05293440736478711,0.16915995397008055,0.26237054085155354
4644,4644.서울특별시교육청 앞,838,124,97,257,0.14797136038186157,0.11575178997613365,0.30668257756563244
4944,4944.젠빌딩,807,143,192,167,0.1771995043370508,0.2379182156133829,0.20693928128872366
1678,1678. 성서대학교 밀알관,774,124,190,80,0.16020671834625322,0.2454780361757106,0.10335917312661498
3878,3878. 장로회신학대학교 주기철 기념관,762,21,164,212,0.027559055118110236,0.2152230971128609,0.2782152230971129
4322,4322.서울추모공원 입구,743,45,140,179,0.06056527590847914,0.18842530282637954,0.24091520861372812
2288,2288. 안골마을입구,673,100,102,192,0.1485884101040119,0.1515601783060921,0.2852897473997028
4415,4415. 미아초교버스승강장,643,83,91,182,0.1290824261275272,0.14152410575427682,0.28304821150855364
4968,4968.강동구 자원순환센터,634,19,205,194,0.02996845425867508,0.32334384858044163,0.305993690851735
2287,2287. 능안마을입구,606,28,237,50,0.0462046204620462,0.3910891089108911,0.08250825082508251
3971,3971. 순흥안씨묘 건너편,598,141,81,136,0.23578595317725753,0.1354515050167224,0.22742474916387959
2064,2064. 흑석한강푸르지오 106동앞,575,191,32,123,0.33217391304347826,0.05565217391304348,0.21391304347826087
3968,3968. 독산동 현대홈타운 금천과선교 앞,572,140,67,144,0.24475524475524477,0.11713286713286714,0.2517482517482518
5327,5327. 태릉선수촌 앞,555,21,122,152,0.03783783783783784,0.21981981981981982,0.27387387387387385
4363,4363. 신금호역 2번출구 앞,540,34,96,164,0.06296296296296296,0.17777777777777778,0.3037037037037037
1680,1680. 삼육대 제3과학관,504,11,106,93,0.021825396825396824,0.21031746031746032,0.18452380952380953
1280,1280. 송파파크데일 2단지입구 앞 주차장,481,84,56,112,0.17463617463617465,0.11642411642411643,0.23284823284823286
4343,4343. 헌인릉 입구,481,121,77,117,0.2515592515592516,0.1600831600831601,0.24324324324324326
3527,3527. 왕십리 자이아파트(101동 앞),406,76,54,114,0.18719211822660098,0.1330049261083744,0.28078817733990147
4933,4933. 디에이치퍼스티어아이파크 159동 앞,343,67,32,108,0.19533527696793002,0.09329446064139942,0.31486880466472306
4338,4338.새정이마을버스정류장 앞,330,31,32,129,0.09393939393939393,0.09696969696969697,0.39090909090909093
3430,3430.구기치안센터 앞,330,25,57,119,0.07575757575757576,0.17272727272727273,0.3606060606060606
2286,2286. 탑성마을입구,320,96,41,69,0.3,0.128125,0.215625
2391,2391. 구룡터널 입구(개포1단지아파트),312,64,91,88,0.20512820512820512,0.2916666666666667,0.28205128205128205
2314,2314. 청담나들목입구,260,29,49,65,0.11153846153846154,0.18846153846153846,0.25
2612,2612. 광평교사거리 인근,197,7,24,68,0.03553299492385787,0.1218274111675127,0.34517766497461927
9980,AS센터,134,10,30,1,0.07462686567164178,0.22388059701492538,0.007462686567164179
1362,1362. 보문역6번출구 앞,30,2,3,13,0.06666666666666667,0.1,0.43333333333333335
2007,2007. 유한양행앞,27,3,7,0,0.1111111111111111,0.25925925925925924,0.0
1845,1845. 롯데캐슬골드파크1차 서문,7,2,1,2,0.2857142857142857,0.14285714285714285,0.2857142857142857
3605,3605. 봉은사역6번출구(현대아이파크타워앞),5,0,2,0,0.0,0.4,0.0
3305,3305.낙성대역 8번 출구,4,0,2,0,0.0,0.5,0.0
5855,5855. 하이투자증권 앞,4,0,0,2,0.0,0.0,0.5
3779,3779. 유광사여성병원,4,0,3,0,0.0,0.75,0.0
1721,1721. 창동역 2번출구 ,4,0,2,0,0.0,0.5,0.0
2135,2135. 신림역 5번출구,4,0,0,0,0.0,0.0,0.0
2322,2322. 삼성역 3번 출구,3,0,0,3,0.0,0.0,1.0
5854,5854. 신한금융투자 앞,3,0,0,2,0.0,0.0,0.6666666666666666
211,211. 여의도역 4번출구 옆,3,0,0,2,0.0,0.0,0.6666666666666666
764,764. 목동청소년수련관,2,0,0,1,0.0,0.0,0.5
2113,2113. 관악동작견인차량보관소,1,0,1,0,0.0,1.0,0.0
212,212. 여의도역 1번출구 옆,1,0,0,0,0.0,0.0,0.0
2355,2355. 삼성역 5~6번 출구 사이,1,0,0,0,0.0,0.0,0.0
3603,3603. 삼성역 2번출구,1,0,0,1,0.0,0.0,1.0
1026,1026. 대명초교 입구 교차로,1,1,0,0,1.0,0.0,0.0
3621,3621. 휘문고교 사거리,1,0,0,1,0.0,0.0,1.0
253,253. 신풍역 5번출구 인근,1,0,0,0,0.0,0.0,0.0
