순위,대여소번호,대여소명,가중합종합점수(5점만점),전체이용건수_점수,평일출근비중_점수,평일퇴근비중_점수,주말이용비중_점수,전체이용건수
1,"2622","2622. 올림픽공원역 3번출구",4.25,5,3,4,5,79556
2,"2608","2608. 송파구청",4.25,5,2,5,5,79455
3,"1906","1906. 신도림역 1번 출구 앞",4.25,5,5,5,2,59498
4,"207","207. 여의나루역 1번출구 앞",4.25,5,2,5,5,47872
5,"4535","4535. 목동12단지 아파트",4.25,5,5,2,5,35650
6,"1908","1908. 해원리바파크 육교 밑",4.25,5,5,4,3,35460
7,"1996","1996. 구일역 1번 출입구 앞",4.25,5,3,4,5,25188
8,"3934","3934. 철도교통관제센터 정문 앞",4.25,5,5,5,2,23348
9,"2715","2715.마곡나루역 2번 출구",4.00,5,5,5,1,173645
10,"1210","1210. 롯데월드타워(잠실역2번출구 쪽)",4.00,5,3,5,3,122673
11,"2701","2701. 마곡나루역 5번출구 뒤편",4.00,5,5,5,1,114953
12,"502","502. 자양(뚝섬한강공원)역 1번출구 앞",4.00,5,2,4,5,88882
13,"1911","1911. 구로디지털단지역 앞",4.00,5,4,5,2,70484
14,"769","769.CBS방송국 앞",4.00,5,1,5,5,69556
15,"3533","3533. 건대입구역 사거리(롯데백화점)",4.00,5,2,4,5,68937
16,"247","247. 당산역 10번출구 앞",4.00,5,3,5,3,67725
17,"272","272. 당산육갑문",4.00,5,2,4,5,67379
18,"4565","4565. 영등포 신세계백화점",4.00,5,1,5,5,66307
19,"2620","2620. 송파나루역 4번 출구옆",4.00,5,3,3,5,61183
20,"1151","1151. 마곡역1번출구",4.00,5,4,5,2,59399
21,"5858","5858. 영등포역5번출구",4.00,5,4,3,4,59215
22,"508","508. 성수아카데미타워 앞",4.00,5,5,5,1,57587
23,"1009","1009. 천호역4번출구(현대백화점)",4.00,5,1,5,5,57506
24,"4531","4531. 목동아파트 613동 앞",4.00,5,5,2,4,45950
25,"1295","1295. 잠실역 8번출구",4.00,5,1,5,5,44519
26,"3219","3219.영등포역 1번출구",4.00,5,4,4,3,43185
27,"1209","1209. 잠실나루역 (2번 출구 쪽)",4.00,5,4,5,2,41960
28,"228","228. 선유도역 3번출구 앞",4.00,5,2,4,5,41758
29,"5882","5882. 휴젠느",4.00,5,5,3,3,41285
30,"1264","1264. 천호역 10번 출구 앞",4.00,5,3,5,3,40738
31,"2623","2623.석촌동 주민센터",4.00,5,4,3,4,40120
32,"4865","4865. 한성백제역 1번출구 뒤",4.00,5,4,3,4,39097
33,"5862","5862. 당산역11번출구",4.00,5,4,5,2,39067
34,"3784","3784. 벽산아파트",4.00,5,5,2,4,37956
35,"565","565. 옥수역 3번출구",4.00,5,2,4,5,37283
36,"147","147. 마포역 4번출구 뒤",4.00,5,2,5,4,35286
37,"2176","2176. 보라매공원 보도육교",4.00,5,4,2,5,35163
38,"6058","6058. 시청역 2번출구",4.00,5,5,5,1,34914
39,"1251","1251. 석촌역 2번출구",4.00,5,2,4,5,34142
40,"117","117. 홍은사거리",4.00,5,2,4,5,34067
41,"3868","3868. 자양한강도서관",4.00,5,5,2,4,32039
42,"1162","1162. 공항초등학교건너편",4.00,5,5,2,4,31900
43,"2632","2632.석촌고분역 2번 출구",4.00,5,3,3,5,31895
44,"2615","2615. 테라타워2",4.00,5,5,5,1,31739
45,"796","796.목동아파트 14단지 B상가 앞",4.00,5,5,2,4,31297
46,"1226","1226. 잠실4동 주민센터 옆",4.00,5,5,3,3,31070
47,"512","512. 뚝섬역 1번 출구 옆",4.00,5,2,5,4,30925
48,"2635","2635.잠실새내역 1번출구",4.00,5,2,4,5,30924
49,"284","284. 센트럴 푸르지오 시티 앞",4.00,5,3,4,4,30064
50,"1198","1198. LG 사이언스파크",4.00,5,5,5,1,29807
51,"786","786.목동아파트 8단지 상가동 앞",4.00,5,4,2,5,29591
52,"548","548. 자양나들목",4.00,5,5,1,5,29111
53,"4481","4481. 올림픽공원 북2문 B",4.00,5,2,4,5,28413
54,"4122","4122. 청계9가교차로 앞",4.00,5,5,3,3,27804
55,"226","226. 샛강역 1번출구 앞",4.00,5,5,5,1,27796
56,"574","574. 아차산역4번출구",4.00,5,4,3,4,27663
57,"1851","1851. 가산디지털단지 9번출구 인근",4.00,5,5,5,1,27458
58,"203","203. 국회의사당역 3번출구 옆",4.00,5,5,5,1,27427
59,"4594","4594. 양평교 영등포대여소",4.00,5,4,4,3,27387
60,"3205","3205.문래현대2차",4.00,5,5,1,5,26729
61,"4484","4484. 잠실나루역4번출구뒤",4.00,5,4,5,2,26660
62,"362","362. 청계8가사거리 A",4.00,5,4,2,5,25792
63,"3782","3782. 겸재정선미술관",4.00,5,5,4,2,25397
64,"2255","2255. 양재시민의숲역 1번출구",4.00,5,5,5,1,24789
65,"3757","3757. 신방화역 6번출구",4.00,5,3,5,3,24652
66,"905","905. 구파발역 2번출구",4.00,5,1,5,5,24509
67,"4598","4598. 오목교 동측 지하보도",4.00,5,4,3,4,24418
68,"3692","3692. 둔촌오륜역 1번 출구",4.00,5,4,3,4,23735
69,"626","626. 군자교 서측 녹지대",4.00,5,4,4,3,23664
70,"4559","4559. 신길역 2번출구",4.00,5,4,4,3,23568
71,"2025","2025. 흑석역 1번출구",4.00,5,2,4,5,23316
72,"2724","2724.(재)FITI시험연구원",4.00,5,5,5,1,23311
73,"4856","4856. 올림픽공원 서1문 앞",4.00,5,2,5,4,23211
74,"593","593.자양중앙나들목",4.00,5,5,1,5,22936
75,"2913","2913.상계8동 주민센터",4.00,5,5,2,4,22735
76,"133","133. 해담는다리",4.00,5,3,3,5,21843
77,"221","221. 여의도초교 앞",4.00,4,3,4,5,19128
78,"4220","4220. 신촌 청년주택",4.00,4,5,2,5,18583
79,"1245","1245. 문정 법조단지9",4.00,4,3,4,5,17754
80,"1827","1827. 독산보도육교 앞 자전거 보관소",4.00,4,2,5,5,17244
81,"766","766. 신목동역 3번출구",4.00,4,2,5,5,16691
82,"3125","3125.연희파크푸르지오아파트 앞",4.00,4,5,2,5,14950
83,"148","148. 용강동 주민센터 앞",4.00,4,5,2,5,14658
84,"2728","2728.마곡나루역 3번 출구",3.75,5,4,5,1,121698
85,"792","792.목동트라팰리스 웨스턴에비뉴",3.75,5,1,4,5,70074
86,"4870","4870. 몽촌토성역 3번 출구",3.75,5,2,4,4,67510
87,"1160","1160. 양천향교역 7번출구앞",3.75,5,4,4,2,67279
88,"1166","1166. 강서구립등빛도서관",3.75,5,5,3,2,67255
89,"3939","3939.신도림역 3번출구",3.75,5,2,5,3,67072
90,"5052","5052. 마곡역 7번출구",3.75,5,4,5,1,66948
91,"765","765. 오목교역 3번출구",3.75,5,1,4,5,66480
92,"2721","2721.등촌1-10단지 교차로",3.75,5,5,4,1,62188
93,"5082","5082. 가양역 7번출구",3.75,5,3,5,2,61448
94,"529","529. 장한평역 8번 출구 앞",3.75,5,5,4,1,60925
95,"1867","1867.대륭포스트타워6차 앞",3.75,5,4,5,1,56544
96,"1222","1222. 잠실새내역 5번 출구 뒤",3.75,5,1,4,5,55811
97,"781","781.신정보도육교 아래",3.75,5,5,2,3,55742
98,"3518","3518. 군자역 7번출구뒤",3.75,5,4,4,2,55695
99,"4574","4574. 영등포시장역 포레나영등포",3.75,5,4,4,2,54936
100,"4543","4543. 오목교역 6번 출구",3.75,5,2,5,3,53602
101,"726","726. 목동3단지 시내버스정류장",3.75,5,5,2,3,52964
102,"585","585. 성수2가1동 공영주차장 인근",3.75,5,3,3,4,52416
103,"797","797.목동아파트 1422동 1434동 사잇길",3.75,5,5,2,3,52209
104,"4571","4571. 문래동롯데캐슬아파트",3.75,5,5,3,2,51277
105,"1078","1078.둔촌사거리",3.75,5,3,2,5,49945
106,"4561","4561. 양평역 1번출구",3.75,5,5,4,1,49418
107,"3780","3780. 등촌서광아파트",3.75,5,5,2,3,49309
108,"240","240. 문래역 4번출구 앞",3.75,5,4,4,2,48986
109,"5651","5651.한강버스 옥수 선착장",3.75,5,1,4,5,48408
110,"3668","3668. 성내삼성아파트",3.75,5,5,2,3,47247
111,"1084","1084. 윤선생빌딩(JYP사옥)",3.75,5,2,5,3,46577
112,"2639","2639.석촌역 8번출구",3.75,5,4,4,2,45582
113,"263","263. 근로자회관 사거리",3.75,5,3,5,2,45137
114,"1011","1011. LIGA 아파트 앞",3.75,5,4,3,3,44309
115,"3680","3680. 강동역3번출구",3.75,5,4,4,2,43786
116,"2646","2646.레이크펠리스101동앞",3.75,5,3,2,5,43374
117,"1985","1985. 구로도서관",3.75,5,4,3,3,43317
118,"779","779. 신정1동 주민센터 앞",3.75,5,3,3,4,43270
119,"1637","1637. KT 전화국 버스정류장 옆",3.75,5,1,4,5,42925
120,"703","703. 오목교역 7번출구 앞",3.75,5,3,5,2,42528
121,"3881","3881. 신자초교입구 교차로",3.75,5,5,1,4,42468
122,"5080","5080. 가양역 1번출구",3.75,5,4,4,2,42174
123,"4233","4233. 코오롱아파트사거리",3.75,5,3,3,4,41838
124,"2824","2824.미래사랑어린이공원 앞",3.75,5,2,5,3,41804
125,"4897","4897. 잠실주공5단지1",3.75,5,5,1,4,41740
126,"907","907. CJ 드림시티",3.75,5,2,3,5,41059
127,"853","853.용산역 맞은편",3.75,5,1,4,5,40797
128,"744","744. 신목동역 2번 출구",3.75,5,4,5,1,40741
129,"5867","5867. H타워 앞",3.75,5,5,4,1,40583
130,"2621","2621. 한성백제역 2번 출구",3.75,5,2,3,5,40094
131,"1653","1653. 노원역1번출구",3.75,5,1,5,4,39830
132,"1106","1106. 신방화사거리",3.75,5,4,3,3,39587
133,"1010","1010. 강동세무서",3.75,5,3,4,3,39256
134,"1650","1650. 중계근린공원내",3.75,5,3,3,4,39150
135,"2723","2723.마곡 필네이처",3.75,5,4,5,1,39086
136,"1029","1029. 성내어울터",3.75,5,1,4,5,38449
137,"731","731. 서울시 도로환경관리센터",3.75,5,1,4,5,38340
138,"2919","2919.등나무 근린공원(시립북서울미술관 앞)",3.75,5,1,4,5,38293
139,"793","793.목동5단지아파트 534동",3.75,5,2,3,5,38209
140,"1293","1293. 석촌호수 서호 사거리",3.75,5,3,3,4,38081
141,"3010","3010.홍대입구역 3번출구",3.75,5,2,4,4,38015
142,"1297","1297. 석촌호수교차로(동호 팔각정 앞)",3.75,5,2,3,5,37867
143,"1008","1008. 암사역 3번출구(국민은행앞)",3.75,5,3,3,4,37812
144,"1231","1231. 잠실역 6번출구",3.75,5,1,5,4,37792
145,"3772","3772. 길성그랑프리텔아파트",3.75,5,4,3,3,37772
146,"794","794.양천문화회관",3.75,5,4,2,4,37435
147,"4868","4868. 석촌호수 서호 남단",3.75,5,5,3,2,37250
148,"931","931. 역촌파출소",3.75,5,5,2,3,37199
149,"755","755. 목동1단지아파트 상가 앞",3.75,5,2,4,4,36836
150,"734","734. 신트리공원 입구",3.75,5,5,2,3,36220
151,"419","419. 홈플러스 마포점 앞",3.75,5,1,4,5,36010
152,"232","232. 양평우림 이비즈센타 앞",3.75,5,4,5,1,35725
153,"3789","3789. 염창나들목",3.75,5,4,1,5,35579
154,"5095","5095. 원당근린공원",3.75,5,3,3,4,35410
155,"5333","5333. 노원역9번-10번 출구 앞",3.75,5,1,5,4,35229
156,"1232","1232. 잠실주공 521동 건너편",3.75,5,1,4,5,35111
157,"4553","4553. 당산삼성2차아파트",3.75,5,5,3,2,35013
158,"2744","2744.강서세무서 앞",3.75,5,5,3,2,34944
159,"1150","1150. 송정역 1번출구",3.75,5,4,4,2,34775
160,"278","278. 쌍용플레티넘오피스텔",3.75,5,3,2,5,34114
161,"1946","1946. 구로역 광장",3.75,5,4,5,1,33888
162,"5887","5887.나루마을 마당공원",3.75,5,5,2,3,33887
163,"6177","6177. 마곡롯데캐슬르웨스트",3.75,5,5,3,2,33687
164,"1914","1914. 대림역4번출구",3.75,5,4,4,2,33618
165,"296","296.KT플라자 영등포점",3.75,5,4,3,3,33379
166,"5752","5752. 풍납백제문화공원 옆 인근",3.75,5,4,1,5,33268
167,"3570","3570.구의역 리버비스타 오피스텔",3.75,5,2,3,5,33180
168,"415","415. DMC역 9번출구 앞",3.75,5,4,5,1,33134
169,"3536","3536. 중앙농협(자양동)",3.75,5,4,2,4,32978
170,"735","735. 영도초등학교",3.75,5,5,1,4,32826
171,"3504","3504. 원일교회",3.75,5,3,2,5,32489
172,"4382","4382. 페코텍글로벌허브빌딩 앞",3.75,5,5,4,1,32387
173,"4179","4179. 보라매병원역 1번출구",3.75,5,1,4,5,32314
174,"183","183. 하늘채코오롱아파트 건너편",3.75,5,4,3,3,32099
175,"1218","1218. 방이역 4번출구",3.75,5,1,4,5,31988
176,"747","747. 목동3단지 상가",3.75,5,2,3,5,31970
177,"1208","1208. 풍납현대아파트쉼터",3.75,5,4,3,3,31931
178,"1244","1244. 문정 법조단지8",3.75,5,2,3,5,31879
179,"1013","1013. 강동구청역 1번 출입구",3.75,5,4,4,2,31786
180,"4135","4135. 삼성생명 앞",3.75,5,3,3,4,31641
181,"4037","4037. 물넘이교",3.75,5,3,2,5,31609
182,"4213","4213. 마포구중앙도서관 정문 앞",3.75,5,1,4,5,31572
183,"1569","1569.수유역2번출구",3.75,5,2,4,4,31453
184,"303","303. 광화문역 1번출구 앞",3.75,5,4,5,1,31377
185,"2217","2217.아크로리버뷰 부지 앞",3.75,5,2,3,5,31263
186,"1451","1451. 중랑세무서",3.75,5,2,4,4,31195
187,"3500","3500. 군자역2번출구",3.75,5,4,4,2,30828
188,"1018","1018. 둔촌 주공 GS 맞은편",3.75,5,4,2,4,30598
189,"2525","2525.반포쇼핑타운 2동 앞",3.75,5,1,4,5,30447
190,"3002","3002.벽산상암스마트큐브",3.75,5,2,3,5,30128
191,"5064","5064. 양천향교역8번출구",3.75,5,5,4,1,30120
192,"543","543. 구의공원(테크노마트 앞)",3.75,5,1,5,4,29895
193,"302","302. 경복궁역 6번출구 뒤",3.75,5,4,4,2,29892
194,"568","568. 청계8가 사거리 B",3.75,5,3,3,4,29551
195,"1220","1220. 잠실근린공원",3.75,5,4,2,4,29528
196,"3542","3542. 래미안 구의파크 스위트",3.75,5,5,2,3,29482
197,"238","238. 제2구민체육센타 앞",3.75,5,5,4,1,29452
198,"2109","2109. 은천로입구 가로공원",3.75,5,5,1,4,29384
199,"612","612. 시립동부병원 앞 사거리",3.75,5,4,4,2,29252
200,"3579","3579.광진 캠퍼스시티",3.75,5,4,4,2,28963
201,"1248","1248. 방이초등학교",3.75,5,3,3,4,28818
202,"2601","2601. 석촌호수 아뜰리에",3.75,5,3,3,4,28707
203,"184","184.망원우체국사거리 인근",3.75,5,2,3,5,28690
204,"219","219. 롯데캐슬엠파이어 옆",3.75,5,4,5,1,28617
205,"5087","5087. 연세강서빌딩",3.75,5,5,2,3,28395
206,"3760","3760. 발산역 8번 출구",3.75,5,5,4,1,28299
207,"3904","3904. 테크노마트 앞",3.75,5,1,4,5,28211
208,"1363","1363. 보문4교 인근",3.75,5,4,2,4,28064
209,"754","754. 목동1단지아파트 118동 앞",3.75,5,5,1,4,28044
210,"1447","1447. 면목역 3번출구",3.75,5,2,4,4,28022
211,"906","906. 연신내역 5번출구",3.75,5,1,4,5,27990
212,"768","768.목동5단지아파트 501동",3.75,5,2,3,5,27897
213,"1235","1235. 잠실트리지움310동 옆",3.75,5,2,3,5,27863
214,"573","573. 구의문주차장 앞",3.75,5,4,3,3,27707
215,"5868","5868. 로프트시티오피스텔",3.75,5,4,2,4,27549
216,"497","497.합정동주민센터 앞",3.75,5,1,4,5,27548
217,"2264","2264. 이수역 1번출구",3.75,5,3,4,3,27504
218,"2340","2340. 삼호물산버스정류장(23370) 옆",3.75,5,3,5,2,26889
219,"4026","4026. 상계주공1단지아파트",3.75,5,5,1,4,26767
220,"4541","4541. 갈산문화예술센터",3.75,5,5,2,3,26756
221,"3914","3914. 신도림쌍용플래티넘노블아파트 앞",3.75,5,5,2,3,26468
222,"1912","1912. 한신휴아파트 앞",3.75,5,4,3,3,26443
223,"287","287. 영등포전화국사거리 (서강어린이공원)",3.75,5,4,3,3,26074
224,"576","576. 광나루역 3번 출구",3.75,5,2,3,5,26032
225,"106","106. 합정역 7번출구 앞",3.75,5,1,4,5,25910
226,"4798","4798. 황학동롯데캐슬",3.75,5,2,4,4,25790
227,"549","549. 아차산역 3번출구",3.75,5,3,3,4,25681
228,"870","870.노들섬 서측 앞",3.75,5,1,4,5,25568
229,"498","498.연남동주민센터 앞",3.75,5,3,4,3,25464
230,"146","146. 마포역 2번출구 뒤",3.75,5,2,4,4,25262
231,"1381","1381.석계역 4번출구 뒤",3.75,5,2,4,4,25257
232,"153","153. 성산2교 사거리",3.75,5,4,3,3,25043
233,"1716","1716. 창동역 1번출구 건너편",3.75,5,1,5,4,24886
234,"342","342. 대학로 마로니에공원",3.75,5,3,4,3,24850
235,"1643","1643. 태릉입구역 8번출구",3.75,5,1,4,5,24810
236,"1076","1076. 천동초교입구사거리 버스정류장(십자성마을 방면)",3.75,5,3,3,4,24714
237,"956","956. 응암시장교차로",3.75,5,5,2,3,24670
238,"1901","1901. 신도림동주민센터 앞",3.75,5,5,3,2,24615
239,"588","588. 뚝섬 유원지역",3.75,5,1,4,5,24470
240,"3794","3794. 안양천합수부(현대3차아파트)",3.75,5,4,1,5,24446
241,"3966","3966. 독산역1번출구 B",3.75,5,5,4,1,24382
242,"5881","5881. 세계청소년NGO교육문화원",3.75,5,4,3,3,24304
243,"2619","2619. 석촌고분역 4번출구",3.75,5,3,3,4,24098
244,"1610","1610. 화랑대역 2번출구 앞",3.75,5,3,3,4,24088
245,"244","244. 영등포삼환아파트 앞",3.75,5,3,3,4,23949
246,"2335","2335. 3호선 매봉역 3번출구앞",3.75,5,4,5,1,23871
247,"642","642. 신답역 사거리",3.75,5,5,3,2,23848
248,"1744","1744.도봉소방서 옆",3.75,5,1,4,5,23531
249,"912","912. 응암오거리",3.75,5,4,2,4,23391
250,"3586","3586.군자역 비채온 오피스텔",3.75,5,3,3,4,23325
251,"3549","3549.건영아파트 앞",3.75,5,5,2,3,23181
252,"1002","1002. 해공공원(천호동)",3.75,5,4,1,5,23082
253,"1246","1246. 문정 법조단지10",3.75,5,3,5,2,22990
254,"1956","1956. 동아1차APT105동 버스정류장(신도림중학교 방면)",3.75,5,5,3,2,22959
255,"3864","3864. 광진소방서 앞",3.75,5,5,3,2,22952
256,"1269","1269. 리센츠아파트",3.75,5,2,3,5,22859
257,"1185","1185. 등촌9단지",3.75,5,5,3,2,22847
258,"1720","1720. 도봉구청 옆(중랑천변)",3.75,5,2,4,4,22747
259,"1462","1462.동부시장 북문 앞",3.75,5,1,4,5,22493
260,"1221","1221. 삼전역 4번출구",3.75,5,4,2,4,22465
261,"1072","1072.고덕역 5번출구",3.75,5,1,4,5,22238
262,"433","433. 을지로입구역 2번출구",3.75,5,4,5,1,22220
263,"4398","4398. 유원지식산업센터 앞",3.75,5,2,5,3,22137
264,"3559","3559.성동구민종합체육센터 앞",3.75,5,1,4,5,21828
265,"4136","4136. 롯데캐슬SKY-L65 D동 앞",3.75,5,4,2,4,21816
266,"5859","5859. 여의도 삼부아파트",3.75,4,3,4,4,21748
267,"131","131. 증산2교",3.75,4,3,3,5,21635
268,"816","816. 신용산역 6번출구 앞",3.75,4,3,4,4,21603
269,"4497","4497. 아시아선수촌아파트 교차로",3.75,4,5,3,3,21392
270,"194","194. 증산교 앞",3.75,4,2,4,5,21318
271,"1278","1278. 송파구청 교차로",3.75,4,2,5,4,20702
272,"3700","3700. 강변그대가리버뷰 입구 맞은편",3.75,4,5,1,5,20702
273,"3796","3796. 송정역 3번출구 앞",3.75,4,5,4,2,20424
274,"2647","2647.잠실 자전거 수리센터 앞",3.75,4,3,5,3,20299
275,"1121","1121. 가양레포츠센터 앞",3.75,4,2,4,5,20015
276,"1319","1319. 종암박스파크",3.75,4,4,2,5,19868
277,"841","841. 신용산역 1번 출구",3.75,4,1,5,5,19280
278,"5890","5890.여의나루역 3번출구",3.75,4,2,4,5,19097
279,"2259","2259. 잠원역 3번-4번 출구사이",3.75,4,2,5,4,19036
280,"2604","2604. 풍납토성 서성벽터A",3.75,4,5,3,3,18673
281,"4556","4556. 리버뷰신안인스빌1차 후문",3.75,4,5,5,1,18647
282,"417","417. DMC역 2번출구 옆",3.75,4,5,5,1,18562
283,"1030","1030. 미호 플랜트 앞",3.75,4,4,3,4,18118
284,"1830","1830. 빅마켓 금천점 앞",3.75,4,5,5,1,18014
285,"578","578. 성동세무서 부근",3.75,4,5,5,1,17969
286,"542","542. 강변역 4번출구 뒤",3.75,4,1,5,5,17891
287,"438","438. 성산2-1 공영주차장",3.75,4,3,3,5,17587
288,"2653","2653.올림픽공원사거리(선수촌아파트)",3.75,4,3,3,5,17564
289,"1804","1804. 독산역 2번출구 자전거주차장",3.75,4,5,5,1,17246
290,"1205","1205. 종합운동장역 4번출구",3.75,4,2,5,4,17176
291,"1282","1282. 송파소방서 맞은편(성내4교)",3.75,4,5,2,4,16968
292,"155","155. 가좌역1 번출구 앞",3.75,4,5,4,2,16933
293,"5885","5885. 신정교하부(도림천역 방면)",3.75,4,4,3,4,16563
294,"2627","2627.문정시영아파트 5동 앞 공원",3.75,4,5,3,3,16317
295,"4386","4386. 현대자동차 동부서비스센터 주변",3.75,4,5,5,1,16305
296,"1267","1267. 올림픽공원 남2문 앞",3.75,4,3,3,5,16131
297,"4619","4619. 한강트럼프월드3차 앞",3.75,4,3,3,5,16108
298,"758","758. 한사랑교회 앞",3.75,4,5,1,5,15815
299,"2431","2431.대치역 7번출구",3.75,4,3,3,5,15567
300,"3879","3879. 중랑천 뚝방길 산책로 입구",3.75,4,5,2,4,15341
301,"4601","4601.양평역2번출구 뒤",3.75,4,5,4,2,15303
302,"819","819. 선린인터넷 고등학교",3.75,4,4,2,5,15300
303,"4181","4181. 보라매공원역 2번출구",3.75,4,3,3,5,15266
304,"3928","3928.고척아이파크아파트 106동 앞",3.75,4,3,3,5,14899
305,"4965","4965.고덕비즈밸리 쿠쿠강동빌딩",3.75,4,1,5,5,14827
306,"2177","2177. 신대방역 2번 출구",3.75,4,2,4,5,14652
307,"2413","2413.도곡역 1번 출구",3.75,4,3,4,4,14580
308,"844","844. 이촌2동 동원베네스트 아파트 앞",3.75,4,5,2,4,14322
309,"2648","2648.헬리오시티 112동 앞",3.75,4,4,2,5,14219
310,"2530","2530.삼호3차아파트 앞",3.75,4,3,4,4,13993
311,"4210","4210. 가좌행복주택 앞",3.75,4,5,2,4,13982
312,"849","849. 삼각지 자이아파트",3.75,4,4,2,5,13871
313,"5513","5513. 마포음식문화거리",3.75,4,3,3,5,13759
314,"3119","3119.연희 브라운스톤 아파트 앞",3.75,4,4,2,5,13689
315,"800","800. 목월공원 앞",3.75,3,4,4,4,12747
316,"2372","2372. 대치역 사거리",3.75,3,3,4,5,12182
317,"2103","2103. 신림동 우방아파트",3.75,3,5,2,5,12134
318,"2403","2403. 공무원연금매점 교차로 (개포주공9단지 입구)",3.75,3,4,3,5,11674
319,"4860","4860. 가락쌍용2차아파트 103동",3.75,3,3,4,5,10107
320,"4146","4146.이삭어린이공원",3.75,3,4,4,4,9952
321,"4216","4216. 망원정 앞",3.75,3,5,2,5,9464
322,"1300","1300. 오륜사거리",3.75,3,4,3,5,9093
323,"4341","4341. 영동1교 북단",3.75,3,3,4,5,8906
324,"2391","2391. 구룡터널 입구(개포1단지아파트)",3.75,1,4,5,5,312
325,"230","230. 영등포구청역 7번출구",3.50,5,4,4,1,90789
326,"1124","1124. 발산역 6번 출구 뒤",3.50,5,2,4,3,72977
327,"2102","2102. 봉림교 교통섬",3.50,5,1,3,5,65867
328,"5768","5768.방이삼거리",3.50,5,2,3,4,64144
329,"3798","3798. 그랜드아이파크아파트 앞",3.50,5,5,2,2,63748
330,"583","583. 청계천 생태교실 앞",3.50,5,1,3,5,62641
331,"5891","5891.한강버스 여의도 선착장",3.50,5,1,3,5,61488
332,"1050","1050.  둔촌역 3번 출입구",3.50,5,3,3,3,60119
333,"113","113. 홍대입구역 2번출구 앞",3.50,5,2,5,2,59869
334,"3534","3534. 건대입구역 5번출구 뒤",3.50,5,2,3,4,58808
335,"5153","5153.한강버스 뚝섬 선착장",3.50,5,1,3,5,58351
336,"1625","1625. 상계역 3번출구",3.50,5,3,3,3,55091
337,"1112","1112. 마곡엠밸리4단지 정문",3.50,5,3,4,2,54666
338,"1152","1152. 마곡역교차로",3.50,5,3,5,1,54446
339,"708","708. 서울출입국관리사무소 앞",3.50,5,3,4,2,52154
340,"1019","1019. 다성이즈빌아파트(호원대 대각선 맞은편)",3.50,5,4,3,2,51646
341,"1158","1158. 가양역 8번출구",3.50,5,3,4,2,51228
342,"1190","1190. 마곡역 교차로(2번출구)",3.50,5,2,5,2,51145
343,"770","770.목동역5번출구",3.50,5,3,5,1,50444
344,"1925","1925. 동양미래대학교 정문 옆",3.50,5,3,2,4,48965
345,"1167","1167. 마곡수명산파크3단지 교차로",3.50,5,5,2,2,48269
346,"3681","3681. 길동 마루빌딩",3.50,5,2,3,4,48138
347,"5061","5061. 우장산동 가곡어린이공원앞",3.50,5,3,3,3,47558
348,"746","746. 목동2단지 상가",3.50,5,1,3,5,46240
349,"1157","1157. 강서구청",3.50,5,5,3,1,46181
350,"243","243. 이앤씨드림타워 앞",3.50,5,2,5,2,46132
351,"1608","1608. 공릉역 1번 출구 앞",3.50,5,3,4,2,46131
352,"1044","1044. 굽은다리역",3.50,5,2,3,4,46104
353,"4940","4940.한강버스 압구정 선착장",3.50,5,1,3,5,46092
354,"787","787.양천아파트 입구",3.50,5,5,2,2,46086
355,"3571","3571.화양 APT(횡단보도 옆)",3.50,5,4,3,2,45986
356,"4029","4029. 청소년수련관 후문",3.50,5,4,1,4,45915
357,"4137","4137. 답십리역 4번출구",3.50,5,2,5,2,45845
358,"1117","1117. 등촌5단지아파트 버스정류장",3.50,5,3,4,2,45000
359,"1173","1173. 강서구청사거리(SH타워)",3.50,5,5,2,2,44097
360,"1182","1182. KBS 스포츠월드",3.50,5,5,3,1,43259
361,"1024","1024.  강동구청 앞",3.50,5,3,4,2,42209
362,"2136","2136. 신림역 8번출구",3.50,5,1,3,5,41976
363,"1684","1684. 태릉입구역 5번출구",3.50,5,1,4,4,41679
364,"3575","3575. 자양사거리(서원빌딩)",3.50,5,2,3,4,41602
365,"996","996.응암역2번출구 국민은행 앞",3.50,5,1,4,4,41248
366,"3511","3511. 응봉역 1번출구",3.50,5,2,2,5,41189
367,"4540","4540. 목동역 3번 출구",3.50,5,2,5,2,40301
368,"245","245. 삼성생명 당산사옥 앞",3.50,5,4,4,1,40168
369,"5870","5870. LG트윈타워 앞",3.50,5,2,5,2,39905
370,"4547","4547. 목동역 2번 출구",3.50,5,2,4,3,39903
371,"4515","4515. 동문굿모닝탑",3.50,5,2,2,5,39680
372,"631","631. 답십리역 1번출구",3.50,5,4,4,1,39342
373,"5866","5866.포레나 당산",3.50,5,1,4,4,39226
374,"1118","1118. 증미역 3번출구뒤(등촌두산위브센티움오피스텔)",3.50,5,3,5,1,39073
375,"236","236. 문래동자이아파트 앞",3.50,5,3,2,4,38995
376,"4108","4108. 답십리파크자이아파트 앞",3.50,5,5,1,3,38850
377,"3202","3202.당산롯데캐슬프레스티지",3.50,5,4,2,3,38309
378,"788","788.양천구청역 2번출구 옆",3.50,5,3,5,1,38130
379,"3509","3509. 세종사이버대학교",3.50,5,5,2,2,37980
380,"275","275. 신동아아파트",3.50,5,4,3,2,37953
381,"102","102. 망원역 1번출구 앞",3.50,5,2,3,4,37930
382,"780","780.신정교 하부",3.50,5,3,1,5,37098
383,"1668","1668. 중계역 6번출구",3.50,5,2,4,3,36659
384,"2704","2704.홈플러스(강서점)",3.50,5,4,4,1,36599
385,"1103","1103. 방화역 4번출구앞",3.50,5,3,3,3,36427
386,"602","602. 장안동 사거리",3.50,5,2,3,4,35880
387,"2641","2641.송파역 4번출구",3.50,5,2,4,3,35803
388,"3600","3600.사근빗물펌프장 건너편",3.50,5,2,3,4,35283
389,"1113","1113. 서남환경공원 버스정류장",3.50,5,5,1,3,35265
390,"290","290. 새말소공원",3.50,5,5,3,1,35200
391,"2002","2002. 노들역 1번출구",3.50,5,2,2,5,35169
392,"2377","2377. 수서역 5번출구",3.50,5,2,5,2,35048
393,"283","283. 아크로타워 스퀘어(영등포시장)",3.50,5,5,2,2,34651
394,"3664","3664. 맥도날드 서울둔촌DT점 앞",3.50,5,3,3,3,34342
395,"1012","1012. 천호역효성해링턴타워 앞",3.50,5,2,4,3,34325
396,"5883","5883. 영문초사거리",3.50,5,2,4,3,34310
397,"1180","1180. 마곡엠밸리 15단지(1502동) 건너편",3.50,5,4,4,1,34233
398,"648","648. 장안동위더스빌옆",3.50,5,5,2,2,33994
399,"2637","2637. 아시아지하보도 14번 출구",3.50,5,1,4,4,33792
400,"1662","1662. 노원역7번출구",3.50,5,1,5,3,33003
401,"1111","1111. 마곡엠밸리6_7단지 마곡중학교",3.50,5,3,2,4,32457
402,"514","514. 성수사거리 버스정류장 앞",3.50,5,3,5,1,32316
403,"1077","1077.강동역 1번출구 앞",3.50,5,4,3,2,31858
404,"213","213. KT앞",3.50,5,5,3,1,31572
405,"231","231. 남부고용노동지청 남측",3.50,5,4,4,1,31541
406,"1617","1617. 하계동 중평어린이공원 앞",3.50,5,5,1,3,31500
407,"3764","3764. 관문주유소(GS칼택스) 앞",3.50,5,4,3,2,31500
408,"771","771.목동아파트 703동 앞",3.50,5,2,4,3,31256
409,"268","268. 그랜드컨벤션센터 앞",3.50,5,2,4,3,31122
410,"704","704. 남부법원검찰청 교차로",3.50,5,3,4,2,30572
411,"5311","5311. 주공601동 상가 노원지하보도 앞",3.50,5,1,4,4,30225
412,"458","458. 광화문역 5번출구",3.50,5,2,5,2,30185
413,"305","305. 종로구청 옆",3.50,5,3,5,1,30136
414,"3657","3657. 서울천호동우체국",3.50,5,2,2,5,30123
415,"4096","4096.창동역2번출구 하나은행365 앞",3.50,5,1,5,3,30017
416,"154","154. 마포구청역",3.50,5,1,3,5,29409
417,"1155","1155. 기쁜우리복지관",3.50,5,5,2,2,29225
418,"293","293. 충북 미래관",3.50,5,5,1,3,29033
419,"1449","1449. 상봉역 1번출구",3.50,5,2,5,2,29010
420,"1102","1102. 방화사거리 마을버스 버스정류장",3.50,5,2,3,4,28997
421,"2921","2921.중계역 2번출구",3.50,5,3,4,2,28909
422,"3819","3819. 서울대벤처타운역",3.50,5,1,3,5,28768
423,"1688","1688. 마들역 7번출구",3.50,5,3,4,2,28696
424,"630","630. 동대문구 보건소",3.50,5,4,4,1,28621
425,"1262","1262. 송파여성문화회관 앞",3.50,5,3,3,3,28612
426,"103","103. 망원역 2번출구 앞",3.50,5,1,3,5,28606
427,"4027","4027. 한내 행복발전소 옆",3.50,5,1,3,5,28489
428,"5765","5765. 삼전동주민센터 건너편",3.50,5,4,2,3,28216
429,"3581","3581.광진광장",3.50,5,4,4,1,27984
430,"560","560. 비전교회 앞",3.50,5,5,2,2,27924
431,"2730","2730.마곡메가박스 앞",3.50,5,2,4,3,27894
432,"4373","4373. 서울숲 지식산업센터",3.50,5,3,4,2,27801
433,"5884","5884. GS강서타워",3.50,5,3,5,1,27758
434,"3548","3548.뚝섬역 6번출구",3.50,5,3,4,2,27519
435,"3936","3936. 힐스테이트 신도림역",3.50,5,2,3,4,27273
436,"1328","1328. 월곡역 3번출구",3.50,5,3,4,2,27259
437,"5865","5865.더리브오피스텔 앞",3.50,5,5,1,3,27238
438,"279","279. 영등포 푸르지오 아파트 B",3.50,5,3,3,3,26944
439,"589","589. 성수역3번출구",3.50,5,3,4,2,26867
440,"3513","3513. 상왕십리역 1번출구",3.50,5,2,4,3,26825
441,"1904","1904. 도림천역 1번 출구 앞",3.50,5,5,2,2,26783
442,"825","825. 서빙고동 주민센터 앞",3.50,5,1,3,5,26519
443,"5301","5301. 상계주공1단지 버스정류장 옆(대원빌딩 앞)",3.50,5,2,3,4,26378
444,"1120","1120. 대림경동아파트앞",3.50,5,5,1,3,26199
445,"1169","1169. 염창역 1번 출구",3.50,5,2,5,2,26184
446,"1452","1452. 겸재교 진입부",3.50,5,2,2,5,25767
447,"615","615. 용두동 래미안허브리츠아파트 앞",3.50,5,3,3,3,25735
448,"663","663. 외대앞역 3번출구",3.50,5,2,4,3,25599
449,"1048","1048. 둔촌어린이공원",3.50,5,4,2,3,25500
450,"267","267. 삼성화재 사옥 옆",3.50,5,2,4,3,25339
451,"5886","5886.신풍역 2번출구",3.50,5,2,4,3,25241
452,"224","224. 롯데캐슬 앞",3.50,5,2,5,2,25168
453,"4041","4041. 공릉역3번출구",3.50,5,1,4,4,25108
454,"4600","4600. 서울 영등포구 우체국",3.50,5,4,4,1,25100
455,"4013","4013. 중계 롯데마트",3.50,5,3,2,4,25086
456,"227","227. 양평1나들목 보행통로 입구",3.50,5,2,2,5,25027
457,"4575","4575. 대림동 e편한세상영등포아델포레",3.50,5,4,2,3,24975
458,"1503","1503. 강북구청사거리(수유역 8번출구)",3.50,5,1,4,4,24948
459,"1215","1215. 올림픽공원역 1번출구 앞",3.50,5,2,4,3,24511
460,"3671","3671. 둔촌동역교차로",3.50,5,3,3,3,24502
461,"3756","3756. 마곡힐스테이트 정문",3.50,5,5,1,3,24352
462,"2618","2618. 삼전역 1번출구",3.50,5,3,3,3,24351
463,"1988","1988. 고척LIGA아파트 앞",3.50,5,5,1,3,24321
464,"3214","3214.영등포 푸르지오 아파트 A",3.50,5,5,1,3,24260
465,"643","643. 동대문구민체육센터 (육교아래)",3.50,5,5,1,3,24254
466,"1197","1197. 엠펠리체 호텔 건너편",3.50,5,1,5,3,24163
467,"829","829. 한강대교 북단 교차로",3.50,5,1,3,5,23975
468,"4383","4383. 푸조비즈타워 앞",3.50,5,3,5,1,23866
469,"702","702. 목4동주민센터 옆",3.50,5,5,2,2,23750
470,"4537","4537. 서울남부지방검찰청 후문",3.50,5,5,3,1,23564
471,"2050","2050. 노량진역 5번출구",3.50,5,2,3,4,23492
472,"1168","1168. 마곡엠밸리10단지 앞",3.50,5,5,2,2,23417
473,"1090","1090.상일동역 2번출구 앞",3.50,5,3,5,1,23384
474,"3882","3882. 자양2동 주민센터",3.50,5,5,1,3,23382
475,"316","316. 종각역 1번출구 앞",3.50,5,4,4,1,23243
476,"4399","4399. 더리브 세종타워 앞",3.50,5,2,5,2,23217
477,"1126","1126. 우장산역 1번출구옆(우장산아이파크105동앞)",3.50,5,1,4,4,23199
478,"473","473.을지로4가역 9번출구",3.50,5,4,4,1,23066
479,"3905","3905. 희훈타워빌 앞",3.50,5,4,2,3,23062
480,"1028","1028. 포레스 주상복합 빌딩",3.50,5,3,3,3,23016
481,"1414","1414. 사가정역 2번출구",3.50,5,2,4,3,23009
482,"4036","4036. 하계역 6번출구",3.50,5,2,5,2,22811
483,"913","913. 이마트 버스정류장(서부경찰서 방면)",3.50,5,1,4,4,22761
484,"398","398. 을지로3가역 3번출구",3.50,5,2,5,2,22720
485,"370","370. 시청역(2호선) 9번출구 뒤",3.50,5,3,5,1,22712
486,"1619","1619. 중계동 하나프라자빌딩 앞(중1-1)",3.50,5,1,3,5,22546
487,"222","222. 시범아파트버스정류장 옆",3.50,5,3,5,1,22529
488,"264","264. 교보생명보험 앞",3.50,5,3,5,1,22451
489,"1075","1075.천동초교 삼거리",3.50,5,5,1,3,22446
490,"4332","4332. 이수교차로",3.50,5,1,3,5,22310
491,"546","546. 잠실대교북단 교차로",3.50,5,3,2,4,22226
492,"5065","5065. 허준박물관삼거리",3.50,5,5,2,2,22157
493,"1458","1458. 상봉터미널2",3.50,5,5,1,3,22080
494,"559","559. 왕십리역 4번 출구 건너편",3.50,5,1,4,4,22022
495,"3501","3501. K&S빌딩 앞",3.50,5,4,2,3,21941
496,"4796","4796. 서울시청",3.50,5,3,5,1,21857
497,"633","633. 청량리 기업은행 앞",3.50,4,2,3,5,21744
498,"5853","5853. 여의도역2번출구 앞",3.50,4,4,5,1,21694
499,"5086","5086. 가양테크노타운",3.50,4,1,5,4,21677
500,"641","641. 용두역 4번출구",3.50,4,2,4,4,21628
501,"3894","3894. 노룬산시장 앞",3.50,4,4,3,3,21602
502,"4131","4131. 베네스트 오피스텔 앞",3.50,4,5,2,3,21557
503,"539","539. 군자교교차로",3.50,4,2,3,5,21546
504,"1933","1933. 개봉푸르지오아파트 상가",3.50,4,5,2,3,21481
505,"1977","1977. 천왕역 1번 출입구 앞",3.50,4,3,5,2,21428
506,"258","258. 신길역3번출구",3.50,4,5,3,2,21326
507,"1172","1172. 가양3동 주민센터",3.50,4,4,4,2,21301
508,"3886","3886.광진구 민방위교육센터",3.50,4,5,1,4,21242
509,"516","516. 광진메디칼 앞",3.50,4,5,3,2,21142
510,"237","237. 보라매 두산위브 건너편",3.50,4,5,3,2,21058
511,"2140","2140. 신림1교 교차로",3.50,4,4,1,5,20962
512,"4557","4557. 리버뷰신안인스빌2차 후문",3.50,4,4,2,4,20936
513,"179","179. 가좌역 4번출구 앞",3.50,4,5,4,1,20929
514,"561","561. 서울숲역 2번출구 앞",3.50,4,4,4,2,20880
515,"2531","2531.멤피스아파트 앞",3.50,4,4,4,2,20875
516,"1512","1512. 강북중학교 앞",3.50,4,3,2,5,20628
517,"1080","1080.천호지하주차장 5번 출입구",3.50,4,3,3,4,20552
518,"1975","1975. 대림역 1번 출입구 밑",3.50,4,3,4,3,20420
519,"3517","3517. 용마사거리",3.50,4,4,3,3,20390
520,"1224","1224. 아시아지하보도 2번 출구",3.50,4,3,3,4,20358
521,"3778","3778. 김포공항입구 교차로",3.50,4,2,3,5,20331
522,"2274","2274. 양재시민의숲역 3번출구",3.50,4,4,5,1,20330
523,"205","205. 산업은행 앞",3.50,4,1,5,4,20165
524,"4685","4685. DMC역 5번 출구(수색역 방향)",3.50,4,2,4,4,20161
525,"4244","4244. 당인리발전소 공원 앞",3.50,4,1,4,5,20121
526,"123","123. 문화촌 공원",3.50,4,4,1,5,20119
527,"577","577. 광진청소년수련관",3.50,4,2,3,5,20060
528,"933","933. 역촌종합시장 버스정류장(예일여고 방면)",3.50,4,3,3,4,20045
529,"2228","2228.뒷벌공원 옆",3.50,4,4,4,2,19876
530,"4496","4496. 잠실 파크리오 120동 앞",3.50,4,4,2,4,19812
531,"4633","4633. 센트럴파크타워 앞",3.50,4,1,5,4,19806
532,"1059","1059. 래미안 강동팰리스(102동)",3.50,4,4,2,4,19758
533,"1017","1017. 둔촌고교입구 교차로(길동주민센터 방면)",3.50,4,3,3,4,19702
534,"729","729. 서부식자재마트 건너편",3.50,4,5,2,3,19690
535,"3627","3627. 압구정나들목",3.50,4,1,4,5,19632
536,"4820","4820. 망우역 2번 출구",3.50,4,5,3,2,19605
537,"4964","4964.암사역사공원역 1번출구 A",3.50,4,4,5,1,19460
538,"119","119. 서강나루 공원",3.50,4,3,2,5,19457
539,"3975","3975.현대시티아울렛 가산",3.50,4,4,4,2,19410
540,"1959","1959. 구로구의회 앞",3.50,4,4,4,2,19397
541,"4841","4841. 중화수경공원",3.50,4,3,2,5,19382
542,"4859","4859. 잠실나루 나들목",3.50,4,2,3,5,19362
543,"1962","1962. 가리봉동주민센터",3.50,4,4,5,1,19322
544,"3811","3811.신사로입구",3.50,4,5,1,4,19170
545,"4824","4824. 상봉신협 앞",3.50,4,5,1,4,19109
546,"114","114. 홍대입구역 8번출구 앞",3.50,4,1,4,5,18954
547,"3560","3560.성동구 견인차량 보관소 앞",3.50,4,4,4,2,18829
548,"4020","4020. 중계동 성모빌딩 앞",3.50,4,1,4,5,18806
549,"2404","2404. 대모산입구역 4번 출구 앞",3.50,4,4,2,4,18785
550,"166","166. 가재울 초등학교",3.50,4,5,1,4,18732
551,"1824","1824. 독산근린공원 입구",3.50,4,5,1,4,18601
552,"3407","3407.안국동사거리(신)",3.50,4,2,4,4,18481
553,"4510","4510. 신정네거리역 교차로",3.50,4,3,3,4,18376
554,"2901","2901.공릉동풍림아파트 101동",3.50,4,5,1,4,18304
555,"2067","2067. 보라매역?동작세무서 버스정류장(강남중학교방면)",3.50,4,2,4,4,18277
556,"157","157. 애오개역 4번출구 앞",3.50,4,5,2,3,18244
557,"4528","4528. 양천구청역 1번출구",3.50,4,4,5,1,18222
558,"1212","1212. 송파역 2번 출구앞",3.50,4,4,4,2,18188
559,"288","288. 쌍용예가(구청별관)",3.50,4,4,4,2,18171
560,"1141","1141. 곰달래 문화복지센터 A",3.50,4,4,3,3,18050
561,"3783","3783. 마곡금호어울림아파트",3.50,4,5,2,3,17894
562,"1738","1738. 창동주공17단지 상가앞",3.50,4,4,3,3,17785
563,"2909","2909. 석계역 3번 출구",3.50,4,2,3,5,17736
564,"1004","1004. 삼성광나루아파트 버스정류장",3.50,4,3,2,5,17732
565,"3009","3009. 홍대입구역 사거리",3.50,4,1,5,4,17659
566,"1128","1128. 화곡역 6번출구",3.50,4,3,4,3,17611
567,"3506","3506. 영동대교 북단",3.50,4,3,4,3,17608
568,"3415","3415.동대문역6번출구",3.50,4,2,4,4,17512
569,"4953","4953. 세양청마루아파트 앞",3.50,4,4,3,3,17497
570,"1478","1478.홈플러스 상봉점 앞",3.50,4,2,4,4,17230
571,"2060","2060. 남성역3번출구 뒤",3.50,4,5,1,4,17220
572,"252","252. 보라매역4번출구",3.50,4,3,4,3,17184
573,"3698","3698. 명일역 3번출구 옆",3.50,4,3,4,3,17172
574,"4121","4121. 서울문화재단 앞",3.50,4,4,5,1,17102
575,"1681","1681. 현대6차 아파트",3.50,4,3,2,5,17034
576,"4952","4952.천호시장 버스정류소 옆",3.50,4,4,1,5,17031
577,"4926","4926. 대치우성아파트 사거리",3.50,4,4,5,1,17025
578,"1260","1260. 방이동 한양3차아파트 옆",3.50,4,3,3,4,16971
579,"4032","4032. 불암주유소 앞",3.50,4,2,4,4,16964
580,"1924","1924. 삼부르네상스파크빌",3.50,4,5,4,1,16945
581,"1108","1108. 공항시장역 2번출구 뒤",3.50,4,4,2,4,16891
582,"609","609. 제기2교",3.50,4,4,2,4,16879
583,"178","178. 증산3교 앞",3.50,4,5,1,4,16847
584,"1931","1931. 개봉역2번출구 A",3.50,4,4,5,1,16824
585,"255","255. 도림사거리",3.50,4,3,2,5,16811
586,"763","763. 목동11단지 아파트",3.50,4,4,2,4,16773
587,"2202","2202.청계산입구역 1번출구",3.50,4,4,5,1,16748
588,"1952","1952. 천왕연지타운2단지 앞",3.50,4,4,2,4,16713
589,"2059","2059. 보라매공원 정문",3.50,4,2,5,3,16690
590,"145","145. 공덕역 5번출구",3.50,4,4,4,2,16559
591,"917","917. 녹번역 3번출구",3.50,4,5,4,1,16534
592,"4480","4480. 가락시장 남1문 사거리",3.50,4,5,4,1,16460
593,"4721","4721. 통인시장 정자",3.50,4,5,1,4,16407
594,"3573","3573.광나루안전체험관",3.50,4,4,3,3,16382
595,"2725","2725.서울식물원 식물문화센터",3.50,4,1,4,5,16257
596,"2342","2342. 대청역 1번출구  뒤",3.50,4,3,4,3,16219
597,"3691","3691. 둔촌역 2번출구",3.50,4,2,5,3,16198
598,"2294","2294. 두상빌딩 앞",3.50,4,5,4,1,16049
599,"2211","2211. 서초구립반포도서관 앞",3.50,4,2,5,3,16040
600,"4794","4794. 서울역 서부교차로(3)",3.50,4,5,3,2,16040
601,"1206","1206. 9호선종합운동장역 9번출구",3.50,4,3,5,2,16023
602,"860","860.LG한강 자이아파트 앞",3.50,4,2,3,5,15992
603,"345","345. 서울보증보험본사 앞",3.50,4,4,5,1,15988
604,"4019","4019. 상계주공10단지 버스정류소",3.50,4,3,3,4,15921
605,"3128","3128.동신병원 맞은편",3.50,4,2,3,5,15903
606,"1987","1987. 개봉아이파크아파트 앞",3.50,4,5,1,4,15885
607,"2710","2710.라이품 공영주차장 앞",3.50,4,5,3,2,15719
608,"4657","4657. 본 서부병원 교차로 사거리",3.50,4,3,3,4,15719
609,"605","605. 신설동역8번출구",3.50,4,3,4,3,15643
610,"557","557. 도선동 주민센터 앞",3.50,4,4,4,2,15573
611,"1677","1677. 육군사관학교  앞",3.50,4,2,4,4,15567
612,"2537","2537.양재역 8번출구 앞",3.50,4,3,5,2,15542
613,"3550","3550.금호나들목",3.50,4,3,2,5,15531
614,"2054","2054. 삼익아파트",3.50,4,5,1,4,15481
615,"1440","1440. 면목2동 사거리",3.50,4,3,3,4,15430
616,"215","215. 여의도고교 앞",3.50,4,4,3,3,15292
617,"3899","3899. 아차산역 2번출구",3.50,4,3,2,5,15288
618,"239","239. 유스호스텔 앞",3.50,4,4,5,1,15134
619,"915","915. 증산역 4번출구",3.50,4,3,3,4,15088
620,"4464","4464. 올림픽공원 북2문 A",3.50,4,1,4,5,15033
621,"108","108. 서교동 사거리",3.50,4,1,4,5,14995
622,"1119","1119. 염창동 한마음아파트 앞",3.50,4,3,2,5,14981
623,"1227","1227. 거여역 8번출구 뒤",3.50,4,5,4,1,14850
624,"4028","4028. 한일유앤아이아파트 105동 인근",3.50,4,3,2,5,14815
625,"2645","2645.잠실나들목2(엘스아파트136동)",3.50,4,3,2,5,14794
626,"3763","3763. 등촌태영아파트",3.50,4,4,4,2,14743
627,"314","314. 국립현대미술관",3.50,4,1,4,5,14738
628,"5508","5508. 성산유수지공원",3.50,4,3,2,5,14654
629,"2070","2070. 노량진역 2번 출구 앞",3.50,4,1,4,5,14628
630,"2375","2375. 수서역 1번출구 앞",3.50,4,4,5,1,14610
631,"4272","4272. 홍남교 사거리",3.50,4,4,2,4,14601
632,"4090","4090. 녹천교 앞 사거리",3.50,4,3,2,5,14541
633,"2187","2187. 현대시장사거리",3.50,4,4,2,4,14485
634,"3640","3640. 일원1동주민센터앞 사거리",3.50,4,4,5,1,14295
635,"4460","4460. 올림픽훼미리아파트 112동 앞",3.50,4,4,5,1,14246
636,"4819","4819. 면목동 새싹어린이공원 앞",3.50,4,5,1,4,14193
637,"815","815. LIG강촌아파트 103동앞",3.50,4,2,3,5,14162
638,"2244","2244. 말죽거리공원 사거리",3.50,4,1,5,4,14130
639,"1960","1960. 구로거리공원 동측(신도림역 방면)",3.50,4,5,2,3,14123
640,"4397","4397. 마장축산물시장 북문 건너편",3.50,4,2,4,4,14107
641,"949","949. 연신내역 1번 출구",3.50,4,2,4,4,14092
642,"4917","4917. 일원에코파크 주차장",3.50,4,5,3,2,14017
643,"2013","2013. 장승배기역 5번출구",3.50,4,3,3,4,14007
644,"722","722. 경서농협 버스정류장(우리은행신정동지점방향)",3.50,4,4,2,4,13991
645,"3863","3863. 동일로58길 입구",3.50,4,5,3,2,13968
646,"4517","4517. 성보하이드로빌딩",3.50,4,4,1,5,13780
647,"4707","4707. 청계3가 사거리",3.50,4,4,3,3,13775
648,"1470","1470.중화동 우리은행 앞",3.50,4,3,3,4,13737
649,"165","165. 중앙근린공원",3.50,4,5,1,4,13716
650,"1384","1384.성신여대입구역 5번출구",3.50,4,4,2,4,13700
651,"3528","3528. 광진정보도서관",3.50,4,1,4,5,13699
652,"2423","2423.영희초교 사거리(래미안개포루체하임)",3.50,4,3,2,5,13690
653,"5155","5155.광진경찰서 앞",3.50,4,5,2,3,13690
654,"3775","3775. 가양오토갤러리",3.50,4,4,5,1,13689
655,"4102","4102. 휘경1동주민센터 앞",3.50,3,4,3,4,13175
656,"5877","5877. 문래동 꽃밭정원",3.50,3,3,4,4,12558
657,"450","450. 효자동 삼거리",3.50,3,4,3,4,12377
658,"511","511. 서울숲역 5번 출구 옆",3.50,3,3,5,3,12375
659,"2213","2213. 고속터미널역 5번출구 앞",3.50,3,4,5,2,12353
660,"5098","5098. LG사이언스파크 W4동",3.50,3,5,5,1,12338
661,"2077","2077.노들역 3번출구",3.50,3,5,1,5,12249
662,"832","832. 이촌1동 주민센터 뒤",3.50,3,3,4,4,12244
663,"2411","2411. 세곡동 성당",3.50,3,4,2,5,12222
664,"248","248. 초원아파트 앞",3.50,3,1,5,5,12146
665,"3989","3989.가산디지털단지역 9번출구 앞",3.50,3,5,5,1,11985
666,"2538","2538.사평리근린공원",3.50,3,2,4,5,11950
667,"807","807. 서울역 12번 출구 앞",3.50,3,4,5,2,11821
668,"2090","2090.기아자동차 사당점 앞",3.50,3,5,2,4,11640
669,"4549","4549.목동4단지아파트",3.50,3,4,2,5,11606
670,"1396","1396.래미안장위퍼스트하이(513동)",3.50,3,5,2,4,11497
671,"3988","3988. 엘아르베뉴 102동 앞",3.50,3,5,5,1,11476
672,"3959","3959. 시흥사거리(시흥동 994-3 앞)",3.50,3,5,3,3,11404
673,"170","170. DMC파크뷰자이아파트 302동 앞",3.50,3,5,1,5,11341
674,"852","852. 청암자이아파트 앞",3.50,3,3,3,5,10973
675,"2633","2633.송파학사 옆",3.50,3,4,2,5,10898
676,"2276","2276. 영동1교 (양재천근린공원)",3.50,3,2,4,5,10831
677,"3529","3529. 어린이대공원정문",3.50,3,3,3,5,10747
678,"836","836. 현대자동차서비스 앞",3.50,3,1,5,5,10669
679,"2547","2547. 반포래미안 리오센트",3.50,3,4,3,4,10468
680,"5506","5506. 월드컵참누리아파트",3.50,3,5,2,4,10353
681,"4320","4320. 비석공원",3.50,3,2,5,4,10056
682,"2606","2606. 위례동주민센터",3.50,3,4,4,3,10029
683,"2241","2241.양재전화국 사거리",3.50,3,3,5,3,9826
684,"2420","2420.학여울역 사거리(LG베스트샵 앞)",3.50,3,5,4,2,9816
685,"930","930. 구 서부경찰서 건너편",3.50,3,4,4,3,9508
686,"950","950. 구산역 2번 출구 예일여고 버스정류장",3.50,3,3,3,5,9349
687,"1239","1239. 문정 법조단지3",3.50,3,5,5,1,9309
688,"3008","3008.DMC역7번출구",3.50,3,5,5,1,9268
689,"1289","1289. 풍납토성 서성벽터B",3.50,3,4,5,2,9227
690,"2317","2317. 삼성도로공원",3.50,3,1,5,5,9213
691,"5152","5152.이스트폴 105동 방면 입구",3.50,3,3,3,5,9114
692,"2250","2250. 서초유치원 맞은편",3.50,3,4,3,4,9081
693,"4951","4951. 강동농협 버스정류소 앞(광채빌라)",3.50,3,4,3,4,9065
694,"4035","4035. 휴플러스 수락한신아파트 101동 앞",3.50,3,5,1,5,9059
695,"4923","4923.수협대치동지점",3.50,3,3,4,4,8982
696,"2266","2266. 서초역 3번출구",3.50,3,3,5,3,8862
697,"666","666.이문대성유니드아파트 앞",3.50,2,2,5,5,8590
698,"3880","3880. 홍련봉 공원",3.50,2,4,3,5,8066
699,"4316","4316. 고속터미널역 3번출구",3.50,2,3,5,4,8036
700,"1287","1287. 위례아이파크 101동 맞은편",3.50,2,5,2,5,6908
701,"4264","4264. 홍남교 버스정류장",3.50,2,5,2,5,6766
702,"1825","1825. 한신아파트 앞 육교 아래",3.50,2,5,4,3,6637
703,"2822","2822.제니스스포츠 앞",3.50,2,5,4,3,6419
704,"867","867.서빙고역 광장(1번출구)",3.50,1,4,4,5,4374
705,"3539","3539. 서원마을",3.50,1,3,5,5,1943
706,"2541","2541.옛골 입구",3.50,1,4,4,5,1173
707,"5515","5515.한강버스 망원 선착장",3.25,5,1,2,5,97178
708,"4217","4217. 한강공원 망원나들목",3.25,5,1,2,5,69466
709,"2733","2733.마곡13단지 정문 앞",3.25,5,5,1,2,63937
710,"2739","2739.수명산파크1단지교차로",3.25,5,5,1,2,53373
711,"5784","5784.한강버스 잠실 선착장",3.25,5,1,2,5,51916
712,"3569","3569.건대병원후문",3.25,5,3,3,2,51584
713,"1020","1020. 강동경찰서",3.25,5,4,3,1,48978
714,"1601","1601. 석계역 문화광장 내 자전거 보관소",3.25,5,2,4,2,48192
715,"209","209. 유진투자증권빌딩 앞",3.25,5,1,5,2,47705
716,"1184","1184. 마곡13단지",3.25,5,5,1,2,47319
717,"2719","2719.마곡문화공원",3.25,5,2,5,1,44848
718,"202","202. 국민일보 앞",3.25,5,1,5,2,44756
719,"4508","4508. 유원목동아파트 103동 앞",3.25,5,3,2,3,44528
720,"5096","5096. LG사이언스파크 E14동",3.25,5,2,5,1,44505
721,"795","795.양천 해누리타운",3.25,5,2,4,2,44085
722,"1149","1149. 신방화역환승주차장",3.25,5,2,4,2,44051
723,"2628","2628.문정역 1번출구",3.25,5,3,4,1,43514
724,"217","217. NH농협은행 앞",3.25,5,2,5,1,43039
725,"431","431. 청계천 영도교",3.25,5,3,2,3,42101
726,"5070","5070. 마곡13단지힐스테이트마스터 후문(1320동 앞)",3.25,5,5,1,2,40631
727,"584","584. 광진광장 교통섬",3.25,5,5,2,1,40596
728,"4509","4509. 서울영상고교 입구",3.25,5,4,1,3,40395
729,"280","280. 양평동6차현대아파트 앞",3.25,5,5,1,2,39736
730,"4514","4514. 목동성당 앞",3.25,5,3,1,4,38862
731,"791","791.현대하이페리온",3.25,5,1,3,4,38084
732,"2720","2720.힐스테이트에코",3.25,5,3,4,1,38052
733,"259","259. 대방역6번출구",3.25,5,5,1,2,36877
734,"1192","1192. 마곡수명산파크 209동 건너편",3.25,5,5,1,2,36331
735,"2708","2708.강서한강자이타워 앞",3.25,5,2,5,1,36216
736,"1611","1611. 과기대 입구(우)",3.25,5,1,4,3,35973
737,"361","361. 동묘앞역 1번출구 뒤",3.25,5,3,2,3,35677
738,"2707","2707.한강아파트",3.25,5,5,1,2,34342
739,"1308","1308. 안암로터리 버스정류장 앞",3.25,5,1,4,3,33562
740,"2718","2718.마곡수명산파크1단지",3.25,5,5,1,2,33237
741,"206","206. KBS 앞",3.25,5,1,5,2,33082
742,"3410","3410.종로3가역 8번출구",3.25,5,3,4,1,32846
743,"1163","1163. 방화동강서기동대앞",3.25,5,5,1,2,32744
744,"1655","1655. 공릉1단지아파트",3.25,5,4,1,3,32689
745,"2611","2611. 송파지역자활센터 뒤",3.25,5,5,1,2,32011
746,"4864","4864. 송파사거리",3.25,5,2,3,3,31967
747,"3582","3582.화양동 우체국",3.25,5,4,2,2,31740
748,"3413","3413.종로플레이스",3.25,5,3,4,1,31664
749,"2742","2742.강서구민올림픽체육센터",3.25,5,5,2,1,31599
750,"4893","4893. 문정법조단지12",3.25,5,2,5,1,30673
751,"3514","3514. 왕십리교회옆",3.25,5,3,2,3,30422
752,"4564","4564. 63스퀘어",3.25,5,2,5,1,30163
753,"1669","1669. 중계역 3번출구",3.25,5,2,4,2,29939
754,"2732","2732.마곡수명산 1-2단지",3.25,5,5,1,2,29865
755,"4486","4486. 홈플러스 잠실점",3.25,5,1,5,2,29185
756,"2727","2727.서울식물원 잔디마당 앞",3.25,5,2,5,1,28994
757,"4142","4142. 현대썬앤빌 앞",3.25,5,5,1,2,28776
758,"614","614. 용두동 사거리",3.25,5,3,3,2,28744
759,"1140","1140. 목동사거리 버스정류장",3.25,5,4,2,2,28378
760,"1656","1656. 중앙하이츠 아파트 입구",3.25,5,1,2,5,28111
761,"3890","3890. 웰츠타워 오피스텔",3.25,5,2,3,3,27942
762,"914","914. 새절역 2번출구",3.25,5,1,2,5,27913
763,"2173","2173. 당곡사거리",3.25,5,1,3,4,27808
764,"1455","1455. 상봉역 2번 출구",3.25,5,1,4,3,27597
765,"1955","1955. 디지털입구 교차로",3.25,5,1,4,3,26631
766,"3758","3758. 서울남부출입국관리소",3.25,5,5,2,1,26195
767,"474","474.동대문역사문화공원역 1번출구 뒤편",3.25,5,1,4,3,26164
768,"1135","1135. 강서구의회",3.25,5,5,1,2,25868
769,"1957","1957. 구일고등학교 정문",3.25,5,5,1,2,25828
770,"500","500. 어린이대공원역 3번출구 앞",3.25,5,2,3,3,25711
771,"2702","2702. 마곡 엠밸리2단지",3.25,5,5,1,2,25177
772,"1448","1448. 코스트코 상봉점",3.25,5,1,2,5,25103
773,"1132","1132. 등촌역 7번출구",3.25,5,4,2,2,24986
774,"2746","2746.수명산파크 4단지 411동 앞",3.25,5,5,1,2,24711
775,"421","421. 마포구청 앞",3.25,5,3,4,1,24668
776,"505","505. 자양사거리 광진아크로텔 앞",3.25,5,1,3,4,24600
777,"1636","1636. 상계주공2단지 버스정류장 옆",3.25,5,2,4,2,24558
778,"1531","1531. 미아사거리 1번 출구",3.25,5,1,3,4,24478
779,"2741","2741.마곡수명산파크5-6단지",3.25,5,5,1,2,24452
780,"6183","6183.K스퀘어 마곡",3.25,5,2,5,1,24228
781,"1338","1338. 용문2교 옆",3.25,5,3,2,3,24088
782,"634","634. 외국어대 정문 앞",3.25,5,2,3,3,23775
783,"1686","1686. 상계주공10단지 종합상가 앞",3.25,5,2,2,4,23543
784,"2630","2630.서울방이동 고분군",3.25,5,2,3,3,23355
785,"723","723. SBS방송국",3.25,5,2,5,1,23146
786,"551","551. 구의삼성쉐르빌 앞",3.25,5,3,2,3,23039
787,"2613","2613. 잠실나들목",3.25,5,2,1,5,22950
788,"414","414. 상암동주민센터 옆",3.25,5,2,4,2,22818
789,"5055","5055. 마곡역5번출구앞",3.25,5,2,5,1,22606
790,"2713","2713.우장초등학교 앞",3.25,5,5,1,2,22432
791,"4141","4141. 우리은행장안지점 앞",3.25,5,3,3,2,22420
792,"3785","3785. 마곡14단지 1408동앞",3.25,5,5,1,2,22278
793,"1535","1535. 효성인텔리안 앞",3.25,5,1,3,4,21962
794,"363","363. 신설동역 11번출구 뒤",3.25,5,3,2,3,21869
795,"1667","1667. 중계중학교",3.25,5,3,2,3,21781
796,"582","582. 경일중학교 앞",3.25,4,3,4,2,21732
797,"1683","1683. 노원문화예술회관",3.25,4,4,2,3,21535
798,"225","225. 앙카라공원 앞",3.25,4,4,4,1,21527
799,"3566","3566.우성4차아파트",3.25,4,5,1,3,21500
800,"911","911. 은평평화공원(역촌역4번출구)",3.25,4,3,3,3,21498
801,"130","130. 신촌역(2호선) 7번출구 앞",3.25,4,1,4,4,21474
802,"1697","1697.상계주공2단지 219동",3.25,4,4,1,4,21402
803,"2015","2015. 신대방삼거리역 6번출구쪽",3.25,4,4,1,4,21314
804,"1438","1438. 홈플러스 신내점 앞",3.25,4,3,4,2,21298
805,"4566","4566. 대림성원상떼빌아파트",3.25,4,5,2,2,21221
806,"1416","1416. 상봉역 3번출구",3.25,4,2,4,3,21180
807,"2306","2306. 압구정역 2번 출구 옆",3.25,4,2,5,2,21115
808,"3201","3201.당산skv1센터",3.25,4,3,5,1,21058
809,"1259","1259. 방이역 1번출구",3.25,4,2,3,4,20861
810,"613","613. 신설동역 10번출구 앞",3.25,4,3,4,2,20827
811,"4182","4182.보라매병원역 2번출구",3.25,4,1,5,3,20792
812,"701","701. 목동사거리 부근",3.25,4,5,1,3,20756
813,"3767","3767. 대원빌딩",3.25,4,5,1,3,20673
814,"5851","5851. 도림천 건널목 위",3.25,4,4,1,4,20653
815,"1022","1022. 길동 사거리(초소앞)",3.25,4,4,3,2,20648
816,"5053","5053. 신마곡벽산블루밍메트로오피스텔앞",3.25,4,5,2,2,20643
817,"4938","4938.LH수서2단지 201동 앞",3.25,4,5,1,3,20632
818,"3215","3215.강변삼성래미안",3.25,4,5,1,3,20525
819,"3865","3865. 이튼타워리버 2차",3.25,4,3,2,4,20496
820,"3919","3919. 구로역·NC신구로점 버스정류장(구로역 방면)",3.25,4,2,3,4,20414
821,"2222","2222.사당역 12번출구 뒤",3.25,4,3,3,3,20410
822,"1081","1081.트레빌빌딩",3.25,4,2,3,4,20366
823,"4693","4693. 수색감리교회",3.25,4,4,1,4,20285
824,"1958","1958. 강서수도사업소민원센터",3.25,4,4,3,2,20189
825,"2032","2032. 이수역 11번출구쪽",3.25,4,2,4,3,20173
826,"3774","3774. 마곡9단지 910동 상가앞",3.25,4,5,2,2,20158
827,"1033","1033. 고덕동 아남아파트",3.25,4,5,1,3,20081
828,"2000","2000. 신도림4차 e편한세상 아파트 1109동 앞",3.25,4,3,2,4,20073
829,"3754","3754. 신방화역 8번출구",3.25,4,4,2,3,19980
830,"4065","4065. 창동역 1번출구 앞",3.25,4,2,5,2,19938
831,"1691","1691. 노원정보도서관",3.25,4,2,3,4,19870
832,"4385","4385. 용답동 우체국 주변",3.25,4,5,3,1,19870
833,"1088","1088.풍납사거리(강동)",3.25,4,3,4,2,19793
834,"4813","4813. 망우지구대",3.25,4,3,2,4,19762
835,"3656","3656. 둔촌푸르지오아파트",3.25,4,3,2,4,19667
836,"1994","1994. 삼성전자 물류센터 앞",3.25,4,5,2,2,19630
837,"3927","3927. 구로월드아파트 앞",3.25,4,3,5,1,19575
838,"1692","1692. 온곡초교 교차로",3.25,4,2,3,4,19524
839,"657","657. 동대문롯데캐슬아파트 앞",3.25,4,5,1,3,19439
840,"2384","2384. 자곡사거리",3.25,4,5,2,2,19400
841,"2230","2230.이수역 4번 출구",3.25,4,3,4,2,19188
842,"5084","5084. 강서우체국",3.25,4,4,4,1,19165
843,"756","756. 목동주차장",3.25,4,1,3,5,19075
844,"265","265. 영등포유통상가 사거리",3.25,4,3,4,2,19014
845,"1001","1001. 광진교 남단 사거리(천호공원 방면)",3.25,4,2,2,5,18948
846,"2910","2910.도깨비시장",3.25,4,2,3,4,18933
847,"4091","4091. 방학역2번출구",3.25,4,2,4,3,18884
848,"530","530. 청계벽산아파트 앞",3.25,4,5,2,2,18882
849,"111","111. 상수역 2번출구 앞",3.25,4,1,3,5,18851
850,"292","292. 영일 어린이공원",3.25,4,5,2,2,18838
851,"5151","5151.진넥스베르디엠 앞",3.25,4,3,3,3,18837
852,"204","204. 국회의사당역 5번출구 옆",3.25,4,3,5,1,18832
853,"4465","4465. 건영아파트앞 사거리",3.25,4,3,3,3,18466
854,"4418","4418. 종암동 동덕여대 제2생활관 앞",3.25,4,3,3,3,18449
855,"310","310. 청계광장 옆",3.25,4,3,5,1,18389
856,"719","719. 홍익병원앞 교차로",3.25,4,4,2,3,18375
857,"1380","1380.월곡역 5번출구 앞",3.25,4,3,3,3,18274
858,"220","220. 미성아파트 A동 앞",3.25,4,3,5,1,18264
859,"4522","4522. 신곡시장",3.25,4,2,3,4,18011
860,"1907","1907. 구일우성(아) 육교 밑",3.25,4,5,2,2,17998
861,"4567","4567. 한림대학교 강남성심병원 신관",3.25,4,3,3,3,17982
862,"201","201. 진미파라곤 앞",3.25,4,2,5,2,17858
863,"4854","4854. 가락시장역 2번 출구",3.25,4,3,4,2,17842
864,"4491","4491. 장지역 1번출구",3.25,4,3,5,1,17770
865,"1305","1305. 성북구청",3.25,4,3,2,4,17718
866,"4080","4080. 창동주공19단지앞",3.25,4,2,4,3,17684
867,"2332","2332. 선릉역3번출구",3.25,4,3,5,1,17683
868,"412","412. DMC산학협력연구센터 앞",3.25,4,3,5,1,17479
869,"4560","4560. 양평동성원아파트",3.25,4,3,5,1,17395
870,"488","488.푸르메병원",3.25,4,4,4,1,17238
871,"1471","1471.동양쇼핑 정류소 앞",3.25,4,4,1,4,17214
872,"493","493.홍대입구역 6번출구",3.25,4,1,4,4,16941
873,"1390","1390.석관래미안아트리치",3.25,4,3,2,4,16813
874,"1265","1265. 문정동 근린공원",3.25,4,4,3,2,16751
875,"2265","2265. 이수고가차도 남단",3.25,4,2,4,3,16746
876,"4812","4812. 묵동 이마트 앞",3.25,4,1,4,4,16676
877,"1204","1204. 거여역 3번출구",3.25,4,2,4,3,16652
878,"4526","4526. 목동아파트2단지 222동 앞",3.25,4,5,1,3,16637
879,"1991","1991. 오류동역 맞은편",3.25,4,3,2,4,16632
880,"2214","2214. 신반포역 2번출구 앞",3.25,4,1,3,5,16556
881,"5073","5073. 우장산역 헤링턴타워 앞",3.25,4,2,3,4,16554
882,"5514","5514.공덕역 1번출구",3.25,4,2,4,3,16522
883,"256","256. 동아에코빌입구",3.25,4,4,2,3,16364
884,"326","326. 안국역 5번출구 앞",3.25,4,3,5,1,16337
885,"1552","1552. 강북구청사거리",3.25,4,1,4,4,16256
886,"2651","2651.경찰병원역 3번출구 앞",3.25,4,4,3,2,16254
887,"4468","4468. 가락1동주민센터",3.25,4,5,1,3,16252
888,"427","427. 성산시영아파트",3.25,4,4,1,4,16200
889,"5774","5774. 가락본동주민센터 인근",3.25,4,3,4,2,16164
890,"3853","3853. 어린이대공원역 2번출구",3.25,4,5,3,1,16142
891,"4453","4453. 위례중앙푸르지오 201동 앞",3.25,4,2,2,5,16093
892,"3206","3206.문래동 주민센터",3.25,4,3,5,1,16089
893,"525","525. 한양대병원사거리",3.25,4,1,3,5,16075
894,"107","107. 수협 연남동지점",3.25,4,2,5,2,16013
895,"380","380. CJ제일제당 앞",3.25,4,3,5,1,15989
896,"1920","1920. 서울미래초등학교 사거리",3.25,4,4,2,3,15960
897,"4483","4483. 잠실나들목4",3.25,4,3,1,5,15943
898,"2110","2110. 조원동 미성아파트",3.25,4,2,4,3,15916
899,"3414","3414.종로5가역 4번출구",3.25,4,3,4,2,15845
900,"4270","4270. 우국한마음 아파트 맞은편",3.25,4,3,4,2,15839
901,"2737","2737.까치산역 3번 출구",3.25,4,2,3,4,15786
902,"1306","1306. 한성대입구역2번출구",3.25,4,1,3,5,15770
903,"6171","6171. 월드빌딩 앞",3.25,4,2,3,4,15730
904,"989","989. 신응교(가좌로) 앞",3.25,4,2,2,5,15728
905,"2115","2115. 관악구시설관리공단",3.25,4,5,1,3,15727
906,"1288","1288. 문정중교 사거리",3.25,4,3,3,3,15705
907,"4317","4317. 양재근린공원",3.25,4,4,3,2,15586
908,"1003","1003. 해공도서관앞",3.25,4,3,2,4,15571
909,"1074","1074.대명초교입구 사거리",3.25,4,4,1,4,15505
910,"4381","4381. 더스페이스타워 앞",3.25,4,2,5,2,15486
911,"4089","4089. 동부센트레빌 앞",3.25,4,4,2,3,15453
912,"1529","1529. 미아동 한국전력공사",3.25,4,2,4,3,15419
913,"320","320. 을지로입구역 4번출구 앞",3.25,4,3,5,1,15406
914,"2821","2821.청구아파트 앞",3.25,4,5,2,2,15370
915,"2066","2066. 양문교회 앞",3.25,4,3,2,4,15323
916,"700","700. KB국민은행 염창역 지점 앞",3.25,4,2,3,4,15263
917,"5075","5075. 등촌역 1번출구",3.25,4,3,3,3,15228
918,"289","289. 대림3동사거리",3.25,4,4,3,2,15207
919,"2056","2056. 동작구민 체육센터",3.25,4,5,3,1,15180
920,"4167","4167. 구로교 아래",3.25,4,1,4,4,15102
921,"1685","1685. 불암고등학교 앞 횡단보도",3.25,4,3,2,4,15028
922,"2911","2911.상계역중앙시장",3.25,4,1,3,5,15019
923,"1640","1640. 한내근린공원 북측",3.25,4,2,2,5,15016
924,"3121","3121.가좌삼거리",3.25,4,2,3,4,14899
925,"4238","4238. 상암한샘빌딩앞",3.25,4,5,3,1,14883
926,"1175","1175. 대한항공 인력개발센터",3.25,4,4,3,2,14828
927,"336","336. 충무로역 6번출구 앞",3.25,4,4,4,1,14806
928,"426","426. 서울신용보증재단",3.25,4,3,5,1,14777
929,"513","513. 뚝섬역 5번 출구 정류소 옆",3.25,4,3,5,1,14739
930,"1407","1407. 먹골역 1번출구 뒤",3.25,4,2,3,4,14727
931,"4872","4872. 개롱역 3번 출구 뒤",3.25,4,2,3,4,14543
932,"1627","1627. 수락산역 4번출구",3.25,4,2,4,3,14492
933,"2169","2169. 봉천역 2번출구",3.25,4,2,3,4,14456
934,"1665","1665. 양지근린공원앞",3.25,4,3,2,4,14452
935,"2515","2515.서초초등학교 후문",3.25,4,1,5,3,14438
936,"2709","2709.강변아파트 310동 앞",3.25,4,3,1,5,14432
937,"4957","4957. 신명초교 교차로",3.25,4,4,1,4,14407
938,"610","610. 동대문중 교차로",3.25,4,5,2,2,14388
939,"4267","4267. 서대문역 2번 출구",3.25,4,3,4,2,14367
940,"627","627. 장안동삼거리 교통섬",3.25,4,3,2,4,14280
941,"340","340. 혜화동 로터리",3.25,4,3,3,3,14217
942,"3684","3684. 고덕자이(105동 앞)",3.25,4,4,1,4,14207
943,"327","327. 낙원상가 옆",3.25,4,3,4,2,14190
944,"2711","2711.가로공원공영주차장 1번 출구",3.25,4,4,1,4,14186
945,"3699","3699. 상일파출소 옆",3.25,4,3,4,2,14185
946,"711","711. 신일해피트리아파트 앞",3.25,4,5,2,2,14135
947,"343","343. 힐스테이트창경궁 아파트 앞",3.25,4,4,4,1,14130
948,"3651","3651. 개포동역 4번출구",3.25,4,2,2,5,14101
949,"3120","3120.DMC엘가아파트 앞",3.25,4,3,3,3,14082
950,"6184","6184. 한강버스 마곡 선착장",3.25,4,1,3,5,14081
951,"1726","1726. 삼익세라믹아파트교차로",3.25,4,3,2,4,14062
952,"1233","1233. 잠실3거리(갤러리아팰리스)",3.25,4,2,3,4,14047
953,"4114","4114. 휘경여중고삼거리",3.25,4,3,3,3,14041
954,"4347","4347. 논현지하보도",3.25,4,4,3,2,13986
955,"2108","2108. 은천치안센터",3.25,4,3,2,4,13973
956,"1974","1974. 신도림2차e편한세상아파트 203동 앞",3.25,4,4,2,3,13961
957,"3931","3931. 천왕역 3번 출구 뒤",3.25,4,3,5,1,13955
958,"3502","3502. 중곡역 1번출구",3.25,4,3,4,2,13943
959,"1630","1630. 수연빌딩 앞",3.25,4,1,3,5,13884
960,"1664","1664. 노해근린공원내",3.25,4,3,1,5,13839
961,"4113","4113. 한국국방연구원 앞",3.25,4,2,5,2,13819
962,"1605","1605. 헬스케어",3.25,4,2,4,3,13795
963,"1382","1382.래미안월곡아파트 입구",3.25,4,5,1,3,13776
964,"4569","4569. 힐스테이트클래시안아파트",3.25,4,5,1,3,13707
965,"777","777.신월6차보람아파트 앞",3.25,4,5,1,3,13688
966,"3983","3983. 금천구청역 1번 출구",3.25,3,4,5,1,13649
967,"3131","3131.연가교 교차로",3.25,3,5,1,4,13506
968,"3793","3793. 더리브골드타워",3.25,3,4,5,1,13428
969,"706","706. 신정네거리역",3.25,3,3,4,3,13386
970,"4425","4425. 하늘채코오롱아파트 앞",3.25,3,3,2,5,13364
971,"1327","1327. 상월곡역 3번출구",3.25,3,3,4,3,13352
972,"5078","5078. 왈도강서캠퍼스 앞",3.25,3,5,2,3,13311
973,"276","276. 영등포로터리2",3.25,3,5,3,2,13230
974,"2504","2504. 신사역 4번출구 뒤",3.25,3,1,5,4,13208
975,"5896","5896.영등포구청역 6번출구",3.25,3,4,4,2,13206
976,"1318","1318. 길음역 3번출구 뒤",3.25,3,2,4,4,13093
977,"150","150. 서강대역 2번출구 앞",3.25,3,3,3,4,13064
978,"143","143. 공덕역 2번출구",3.25,3,3,5,2,13057
979,"3102","3102. 연희삼거리",3.25,3,4,1,5,12997
980,"3641","3641. 대청역",3.25,3,4,5,1,12978
981,"908","908. 구산역 4번출구",3.25,3,2,3,5,12977
982,"2703","2703.서울도시가스 앞",3.25,3,2,4,4,12969
983,"1444","1444. 면목4치안센터",3.25,3,5,1,4,12937
984,"1805","1805. 서울디지털운동장 앞",3.25,3,4,5,1,12908
985,"389","389. 을지로4가역 1번출구",3.25,3,4,5,1,12895
986,"2303","2303. 논현역 10번출구",3.25,3,3,5,2,12864
987,"1271","1271. 송파도서관",3.25,3,1,4,5,12839
988,"3818","3818. 은천교회 앞",3.25,3,5,1,4,12836
989,"5760","5760. 풍납사거리 성내유수지",3.25,3,2,4,4,12833
990,"2221","2221. 방일초교 마을버스 정류장",3.25,3,2,4,4,12727
991,"1473","1473.중랑역 1번 출구(중화문화복지센터)",3.25,3,4,4,2,12706
992,"4411","4411. 동산어린이공원 앞",3.25,3,5,4,1,12632
993,"736","736. 오솔길공원",3.25,3,5,2,3,12607
994,"1965","1965. 삼환로즈빌아파트 105동 옆",3.25,3,3,3,4,12586
995,"4620","4620. 삼각지역 14번 출구 앞(교통섬)",3.25,3,3,3,4,12552
996,"3508","3508. 화양사거리",3.25,3,4,5,1,12538
997,"1941","1941. 오류동역 2번출구",3.25,3,4,4,2,12450
998,"1061","1061. 천호초교 입구 사거리(일주빌딩)",3.25,3,4,2,4,12353
999,"544","544. 광남중학교",3.25,3,4,1,5,12333
1000,"1373","1373. 성북구보건소 건너편",3.25,3,4,3,3,12315
1001,"2644","2644. 성내5교",3.25,3,4,2,4,12287
1002,"4507","4507. 신정제일시장",3.25,3,3,3,4,12278
1003,"175","175. 홍연2교옆",3.25,3,4,2,4,12266
1004,"1268","1268. 몽촌토성역 1번출구 옆",3.25,3,2,3,5,12250
1005,"837","837. 한남나들목 입구",3.25,3,1,4,5,12118
1006,"2503","2503. 반포1동 서초빌딩 앞",3.25,3,4,4,2,12111
1007,"1079","1079.강일동입구교차로",3.25,3,5,2,3,12108
1008,"835","835. 남영역 건너편",3.25,3,3,4,3,12073
1009,"4303","4303. 매헌역 2번출구앞광역버스 정류장앞(22-297)",3.25,3,4,5,1,12014
1010,"2185","2185. 대학동 고시촌",3.25,3,3,2,5,11997
1011,"2195","2195.은천교회",3.25,3,5,1,4,11899
1012,"4843","4843. 봉화산역 4번 출구",3.25,3,2,3,5,11892
1013,"4002","4002. 상계주공 14단지 상가 앞",3.25,3,4,1,5,11857
1014,"437","437. 대흥역 1번출구",3.25,3,2,4,4,11831
1015,"510","510. 뚝도아리수정수센터 버스정류소 옆",3.25,3,1,4,5,11830
1016,"4895","4895. 송파레이크힐 상가",3.25,3,3,4,3,11818
1017,"4591","4591. 신길자이아파트",3.25,3,4,1,5,11808
1018,"553","553. 중곡 성원아파트 앞",3.25,3,3,3,4,11744
1019,"2104","2104. 사당역 5번출구",3.25,3,1,4,5,11670
1020,"4867","4867. 가락대림아파트 앞",3.25,3,4,3,3,11611
1021,"4674","4674. 녹번역e편한세상 캐슬 정문 앞",3.25,3,3,3,4,11594
1022,"4018","4018. 상계주공15단지 버스정류소",3.25,3,4,3,3,11559
1023,"4629","4629. 한강초교보도육교 앞",3.25,3,1,4,5,11521
1024,"1178","1178. 개화산역 2번 출구",3.25,3,3,4,3,11504
1025,"2706","2706.강서공업고등학교 앞",3.25,3,5,2,3,11377
1026,"399","399. 서울역 센트럴 자이아파트",3.25,3,5,3,2,11371
1027,"4499","4499. 세양청마루 101동 앞",3.25,3,5,2,3,11364
1028,"2012","2012. 대림사거리(동작상떼빌아파트)",3.25,3,3,4,3,11287
1029,"4887","4887. 호돌이상가",3.25,3,4,4,2,11260
1030,"762","762. 오목로 무중력지대 앞",3.25,3,1,4,5,11248
1031,"752","752. 성원2차 아파트",3.25,3,5,2,3,11184
1032,"4138","4138. 조일빌딩 앞",3.25,3,5,3,2,11177
1033,"300","300. 정동사거리",3.25,3,5,4,1,11090
1034,"4062","4062. 평화도봉공원 주변",3.25,3,3,3,4,11042
1035,"6190","6190.마곡광장(마곡나루역 6번출구)",3.25,3,5,4,1,11011
1036,"1961","1961. 신도림테크노근린공원",3.25,3,3,5,2,10996
1037,"817","817. 삼각지역 4번출구 앞",3.25,3,4,2,4,10850
1038,"485","485.서울역5번출구",3.25,3,4,5,1,10784
1039,"1639","1639. 희성오피앙",3.25,3,3,3,4,10723
1040,"4791","4791. 명동역9번 출구",3.25,3,3,4,3,10705
1041,"1395","1395.래미안장위포레카운티(102동)",3.25,3,4,1,5,10703
1042,"1196","1196. 서울식물원(문화센터) 건너편",3.25,3,4,5,1,10682
1043,"4008","4008. 하계 어린이 공원",3.25,3,4,2,4,10586
1044,"379","379. 서울역9번출구",3.25,3,3,5,2,10565
1045,"4350","4350.누리숲어린이공원 앞",3.25,3,3,4,3,10485
1046,"3718","3718. 번동3단지 버스정류장",3.25,3,2,4,4,10377
1047,"5764","5764. 한국체육대학교",3.25,3,1,4,5,10341
1048,"3786","3786. 강서힐스테이트 상가 앞",3.25,3,3,3,4,10332
1049,"6176","6176. 유광사 여성병원 앞",3.25,3,3,3,4,10313
1050,"526","526. 용답토속공원 앞",3.25,3,4,5,1,10309
1051,"2315","2315. 봉은사역 5번출구 옆",3.25,3,3,5,2,10303
1052,"4463","4463. 방이역 2번 출구",3.25,3,4,3,3,10239
1053,"2655","2655.송이공원",3.25,3,4,2,4,10223
1054,"3558","3558.마장동 금호어울림APT앞",3.25,3,3,2,5,10192
1055,"782","782.서남병원 후문",3.25,3,5,3,2,10178
1056,"1217","1217. 송파파인타운 7단지",3.25,3,3,3,4,10147
1057,"4123","4123. 배봉초교 교차로",3.25,3,3,4,3,10082
1058,"3123","3123.DMC파크뷰자이1단지 110동 앞",3.25,3,4,1,5,10077
1059,"353","353. 재동초교 앞 삼거리",3.25,3,1,4,5,10076
1060,"122","122. 신성기사식당 앞",3.25,3,4,2,4,10037
1061,"5342","5342. 상계공원 입구",3.25,3,5,1,4,10017
1062,"1734","1734. 쌍문현대1차아파트 108동 앞",3.25,3,5,1,4,9945
1063,"4147","4147.청량리역광장",3.25,3,2,4,4,9912
1064,"1403","1403. 중화빌딩 앞 (동부시장)",3.25,3,1,4,5,9897
1065,"4573","4573. 두산위브아파트",3.25,3,5,1,4,9880
1066,"4105","4105. 서울교통공사사거리 교통섬",3.25,3,4,5,1,9847
1067,"5753","5753. 호반써밋",3.25,3,4,3,3,9845
1068,"4603","4603. 한강GS에클라트 건너편 교통섬",3.25,3,4,4,2,9841
1069,"5759","5759. 풍납근린공원",3.25,3,2,4,4,9784
1070,"105","105. 합정역 5번출구 앞",3.25,3,1,4,5,9733
1071,"4710","4710. 자교교회 앞",3.25,3,4,2,4,9727
1072,"4485","4485. 잠실나루역 고가하부",3.25,3,1,5,4,9718
1073,"2514","2514.사평역 2번출구",3.25,3,4,4,2,9591
1074,"394","394. 경희궁 자이 3단지",3.25,3,5,4,1,9589
1075,"3816","3816. 관악 GSfresh",3.25,3,5,2,3,9580
1076,"4544","4544.경창시장",3.25,3,5,3,2,9529
1077,"4842","4842. 면목라온프라이빗 아파트",3.25,3,5,1,4,9522
1078,"1060","1060. 천일초교 사거리",3.25,3,3,3,4,9520
1079,"1247","1247. 문정 법조단지11",3.25,3,2,4,4,9491
1080,"2301","2301. 현대고등학교 건너편",3.25,3,1,4,5,9467
1081,"2170","2170. 조원동 강남힐병원",3.25,3,5,1,4,9463
1082,"714","714. 한국SGI 양천문화회관 앞",3.25,3,5,3,2,9460
1083,"4552","4552. 코레일유통본사",3.25,3,4,5,1,9434
1084,"4423","4423.현대백화점 미아점",3.25,3,4,1,5,9390
1085,"4518","4518. 청기와빌딩",3.25,3,4,3,3,9312
1086,"4104","4104. 외대앞역 교차로",3.25,3,2,3,5,9308
1087,"1437","1437. 늘푸른공원 앞",3.25,3,4,3,3,9265
1088,"4329","4329. SC제일은행 양재동지점 앞",3.25,3,5,4,1,9240
1089,"665","665.이문동 쌍용아파트 정문",3.25,3,5,1,4,9226
1090,"4116","4116. 이문e편한세상아파트 앞",3.25,3,4,3,3,9167
1091,"4640","4640. 원효로2가 교차로",3.25,3,3,3,4,9166
1092,"3115","3115.북아현 치안센터 인근",3.25,3,5,1,4,9164
1093,"2237","2237.서울남부터미널 대합실 입구",3.25,3,3,5,2,9111
1094,"2652","2652.송파 레미니스1단지 102동 앞",3.25,3,5,3,2,9108
1095,"2325","2325. 대치삼성아파트 앞 교차로",3.25,3,1,4,5,9105
1096,"733","733. 신정이펜하우스314동",3.25,3,4,2,4,9088
1097,"2242","2242.양재역 10번 출구 앞",3.25,3,5,4,1,9041
1098,"2524","2524.반포쇼핑타운 8동 앞",3.25,3,1,4,5,9018
1099,"2529","2529.우리은행 방배동지점 앞",3.25,3,2,4,4,8930
1100,"2299","2299. 한전아트센터 앞",3.25,3,5,4,1,8868
1101,"1936","1936. 개봉역 1번 출구 자전거보관서쪽",3.25,2,4,5,2,8757
1102,"3903","3903. 현대아파트 앞",3.25,2,5,3,3,8714
1103,"1641","1641. 한내근린공원 남측",3.25,2,3,3,5,8688
1104,"5509","5509.신석초교 앞",3.25,2,4,2,5,8626
1105,"4857","4857. 올림픽공원 장미광장",3.25,2,2,4,5,8580
1106,"188","188. 홍은동 정원여중 입구",3.25,2,4,3,4,8440
1107,"811","811. 녹사평역1번출구",3.25,2,2,4,5,8397
1108,"2307","2307. 압구정 한양 3차 아파트",3.25,2,1,5,5,8346
1109,"4616","4616. 신용산지하차도 앞",3.25,2,3,4,4,8231
1110,"654","654. 전농동 텃골공원",3.25,2,4,2,5,8217
1111,"1702","1702. 녹천역 1번출구 앞",3.25,2,5,2,4,8217
1112,"5322","5322.노원성당 앞",3.25,2,5,1,5,8216
1113,"3655","3655. 둔촌신성미소지움아파트",3.25,2,4,2,5,8131
1114,"3110","3110.홍은 현대아이파크 아파트 202동 앞",3.25,2,4,2,5,8066
1115,"866","866.브라운스톤 남산아파트",3.25,2,4,2,5,8030
1116,"4014","4014. 불암산역 3번 출구",3.25,2,4,2,5,8018
1117,"322","322. 명동성당 앞",3.25,2,2,5,4,8001
1118,"4345","4345. 반포역 4번출구",3.25,2,4,2,5,7892
1119,"748","748. 목동운동장",3.25,2,1,5,5,7848
1120,"3113","3113. 독립문 앞",3.25,2,5,1,5,7766
1121,"904","904. 은평뉴타운 푸르지오",3.25,2,5,1,5,7762
1122,"349","349. 어린이도서관",3.25,2,3,3,5,7748
1123,"1405","1405. 망우역 1번출구",3.25,2,4,4,3,7715
1124,"4273","4273. 홍연2교 사거리",3.25,2,5,3,3,7617
1125,"2243","2243.서울가정법원",3.25,2,5,5,1,7604
1126,"864","864.순천향대학병원(한남오거리)",3.25,2,1,5,5,7566
1127,"3689","3689. 강일역 3번출구",3.25,2,4,5,2,7344
1128,"810","810. 이태원지하보도",3.25,2,2,4,5,7230
1129,"4313","4313. 반포종합운동장",3.25,2,2,4,5,7228
1130,"3906","3906. 천왕차량사업소 입구",3.25,2,4,5,2,7164
1131,"1998","1998. 고척교 교차로",3.25,2,2,4,5,7112
1132,"843","843. 이태원관광특구 입구(용산구청방향)",3.25,2,1,5,5,7061
1133,"1241","1241. 문정 법조단지5",3.25,2,4,4,3,7020
1134,"271","271. 샛강생태공원방문자센터 앞",3.25,2,4,5,2,7002
1135,"1835","1835. STX V타워",3.25,2,5,5,1,6965
1136,"4206","4206. 광흥창역5번출구",3.25,2,3,4,4,6956
1137,"2038","2038. 동작역 7번출구",3.25,2,2,4,5,6951
1138,"2388","2388. 강남구 도시관리공단",3.25,2,5,4,2,6817
1139,"2339","2339. 현대아파트 정문 앞",3.25,2,5,2,4,6798
1140,"1421","1421. 신내역 4번출구",3.25,2,4,5,2,6788
1141,"3658","3658. 프라이어팰리스아파트",3.25,2,5,1,5,6615
1142,"2517","2517. 서초그랑자이 앞",3.25,2,5,4,2,6455
1143,"851","851.효창 푸르지오 앞",3.25,2,4,2,5,6363
1144,"4935","4935. 도곡삼성래미안",3.25,2,5,2,4,6324
1145,"4585","4585. 국회6문",3.25,2,1,5,5,6318
1146,"863","863.이촌역2번 출구",3.25,2,1,5,5,6274
1147,"919","919. 서울혁신파크",3.25,2,2,4,5,6218
1148,"171","171. 임광빌딩 앞",3.25,2,5,5,1,6197
1149,"2396","2396. 영동3교 북단(우성캐릭터 앞 보도)",3.25,2,3,3,5,6194
1150,"3537","3537. 아차산 휴먼시아 아파트 옆",3.25,2,4,2,5,6156
1151,"4862","4862. 성내교 남단",3.25,2,2,4,5,6104
1152,"1042","1042. 강일리버파크 2~5단지",3.25,2,5,3,3,5967
1153,"135","135. 명물길 원형무대 앞",3.25,2,2,5,4,5954
1154,"840","840. 용산 파크타워 앞",3.25,2,3,3,5,5800
1155,"3623","3623. 일원에코파크 앞(개포로 방면)",3.25,2,3,3,5,5782
1156,"4930","4930. 학여울역 1번출구",3.25,2,5,3,3,5452
1157,"3602","3602. 한국지역난방공사강남지사",3.25,2,5,5,1,5333
1158,"1279","1279. 마천금호어울림 1차아파트 건너편",3.25,2,4,4,3,5076
1159,"1510","1510. 번동주공5단지 관리사무소 앞",3.25,2,4,4,3,5029
1160,"1774","1774.정의여중고 버스정류소",3.25,2,4,3,4,4933
1161,"4632","4632. 용산 푸르지오 파크타운 1단지 앞",3.25,1,4,5,3,4446
1162,"4493","4493. 마천사거리 2",3.25,1,4,4,4,4293
1163,"4956","4956. 암사역사공원역 1번출구",3.25,1,4,3,5,3419
1164,"2143","2143. 서울산업정보학교",3.25,1,3,4,5,3412
1165,"4271","4271. 충정로역 1번 출구",3.25,1,3,5,4,2921
1166,"3563","3563.구의7단지현대아파트",3.25,1,5,2,5,2879
1167,"1847","1847. 독산주공 14단지 버스정류소",3.25,1,5,5,2,2643
1168,"3720","3720. 우이천 창번교",3.25,1,4,3,5,1991
1169,"2354","2354. 청담역 2번출구",3.25,1,3,4,5,1815
1170,"1066","1066.생태공원앞 교차로(조명탑)",3.25,1,4,3,5,1447
1171,"1845","1845. 롯데캐슬골드파크1차 서문",3.25,1,5,2,5,7
1172,"2717","2717.LG유플러스 마곡사옥",3.00,5,1,5,1,56514
1173,"4457","4457. 아산병원 기숙사 부근",3.00,5,1,5,1,53097
1174,"4452","4452. 삼성SDS",3.00,5,1,5,1,42597
1175,"1674","1674. 서울북부고용센터앞",3.00,5,1,4,2,37530
1176,"670","670.삼육서울병원 버스정류장",3.00,5,1,3,3,36218
1177,"383","383. 신당역 12번 출구 뒤",3.00,5,2,2,3,34955
1178,"2745","2745.수명초등학교",3.00,5,5,1,1,32843
1179,"1193","1193. 마곡센트럴타워 1차",3.00,5,1,5,1,32767
1180,"1986","1986. 태평양물산",3.00,5,1,5,1,31892
1181,"308","308. 광화문 S타워 앞",3.00,5,1,5,1,30610
1182,"186","186. 월드컵공원",3.00,5,1,1,5,30172
1183,"5878","5878. 우리은행 앞",3.00,5,1,5,1,29951
1184,"291","291. 문래동 하이테크 시티",3.00,5,1,5,1,29495
1185,"1243","1243. 문정 법조단지7",3.00,5,1,5,1,28726
1186,"1964","1964. 원메디타운 앞",3.00,5,3,2,2,28359
1187,"1023","1023. 한국종합기술사옥 앞",3.00,5,1,5,1,27040
1188,"540","540. 군자역 7번출구 베스트샵 앞",3.00,5,2,2,3,26528
1189,"229","229. 양평1 보행육교 앞",3.00,5,1,5,1,26527
1190,"501","501. 광진문화예술회관 앞",3.00,5,4,1,2,26329
1191,"1657","1657. 노원구청",3.00,5,1,5,1,26055
1192,"1291","1291. 서울체육고등학교 앞",3.00,5,1,5,1,25600
1193,"1195","1195. 코오롱One&Only타워",3.00,5,1,5,1,25022
1194,"1177","1177. 수명중?고교",3.00,5,5,1,1,24259
1195,"3759","3759. 이대서울병원",3.00,5,1,5,1,24051
1196,"4377","4377. 우영테크노센터 앞",3.00,5,1,5,1,23913
1197,"1442","1442. 중랑구청 중화동 별관 앞",3.00,5,2,3,2,23884
1198,"5066","5066. 아망떼마곡전시장",3.00,5,1,5,1,23696
1199,"2729","2729.넥센 유니버시티 앞",3.00,5,1,5,1,23110
1200,"409","409. 누리꿈스퀘어 옆",3.00,5,1,5,1,22632
1201,"5057","5057. 마곡역4번출구",3.00,5,1,5,1,22623
1202,"4884","4884. H비즈니스파크",3.00,5,1,5,1,22296
1203,"2801","2801. 대륭포스트타워1차",3.00,5,1,5,1,22097
1204,"4007","4007. 노원 을지대학교 병원",3.00,5,2,4,1,21990
1205,"4218","4218. 디지털매직스페이스",3.00,5,1,5,1,21750
1206,"3421","3421.혜화역 1번출구",3.00,4,2,3,3,21698
1207,"1737","1737. 신창시장",3.00,4,3,2,3,21538
1208,"1661","1661. 당현천근린공원",3.00,4,4,2,2,21453
1209,"1337","1337. 돈암성당 옆",3.00,4,1,2,5,21240
1210,"1762","1762.북한산 한신휴플러스APT앞",3.00,4,4,1,3,21031
1211,"1021","1021. 강일동 리슈빌 빌딩앞",3.00,4,5,2,1,20989
1212,"4532","4532. 목동현대아파트 후문 앞",3.00,4,3,1,4,20955
1213,"1446","1446. 중랑전화국 교차로",3.00,4,4,2,2,20905
1214,"2731","2731.명덕고교",3.00,4,5,2,1,20881
1215,"4765","4765. 동대문디자인플라자",3.00,4,1,4,3,20851
1216,"624","624. 전농동 동아아파트 앞",3.00,4,5,1,2,20736
1217,"1201","1201. 가락시장역 3번 출구",3.00,4,3,4,1,20652
1218,"1689","1689. 마들역 3번출구",3.00,4,2,3,3,20446
1219,"1321","1321. 국민은행 종암동지점 앞",3.00,4,3,2,3,20310
1220,"4852","4852. 서울복합물류 게이트 1",3.00,4,2,5,1,20260
1221,"254","254. 도림신협 앞",3.00,4,4,2,2,19752
1222,"1165","1165. 마곡중학교 후문",3.00,4,4,1,3,19708
1223,"1602","1602. 광운대역 앞",3.00,4,2,3,3,19639
1224,"4087","4087. 우이교 교차로",3.00,4,1,2,5,19579
1225,"3422","3422.성균관대 정문",3.00,4,4,2,2,19576
1226,"2740","2740.마곡레포츠센터",3.00,4,3,4,1,19564
1227,"678","678.장안힐스테이트(아) 앞",3.00,4,3,3,2,19419
1228,"4387","4387. 성수역 1번출구 주변",3.00,4,1,5,2,19286
1229,"1708","1708. 도봉보건소사거리",3.00,4,3,3,2,19190
1230,"563","563. 성동세무서 건너편",3.00,4,2,5,1,19101
1231,"943","943. 은평구청 보건소",3.00,4,3,4,1,19079
1232,"587","587. 유니베라 앞",3.00,4,1,5,2,18985
1233,"266","266. 영등포청과시장 사거리",3.00,4,2,4,2,18875
1234,"1742","1742. 북한산 코오롱 하늘채",3.00,4,4,1,3,18781
1235,"1966","1966. 한마을아파트 정문상가",3.00,4,5,1,2,18769
1236,"623","623. 서울시립대 정문 앞 B",3.00,4,2,3,3,18738
1237,"1351","1351. 안암2교 옆",3.00,4,3,3,2,18652
1238,"2058","2058. 동작경찰서",3.00,4,1,2,5,18562
1239,"4140","4140. 신설동역 4번출구",3.00,4,3,3,2,18496
1240,"716","716.신정6동 주민센터 인근",3.00,4,2,3,3,18448
1241,"2656","2656.풍납동 아이파크 107동 앞",3.00,4,3,4,1,18420
1242,"3929","3929. 고척아이파크아파트 205동 앞",3.00,4,5,1,2,18375
1243,"4592","4592. 신길우성4차아파트",3.00,4,4,2,2,18034
1244,"558","558. 성동광진 교육지원청 앞",3.00,4,2,4,2,17914
1245,"669","669.청계한신휴플러스앞 삼거리",3.00,4,5,1,2,17787
1246,"3544","3544.한양대역 3번 출구",3.00,4,3,4,1,17733
1247,"1606","1606. 태릉입구역 3번출구",3.00,4,1,3,4,17726
1248,"3762","3762. 마곡9단지 907동앞",3.00,4,5,1,2,17702
1249,"4804","4804. 동서울농협 앞",3.00,4,1,4,3,17638
1250,"1385","1385.성신여대입구역 3번출구 앞",3.00,4,2,2,4,17565
1251,"1928","1928. 고척스카이돔구장 광장",3.00,4,3,3,2,17336
1252,"1199","1199. 우장산역 3번출구",3.00,4,2,3,3,17291
1253,"4207","4207. 아만티호텔 앞",3.00,4,1,4,3,17141
1254,"2414","2414. 도곡역 아카데미스위트 앞",3.00,4,2,5,1,17139
1255,"834","834. 효창공원앞역 3번출구 앞",3.00,4,5,1,2,17130
1256,"680","680.꿈마루어린이도서관 앞",3.00,4,2,2,4,17109
1257,"5503","5503. 마포아트센터 앞",3.00,4,5,1,2,17067
1258,"104","104. 합정역 1번출구 앞",3.00,4,1,4,3,17065
1259,"1401","1401. 극동늘푸른아파트",3.00,4,1,2,5,17062
1260,"418","418. 월드컵경기장역 3번출구 옆",3.00,4,1,2,5,17003
1261,"5154","5154.광진구청 앞",3.00,4,1,4,3,16894
1262,"521","521. 왕십리역 11번 출구 앞",3.00,4,1,3,4,16857
1263,"2407","2407. 역삼서초삼성 세무서 앞 (역삼빌딩 앞)",3.00,4,2,5,1,16713
1264,"550","550. 서울시설공단 앞",3.00,4,2,5,1,16677
1265,"1129","1129. 화곡역 1번 출구 앞",3.00,4,2,4,2,16581
1266,"456","456. 숭인2동 주민센터 입구",3.00,4,4,2,2,16478
1267,"650","650. 중랑교사거리",3.00,4,1,2,5,16470
1268,"329","329. 청계2가 사거리 옆",3.00,4,1,5,2,16448
1269,"2252","2252. 잔디마을 마을버스 정류장",3.00,4,1,5,2,16424
1270,"4705","4705. 웰니스센터(민방위교육장 앞)",3.00,4,5,2,1,16247
1271,"2279","2279. 교대역 5번출구뒤",3.00,4,3,4,1,16206
1272,"270","270. 증권거래소후문교차로",3.00,4,2,5,1,16066
1273,"4393","4393. 상원삼거리 장안철교 아래",3.00,4,2,5,1,15911
1274,"5323","5323. 하계역 4번출구 앞",3.00,4,3,3,2,15899
1275,"4708","4708. 조계사앞사거리",3.00,4,2,5,1,15870
1276,"5088","5088. 등촌역 센터스퀘어",3.00,4,1,3,4,15786
1277,"4004","4004. 당고개입구오거리 당현천변",3.00,4,2,2,4,15763
1278,"3203","3203.도림동배드민턴체육관",3.00,4,5,1,2,15762
1279,"2605","2605. 복정역 1번 출구 앞",3.00,4,2,5,1,15742
1280,"420","420. 서울시 공공자전거 상암센터",3.00,4,1,2,5,15596
1281,"355","355. 서울사대부설초등학교 앞",3.00,4,3,4,1,15595
1282,"3907","3907. 신도림7차e편한세상아파트 806동 앞",3.00,4,4,1,3,15572
1283,"1929","1929. 고척근린공원 고척도서관 앞",3.00,4,2,2,4,15522
1284,"5326","5326. 대진고교앞 교차로",3.00,4,2,2,4,15515
1285,"6060","6060. 신한은행 본점",3.00,4,2,5,1,15501
1286,"4222","4222. 서울디자인고등학교 앞",3.00,4,2,3,3,15492
1287,"2902","2902.공릉풍림아파트 108동",3.00,4,5,1,2,15335
1288,"4076","4076. 도봉통합복지센터 뒤 중랑천 변",3.00,4,1,2,5,15300
1289,"334","334. 종로3가역 2번출구 뒤",3.00,4,2,4,2,15289
1290,"838","838. 숙대입구역 4번출구",3.00,4,2,3,3,15260
1291,"4711","4711. 올림픽기념 국민생활관 로터리",3.00,4,5,1,2,15196
1292,"4512","4512. 목동13_14단지 사거리",3.00,4,3,3,2,15186
1293,"3935","3935. 고대구로병원 앞",3.00,4,2,5,1,15043
1294,"1767","1767.방학초등학교 앞",3.00,4,4,1,3,15011
1295,"4143","4143.서울동물복지지원센터 동대문",3.00,4,1,5,2,14981
1296,"6054","6054.청구e편한세상아파트 113동 앞",3.00,4,4,2,2,14956
1297,"818","818. 숙명여대 입구 교차로",3.00,4,4,1,3,14942
1298,"335","335. 종로3가역 15번출구 뒤",3.00,4,2,5,1,14765
1299,"3408","3408.종로타워빌딩",3.00,4,2,5,1,14681
1300,"453","453. 종로오가 지하쇼핑센터 14번출구",3.00,4,2,4,2,14658
1301,"407","407. 마포구 육아종합지원센터",3.00,4,3,4,1,14526
1302,"356","356. KT혜화지사 앞",3.00,4,3,3,2,14444
1303,"1411","1411. 상봉시장앞 교차로 한성빌딩 앞",3.00,4,2,2,4,14438
1304,"124","124. 서강대 정문 건너편",3.00,4,1,3,4,14395
1305,"3614","3614. 은마아파트 입구 사거리",3.00,4,1,3,4,14334
1306,"5895","5895.생각공장당산",3.00,4,2,5,1,14326
1307,"5338","5338. 상계초교 입구 교차로",3.00,4,1,3,4,14117
1308,"1428","1428. 원묵고등학교",3.00,4,2,2,4,14037
1309,"4652","4652. 신사두산위브2차아파트 앞",3.00,4,5,1,2,14029
1310,"4169","4169. 신대방삼거리",3.00,4,2,1,5,14026
1311,"400","400. 상암한화오벨리스크 1차 앞",3.00,4,5,1,2,14015
1312,"5325","5325.상계주공7단지 아파트 앞",3.00,4,2,2,4,13955
1313,"281","281. 대림신동아아파트 앞",3.00,4,2,2,4,13941
1314,"223","223. 진주아파트상가 앞",3.00,4,3,3,2,13903
1315,"4589","4589. KRX한국거래소(1)",3.00,4,2,5,1,13861
1316,"2327","2327. 뱅뱅사거리 랜드마크타워 앞",3.00,4,2,5,1,13825
1317,"1229","1229. 송파체육문화회관 앞",3.00,4,4,3,1,13731
1318,"1456","1456. 상아빌딩(우림시장 교차로)",3.00,4,3,1,4,13668
1319,"2080","2080. 대방지하보도(대방동경남아너스빌아파트)",3.00,3,3,4,2,13656
1320,"1148","1148. 볏골공원",3.00,3,5,1,3,13638
1321,"2333","2333. 양재역 3번출구 주변",3.00,3,3,5,1,13629
1322,"2171","2171. 서울대입구역 5번출구",3.00,3,1,4,4,13601
1323,"2247","2247.섬들근린공원",3.00,3,4,2,3,13587
1324,"1651","1651. 상계동 우방유쉘아파트 앞",3.00,3,3,2,4,13585
1325,"4677","4677. 백련산 SK뷰 아이파크 해모로 아파트 앞",3.00,3,5,1,3,13579
1326,"826","826. 서울역 서부교차로2",3.00,3,5,2,2,13492
1327,"5309","5309. 월계 롯데캐슬아파트 뒤",3.00,3,4,1,4,13461
1328,"916","916. 평생학습관 앞",3.00,3,2,3,4,13460
1329,"457","457. 종로꽃시장 입구 옆",3.00,3,4,4,1,13257
1330,"1743","1743.창동19단지아파트 관리사무소앞",3.00,3,4,1,4,13231
1331,"3204","3204.도림고가도로 밑",3.00,3,4,2,3,13220
1332,"4145","4145.청량리동 주민센터",3.00,3,2,4,3,13184
1333,"1729","1729. 도봉한신아파트 버스정류장",3.00,3,2,2,5,13121
1334,"3220","3220.래미안에스티움 앞 (신풍로)",3.00,3,4,2,3,13054
1335,"2408","2408. 강남한양수자인아파트",3.00,3,4,2,3,12957
1336,"241","241. 신길우성1차아파트 앞 공원",3.00,3,5,1,3,12907
1337,"2189","2189. 봉천역 4번출구",3.00,3,1,4,4,12827
1338,"2540","2540.반포천 앞",3.00,3,3,4,2,12790
1339,"4873","4873. 개롱역사거리 2번 출구",3.00,3,3,4,2,12773
1340,"1431","1431. 중랑구청 사거리",3.00,3,1,4,4,12763
1341,"3221","3221.서울특별시 남부교육지원청",3.00,3,4,4,1,12732
1342,"4139","4139. 답십리 사거리",3.00,3,4,1,4,12724
1343,"3908","3908. 오류동 다숲오피스텔 앞",3.00,3,4,1,4,12723
1344,"4074","4074. 도봉구육아종합지원센터(창동)",3.00,3,5,1,3,12706
1345,"4005","4005. 중계2차 한화꿈에그린 101동 인근",3.00,3,1,3,5,12692
1346,"1186","1186. 송정중학교",3.00,3,5,2,2,12691
1347,"4078","4078. 원당공원 앞",3.00,3,4,2,3,12676
1348,"806","806. 전자랜드 본관 앞",3.00,3,3,4,2,12653
1349,"2523","2523.뉴코아 킴스클럽 앞",3.00,3,2,2,5,12604
1350,"1085","1085.래미안 솔베뉴(고덕로)",3.00,3,3,3,3,12581
1351,"242","242. 신길선원가와인아파트 앞",3.00,3,3,2,4,12548
1352,"3515","3515. 서울숲 관리사무소",3.00,3,1,3,5,12492
1353,"1408","1408. 먹골역 6번출구 앞",3.00,3,3,3,3,12483
1354,"354","354. 포르투갈 대사관 앞",3.00,3,3,4,2,12475
1355,"5332","5332. 마들역 4번출구",3.00,3,4,2,3,12455
1356,"249","249. 여의도중학교 옆",3.00,3,1,3,5,12449
1357,"2376","2376. 수서역 7번출구 앞",3.00,3,2,5,2,12379
1358,"1461","1461.동양엔파트 앞",3.00,3,1,4,4,12358
1359,"622","622. 전농사거리 교통섬",3.00,3,3,2,4,12344
1360,"495","495.염리초등학교 앞",3.00,3,3,5,1,12314
1361,"4539","4539. 목동7단지아파트 A상가",3.00,3,2,4,3,12314
1362,"185","185. 마포 신수공원 앞",3.00,3,3,1,5,12295
1363,"2003","2003. 사육신공원앞",3.00,3,2,2,5,12279
1364,"5761","5761. 버섯분수대",3.00,3,3,3,3,12230
1365,"401","401. 상암월드컵파크 10단지 앞",3.00,3,5,1,3,12226
1366,"1765","1765.쌍문역 1번출구 주변",3.00,3,1,4,4,12226
1367,"846","846. 용산중학교",3.00,3,3,2,4,12192
1368,"3969","3969. 독산역 롯데캐슬 104동 앞",3.00,3,5,1,3,12164
1369,"5059","5059. 화곡2동주민센터",3.00,3,5,1,3,12136
1370,"4659","4659. 신진과학기술고등학교 버스정류장(응암시장 방면)",3.00,3,5,1,3,12123
1371,"403","403. 부엉이공원 앞",3.00,3,4,3,2,12112
1372,"1027","1027. 프라자 아파트 앞",3.00,3,5,1,3,12096
1373,"4886","4886. 배명고등학교 건너편",3.00,3,5,1,3,12095
1374,"4042","4042. 상계문화정보도서관",3.00,3,1,4,4,12089
1375,"3683","3683. KT&G강동지사",3.00,3,3,3,3,12046
1376,"2387","2387. 래미안강남힐즈 사거리",3.00,3,3,2,4,12037
1377,"4828","4828. 신내동 한살림 중랑지구 앞",3.00,3,5,1,3,12029
1378,"2277","2277. 길마중4교 하부",3.00,3,3,3,3,12019
1379,"4718","4718. 광화문역 6번출구 옆 A",3.00,3,3,5,1,12010
1380,"4255","4255. 래미안 루센티아 아파트 108동 앞",3.00,3,4,1,4,11979
1381,"4618","4618. 풍전아파트 건너편",3.00,3,3,5,1,11913
1382,"2016","2016. 신대방삼거리역 3번출구쪽",3.00,3,4,1,4,11857
1383,"1036","1036. 고덕동 주양쇼핑",3.00,3,1,3,5,11788
1384,"1771","1771.성원APT버스정류소",3.00,3,4,1,4,11776
1385,"5756","5756. 극동아파트",3.00,3,4,4,1,11761
1386,"656","656. 영휘원 교차로",3.00,3,4,3,2,11728
1387,"4360","4360. 르노삼성자동차 성수사업소 앞",3.00,3,3,5,1,11719
1388,"286","286. 우성아파트 교차로",3.00,3,3,4,2,11709
1389,"742","742. 등촌역 5번 출구 뒤",3.00,3,3,2,4,11708
1390,"3405","3405.파크팰리스",3.00,3,5,2,2,11694
1391,"2085","2085.강남중학교 앞",3.00,3,4,2,3,11651
1392,"3665","3665. 고덕센트럴 아이파크상가 앞",3.00,3,4,1,4,11621
1393,"805","805. 문배어린이공원 앞",3.00,3,4,2,3,11571
1394,"2642","2642.마천동 성내천 쉼터",3.00,3,4,1,4,11554
1395,"2308","2308. 압구정파출소 앞",3.00,3,1,5,3,11530
1396,"5857","5857. U레지던스 앞",3.00,3,5,1,3,11526
1397,"962","962. 은평뉴타운엘크루 앞",3.00,3,1,3,5,11463
1398,"1953","1953. 천왕역 4번출구 뒤",3.00,3,3,4,2,11356
1399,"4530","4530. 방아다리어린이공원",3.00,3,3,2,4,11328
1400,"5860","5860. 어울림병원 앞",3.00,3,5,1,3,11301
1401,"1565","1565.수유사거리",3.00,3,2,3,4,11298
1402,"552","552. 대림아크로리버 앞",3.00,3,2,2,5,11289
1403,"4208","4208. 스타벅스(동교동) 앞",3.00,3,1,5,3,11283
1404,"2511","2511. 이수역 6번출구 앞",3.00,3,3,4,2,11265
1405,"4427","4427. 동일하이빌뉴시티",3.00,3,2,3,4,11259
1406,"182","182. 망원2빗물펌프장 앞",3.00,3,2,2,5,11246
1407,"2324","2324. 천주교 대치 2동 교회 옆",3.00,3,1,4,4,11226
1408,"984","984.상신초등학교앞 버스정류장",3.00,3,4,1,4,11224
1409,"519","519. 양지사거리",3.00,3,3,4,2,11022
1410,"3803","3803. 남서울중학교",3.00,3,4,2,3,11009
1411,"2819","2819.하늘숲초등학교 앞",3.00,3,5,2,2,11000
1412,"2415","2415.한티역 롯데백화점 앞",3.00,3,1,4,4,10961
1413,"1322","1322. 래미안라센트아파트 103동 앞",3.00,3,5,1,3,10956
1414,"4520","4520. 대성유니드아파트",3.00,3,4,2,3,10927
1415,"2410","2410. 포스코피앤에스타워 (역삼역 3번출구 부근)",3.00,3,3,5,1,10872
1416,"1068","1068.명일파출소",3.00,3,2,4,3,10866
1417,"2920","2920.상계중학교(당현2교사거리)",3.00,3,2,2,5,10848
1418,"1016","1016. 해뜨는 주유소옆 리엔파크 109동앞",3.00,3,3,3,3,10841
1419,"2206","2206. 언남초등학교 앞",3.00,3,5,2,2,10816
1420,"1916","1916. 구로중학교앞",3.00,3,4,2,3,10796
1421,"5329","5329. 상계주공15단지 1509동 앞",3.00,3,5,2,2,10750
1422,"4226","4226. 마포프레스티지자이 1",3.00,3,5,2,2,10746
1423,"3516","3516. 구의아리수정수센터앞",3.00,3,5,1,3,10725
1424,"4211","4211. 시석빌딩 앞",3.00,3,1,3,5,10687
1425,"5335","5335. 하계역 1번 출구",3.00,3,1,5,3,10653
1426,"5775","5775. 가락시장역 5번출구",3.00,3,3,5,1,10615
1427,"586","586. 마장동 주민센터",3.00,3,5,1,3,10523
1428,"4636","4636. 용산구꿈나무종합타운 앞",3.00,3,2,3,4,10501
1429,"640","640. 동대문경찰서 교차로",3.00,3,4,3,2,10493
1430,"3547","3547.상왕십리역 6번 출입구",3.00,3,1,4,4,10469
1431,"441","441.염천교사거리",3.00,3,3,5,1,10454
1432,"1302","1302. 한성대입구역6번출구 뒤",3.00,3,4,2,3,10454
1433,"128","128. 신촌역(2호선) 1번출구 옆",3.00,3,2,4,3,10442
1434,"1930","1930. 개봉지구대 개봉치안센터",3.00,3,5,1,3,10408
1435,"461","461. 서울경찰청",3.00,3,5,3,1,10395
1436,"1469","1469.먹골역 4번출구",3.00,3,3,3,3,10370
1437,"1540","1540. 가오리역",3.00,3,2,3,4,10362
1438,"1332","1332. 석계역 5번출구 건너편",3.00,3,2,3,4,10358
1439,"3505","3505. 신양초교앞 교차로",3.00,3,2,2,5,10351
1440,"1468","1468.먹골역 7번 출구",3.00,3,2,3,4,10327
1441,"1464","1464.중화역 4번출구",3.00,3,2,3,4,10298
1442,"440","440. 하늘공원 입구",3.00,3,1,3,5,10210
1443,"4269","4269. 연희IC 남측",3.00,3,2,2,5,10190
1444,"3103","3103. 홍제삼거리 북측",3.00,3,3,2,4,10152
1445,"3207","3207.양남사거리1",3.00,3,3,5,1,10140
1446,"3520","3520. 광진경찰서",3.00,3,5,2,2,10109
1447,"3815","3815. 광일빌딩",3.00,3,4,1,4,10089
1448,"1719","1719. 신도봉사거리 버스정류장",3.00,3,3,3,3,10031
1449,"4133","4133.래미안허브리츠아파트 앞",3.00,3,3,3,3,10028
1450,"2390","2390. 구룡마을 입구 (래미안블레스티지 아파트)",3.00,3,4,1,4,10020
1451,"4367","4367. kt 행당빌딩 앞",3.00,3,2,3,4,10010
1452,"2212","2212.서초현대4차아파트 201동 맞은편",3.00,3,4,1,4,9986
1453,"520","520. 상왕십리역 4번 출구 앞",3.00,3,3,4,2,9981
1454,"1429","1429. 장안중학교",3.00,3,2,3,4,9947
1455,"4025","4025. 한천교 동편",3.00,3,2,2,5,9920
1456,"2550","2550.양재동 꽃시장 건너편",3.00,3,3,5,1,9901
1457,"5330","5330. 구립수락노인종합복지관",3.00,3,4,3,2,9782
1458,"4212","4212. 한화오벨리스크 앞",3.00,3,5,1,3,9776
1459,"4117","4117. 휘경119안전센터 앞",3.00,3,2,3,4,9765
1460,"285","285. 콤텍시스템 앞",3.00,3,2,5,2,9747
1461,"3420","3420. 성균관대입구 사거리 B",3.00,3,2,3,4,9725
1462,"617","617. 청솔우성아파트 앞",3.00,3,5,1,3,9715
1463,"4689","4689. 은평서해그랑블아파트앞",3.00,3,5,1,3,9707
1464,"195","195. 모래내고가차도",3.00,3,4,1,4,9683
1465,"6180","6180.양천향교역 3번출구",3.00,3,4,3,2,9660
1466,"5313","5313. 중계주공2단지 앞",3.00,3,3,1,5,9656
1467,"156","156. 서울서부지방법원 앞",3.00,3,2,5,2,9651
1468,"3707","3707. 드래곤타워 앞",3.00,3,4,2,3,9643
1469,"430","430. 장충동먹자골목 앞",3.00,3,3,4,2,9620
1470,"2427","2427.개포고등학교 정문앞",3.00,3,3,3,3,9584
1471,"982","982. 녹번초등학교(서오릉로)",3.00,3,3,3,3,9574
1472,"5758","5758. 올림픽선수기자촌아파트 123동 근처",3.00,3,3,1,5,9566
1473,"4274","4274. 신촌 파랑고래 입구",3.00,3,1,3,5,9558
1474,"332","332. 을지로2가 사거리 남측",3.00,3,4,4,1,9537
1475,"4902","4902. 구역삼세무서 교차로",3.00,3,3,5,1,9528
1476,"1659","1659. 중계동 을지중학교",3.00,3,3,1,5,9519
1477,"2009","2009. 보라매역 8번출구",3.00,3,2,3,4,9423
1478,"1976","1976. 남구로역 5번 출입구 앞",3.00,3,5,3,1,9419
1479,"1750","1750. 창포원 남쪽 입구",3.00,3,1,3,5,9348
1480,"3618","3618. 서울율현초교 삼거리",3.00,3,4,2,3,9317
1481,"750","750. 연의근린공원 건너편",3.00,3,5,1,3,9314
1482,"1336","1336. 성북3교 위",3.00,3,4,1,4,9284
1483,"1346","1346. 길음8골어린이공원 옆",3.00,3,4,1,4,9259
1484,"2353","2353. 강남구청역 2번출구 뒤",3.00,3,2,5,2,9206
1485,"1214","1214. 오금역 7번 출구 인근",3.00,3,5,2,2,9156
1486,"391","391. 시립미술관",3.00,3,3,5,1,9137
1487,"3104","3104. e편한세상 신촌4단지 앞",3.00,3,3,2,4,9099
1488,"1532","1532. 번3동 주민센터 교차로",3.00,3,3,3,3,9072
1489,"2271","2271. 내방역 8번출구 앞",3.00,3,2,4,3,9062
1490,"3753","3753. 공항중학교 버스정류장",3.00,3,5,2,2,9033
1491,"1391","1391.성북청소년센터",3.00,3,4,1,4,9017
1492,"2156","2156. 신림푸르지오아파트",3.00,3,4,2,3,9013
1493,"2215","2215. 반포종합운동장 입구",3.00,3,2,2,5,9002
1494,"3686","3686. 고덕 래미안 힐스테이트(101동)",3.00,3,4,1,4,8999
1495,"607","607. 신이문역 2번출구",3.00,3,3,4,2,8992
1496,"395","395. 경희궁 자이 2단지",3.00,3,5,2,2,8959
1497,"1527","1527. 미아역 1번 출구 뒤",3.00,3,3,3,3,8959
1498,"1727","1727. 서울도봉초등학교인근",3.00,3,3,1,5,8955
1499,"948","948. 디지털미디어 시티역 4번출구(DMC역)",3.00,3,3,5,1,8913
1500,"3130","3130.가재울사거리",3.00,3,5,1,3,8912
1501,"5782","5782. 오금현대 아파트 상가입구 앞",3.00,3,3,4,2,8897
1502,"4040","4040. 공릉로 26길",3.00,3,3,1,5,8893
1503,"2820","2820.신세기아파트 앞",3.00,3,5,2,2,8875
1504,"3122","3122.북가좌삼거리2",3.00,3,5,1,3,8861
1505,"1228","1228. 마천사거리",3.00,2,4,2,4,8831
1506,"809","809. 한남 유수지 복개주차장",3.00,2,1,4,5,8820
1507,"3127","3127.홍은2파출소 옆",3.00,2,3,4,3,8637
1508,"1240","1240. 문정 법조단지4",3.00,2,4,3,3,8582
1509,"2245","2245.양재초등학교 맞은편",3.00,2,3,5,2,8554
1510,"2172","2172. 나들목공원",3.00,2,1,4,5,8479
1511,"3694","3694. 강동리엔파크 13단지(1303동 앞)",3.00,2,5,4,1,8452
1512,"5861","5861. 보라주유소 앞",3.00,2,4,3,3,8420
1513,"2178","2178. 서울대학교 정문",3.00,2,1,5,4,8386
1514,"413","413. 상암월드컵파크 3단지 후문",3.00,2,3,2,5,8371
1515,"1752","1752. 창동 주공 4단지 입구 옆",3.00,2,4,2,4,8239
1516,"2405","2405. 청담공원앞 교차로",3.00,2,5,4,1,8221
1517,"1109","1109. 공항시장역 4번출구",3.00,2,4,2,4,8186
1518,"3606","3606. 신사동주민센터 옆",3.00,2,1,5,4,8186
1519,"4874","4874. 탄천1교 하부보도",3.00,2,5,1,4,8181
1520,"3510","3510. 중곡SK아파트앞",3.00,2,4,1,5,8117
1521,"2509","2509. 심산기념문화센터",3.00,2,4,5,1,8080
1522,"4563","4563. 여의도 은하아파트",3.00,2,4,3,3,8077
1523,"4542","4542. 월정초 사거리",3.00,2,5,2,3,8054
1524,"406","406. 상암월드컵파크 7단지 앞",3.00,2,3,2,5,8043
1525,"5321","5321.불암아파트 앞",3.00,2,3,2,5,8023
1526,"2297","2297. 남부터미널역 1번출구",3.00,2,2,5,3,8015
1527,"2362","2362. 신사동 가로수길 입구",3.00,2,1,5,4,8006
1528,"536","536. 행당역 2번출구 앞",3.00,2,4,1,5,7933
1529,"1654","1654. 당고개입구 오거리",3.00,2,3,2,5,7856
1530,"1821","1821. 홈플러스 시흥점 맞은편 다비치안경 앞",3.00,2,5,1,4,7830
1531,"3685","3685. 강동리엔파크14단지(1401동 앞)",3.00,2,5,4,1,7817
1532,"1768","1768.신동아타워 버스정류소",3.00,2,3,3,4,7811
1533,"1296","1296. 석촌호수교차로 (송파나루근린공원 앞)",3.00,2,2,3,5,7803
1534,"848","848. 삼각지12번 출구",3.00,2,1,4,5,7791
1535,"1299","1299. 송파소방서 (방이119안전센터)",3.00,2,4,2,4,7746
1536,"2365","2365. K+ 타워 앞",3.00,2,1,5,4,7696
1537,"177","177. 북가좌 초등학교",3.00,2,5,2,3,7665
1538,"3211","3211.신길 래미안 프레비뉴",3.00,2,5,1,4,7639
1539,"4811","4811. 한양수자인아파트 앞",3.00,2,5,1,4,7620
1540,"180","180. 충정로역 7번출구 아래",3.00,2,3,5,2,7543
1541,"2034","2034. 사당역 7번출구쪽",3.00,2,2,4,4,7534
1542,"6057","6057. 을지로5가(방산시장)",3.00,2,4,4,2,7523
1543,"4907","4907. 극동스포츠 앞",3.00,2,2,4,4,7510
1544,"4891","4891. 위례포레나송파",3.00,2,5,1,4,7395
1545,"1759","1759.서울북부지방법원 앞",3.00,2,3,5,2,7282
1546,"737","737. 장수공원",3.00,2,4,3,3,7192
1547,"4615","4615. 크라운호텔앞 버스정류소",3.00,2,1,4,5,7085
1548,"3604","3604. 삼성중앙역 5번출구",3.00,2,4,5,1,7020
1549,"3761","3761. 나이아가라관광호텔",3.00,2,4,1,5,7020
1550,"250","250. 대림아파트 사거리",3.00,2,4,2,4,6993
1551,"1031","1031. 올림픽로 836(아리수로)",3.00,2,3,4,3,6983
1552,"1840","1840. 솔브레인이엔지 뒤편",3.00,2,4,5,1,6869
1553,"2273","2273. 일동제약 사거리",3.00,2,1,5,4,6831
1554,"535","535. 응봉삼거리",3.00,2,3,2,5,6797
1555,"1696","1696.수락리버시티4단지",3.00,2,4,1,5,6777
1556,"1480","1480. 용마지구대 B",3.00,2,2,3,5,6770
1557,"298","298.KBS 연구동 건너편",3.00,2,4,5,1,6744
1558,"434","434. 신당 래미안 버스정류장",3.00,2,4,1,5,6641
1559,"4888","4888. 둔촌오륜역 2번출구",3.00,2,4,2,4,6623
1560,"1672","1672. 상계동수락리버시티",3.00,2,3,2,5,6618
1561,"4715","4715. 돈의문 박물관 마을",3.00,2,4,5,1,6587
1562,"5072","5072. 김포공항입구 교통섬",3.00,2,4,3,3,6547
1563,"2826","2826.가마산지하보도 옆",3.00,2,5,4,1,6541
1564,"1032","1032. 선사고등학교",3.00,2,4,3,3,6523
1565,"4275","4275.농협생명본사빌딩 서관",3.00,2,4,5,1,6411
1566,"1015","1015. 샛마을 근린공원",3.00,2,3,2,5,6407
1567,"1064","1064.중앙보훈병원역 1번출구",3.00,2,2,4,4,6396
1568,"4389","4389. 서울숲역3번출구",3.00,2,1,4,5,6374
1569,"167","167. 연가초등학교 옆",3.00,2,5,1,4,6202
1570,"757","757. 신정이펜하우스 1단지아파트 입구 사거리",3.00,2,5,2,3,6158
1571,"3770","3770. 남부순환로 205",3.00,2,4,3,3,6156
1572,"1275","1275. 거여초등학교 옆",3.00,2,5,1,4,6142
1573,"5751","5751. 송파여성축구장",3.00,2,1,4,5,6098
1574,"1426","1426. 면목도시개발아파트 1동 앞",3.00,2,3,3,4,6091
1575,"667","667.청량차도 육교 밑",3.00,2,5,3,2,6072
1576,"477","477.앰배서더 호텔 주변",3.00,2,3,3,4,6066
1577,"2903","2903.월계초안아파트 1단지",3.00,2,4,1,5,6014
1578,"371","371. 동대입구역 6번출구 뒤",3.00,2,2,4,4,6003
1579,"4578","4578.보라매sk뷰",3.00,2,4,2,4,5972
1580,"120","120. 신수동 사거리",3.00,2,5,1,4,5940
1581,"1063","1063.강동롯데캐슬퍼스트 아파트(관리동)",3.00,2,4,1,5,5890
1582,"6055","6055. 한국경제",3.00,2,4,5,1,5880
1583,"2139","2139. 서울신성초등학교",3.00,2,4,2,4,5870
1584,"4474","4474. 가락현대 1차 11동 앞",3.00,2,3,2,5,5820
1585,"3638","3638. 신청담나들목",3.00,2,1,4,5,5806
1586,"3933","3933. 오류동부골든아파트 후문 옆",3.00,2,5,1,4,5787
1587,"260","260. 여의도 마리나선착장 앞",3.00,2,1,4,5,5781
1588,"822","822. 이촌1동 마을공원",3.00,2,4,4,2,5764
1589,"4401","4401.뚝섬유수지 공영주차장",3.00,2,2,4,4,5741
1590,"4390","4390. 신답역 1번출구",3.00,2,4,5,1,5732
1591,"902","902. 진관동 은빛초등학교",3.00,2,5,1,4,5718
1592,"2312","2312. 청담역 13번 출구 앞",3.00,2,4,4,2,5712
1593,"4801","4801. 충정로역 2호선(엘리베이터 앞)",3.00,2,4,4,2,5711
1594,"4837","4837. 양원지구 힐데스하임 앞",3.00,2,5,2,3,5687
1595,"850","850.KCC용산웰츠(WELLTZ)타워",3.00,2,4,1,5,5669
1596,"869","869.노들섬 동측 앞",3.00,2,1,4,5,5662
1597,"3690","3690. 강일역 4번출구",3.00,2,4,5,1,5638
1598,"2280","2280. 서울서초고용센터앞",3.00,2,4,5,1,5611
1599,"3647","3647. 구룡역 1번 출구",3.00,2,5,4,1,5565
1600,"2518","2518. 서초동 현대아파트 앞",3.00,2,4,4,2,5564
1601,"3646","3646. 선정릉역 4번 출구",3.00,2,3,5,2,5558
1602,"2535","2535.신반포역 3번출구 뒤",3.00,2,3,2,5,5525
1603,"3920","3920. 개봉역2번출구 B",3.00,2,5,2,3,5509
1604,"4280","4280.북가좌2동 주민센터",3.00,2,4,2,4,5397
1605,"1547","1547. 꿈의숲 롯데캐슬",3.00,2,5,1,4,5394
1606,"446","446. 상명대입구",3.00,2,2,3,5,5379
1607,"1285","1285. 위례별 유치원 뒤",3.00,2,5,2,3,5328
1608,"4033","4033. 녹천역 4번 출구 옆",3.00,2,2,4,4,5315
1609,"4017","4017. 월계 청백1단지 아파트 정류장",3.00,2,4,1,5,5276
1610,"3958","3958. 롯데캐슬2차 마을버스 정류장(18804) 뒤편",3.00,2,5,3,2,5275
1611,"2190","2190.도원맨션",3.00,2,1,4,5,5245
1612,"5783","5783.성내5교 2",3.00,2,2,3,5,5201
1613,"2510","2510. JW타워",3.00,2,5,4,1,5167
1614,"1258","1258. 가락미륭아파트 앞",3.00,2,3,3,4,5166
1615,"964","964. 북한산힐스테이트 7차아파트",3.00,2,4,2,4,5158
1616,"4703","4703. 쌍용아파트2단지 정문",3.00,2,3,2,5,5154
1617,"4815","4815. 중랑데시앙플렉스 앞",3.00,2,4,5,1,5110
1618,"198","198. 충정2교",3.00,2,5,4,1,5049
1619,"4941","4941.압구정로 11길",3.00,2,1,4,5,5034
1620,"3521","3521. 현대홈타운 뒷길",3.00,2,4,1,5,5012
1621,"2548","2548.반포1동 자율방범초소 옆",3.00,2,4,3,3,4931
1622,"489","489.구룡근린공원",3.00,2,4,3,3,4925
1623,"4642","4642. 용산더프라임아파트 101동 앞",3.00,1,4,3,4,4882
1624,"2258","2258.구룡사 삼거리",3.00,1,4,4,3,4838
1625,"802","802. 한강진역 2번 출구 앞",3.00,1,3,4,4,4738
1626,"3649","3649. 구룡역 5번 출구",3.00,1,5,5,1,4715
1627,"4622","4622. 한강중학교 앞 버스정류장",3.00,1,2,4,5,4531
1628,"942","942. 상림마을 생태공원",3.00,1,5,1,5,4500
1629,"2321","2321. 학여울역 사거리",3.00,1,3,3,5,4373
1630,"4892","4892. 성내유수지 체육공원",3.00,1,4,4,3,4298
1631,"159","159. 이대역 4번 출구",3.00,1,1,5,5,4195
1632,"479","479.동대입구역 3번 출구",3.00,1,2,4,5,4139
1633,"442","442.서울역 서부",3.00,1,5,3,3,3698
1634,"352","352. 중앙고입구 삼거리",3.00,1,3,4,4,3419
1635,"2649","2649.오금공원사거리2",3.00,1,3,3,5,3402
1636,"4802","4802. 새우개마을",3.00,1,5,5,1,3227
1637,"4304","4304. 서울고앞",3.00,1,4,3,4,3211
1638,"2401","2401. 밀알학교 입구 (삼성서울병원 입구)",3.00,1,4,2,5,3180
1639,"2421","2421. 신논현역 4번출구",3.00,1,2,4,5,3144
1640,"4608","4608. 국립중앙박물관 정문 앞",3.00,1,1,5,5,3088
1641,"2383","2383. 보금자리정원",3.00,1,4,3,4,3066
1642,"4333","4333. 서울고등학교 건너편",3.00,1,5,3,3,3041
1643,"1352","1352. e 편한세상 보문아파트 내",3.00,1,5,2,4,2933
1644,"2269","2269. 주홍교 하부",3.00,1,3,4,4,2924
1645,"4461","4461. 한양3차아파트 3동 앞",3.00,1,4,2,5,2906
1646,"1304","1304. 만해공원",3.00,1,4,2,5,2777
1647,"3503","3503. 광진유진스웰",3.00,1,2,4,5,2761
1648,"1353","1353. 금호어울림센터힐 내",3.00,1,5,1,5,2756
1649,"432","432. 마포중앙도서관",3.00,1,1,5,5,2745
1650,"4919","4919. 학여울역사거리(은마아파트)",3.00,1,4,2,5,2645
1651,"4959","4959. 암사역사공원역 3번출구",3.00,1,5,5,1,2642
1652,"977","977.신도중학교앞",3.00,1,4,3,4,2551
1653,"297","297.국회3문",3.00,1,4,5,2,2522
1654,"451","451. 청와대앞길",3.00,1,1,5,5,2497
1655,"443","443.호암아트홀",3.00,1,5,5,1,2477
1656,"855","855.이촌역5번출구 앞",3.00,1,2,4,5,2475
1657,"161","161. 무악재역1번 출구",3.00,1,3,3,5,2338
1658,"5897","5897.여의도공작아파트",3.00,1,1,5,5,2292
1659,"1861","1861.IBK기업은행 석수역 지점 앞",3.00,1,1,5,5,2155
1660,"4916","4916. 청담역 1번출구",3.00,1,3,4,4,2082
1661,"4421","4421. 롯데캐슬클라시아 입구 앞",3.00,1,3,4,4,2059
1662,"3428","3428.서울미술관",3.00,1,4,2,5,2021
1663,"465","465. 삼청공원 앞",3.00,1,4,5,2,2007
1664,"2078","2078.흑석 아크로리버하임(103동)",3.00,1,2,4,5,1996
1665,"1283","1283. 오금공원 사거리",3.00,1,3,3,5,1889
1666,"921","921. 신도고등학교",3.00,1,3,4,4,1843
1667,"3429","3429.HW컨벤션센터 앞",3.00,1,5,1,5,1838
1668,"945","945. 기자촌 사거리 A",3.00,1,4,3,4,1752
1669,"1550","1550.삼각산아이원아파트(105동 옆)",3.00,1,5,1,5,1642
1670,"3937","3937. 개봉역 신영지웰에스테이트",3.00,1,5,3,3,1450
1671,"966","966. 서울혁신파크1",3.00,1,1,5,5,1448
1672,"5786","5786.문정로데오거리입구",3.00,1,2,4,5,1397
1673,"2508","2508. 양재이스타빌 앞",3.00,1,3,5,3,1256
1674,"1723","1723. 방학동학마을도서관",3.00,1,2,4,5,1245
1675,"2810","2810.항동지구 3단지 311동 앞",3.00,1,3,3,5,1128
1676,"4968","4968.강동구 자원순환센터",3.00,1,1,5,5,634
1677,"4343","4343. 헌인릉 입구",3.00,1,5,3,3,481
1678,"5781","5781. 올림픽공원 수영장",2.75,5,3,1,2,49519
1679,"1663","1663. 동해문화예술관앞",2.75,5,1,3,2,29993
1680,"4527","4527. 목동신시가지아파트6단지",2.75,5,2,2,2,29561
1681,"592","592. 건국대학교 학생회관",2.75,5,1,4,1,29050
1682,"2915","2915.서울과학기술대학교(어학교육원)",2.75,5,2,3,1,26750
1683,"590","590. 건국대학교 (입학정보관)",2.75,5,3,2,1,21907
1684,"749","749. 이대목동병원보도육교",2.75,4,1,5,1,21750
1685,"5089","5089. LG사이언스파크 E10동",2.75,4,1,5,1,21585
1686,"4353","4353. 코오롱디지털타워 3차앞",2.75,4,1,5,1,21360
1687,"5099","5099. LG사이언스파크 E7동",2.75,4,1,5,1,21199
1688,"1174","1174. 강서구청사거리(부민병원)",2.75,4,5,1,1,21059
1689,"1333","1333. 석관초등학교 앞",2.75,4,2,3,2,20958
1690,"176","176. 명지대학교 도서관",2.75,4,3,1,3,20627
1691,"2348","2348. 포스코사거리(기업은행)",2.75,4,1,5,1,20409
1692,"368","368. SK 서린빌딩 앞",2.75,4,1,5,1,20101
1693,"4031","4031. 청암예술학교 앞",2.75,4,1,2,4,19766
1694,"5091","5091. 보타닉파크타워2",2.75,4,1,5,1,19571
1695,"385","385. 종각역 5번출구",2.75,4,1,5,1,19391
1696,"4906","4906. 섬유센터 앞",2.75,4,1,5,1,19272
1697,"3013","3013.서울지방고용노동청 앞",2.75,4,1,5,1,18597
1698,"214","214. 금융감독원 앞",2.75,4,1,5,1,18556
1699,"4024","4024. 꿈의숲 SK뷰 아파트",2.75,4,4,1,2,18531
1700,"2658","2658.가락몰 업무동",2.75,4,2,4,1,18476
1701,"3860","3860. 건국대학교 정문 앞",2.75,4,2,3,2,18403
1702,"1705","1705. 도봉구청 정문앞",2.75,4,1,4,2,18333
1703,"1354","1354. 고려대학교 2번출구",2.75,4,2,4,1,18184
1704,"1530","1530. 광산사거리",2.75,4,1,2,4,17965
1705,"3900","3900. 건국대학교 신공학관",2.75,4,1,5,1,17919
1706,"2231","2231. 삼성타운(삼성생명) A동 맞은편",2.75,4,1,5,1,17837
1707,"571","571. 세종대학교 대양AI센터",2.75,4,3,3,1,17633
1708,"4905","4905. 강남경찰서",2.75,4,1,5,1,17542
1709,"490","490.가온문화공원",2.75,4,1,5,1,17420
1710,"1841","1841. 가산동 주민센터",2.75,4,5,1,1,17068
1711,"4349","4349.삼성화재서초타워",2.75,4,1,5,1,16677
1712,"635","635. 시조사 앞",2.75,4,4,1,2,16379
1713,"4713","4713. 현대 뜨레비앙 아파트 앞",2.75,4,2,4,1,16271
1714,"1433","1433. 중화역 2번출구",2.75,4,1,3,3,16078
1715,"1334","1334. 석관동주민센터 앞",2.75,4,2,3,2,16012
1716,"5097","5097. LG사이언스파크 E2동",2.75,4,1,5,1,15860
1717,"3788","3788. 정곡나들목",2.75,4,1,1,5,15558
1718,"4092","4092. 도봉경찰서 교차로",2.75,4,3,2,2,15333
1719,"3984","3984. 가산롯데아이티캐슬",2.75,4,1,5,1,15048
1720,"5893","5893.한국산업은행",2.75,4,1,5,1,14952
1721,"411","411. DMC홍보관",2.75,4,1,5,1,14938
1722,"3814","3814. 난곡사거리",2.75,4,1,2,4,14791
1723,"2106","2106. 세이브마트",2.75,4,3,1,3,14588
1724,"367","367. 독립문역 3-1번출구",2.75,4,5,1,1,14510
1725,"3507","3507. 어린이회관",2.75,4,4,1,2,14377
1726,"1834","1834. 월드메르디앙 벤처센터 2차",2.75,4,1,5,1,14257
1727,"1749","1749. ESA아파트 상가 앞",2.75,4,1,2,4,14198
1728,"2539","2539.대한무역투자진흥공사 KOTRA 앞",2.75,4,1,5,1,14084
1729,"4083","4083.도봉아이나라도서관 앞",2.75,4,4,1,2,13999
1730,"4214","4214. JTBC 앞",2.75,4,1,5,1,13981
1731,"1848","1848. 벽산 디지털밸리 5차",2.75,4,1,5,1,13908
1732,"4719","4719. 종로문화원 건너편",2.75,4,1,5,1,13816
1733,"1741","1741. 제일강산수산입구",2.75,3,2,2,4,13641
1734,"985","985. 은평세무서 버스정류장(은평구청 방면)",2.75,3,3,3,2,13562
1735,"1110","1110. 공항중학교앞",2.75,3,5,1,2,13531
1736,"2542","2542.신논현타워 앞",2.75,3,2,4,2,13520
1737,"5317","5317. 공릉동 신도1차 아파트 뒤",2.75,3,3,2,3,13503
1738,"331","331. 을지로2가 사거리 북측",2.75,3,2,5,1,13430
1739,"5869","5869. 영등포아트홀 앞",2.75,3,2,4,2,13429
1740,"374","374. 신당동주민센터앞",2.75,3,2,4,2,13417
1741,"4588","4588.양남사거리2",2.75,3,2,5,1,13399
1742,"2086","2086.삼일수영장 앞",2.75,3,5,1,2,13302
1743,"454","454. 종로2가 버스정류장 (종각방향)",2.75,3,2,4,2,13297
1744,"2369","2369. KT선릉타워",2.75,3,2,5,1,13217
1745,"233","233. 양평1동 YP센터 앞",2.75,3,2,5,1,13122
1746,"1814","1814. 두산위브아파트 옆 상가건물 앞",2.75,3,5,1,2,13116
1747,"4077","4077. 도봉제1교",2.75,3,1,2,5,13076
1748,"1277","1277. 성내7교",2.75,3,4,1,3,13060
1749,"3411","3411.종묘",2.75,3,3,4,1,12914
1750,"1375","1375. 생명의 전화 종합복지관 앞 교차로",2.75,3,5,2,1,12903
1751,"2917","2917.신창중학교 후문 맞은편 버스정류장",2.75,3,3,1,4,12902
1752,"1809","1809. LG전자 별관동(호서대 벤처타워 맞은편)",2.75,3,2,5,1,12884
1753,"958","958. 본 서부병원 버스정류장(은평 세무서 방면)",2.75,3,3,2,3,12835
1754,"3987","3987. LG전자가산A와 가산테라타워 사이",2.75,3,5,2,1,12775
1755,"5341","5341.공릉동효성아파트 앞",2.75,3,3,1,4,12728
1756,"3212","3212.신풍역 6번출구",2.75,3,3,2,3,12711
1757,"199","199. 서울 월드컵 경기장",2.75,3,1,2,5,12670
1758,"472","472.삼일교(시그니쳐 타워)",2.75,3,2,5,1,12654
1759,"1937","1937. 한진아파트 입구",2.75,3,4,1,3,12538
1760,"932","932. 예일여중",2.75,3,1,2,5,12420
1761,"1127","1127. 화곡역 버스정류장",2.75,3,2,3,3,12410
1762,"1171","1171. 염창동 새마을금고 건너편",2.75,3,4,1,3,12401
1763,"4558","4558. 대영중고 후문",2.75,3,5,1,2,12390
1764,"4823","4823. 방정환교육지원센터 옆",2.75,3,2,2,4,12377
1765,"1430","1430. 중랑구청",2.75,3,2,4,2,12360
1766,"1286","1286. 위례중앙푸르지오 1단지 앞",2.75,3,2,2,4,12255
1767,"348","348. 독립문역 사거리",2.75,3,5,1,2,12220
1768,"2033","2033. 사당동 아르테스 웨딩앞",2.75,3,3,2,3,12094
1769,"307","307. 서울역사박물관 앞",2.75,3,2,5,1,12092
1770,"4793","4793. 동대문역사문화공원역 5번출구",2.75,3,2,5,1,12010
1771,"318","318. 광교사거리 남측",2.75,3,2,5,1,11992
1772,"1709","1709. 쌍문역4번출구 주변",2.75,3,1,5,2,11945
1773,"4880","4880. 송파청소년센터",2.75,3,5,1,2,11932
1774,"1187","1187. 강서수산물도매시장",2.75,3,2,5,1,11874
1775,"2302","2302. 교보타워 버스정류장(신논현역 3번출구 후면)",2.75,3,2,4,2,11872
1776,"1983","1983. 구로동롯데아파트",2.75,3,4,1,3,11853
1777,"341","341. 혜화역 3번출구 뒤",2.75,3,3,3,2,11841
1778,"1506","1506. 강북문화예술회관",2.75,3,4,1,3,11770
1779,"740","740. 으뜸공원",2.75,3,5,1,2,11766
1780,"4914","4914. 도심공항타워 앞",2.75,3,1,5,2,11745
1781,"4023","4023. 월계역 1번 출구",2.75,3,2,3,3,11736
1782,"1372","1372. KEB은행 고대점",2.75,3,1,4,3,11668
1783,"1775","1775.신원리베르텔 앞",2.75,3,1,4,3,11666
1784,"2111","2111. 서울대입구역 1번출구",2.75,3,1,3,4,11556
1785,"3980","3980. 금천현대홈타운 후문 서부샛길",2.75,3,5,1,2,11442
1786,"1361","1361. 홍익중고 입구",2.75,3,4,1,3,11409
1787,"181","181. 망원초록길 입구",2.75,3,1,2,5,11406
1788,"4825","4825. 신내동 벽산아파트 후문 앞",2.75,3,5,1,2,11392
1789,"1557","1557.신창교",2.75,3,3,2,3,11349
1790,"2091","2091. 이수역9번출구",2.75,3,1,4,3,11298
1791,"2191","2191.대학동주민센터",2.75,3,2,2,4,11176
1792,"2179","2179. 양녕로 입구",2.75,3,1,2,5,11162
1793,"2409","2409. 역삼동 디오슈페리움 (우성아파트 사거리)",2.75,3,2,5,1,11139
1794,"3587","3587.우성식품 앞",2.75,3,4,1,3,11133
1795,"2603","2603. 송파 글마루 도서관",2.75,3,4,1,3,11110
1796,"4643","4643. 한가람아파트 앞",2.75,3,1,2,5,11069
1797,"4803","4803. 상봉2동 주민센터 앞",2.75,3,3,2,3,11038
1798,"4224","4224. 서부운전면허시험장",2.75,3,4,2,2,11013
1799,"537","537. 한양대후문역 부근",2.75,3,2,2,4,10996
1800,"3628","3628. 역삼1동 주민센터",2.75,3,1,5,2,10955
1801,"2175","2175. 신림동걷고싶은문화의거리입구",2.75,3,1,2,5,10858
1802,"1806","1806. 에이스하이엔드타워9차 앞",2.75,3,2,5,1,10856
1803,"4084","4084. 도봉동실내스포츠센터",2.75,3,3,2,3,10806
1804,"3812","3812. KT관악지점",2.75,3,3,1,4,10780
1805,"2912","2912.대진고등학교",2.75,3,1,2,5,10737
1806,"828","828. 숙대입구역 8번",2.75,3,1,3,4,10703
1807,"2082","2082.7호선 이수역7번출구",2.75,3,2,4,2,10674
1808,"673","673.안암골벽산아파트(후문)",2.75,3,2,3,3,10658
1809,"3425","3425.광화문 풍림스페이스본 1단지앞",2.75,3,5,1,2,10620
1810,"1526","1526. 강북종합시장 앞",2.75,3,3,1,4,10582
1811,"5328","5328.롯데캐슬시그니처아파트 앞",2.75,3,4,2,2,10466
1812,"4576","4576.보라매sk뷰 108동 앞",2.75,3,5,1,2,10440
1813,"2105","2105. 미성동 신림체육센터",2.75,3,4,1,3,10436
1814,"5318","5318. 극동의 푸른별 아파트 뒤(중계4동주민센터 앞)",2.75,3,5,1,2,10356
1815,"1339","1339. 삼성전자서비스 성북센터",2.75,3,3,2,3,10355
1816,"6178","6178. 마스터밸류에이스 지식산업센터",2.75,3,1,5,2,10230
1817,"115","115. 마스타 빌딩 앞",2.75,3,2,2,4,10221
1818,"4826","4826. 홈플러스 면목점",2.75,3,3,2,3,10181
1819,"191","191. 서우빌딩",2.75,3,4,1,3,10164
1820,"1828","1828. 독산동 한양수자인아파트 앞",2.75,3,5,1,2,10066
1821,"925","925. 불광역 2번출구",2.75,3,1,4,3,10055
1822,"3311","3311.서울대입구역 4번 출구",2.75,3,1,4,3,9954
1823,"2089","2089.사당역10번출구(금강빌딩)",2.75,3,2,3,3,9939
1824,"387","387. 훈련원공원주차장 앞",2.75,3,2,4,2,9927
1825,"4653","4653. 불광역 9번 출구 맞은편",2.75,3,2,3,3,9873
1826,"1553","1553.서울북부고용노동지청",2.75,3,2,2,4,9738
1827,"1340","1340. 광운초등학교 앞",2.75,3,5,1,2,9728
1828,"3552","3552.서울숲 공영주차장앞",2.75,3,1,2,5,9673
1829,"1833","1833. 독산역 1번출구 A",2.75,3,5,2,1,9657
1830,"3963","3963. 에이스 하드웨어(시흥대로 396) 앞",2.75,3,5,2,1,9611
1831,"251","251. 서울지방병무청 버스정류장",2.75,3,2,3,3,9599
1832,"2654","2654.올림픽선수촌아파트 136동 앞",2.75,3,3,2,3,9591
1833,"390","390. 충무로역 1번출구",2.75,3,2,5,1,9565
1834,"813","813. 삼각지역 3번출구",2.75,3,1,2,5,9498
1835,"5067","5067. 주원 리젠트 앞",2.75,3,5,1,2,9497
1836,"4175","4175. 대방역2번출구",2.75,3,2,4,2,9432
1837,"3912","3912. 삼호아파트 앞",2.75,3,2,2,4,9413
1838,"4095","4095. 방학브라운스톤아파트",2.75,3,3,2,3,9336
1839,"720","720. 서울강월초등학교 앞",2.75,3,3,2,3,9294
1840,"1139","1139. 용문사 버스정류장",2.75,3,5,1,2,9264
1841,"1754","1754. 창동시장입구 사거리",2.75,3,1,3,4,9259
1842,"1454","1454. 한국전력공사(동대문 중랑지사)",2.75,3,3,2,3,9207
1843,"282","282. 신한은행 대림동지점",2.75,3,3,2,3,9204
1844,"2389","2389. 경기여자고등학교 후문 (삼성로3길 입구)",2.75,3,4,1,3,9128
1845,"4394","4394.서울시립24시간게스트하우스",2.75,3,2,5,1,9128
1846,"3956","3956. 대륭테크노타운21차 앞",2.75,3,2,5,1,9103
1847,"1993","1993. 금강수목원아파트 앞",2.75,3,4,2,2,9097
1848,"1862","1862.MD호텔 앞",2.75,3,5,2,1,8984
1849,"4408","4408. 돌곶이역 앞",2.75,3,1,5,2,8978
1850,"5864","5864.장훈고 앞",2.75,3,5,1,2,8976
1851,"2095","2095.경문고등학교 앞",2.75,3,4,1,3,8907
1852,"676","676.FITI시험연구원 앞",2.75,3,4,2,2,8872
1853,"713","713. 양서중학교 옆",2.75,3,4,2,2,8863
1854,"3412","3412.세운상가",2.75,3,3,4,1,8854
1855,"652","652. 답십리 래미안엘파인아파트 입구",2.75,2,5,1,3,8782
1856,"3129","3129.DMC래미안e편한세상203동옆",2.75,2,5,1,3,8749
1857,"820","820. 청파동입구 교차로",2.75,2,3,4,2,8737
1858,"775","775.세종그랑시아 앞(102동)",2.75,2,3,2,4,8702
1859,"2657","2657.송파 파인타운 11단지",2.75,2,4,1,4,8682
1860,"2712","2712.화곡터널입구교차로",2.75,2,3,2,4,8678
1861,"2394","2394. 개포래미안포레스트아파트 107동 앞",2.75,2,5,1,3,8675
1862,"2227","2227.방배열린문화센터 앞",2.75,2,4,4,1,8673
1863,"4918","4918. 매봉역 1번출구",2.75,2,2,5,2,8661
1864,"4797","4797. KG타워 앞",2.75,2,3,5,1,8656
1865,"1073","1073. SSTS 몰 앞",2.75,2,3,1,5,8644
1866,"4307","4307. 고투몰 gate 15옆",2.75,2,3,2,4,8638
1867,"1326","1326. 상월곡역 1번출구",2.75,2,3,2,4,8631
1868,"1290","1290. 위례송파꿈에그린아파트24단지 앞 성벽 다리 밑",2.75,2,5,1,3,8596
1869,"1420","1420. 신내어울공원 앞",2.75,2,2,4,3,8582
1870,"3642","3642. 강남자곡힐스테이트",2.75,2,4,1,4,8544
1871,"2418","2418.봉은사역 7번 출구",2.75,2,3,5,1,8540
1872,"1616","1616. 하계2동 공항버스정류장 옆",2.75,2,2,4,3,8522
1873,"759","759. 보아스아파트 앞",2.75,2,5,1,3,8475
1874,"4871","4871. 오금동 대림아파트 정문",2.75,2,3,3,3,8441
1875,"1829","1829. 홈플러스 금천점 앞",2.75,2,3,4,2,8428
1876,"436","436. 이대역 5번출구",2.75,2,1,5,3,8426
1877,"162","162. 봉원고가차도 밑",2.75,2,3,3,3,8405
1878,"4638","4638. 청파동삼거리 앞",2.75,2,4,1,4,8400
1879,"2251","2251. 더케이호텔 입구(양재2)",2.75,2,3,5,1,8399
1880,"2239","2239.교대역 6번출구",2.75,2,4,4,1,8386
1881,"1089","1089.고덕 래미안힐스테이트(201동)",2.75,2,5,1,3,8347
1882,"3792","3792. 화곡본동시장 입구",2.75,2,3,3,3,8333
1883,"4392","4392. 답십리역 6번출구",2.75,2,3,5,1,8327
1884,"1256","1256. 문정현대아파트 교차로",2.75,2,3,4,2,8310
1885,"774","774.등촌역 4번 출구",2.75,2,2,3,4,8278
1886,"1870","1870.독산3동주민센터 앞",2.75,2,5,2,2,8252
1887,"4073","4073.방아골종합사회복지관",2.75,2,5,1,3,8246
1888,"1368","1368. 성신여대입구 교차로",2.75,2,4,3,2,8213
1889,"4221","4221. 솔리스타오피스텔(공덕동주민센터)",2.75,2,5,1,3,8194
1890,"142","142. 아현역 4번출구 앞",2.75,2,4,3,2,8186
1891,"1086","1086.래미안 솔베뉴(구천면로)",2.75,2,2,2,5,8182
1892,"1457","1457. 동원사거리",2.75,2,3,3,3,8115
1893,"3557","3557.서울숲리버뷰자이APT105동 앞",2.75,2,4,1,4,8096
1894,"2430","2430.강남파이낸스센터앞(역삼역2번출구)",2.75,2,4,4,1,8092
1895,"1472","1472.영성빌딩(PAT)",2.75,2,3,3,3,8036
1896,"1751","1751. 창원초등학교 교차로",2.75,2,4,1,4,8008
1897,"1266","1266. 문정동 글샘 공원",2.75,2,2,5,2,8006
1898,"1257","1257. 가락시장역 사거리",2.75,2,5,3,1,8001
1899,"1394","1394.길음뉴타운 래미안9단지",2.75,2,5,1,3,7991
1900,"4671","4671. 청구성심병원 앞",2.75,2,2,3,4,7956
1901,"1253","1253. 오금역 3번 출구 뒤",2.75,2,4,3,2,7923
1902,"1551","1551.4.19탑 앞",2.75,2,3,1,5,7912
1903,"2263","2263. 바우뫼문화복지회관",2.75,2,3,4,2,7897
1904,"2119","2119. 중앙동 동진빌딩",2.75,2,4,2,3,7892
1905,"6188","6188.금호아파트",2.75,2,3,4,2,7874
1906,"1303","1303. 돈암초교 입구",2.75,2,5,2,2,7869
1907,"2320","2320. 도곡역 대치지구대 방향",2.75,2,2,3,4,7851
1908,"416","416. 상암월드컵파크 1단지 교차로",2.75,2,2,5,2,7799
1909,"1518","1518. 수유2동은행빌딩 앞",2.75,2,3,2,4,7753
1910,"3918","3918. 이좋은집오피스텔 앞",2.75,2,3,2,4,7752
1911,"4107","4107. 장안동근린공원 입구",2.75,2,2,3,4,7680
1912,"1041","1041. 묘곡초등학교",2.75,2,4,2,3,7638
1913,"1772","1772.시립도봉노인복지관 버스정류소",2.75,2,3,1,5,7582
1914,"4621","4621. 남산도서관 앞",2.75,2,1,3,5,7553
1915,"1732","1732. 방학역사거리",2.75,2,3,3,3,7528
1916,"1666","1666. 노원소방서인근",2.75,2,2,2,5,7526
1917,"2205","2205. 내곡3단지 어린이공원 앞",2.75,2,5,2,2,7486
1918,"776","776.목마공원",2.75,2,2,4,3,7477
1919,"3132","3132.홍제교",2.75,2,2,2,5,7471
1920,"939","939. 은평구청 교차로",2.75,2,2,5,2,7445
1921,"2385","2385. 학동역",2.75,2,4,4,1,7443
1922,"372","372. 약수역 3번출구 뒤",2.75,2,1,3,5,7415
1923,"3634","3634. 국악고교 앞 교차로",2.75,2,4,3,2,7387
1924,"118","118. 광흥창역 2번출구 앞",2.75,2,2,3,4,7383
1925,"1388","1388. 돈암초교입구 버스정류장(한성대입구역 방면)",2.75,2,3,2,4,7366
1926,"4253","4253. 홍은도담도서관",2.75,2,5,1,3,7366
1927,"328","328. 탑골공원 앞",2.75,2,1,4,4,7344
1928,"4045","4045. 은하수 공원",2.75,2,5,1,3,7328
1929,"2341","2341. 일원역 4~5번 출구 사이",2.75,2,2,3,4,7293
1930,"134","134. 연세로 명물길",2.75,2,1,4,4,7251
1931,"3525","3525. 금호스포츠센터앞",2.75,2,2,2,5,7154
1932,"621","621. 전농초등학교 건너편",2.75,2,5,2,2,7153
1933,"3553","3553.마장역3번출구",2.75,2,3,4,2,7142
1934,"4678","4678. 백련산로 녹번센트레빌",2.75,2,5,1,3,7131
1935,"1083","1083.광문고교사거리(아이파크)",2.75,2,3,3,3,7120
1936,"900","900. 은평예술회관",2.75,2,3,4,2,7106
1937,"1516","1516. 우이동길마을마당",2.75,2,4,2,3,7103
1938,"4889","4889. 마천역 1번 출구 인근②",2.75,2,2,3,4,7087
1939,"235","235. 신길동 우리은행 옆",2.75,2,2,3,4,7076
1940,"575","575. 대원중고교 입구(대하빌딩)",2.75,2,3,2,4,6968
1941,"745","745. 강서초등학교",2.75,2,5,2,2,6948
1942,"2020","2020. 장승배기역2번출구뒷편쪽",2.75,2,3,3,3,6945
1943,"1856","1856. 모두의학교",2.75,2,5,1,3,6823
1944,"941","941. 은평뉴타운 도서관",2.75,2,2,3,4,6792
1945,"952","952. 서울연신중학교",2.75,2,5,1,3,6789
1946,"4807","4807. 라코지스테이 앞",2.75,2,4,1,4,6786
1947,"4546","4546. 목동운동장 주경기장",2.75,2,2,2,5,6752
1948,"4362","4362. 행당중학교 후문",2.75,2,1,3,5,6749
1949,"3922","3922. 서울남부교정시설 앞",2.75,2,3,5,1,6714
1950,"1758","1758.솔밭공원역 1번출구 주변",2.75,2,2,2,5,6713
1951,"2229","2229.로고스교회 맞은 편",2.75,2,3,3,3,6709
1952,"1034","1034. 고덕동 래미안 힐스테이트",2.75,2,5,1,3,6673
1953,"4774","4774. 을지로입구역 8번출구",2.75,2,2,5,2,6648
1954,"4312","4312. 반포미도2차아파트 옆",2.75,2,3,5,1,6644
1955,"2196","2196. 봉천역 3번출구",2.75,2,2,3,4,6617
1956,"2416","2416.한티역 6번 출구",2.75,2,3,4,2,6614
1957,"975","975.백련산 힐스테이트상가앞",2.75,2,5,1,3,6610
1958,"4753","4753. 시청역 10번출구",2.75,2,3,5,1,6595
1959,"1207","1207. 마천중앙시장",2.75,2,4,1,4,6547
1960,"2358","2358. 구룡초사거리 (현대아파트10동 앞 )",2.75,2,5,2,2,6536
1961,"4579","4579. 국회의사당 본관",2.75,2,3,5,1,6472
1962,"2502","2502. 서초역1번출구 앞",2.75,2,2,4,3,6466
1963,"299","299.여의도 순복음교회",2.75,2,1,3,5,6444
1964,"1519","1519. 장미원시장 건너편",2.75,2,2,3,4,6419
1965,"4318","4318. 방배역 2번 출구",2.75,2,2,5,2,6402
1966,"1230","1230. 송파중학교 정문",2.75,2,2,2,5,6368
1967,"2071","2071. 대림아파트 후문 상가 옆",2.75,2,4,1,4,6360
1968,"3776","3776. 김포공항사거리",2.75,2,4,3,2,6359
1969,"2501","2501. 서초 포레스타5단지",2.75,2,5,1,3,6313
1970,"1831","1831. 한국전력 구로금천지사 앞",2.75,2,5,3,1,6258
1971,"4686","4686. 우물골 근린공원",2.75,2,4,1,4,6234
1972,"3663","3663. 암사정수센터교차로(강동롯데캐슬퍼스트아파트)",2.75,2,5,1,3,6231
1973,"4863","4863. 잠실나들목5",2.75,2,3,2,4,6219
1974,"2326","2326. 대치동 삼성로",2.75,2,2,4,3,6191
1975,"2337","2337. 대모산입구역 2번출구 앞",2.75,2,3,1,5,6181
1976,"471","471.회현사거리 남측",2.75,2,3,5,1,6170
1977,"3765","3765. 문소빌딩",2.75,2,5,1,3,6157
1978,"4134","4134. 제기동 현대아파트 앞",2.75,2,2,4,3,6155
1979,"4604","4604. 원효로다목적체육관 앞",2.75,2,3,5,1,6132
1980,"4555","4555. 대림우성2차아파트",2.75,2,2,3,4,6131
1981,"2008","2008. 노량진근린공원 대방공원",2.75,2,4,1,4,6096
1982,"4855","4855. 거여5단지 503동 앞",2.75,2,2,2,5,6055
1983,"2313","2313. 금원빌딩 앞",2.75,2,1,5,3,6051
1984,"760","760. 잣절보도육교 아래",2.75,2,4,2,3,6025
1985,"2026","2026. 흑석역 4번출구",2.75,2,3,4,2,6015
1986,"4683","4683. 은평 성모병원 사거리",2.75,2,3,3,3,6008
1987,"169","169. 북가좌 삼거리",2.75,2,5,2,2,6000
1988,"4658","4658. 녹번역1번출구앞",2.75,2,1,4,4,6000
1989,"1554","1554.번동사거리",2.75,2,3,2,4,5968
1990,"946","946. 독바위역",2.75,2,2,2,5,5903
1991,"2272","2272. 교대입구 교차로",2.75,2,2,5,2,5883
1992,"2336","2336. 강남세브란스교차로  래미안그레이튼 104동 앞",2.75,2,4,4,1,5870
1993,"4599","4599. 대림우성아파트 사거리",2.75,2,4,2,3,5868
1994,"1693","1693. 원자력 병원",2.75,2,3,4,2,5827
1995,"4173","4173. 중대후문 마을버스정류장",2.75,2,2,2,5,5811
1996,"1130","1130. 화곡본동시장 버스정류장",2.75,2,3,3,3,5810
1997,"4281","4281.명지대사거리",2.75,2,4,2,3,5808
1998,"1056","1056. 강일리버파크 7~11단지",2.75,2,5,1,3,5798
1999,"4637","4637. 용산시티파크 101동 앞",2.75,2,2,2,5,5789
2000,"4064","4064. 신창아파트 입구 앞",2.75,2,5,1,3,5788
2001,"2650","2650.위례22단지 2208동 다리앞",2.75,2,5,1,3,5776
2002,"993","993.은평뉴타운 은뜨락아파트앞",2.75,2,2,4,3,5772
2003,"1348","1348. 성북제일새마을금고 본점 앞",2.75,2,3,3,3,5732
2004,"1049","1049. 강일리버파크 10단지",2.75,2,5,1,3,5731
2005,"160","160. 북아현동 가구거리",2.75,2,2,4,3,5730
2006,"3644","3644. 상록수아파트",2.75,2,2,2,5,5723
2007,"2137","2137. KT&G 관악지점",2.75,2,3,2,4,5717
2008,"1843","1843. 독산고등학교",2.75,2,5,1,3,5689
2009,"4469","4469. 거여동 어울림아파트  102동앞",2.75,2,2,5,2,5688
2010,"4929","4929. 투썸플레이스 강남청담점 앞",2.75,2,2,5,2,5585
2011,"164","164. 북가좌1동 주민센터",2.75,2,5,1,3,5543
2012,"4641","4641. 아메리칸센터",2.75,2,2,4,3,5535
2013,"5778","5778. 북위례3",2.75,2,2,2,5,5523
2014,"2643","2643.풍납중학교 측면",2.75,2,2,4,3,5496
2015,"4094","4094.도봉여성센터",2.75,2,4,2,3,5485
2016,"1634","1634. 당고개공원 대여소",2.75,2,3,1,5,5478
2017,"2083","2083.흑석롯데캐슬에듀포레(107동)",2.75,2,4,1,4,5455
2018,"2520","2520.서초1교 (진흥아파트 방면)",2.75,2,3,4,2,5451
2019,"3310","3310.영락고등학교",2.75,2,4,1,4,5434
2020,"4762","4762. 국제빌딩",2.75,2,3,5,1,5425
2021,"192","192. 연서어린이공원",2.75,2,5,2,2,5408
2022,"1539","1539. 4.19민주묘지역",2.75,2,1,3,5,5385
2023,"2617","2617. 가락삼환아파트 앞",2.75,2,3,3,3,5311
2024,"4475","4475. 송파파인타운 4단지 403동",2.75,2,5,1,3,5302
2025,"384","384. 중림동삼거리",2.75,2,5,1,3,5250
2026,"4097","4097.숭미파출소 사거리",2.75,2,5,2,2,5161
2027,"4278","4278. 홍은2동주민센터",2.75,2,5,3,1,5116
2028,"1349","1349. 월계2교 버스정류장 앞",2.75,2,4,1,4,5109
2029,"424","424. 롯데하이마트 (상암월드컵점)",2.75,2,1,4,4,5067
2030,"1479","1479.면목 홈플러스 2",2.75,2,1,3,5,5013
2031,"2357","2357. 르네상스호텔사거리 역삼지하보도 3번출구 앞 (더 오번 빌딩 명동칼국수 앞)",2.75,2,3,5,1,4991
2032,"1358","1358. 정릉도서관 앞",2.75,2,3,3,3,4971
2033,"2356","2356. 강남구청",2.75,2,3,4,2,4970
2034,"491","491.월드컵파크 4단지",2.75,1,2,5,3,4923
2035,"1652","1652. 파르코 앞",2.75,1,2,4,4,4909
2036,"1714","1714. 도봉문화정보도서관 삼거리",2.75,1,2,4,4,4859
2037,"5763","5763. 세륜초등학교 건너편",2.75,1,2,3,5,4745
2038,"4627","4627. 효창공원앞역 5번출구 옆",2.75,1,5,3,2,4736
2039,"3419","3419.국립어린이과학관",2.75,1,3,4,3,4723
2040,"4924","4924.논현동가구거리",2.75,1,4,5,1,4720
2041,"4885","4885. 가든파이브 리빙관",2.75,1,2,5,3,4652
2042,"137","137. 신촌기차역입구 교차로",2.75,1,1,4,5,4603
2043,"2062","2062. 사당새마을금고",2.75,1,5,1,4,4577
2044,"425","425. DMC첨단산업센터",2.75,1,4,5,1,4566
2045,"4875","4875. 위례포레샤인13단지",2.75,1,5,2,3,4566
2046,"2368","2368. 도곡동 경남아파트 건너편",2.75,1,2,4,4,4559
2047,"2429","2429.압구정로데오역 6번출구",2.75,1,1,5,4,4545
2048,"858","858.녹사평역3번 출구",2.75,1,1,4,5,4509
2049,"3630","3630. 개포우성6차아파트 정문 앞",2.75,1,5,2,3,4491
2050,"3725","3725. 강북 청소년 문화정보도서관 앞",2.75,1,3,2,5,4425
2051,"2167","2167. 낙성대역 1번출구",2.75,1,1,4,5,4423
2052,"3807","3807. 관악우체국 교차로",2.75,1,5,1,4,4417
2053,"4607","4607. 국립중앙박물관 -용산가족공원 앞",2.75,1,1,4,5,4361
2054,"4909","4909. 노보텔 앰배서더 앞",2.75,1,2,5,3,4337
2055,"3105","3105. 홍은센트레빌 아파트 앞",2.75,1,4,1,5,4326
2056,"823","823. 효창동주민센터 앞",2.75,1,5,1,4,4288
2057,"3556","3556.신금호파크자이APT앞",2.75,1,2,3,5,4270
2058,"679","679.전농SK아파트 앞",2.75,1,4,2,4,4240
2059,"1213","1213. 백토공원 앞",2.75,1,5,2,3,4192
2060,"5602","5602.래미안신반포리오센트 후문",2.75,1,2,3,5,4175
2061,"4266","4266.국민연금공단충정로사옥",2.75,1,5,4,1,4174
2062,"4149","4149.제기동역 5번출구",2.75,1,4,2,4,4170
2063,"2256","2256.양재동 꽃시장 입구",2.75,1,4,5,1,4151
2064,"2210","2210. 반포1동 주민센터 앞",2.75,1,3,3,4,4141
2065,"1826","1826. 한신코아 앞",2.75,1,5,2,3,4140
2066,"2311","2311. 학동로 래미안 아파트 앞",2.75,1,3,5,2,4066
2067,"2285","2285. LH서초3단지 301동 맞은편",2.75,1,4,1,5,4065
2068,"4752","4752. 삼성사이버빌리지아파트",2.75,1,3,4,3,4061
2069,"2270","2270. 서초포레스타 7단지",2.75,1,5,2,3,4029
2070,"4609","4609. 파크타워 104동 앞",2.75,1,2,3,5,4018
2071,"4610","4610. 한남나인원 105동 앞",2.75,1,1,5,4,3977
2072,"5773","5773. 송파시그니처롯데캐슬",2.75,1,5,1,4,3937
2073,"1366","1366. 일신초등학교 옆",2.75,1,4,1,5,3881
2074,"173","173. 서대문역 8번출구 앞",2.75,1,4,5,1,3840
2075,"3114","3114.충정로역 3번 출구",2.75,1,4,3,3,3815
2076,"1525","1525. 미아동 복합청사",2.75,1,4,4,2,3779
2077,"857","857. 현대 안성타워",2.75,1,1,5,4,3740
2078,"4277","4277. 서대문우체국 정류소 옆",2.75,1,3,3,4,3722
2079,"4668","4668. 기자촌사거리 B",2.75,1,2,4,4,3682
2080,"1703","1703. 도봉산광역환승센터앞",2.75,1,1,5,4,3676
2081,"2203","2203. 청계산입구역 2번출구",2.75,1,1,5,4,3674
2082,"1558","1558.강북문화정보도서관",2.75,1,2,3,5,3653
2083,"4153","4153. 흑석동효사정앞",2.75,1,3,2,5,3605
2084,"4132","4132. 이문삼익아파트 앞",2.75,1,5,1,4,3603
2085,"4103","4103. 휘경sk뷰아파트 앞",2.75,1,2,3,5,3601
2086,"470","470.회현역 7번출구",2.75,1,3,5,2,3598
2087,"4768","4768. 서울도시건축전시관",2.75,1,5,4,1,3593
2088,"978","978.녹번 힐스테이트상가앞",2.75,1,2,4,4,3541
2089,"1951","1951. 천왕이펜하우스 4단지 후문",2.75,1,5,1,4,3541
2090,"5507","5507. 아현래미안푸르지오아파트 104동 앞",2.75,1,5,1,4,3433
2091,"4781","4781. 브라운스위트레지던스",2.75,1,5,4,1,3430
2092,"6062","6062.서울역파출소",2.75,1,5,2,3,3419
2093,"4177","4177. 롯데캐슬 101동 앞",2.75,1,5,1,4,3413
2094,"1365","1365. 선잠단지 앞",2.75,1,4,1,5,3329
2095,"830","830. 강변삼성스위트아파트 앞",2.75,1,5,3,2,3277
2096,"928","928. 은평역사한옥박물관",2.75,1,2,3,5,3275
2097,"2533","2533.한가람미술관 앞",2.75,1,1,5,4,3215
2098,"534","534. 금호사거리",2.75,1,4,1,5,3142
2099,"967","967. 서울혁신파크2",2.75,1,1,5,4,3101
2100,"5767","5767. 북위례2",2.75,1,4,1,5,3074
2101,"1477","1477.면목삼익아파트 앞",2.75,1,2,3,5,3057
2102,"2425","2425.세곡동 사거리(대왕초등학교 정류장)",2.75,1,3,3,4,3037
2103,"3624","3624. 대모산입구역 7번 출구 앞",2.75,1,4,1,5,3017
2104,"2037","2037. 동작역 5번출구 동작주차공원",2.75,1,1,4,5,3009
2105,"4327","4327. 몽마르뜨공원입구",2.75,1,3,4,3,3005
2106,"1039","1039. 고덕초등학교",2.75,1,5,1,4,2976
2107,"483","483.남산타운아파트 버스정류장",2.75,1,2,3,5,2971
2108,"1410","1410. 면목 대원칸타빌아파트",2.75,1,4,1,5,2965
2109,"2386","2386. 크린랩 본사",2.75,1,3,5,2,2936
2110,"4180","4180. 흑석동주민센터 입구",2.75,1,4,1,5,2931
2111,"3902","3902. 항동지구5단지 501동 앞",2.75,1,5,1,4,2902
2112,"2184","2184. 구암초등학교 버스정류장",2.75,1,4,1,5,2834
2113,"569","569. 응봉현대아파트 정류소",2.75,1,3,2,5,2761
2114,"3561","3561.행당동 삼부APT후문",2.75,1,1,4,5,2752
2115,"4479","4479. 문정중학교",2.75,1,5,1,4,2722
2116,"3431","3431.로제우스 레포츠센터",2.75,1,1,4,5,2682
2117,"2318","2318. 삼성중앙역4번출구(문화센터더 리빌)",2.75,1,3,5,2,2670
2118,"4613","4613. 서울갤러리아 앞",2.75,1,1,4,5,2617
2119,"2516","2516.본마을 노인복지센터 앞",2.75,1,2,3,5,2574
2120,"3806","3806. 낙성대 교수아파트",2.75,1,2,4,4,2562
2121,"3531","3531. 논골사거리(금호도서관 입구)",2.75,1,4,1,5,2519
2122,"973","973.제각말푸르지오 5-1단지 아파트",2.75,1,3,2,5,2443
2123,"2519","2519.서초2교(사임당로 방면)",2.75,1,5,3,2,2416
2124,"4623","4623. 라인프랜즈이태원점 앞",2.75,1,1,4,5,2403
2125,"4845","4845. 신내역금강펜테리움센트럴파크",2.75,1,4,4,2,2398
2126,"2041","2041. 사당중학교 버스정류소",2.75,1,4,1,5,2360
2127,"4473","4473. 마천금호어울림 1차 102동앞",2.75,1,4,1,5,2311
2128,"1101","1101. 상사마을 버스정류장(아라대교방면)",2.75,1,4,4,2,2236
2129,"1573","1573.현대성우아파트 옆",2.75,1,4,1,5,2202
2130,"1370","1370. 복자사랑 피정의 집",2.75,1,4,1,5,2198
2131,"938","938. 금암 문화공원",2.75,1,2,3,5,2190
2132,"2807","2807.항동지구 1단지 105동 앞",2.75,1,2,3,5,2063
2133,"974","974.연신초등학교옆 마을마당",2.75,1,4,2,4,2059
2134,"1730","1730. 도봉산역 교차로 앞",2.75,1,1,5,4,1993
2135,"2806","2806.항동지구 4단지 입구",2.75,1,5,1,4,1957
2136,"2207","2207. 내곡파출소 뒤 정자",2.75,1,4,5,1,1940
2137,"3610","3610. 윗반마을 입구",2.75,1,1,4,5,1777
2138,"3003","3003.래미안신공덕3차아파트",2.75,1,5,1,4,1579
2139,"2809","2809.항동지구 11단지 1103동 앞",2.75,1,3,2,5,1463
2140,"4690","4690.은평뉴타운폭포동 힐스테이트4단지",2.75,1,3,2,5,1408
2141,"4782","4782. 서소문역사공원",2.75,1,4,5,1,1406
2142,"5601","5601.감정평가사회관앞",2.75,1,1,5,4,1343
2143,"429","429. 송도병원",2.75,1,4,1,5,1105
2144,"2392","2392. 구룡산 입구 (구룡산 서울둘레길 입구)",2.75,1,5,3,2,1072
2145,"1822","1822. 서울 시흥동우체국 앞",2.75,1,4,3,3,1021
2146,"556","556. 달맞이공원",2.75,1,1,4,5,1019
2147,"4523","4523. 구립양천어르신요양센터",2.75,1,3,2,5,983
2148,"2816","2816.항동지구 8단지 803동옆(주차장입구)",2.75,1,4,3,3,916
2149,"4944","4944.젠빌딩",2.75,1,4,5,1,807
2150,"2288","2288. 안골마을입구",2.75,1,3,2,5,673
2151,"4415","4415. 미아초교버스승강장",2.75,1,3,2,5,643
2152,"4933","4933. 디에이치퍼스티어아이파크 159동 앞",2.75,1,4,1,5,343
2153,"393","393. 동대문역 8번 출구",2.50,5,1,3,1,25228
2154,"3416","3416.동묘앞역 6번출구",2.50,5,2,1,2,23423
2155,"2908","2908. 광운대학교 중앙도서관",2.50,4,1,3,2,21318
2156,"1274","1274. 영파여고 앞",2.50,4,3,2,1,18025
2157,"1404","1404. 동일로 지하차도",2.50,4,4,1,1,16120
2158,"4792","4792. 퇴계로4가 교차로(중구청)",2.50,4,2,3,1,15841
2159,"1670","1670. 노원경찰서교차로",2.50,4,4,1,1,15622
2160,"2904","2904.중계3차청구아파트",2.50,4,1,2,3,15449
2161,"455","455. 종로6가역 버스정류장(동대문 방향)",2.50,4,2,3,1,15205
2162,"1707","1707. 도봉구민회관",2.50,4,2,2,2,15037
2163,"3432","3432.종로2가 사거리",2.50,4,1,4,1,15035
2164,"339","339. 종로4가 사거리",2.50,4,1,4,1,14887
2165,"1846","1846. 롯데캐슬골드파크1차 동문",2.50,3,5,1,1,13507
2166,"1203","1203. 밀리아나2빌딩 앞",2.50,3,1,5,1,13404
2167,"1520","1520. 수유중앙시장",2.50,3,2,1,4,13286
2168,"359","359. 원남동사거리",2.50,3,2,4,1,13118
2169,"3873","3873. 동서울우편집중국 앞",2.50,3,2,3,2,13036
2170,"674","674.고대앞사거리 교통섬",2.50,3,1,4,2,12977
2171,"1808","1808. 에이스하이엔드타워8차 앞",2.50,3,1,5,1,12823
2172,"1070","1070.(시립)고덕평생학습관",2.50,3,1,3,3,12432
2173,"579","579. 마장역 4번출구",2.50,3,3,2,2,12117
2174,"1706","1706. 방학동우체국 건너편",2.50,3,2,3,2,12018
2175,"4039","4039. 서울시 북부여성발전센터",2.50,3,2,3,2,11916
2176,"321","321. KEB 하나금융그룹 명동사옥 옆",2.50,3,2,4,1,11834
2177,"2505","2505. 우성아파트사거리 (기업은행앞)",2.50,3,1,5,1,11693
2178,"4110","4110. 용두롯데캐슬리치아파트 앞",2.50,3,2,2,3,11686
2179,"594","594. 중랑물재생센터(서울새활용플라자)",2.50,3,1,5,1,11656
2180,"3925","3925. 중앙유통단지 앞 B",2.50,3,1,5,1,11597
2181,"5872","5872. 서경팰리스 앞",2.50,3,3,2,2,11505
2182,"661","661. 경희대학교 청운관",2.50,3,1,5,1,11502
2183,"672","672.대광고등학교",2.50,3,3,2,2,11493
2184,"2914","2914.서울과학기술대학교(미래관)",2.50,3,1,5,1,11420
2185,"4478","4478. 문정근린공원2",2.50,3,4,1,2,11338
2186,"739","739. 신월사거리",2.50,3,4,2,1,11282
2187,"346","346. 맥스타일 앞",2.50,3,1,4,2,11168
2188,"1722","1722. 창동청소년수련관",2.50,3,4,2,1,11154
2189,"743","743. 현대6차아파트 101동 옆",2.50,3,4,2,1,11126
2190,"4406","4406. 장곡초등학교 앞",2.50,3,3,1,3,11107
2191,"2823","2823.중앙유통단지 앞",2.50,3,1,5,1,11029
2192,"5314","5314. 월계1동주민센터 앞",2.50,3,2,2,3,11017
2193,"5076","5076. 메이필드호텔앞",2.50,3,1,5,1,10944
2194,"5876","5876. 에이스하이테크시티 4동 앞",2.50,3,1,5,1,10934
2195,"3417","3417.창신3동주민센터",2.50,3,4,1,2,10906
2196,"5090","5090. 대상연구소",2.50,3,1,5,1,10772
2197,"1514","1514. 강북구청 사거리 버스정류소 앞",2.50,3,1,3,3,10688
2198,"1690","1690. 도봉운전면허시험장 버스정류장 옆",2.50,3,2,3,2,10666
2199,"445","445.대한상공회의소",2.50,3,1,5,1,10651
2200,"301","301. 경복궁역 7번출구 앞",2.50,3,4,1,2,10633
2201,"5894","5894.영등포세무서",2.50,3,1,5,1,10628
2202,"3985","3985. 디폴리스 지식산업센터",2.50,3,1,5,1,10542
2203,"464","464. 삼청동 골목",2.50,3,3,2,2,10526
2204,"637","637. KAIST 경영대학 앞",2.50,3,1,4,2,10510
2205,"506","506. 금호 어울림 아파트 앞",2.50,3,1,5,1,10487
2206,"3801","3801. 이랜드글로벌R&D센터",2.50,3,1,5,1,10415
2207,"1145","1145. 곰달래 문화복지센터 B",2.50,3,2,1,4,10410
2208,"1869","1869.롯데캐슬골드파크3차 301동 앞",2.50,3,5,1,1,10226
2209,"344","344. 성균관대 E하우스 앞",2.50,3,4,1,2,10002
2210,"4370","4370. 성동교 사거리",2.50,3,1,5,1,9904
2211,"1170","1170. 강서구보건소",2.50,3,2,2,3,9850
2212,"4846","4846. 상봉동양엔파트 앞",2.50,3,3,1,3,9795
2213,"408","408. LG CNS앞",2.50,3,1,5,1,9744
2214,"4962","4962.고덕비즈밸리 디엠스퀘어 앞",2.50,3,1,5,1,9689
2215,"5310","5310. 목련아파트",2.50,3,5,1,1,9588
2216,"3551","3551.성동도로사업소",2.50,3,1,5,1,9564
2217,"1560","1560. 도봉세무서 앞",2.50,3,1,3,3,9499
2218,"3543","3543. 세종대학교(학술정보원)",2.50,3,1,5,1,9494
2219,"452","452. 동대문 종합시장 버스정류장",2.50,3,2,3,2,9452
2220,"1402","1402. 금란주차장 앞",2.50,3,3,1,3,9420
2221,"4800","4800. 필동 삼거리",2.50,3,2,4,1,9271
2222,"1159","1159. 서서울모터리움 앞",2.50,3,1,5,1,9038
2223,"628","628. 휘봉고등학교 앞",2.50,3,3,2,2,8945
2224,"960","960. 구파발역 환승센터",2.50,3,1,5,1,8850
2225,"4639","4639. 동빙고근린공원",2.50,2,1,2,5,8758
2226,"2293","2293. SPC 앞",2.50,2,2,5,1,8738
2227,"4835","4835. 망우동 본죽 앞",2.50,2,4,1,3,8724
2228,"903","903. 은평뉴타운 아이파크",2.50,2,4,1,3,8710
2229,"3986","3986.청년주택 독산동점",2.50,2,5,1,2,8700
2230,"1981","1981. 천왕지구삼거리 앞",2.50,2,5,1,2,8643
2231,"1854","1854. 가산아네스트 오피스텔 앞",2.50,2,5,2,1,8633
2232,"1628","1628. 노일초등학교 앞",2.50,2,2,3,3,8612
2233,"1564","1564.4.19민주묘지역 1번출구",2.50,2,1,3,4,8598
2234,"2631","2631.배명고등학교",2.50,2,4,2,2,8569
2235,"4054","4054. 창동한신아파트 버스정류소",2.50,2,2,2,4,8564
2236,"358","358. 성균관대입구 사거리 A",2.50,2,1,3,4,8562
2237,"4414","4414. 안암역 3번 출구",2.50,2,1,3,4,8553
2238,"324","324. 신세계백화점 본점 앞",2.50,2,1,5,2,8498
2239,"3643","3643. 더시그넘하우스 앞",2.50,2,4,3,1,8479
2240,"1065","1065.보훈병원 후문옆(더 원커피)",2.50,2,2,5,1,8458
2241,"767","767.신정숲속마을아파트",2.50,2,5,1,2,8438
2242,"4931","4931. 디에이치퍼스티어아이파크 124동 앞",2.50,2,4,1,3,8332
2243,"2521","2521.서초 크로바타워 앞",2.50,2,3,3,2,8326
2244,"337","337. 창경궁 입구",2.50,2,3,3,2,8296
2245,"971","971. 역촌 센트레빌 아파트",2.50,2,5,1,2,8296
2246,"979","979.원풍빌라앞",2.50,2,5,1,2,8245
2247,"1367","1367. 길음문화복합미디어센터",2.50,2,4,1,3,8242
2248,"2634","2634.위례포레샤인아파트 정류장",2.50,2,5,1,2,8228
2249,"338","338. 세운스퀘어 앞",2.50,2,2,5,1,8226
2250,"2360","2360. 도곡1동 주민센터 교차로",2.50,2,2,5,1,8222
2251,"4808","4808. 신내2동 주민센터 앞",2.50,2,1,5,2,8190
2252,"709","709. 신정3동 현장민원실 앞",2.50,2,3,2,3,8152
2253,"121","121. 마포소방서 앞",2.50,2,3,2,3,8118
2254,"2112","2112. 서울대입구역 마에스트로",2.50,2,1,2,5,8093
2255,"2328","2328. 르네상스 호텔 사거리 역삼지하보도 7번출구 앞",2.50,2,2,5,1,8030
2256,"4246","4246. 상수역새마을금고",2.50,2,1,2,5,7967
2257,"4462","4462. 가락중학교 앞",2.50,2,2,1,5,7955
2258,"2036","2036. 정금마을 마을버스정류장",2.50,2,3,1,4,7936
2259,"1715","1715. 서울특별시교육청도봉도서관",2.50,2,1,2,5,7925
2260,"402","402. 상암월드컵파크 9단지 앞",2.50,2,5,1,2,7921
2261,"4306","4306. 서래공원 앞",2.50,2,2,5,1,7906
2262,"1057","1057. 능골근린공원",2.50,2,4,3,1,7898
2263,"4580","4580. 국회제2의원회관",2.50,2,2,5,1,7884
2264,"2145","2145. 은천초등학교 육교",2.50,2,4,1,3,7781
2265,"954","954. 은평뉴타운구파발9단지",2.50,2,2,1,5,7679
2266,"3675","3675. 강동리버스트8단지",2.50,2,3,1,4,7571
2267,"6059","6059. 덕수중학교",2.50,2,3,4,1,7527
2268,"1568","1568.4.19민주묘지 입구사거리",2.50,2,2,2,4,7500
2269,"660","660. 동의보감타워",2.50,2,3,3,2,7471
2270,"4128","4128.  종암초등학교 뒤(새울센스빌)",2.50,2,3,2,3,7411
2271,"839","839. 보광동 삼성리버빌아파트 앞",2.50,2,2,1,5,7366
2272,"2422","2422.수서동 성당 맞은편",2.50,2,2,1,5,7347
2273,"3930","3930. 온수역 2번 출구 앞",2.50,2,2,5,1,7324
2274,"1136","1136. 등촌2파출소",2.50,2,4,1,3,7281
2275,"1812","1812. 갑을그레이트밸리 앞",2.50,2,2,5,1,7239
2276,"1548","1548. 북서울 꿈의숲 서문",2.50,2,1,2,5,7232
2277,"4775","4775. 을지로지하쇼핑센터",2.50,2,2,5,1,7215
2278,"3609","3609. 언주초등학교 입구",2.50,2,2,5,1,7200
2279,"2148","2148. 낙성대역 3번출구 뒤",2.50,2,2,4,2,7187
2280,"2426","2426.강남한신휴플러스 6단지",2.50,2,5,1,2,7164
2281,"5871","5871. 건영상가 앞",2.50,2,5,1,2,7095
2282,"1682","1682. 중계종합사회복지관 교차로",2.50,2,2,2,4,7067
2283,"2246","2246. 서울시 품질시험소 앞",2.50,2,2,5,1,7041
2284,"4838","4838.동원사거리 행복오피스텔 앞",2.50,2,3,1,4,6977
2285,"405","405. DMC빌 앞",2.50,2,2,5,1,6944
2286,"1325","1325. 상월곡역 4번출구",2.50,2,2,4,2,6935
2287,"555","555. 구의3동주민센터",2.50,2,2,3,3,6919
2288,"1441","1441. 신내능말공원",2.50,2,5,1,2,6882
2289,"2614","2614. 가락고등학교 앞",2.50,2,5,1,2,6832
2290,"4836","4836. 양원역 1번 출구",2.50,2,2,4,2,6791
2291,"909","909. 백련산 힐스테이트 3차",2.50,2,5,1,2,6742
2292,"4958","4958. 고덕래미안힐스테이트 아파트 211동",2.50,2,5,1,2,6707
2293,"1025","1025. 상일초등학교",2.50,2,2,5,1,6700
2294,"963","963. 불광롯데캐슬아파트 앞",2.50,2,3,1,4,6684
2295,"712","712. 강월초교입구 사거리",2.50,2,4,2,2,6668
2296,"2069","2069. 숭실대 입구역3번 출구 앞",2.50,2,1,3,4,6643
2297,"965","965. 서울특별시 은평병원",2.50,2,4,2,2,6641
2298,"1543","1543. 수유1동 주민센터",2.50,2,2,2,4,6625
2299,"2174","2174. 삼성디지털프라자관악점",2.50,2,1,2,5,6599
2300,"2198","2198.사랑의병원",2.50,2,2,1,5,6559
2301,"2344","2344. 리엔파크 2단지 앞",2.50,2,3,1,4,6522
2302,"5777","5777. 호반써밋12단지",2.50,2,5,1,2,6477
2303,"4234","4234. 에스테반",2.50,2,5,1,2,6454
2304,"1733","1733. 방학사거리 (봄마당 앞)",2.50,2,1,3,4,6414
2305,"2116","2116. 에이스에이존빌딩",2.50,2,1,3,4,6413
2306,"2331","2331. 동영문화센터앞",2.50,2,3,4,1,6408
2307,"2549","2549.호반써밋서초파크 403동",2.50,2,5,1,2,6233
2308,"1528","1528. 삼각산동 주민센터",2.50,2,3,1,4,6189
2309,"1067","1067.한영중고앞사거리",2.50,2,3,2,3,6169
2310,"4687","4687. 역촌센트레빌아파트 101동 앞",2.50,2,5,1,2,6149
2311,"1849","1849. 대륭포스트타워5차",2.50,2,3,4,1,6116
2312,"4954","4954. 신명초등학교 건너편",2.50,2,5,1,2,6104
2313,"1183","1183. 강서대학교",2.50,2,5,2,1,6070
2314,"351","351. 청운초교 앞 삼거리",2.50,2,5,1,2,6049
2315,"922","922. 연신내역 4번출구",2.50,2,1,4,3,6027
2316,"1105","1105. 방화근린공원",2.50,2,2,1,5,6014
2317,"1910","1910. 낙원교회 맞은편",2.50,2,5,2,1,6013
2318,"4785","4785. 롯데시티호텔",2.50,2,2,5,1,6009
2319,"923","923. 국민은행 연서지점",2.50,2,3,1,4,5964
2320,"2381","2381. 언주역 4번출구",2.50,2,2,5,1,5889
2321,"3726","3726.삼양동사거리",2.50,2,2,1,5,5883
2322,"4458","4458. 가락2동주민센터 인근",2.50,2,3,3,2,5875
2323,"4058","4058. 다락원체육공원 전망대 입구",2.50,2,1,2,5,5865
2324,"4784","4784. 중부경찰서앞 사거리",2.50,2,2,5,1,5832
2325,"1973","1973. 오리로와 서해안도로 교차로 앞",2.50,2,4,1,3,5731
2326,"4634","4634. 이태원역 3번 출구",2.50,2,1,2,5,5723
2327,"1436","1436. 동원베네스트 건물 앞",2.50,2,4,1,3,5709
2328,"4766","4766. 서소문성지역사박물관",2.50,2,5,2,1,5708
2329,"1360","1360. 정릉역",2.50,2,3,1,4,5646
2330,"466","466.롯데호텔",2.50,2,2,5,1,5558
2331,"4152","4152. 상도효성해링턴플레이스",2.50,2,2,2,4,5545
2332,"2349","2349. 역삼빌딩 앞(하나은행 옆)",2.50,2,2,4,2,5520
2333,"1967","1967. 참새공원(백곡경노당)",2.50,2,4,1,3,5484
2334,"1343","1343. 한성대7번출구 앞",2.50,2,2,1,5,5465
2335,"364","364. 창신역 1번출구 앞",2.50,2,4,1,3,5461
2336,"2364","2364. 도산공원교차로",2.50,2,1,5,2,5448
2337,"2127","2127. 난곡종점",2.50,2,3,1,4,5418
2338,"4684","4684. 응암2동주민센터 버스정류장(영락중학교 방면)",2.50,2,5,1,2,5398
2339,"3799","3799. 국립항공박물관",2.50,2,2,5,1,5395
2340,"1725","1725. 창1동주민센터",2.50,2,5,1,2,5313
2341,"2616","2616. 거여동 사거리",2.50,2,4,2,2,5290
2342,"6189","6189.데시앙플렉스 지식산업센터",2.50,2,2,5,1,5266
2343,"2027","2027. 중앙대학교 정문 1",2.50,2,1,4,3,5230
2344,"4396","4396. 마장축산물시장 서문 인근",2.50,2,4,2,2,5187
2345,"3820","3820. 은천삼거리",2.50,2,2,2,4,5182
2346,"4581","4581. 국회소통관",2.50,2,2,5,1,5146
2347,"1515","1515. 송천동 주민센터",2.50,2,3,2,3,5084
2348,"494","494.신수동주민센터",2.50,2,5,1,2,5013
2349,"3653","3653. 강동리버스트4단지아파트 404동 앞",2.50,2,5,1,2,4972
2350,"959","959. 구파발10단지 인근",2.50,2,1,2,5,4955
2351,"3402","3402.이화공영주차장",2.50,1,5,3,1,4847
2352,"1571","1571.북서울 꿈의 숲 입구",2.50,1,5,1,3,4833
2353,"2024","2024. 상도역 1번출구",2.50,1,3,2,4,4804
2354,"1757","1757.솔밭공원역 1번출구 앞",2.50,1,2,2,5,4788
2355,"4148","4148.동대문구 장안동 씨젠의료재단",2.50,1,2,3,4,4738
2356,"2186","2186. 낙성대입구삼거리",2.50,1,2,2,5,4695
2357,"2283","2283. 그룹한빌딩옆",2.50,1,3,4,2,4668
2358,"671","671.대광빌딩",2.50,1,2,3,4,4653
2359,"1868","1868.우리은행 시흥남자동화점 앞",2.50,1,5,1,3,4627
2360,"4665","4665. 응암역3번 출구(서부경찰서 방면)",2.50,1,1,3,5,4572
2361,"533","533. 금남시장 교차로",2.50,1,4,1,4,4547
2362,"3673","3673. 강동리버스트6단지",2.50,1,4,2,3,4533
2363,"2309","2309. 청담역(우리들병원 앞)",2.50,1,5,3,1,4529
2364,"5766","5766. 북위례1",2.50,1,4,1,4,4499
2365,"3612","3612. 은곡마을",2.50,1,2,2,5,4490
2366,"953","953. 서울연신초등학교",2.50,1,3,2,4,4340
2367,"3682","3682. 길동 동호빌딩",2.50,1,4,1,4,4321
2368,"4625","4625. 용산공원갤러리앞",2.50,1,3,5,1,4321
2369,"515","515. 광양중학교 앞",2.50,1,3,1,5,4292
2370,"2382","2382. 역삼동 sk뷰 501동앞",2.50,1,1,4,4,4250
2371,"2373","2373. 개포동역 사거리",2.50,1,2,2,5,4243
2372,"4344","4344. 양재대로(구룡지하차도 앞)",2.50,1,5,1,3,4234
2373,"2812","2812.항동프라자",2.50,1,3,3,3,4232
2374,"4043","4043. 상계주공13단지 1301동",2.50,1,5,1,3,4223
2375,"606","606. 서울반도체고 앞",2.50,1,1,3,5,4208
2376,"808","808. 서빙고동 금호맨션 앞",2.50,1,1,3,5,4161
2377,"2304","2304. 대현그린타워",2.50,1,3,5,1,4125
2378,"1865","1865.금천구청앞(M빌딩)",2.50,1,4,4,1,4109
2379,"5315","5315. 불암산역 앞",2.50,1,4,2,3,4040
2380,"5779","5779. 나래교",2.50,1,5,2,2,4000
2381,"1427","1427. 용마산역 1번출구",2.50,1,1,5,3,3965
2382,"3134","3134.SK리쳄블(서울아리수본부)",2.50,1,5,2,2,3957
2383,"3616","3616. 역삼중학교 앞(체육관 방향)",2.50,1,3,3,3,3954
2384,"2281","2281. 서울교통공사 사당별관 건너편",2.50,1,5,2,2,3950
2385,"3654","3654. 강동리버스트4단지아파트 405동 앞",2.50,1,3,1,5,3946
2386,"1864","1864.산호시티빌 옆",2.50,1,5,2,2,3931
2387,"4098","4098.창동역 1번출구 인근",2.50,1,1,4,4,3899
2388,"4830","4830. 신내 우디안 111동 앞",2.50,1,5,1,3,3892
2389,"4937","4937.개포래미안포레스트 126동 앞",2.50,1,5,1,3,3847
2390,"1386","1386.동선고가차도 초입",2.50,1,3,1,5,3839
2391,"295","295.영등포공원 분수대 앞",2.50,1,5,1,3,3833
2392,"3813","3813. 낙성대역 5번출구",2.50,1,1,3,5,3734
2393,"4903","4903. 신사스퀘어",2.50,1,1,5,3,3704
2394,"1058","1058. 고덕숲 아이파크 1",2.50,1,4,1,4,3696
2395,"4248","4248. 신촌 교보빌딩",2.50,1,1,3,5,3693
2396,"2398","2398. 더라움",2.50,1,2,5,2,3689
2397,"2371","2371. 한국우편사업진흥원",2.50,1,2,5,2,3688
2398,"3688","3688. 상일동산(동아아파트앞 교차로)",2.50,1,4,3,2,3686
2399,"4490","4490. 송파파인타운 10단지 1005동",2.50,1,4,1,4,3667
2400,"1466","1466.두산대림아파트 삼거리",2.50,1,1,3,5,3633
2401,"524","524. 래미안금호하이리버 아파트 102동 옆",2.50,1,4,1,4,3631
2402,"3910","3910. 목양전원교회 앞 로터리",2.50,1,3,1,5,3559
2403,"5504","5504.아현교회",2.50,1,2,5,2,3453
2404,"4240","4240. 아현문화건강센터",2.50,1,5,2,2,3428
2405,"2088","2088.상도중앙하이츠빌 입구",2.50,1,5,1,3,3427
2406,"3530","3530. 왕십리자이아파트 후문(삼거리)",2.50,1,5,1,3,3427
2407,"1979","1979. 구로1동우체국 앞",2.50,1,5,1,3,3414
2408,"3703","3703. 삼양입구사거리",2.50,1,4,1,4,3400
2409,"3622","3622. 은마아파트입구 사거리(1)",2.50,1,1,3,5,3394
2410,"4454","4454. 위례 포레샤인 1809동 부근",2.50,1,4,1,4,3332
2411,"410","410. 상암중학교 옆",2.50,1,1,4,4,3321
2412,"1379","1379.길음뉴타운푸르지오아파트 3단지",2.50,1,5,1,3,3196
2413,"3652","3652. 한영외국어고등학교",2.50,1,5,2,2,3173
2414,"2129","2129. 낙성대 과학전시관",2.50,1,1,4,4,3087
2415,"4928","4928. 교수마을 입구",2.50,1,3,4,2,3083
2416,"2223","2223. 방배래미안 정문 앞",2.50,1,1,3,5,3060
2417,"1731","1731. 도봉고등학교 맞은편",2.50,1,2,2,5,3030
2418,"3111","3111.무악재역 4번 출구",2.50,1,3,3,3,2978
2419,"2248","2248. 서초리슈빌S 글로벌 앞",2.50,1,5,2,2,2965
2420,"3100","3100. 북성초교",2.50,1,2,3,4,2927
2421,"1820","1820. 신한은행 시흥대로금융센터지점",2.50,1,4,4,1,2890
2422,"994","994.북한산생태공원입구(교통섬)",2.50,1,4,2,3,2865
2423,"1037","1037. 강일리버파크 6단지",2.50,1,4,1,4,2847
2424,"2249","2249. 우솔초등학교 맞은편",2.50,1,5,2,2,2837
2425,"1620","1620. 중계구민체육센터",2.50,1,2,2,5,2828
2426,"3555","3555.양지사거리(센트라스APT 115동앞)",2.50,1,5,1,3,2815
2427,"4915","4915. 영동중앙교회 버스정류장",2.50,1,3,5,1,2775
2428,"4883","4883. 위례포레샤인18단지 1812동",2.50,1,4,1,4,2757
2429,"4672","4672. 준빌딩 앞",2.50,1,3,2,4,2694
2430,"4324","4324. 세화고등학교",2.50,1,1,4,4,2676
2431,"4911","4911. 도곡동 골프 로데오거리",2.50,1,4,4,1,2672
2432,"1344","1344. 아리랑시네센터 앞",2.50,1,1,3,5,2662
2433,"1422","1422. 신내우디안아파트 1단지",2.50,1,1,5,3,2638
2434,"1392","1392.돈암삼성풍림아파트",2.50,1,5,1,3,2609
2435,"449","449. 일성아파트",2.50,1,4,2,3,2513
2436,"1467","1467.sk신내 주유소앞(용마산로)",2.50,1,1,3,5,2498
2437,"4305","4305. 서일스포츠센터",2.50,1,5,2,2,2476
2438,"1459","1459. 용마한신아파트사거리",2.50,1,3,1,5,2427
2439,"1006","1006. 롯데캐슬 115동앞",2.50,1,3,3,3,2423
2440,"3620","3620. 청담역 11번 출구",2.50,1,5,3,1,2422
2441,"859","859.남산공원 야외식물원 앞",2.50,1,1,3,5,2416
2442,"4881","4881. 거여동사거리 송파둘레길 입구",2.50,1,4,2,3,2331
2443,"4879","4879. 마천청소년센터",2.50,1,4,1,4,2322
2444,"4611","4611. 국제루터교회 앞",2.50,1,1,4,4,2281
2445,"127","127. 현대벤처빌 앞",2.50,1,2,3,4,2265
2446,"4158","4158. 노량진근린공원",2.50,1,4,1,4,2265
2447,"2165","2165. JK장평타워",2.50,1,1,3,5,2223
2448,"4323","4323. 내곡도서관",2.50,1,1,3,5,2146
2449,"2079","2079.중앙대학교 중앙광장",2.50,1,3,3,3,2073
2450,"4681","4681.박석고개(은평소방서) 앞",2.50,1,3,2,4,2050
2451,"3911","3911. 항동하버리안2단지아파트 후문",2.50,1,3,1,5,2016
2452,"4936","4936. SK텔레콤(T1) 인근",2.50,1,2,5,2,1992
2453,"2808","2808.항동지구 2단지 202동 앞",2.50,1,3,2,4,1988
2454,"2199","2199.신봉천주유소 A",2.50,1,2,2,5,1987
2455,"1836","1836. 금천구립 독산도서관",2.50,1,4,3,2,1928
2456,"2814","2814.항동지구 10단지 1001동 앞",2.50,1,5,1,3,1927
2457,"3714","3714. 송천센트레빌",2.50,1,4,1,4,1803
2458,"4942","4942.율현삼거리",2.50,1,1,4,4,1765
2459,"2130","2130. 영어마을 관악캠프",2.50,1,1,3,5,1751
2460,"854","854.HID 유족동지회 앞",2.50,1,1,3,5,1734
2461,"1242","1242. 문정 법조단지6",2.50,1,3,5,1,1719
2462,"2068","2068. 총신대 앞(육교)",2.50,1,3,4,2,1702
2463,"725","725. 양강중학교앞 교차로",2.50,1,2,2,5,1688
2464,"3648","3648. 구룡역 4번 출구",2.50,1,1,4,4,1609
2465,"5888","5888.여의도성당",2.50,1,1,5,3,1600
2466,"968","968. 은평뉴타운 상림마을 13단지",2.50,1,5,1,3,1577
2467,"4178","4178. 이수성결교회 옆",2.50,1,1,3,5,1542
2468,"6185","6185.가양나들목",2.50,1,3,1,5,1526
2469,"4612","4612. 이태원로 255",2.50,1,1,3,5,1479
2470,"486","486. 평창동주민센터 앞",2.50,1,1,3,5,1440
2471,"4896","4896. 송파레이크힐",2.50,1,5,3,1,1352
2472,"5898","5898.당산역 1번출구",2.50,1,1,5,3,1236
2473,"4348","4348. 사당역 1번출구",2.50,1,3,5,1,1207
2474,"5337","5337. 태강릉 앞",2.50,1,1,3,5,1169
2475,"4777","4777. 약수동 주민센터",2.50,1,2,2,5,1160
2476,"2289","2289. 남태령역 2번출구",2.50,1,3,5,1,1017
2477,"3787","3787. 가양나들목",2.50,1,1,3,5,964
2478,"2813","2813.항동지구 3단지 302동 앞",2.50,1,5,1,3,928
2479,"4644","4644.서울특별시교육청 앞",2.50,1,3,1,5,838
2480,"1678","1678. 성서대학교 밀알관",2.50,1,3,5,1,774
2481,"3878","3878. 장로회신학대학교 주기철 기념관",2.50,1,1,4,4,762
2482,"3971","3971. 순흥안씨묘 건너편",2.50,1,5,2,2,598
2483,"3968","3968. 독산동 현대홈타운 금천과선교 앞",2.50,1,5,1,3,572
2484,"5327","5327. 태릉선수촌 앞",2.50,1,1,4,4,555
2485,"4363","4363. 신금호역 2번출구 앞",2.50,1,1,3,5,540
2486,"3527","3527. 왕십리 자이아파트(101동 앞)",2.50,1,4,1,4,406
2487,"3430","3430.구기치안센터 앞",2.50,1,1,3,5,330
2488,"2314","2314. 청담나들목입구",2.50,1,2,4,3,260
2489,"1450","1450. 화랑대역 7번출구",2.25,4,2,1,2,18444
2490,"5319","5319. 연해피빌 앞",2.25,4,2,2,1,16378
2491,"1770","1770.도봉한신아파트 주변",2.25,4,2,2,1,13996
2492,"4011","4011. 월계 센트럴 아이파크",2.25,3,1,3,2,13009
2493,"4016","4016. 노원 마들스타디움",2.25,3,2,2,2,12221
2494,"4545","4545. 청소년음악센터",2.25,3,3,1,2,10422
2495,"591","591. 건국대학교 (행정관)",2.25,3,1,4,1,9278
2496,"1425","1425. 신성미소지움아파트",2.25,3,3,2,1,9059
2497,"4202","4202. 프런트원(공덕역4번출구 앞)",2.25,2,2,4,1,8719
2498,"347","347. 동대문역사문화공원역 9번출구 앞",2.25,2,1,3,3,8639
2499,"518","518. 청계천 박물관 앞",2.25,2,1,5,1,8614
2500,"1671","1671. 인덕대학교",2.25,2,4,2,1,8606
2501,"476","476.광희문",2.25,2,3,1,3,8598
2502,"2164","2164. 관악우체국",2.25,2,2,2,3,8511
2503,"1839","1839. 수출의 다리 아래",2.25,2,1,5,1,8470
2504,"1536","1536. 번동 두산위브 101동 옆",2.25,2,2,2,3,8464
2505,"3007","3007.MBC 앞",2.25,2,1,5,1,8350
2506,"639","639. 서울시립대 후문",2.25,2,1,3,3,8172
2507,"1364","1364. 성북동 치안센터 앞",2.25,2,4,1,2,8161
2508,"3545","3545.한양대역 1번출구",2.25,2,1,4,2,8100
2509,"2319","2319. 포스코사거리 서측(수협 삼성동 지점)",2.25,2,1,5,1,8087
2510,"2048","2048. 삼일초등학교 인근",2.25,2,4,1,2,7938
2511,"4960","4960.고덕비즈밸리 지식산업센터 A",2.25,2,1,5,1,7813
2512,"309","309. 광화문역 6번출구 옆 B",2.25,2,1,5,1,7796
2513,"2716","2716.롯데 R&D 센터",2.25,2,1,5,1,7792
2514,"1713","1713. 쌍문동 이안아파트 앞",2.25,2,2,2,3,7736
2515,"3523","3523. 건국대학교 과학관(이과대) 앞",2.25,2,1,5,1,7720
2516,"1642","1642. 서울여대 남문",2.25,2,2,2,3,7703
2517,"4009","4009. 월계프라자",2.25,2,3,1,3,7680
2518,"3797","3797. 마곡수명산파크7단지 710동 앞",2.25,2,2,2,3,7659
2519,"129","129. 신촌역(2호선) 6번출구 옆",2.25,2,1,2,4,7588
2520,"5305","5305. 대륜E&S 서울지사 앞",2.25,2,3,1,3,7512
2521,"3588","3588.세종대학교(영실관)",2.25,2,1,5,1,7424
2522,"2330","2330. 역삼월드메르디앙아파트 앞",2.25,2,2,4,1,7374
2523,"3006","3006. 상암월드컵파크5단지(상암중학교)",2.25,2,1,5,1,7362
2524,"2084","2084.e편한세상 상도노빌리티 앞",2.25,2,1,2,4,7348
2525,"3676","3676. 강동리엔파크9단지",2.25,2,4,1,2,7310
2526,"4582","4582. 국회도서관",2.25,2,1,5,1,7256
2527,"140","140. 이화여대 후문",2.25,2,1,5,1,7227
2528,"6182","6182.오스템임플란트비전타워",2.25,2,1,5,1,7221
2529,"3116","3116.신촌역 4번출구",2.25,2,1,3,3,7136
2530,"3636","3636. 삼성중앙역·플래티넘아파트 정류소",2.25,2,2,3,2,6993
2531,"976","976.진관고등학교앞",2.25,2,4,1,2,6989
2532,"638","638. 서울시립대 정보기술관",2.25,2,1,5,1,6953
2533,"845","845. 용산 선인상가",2.25,2,1,5,1,6915
2534,"428","428. 명보사거리",2.25,2,1,5,1,6906
2535,"1859","1859. 대륭테크노타운 18차",2.25,2,1,5,1,6279
2536,"636","636. 세종대왕기념관 교차로",2.25,2,1,5,1,6183
2537,"1736","1736. 버스정류장 앞",2.25,2,1,3,3,6086
2538,"2233","2233. 서초신동아1차아파트 옆",2.25,2,4,2,1,5982
2539,"2122","2122. 낙성대로 입구",2.25,2,1,2,4,5960
2540,"138","138. 신촌동 제1공영주차장 앞",2.25,2,3,2,2,5871
2541,"4472","4472. 송파파크데일 1단지 115동 건너편",2.25,2,2,1,4,5855
2542,"4548","4548.신목동역1번출구",2.25,2,2,3,2,5778
2543,"1999","1999. 수궁동 성당 주변",2.25,2,2,3,2,5715
2544,"4346","4346.장학재단빌딩 앞",2.25,2,1,5,1,5649
2545,"1537","1537. 북한산 우이역",2.25,2,1,1,5,5633
2546,"2352","2352. 서울본부세관(건설회관 앞)",2.25,2,1,5,1,5536
2547,"141","141. 연대 대운동장 옆",2.25,2,1,4,2,5300
2548,"2380","2380. 봉은사로68길 북측",2.25,2,3,2,2,5294
2549,"467","467.한국은행",2.25,2,1,5,1,5291
2550,"468","468.웨스틴 조선호텔",2.25,2,1,5,1,5215
2551,"664","664. 서울시립대 건설공학관",2.25,2,1,4,2,5160
2552,"1660","1660. 서울시립과학관",2.25,2,2,2,3,5158
2553,"2907","2907. 월계중학교",2.25,2,5,1,1,4979
2554,"1574","1574.송중초등학교 옆",2.25,2,2,2,3,4974
2555,"6172","6172. 가양5단지아파트",2.25,2,5,1,1,4940
2556,"4315","4315. 이투스교육 앞",2.25,2,1,5,1,4938
2557,"741","741. 화곡로 입구 교차로",2.25,1,2,4,2,4901
2558,"3611","3611. 방죽마을 입구",2.25,1,4,2,2,4890
2559,"2545","2545.국립중앙도서관(국제회의장옆)",2.25,1,1,5,2,4800
2560,"4761","4761. 중부경찰서앞사거리 건너편",2.25,1,2,5,1,4748
2561,"3967","3967. 혜명양로원 담장 옆(2)",2.25,1,4,3,1,4681
2562,"4086","4086. 도봉로 534",2.25,1,5,1,2,4678
2563,"2825","2825.초롱타운 앞",2.25,1,5,1,2,4602
2564,"2815","2815.항동지구 7단지 정문",2.25,1,2,3,3,4579
2565,"3101","3101. 서대문구청",2.25,1,2,2,4,4561
2566,"2370","2370. 한티역 3번출구",2.25,1,2,3,3,4520
2567,"4428","4428.돈암동부센트레빌상가",2.25,1,1,2,5,4472
2568,"2057","2057. 상도 아이파크 아파트",2.25,1,4,1,3,4466
2569,"388","388. 동성중학교 앞",2.25,1,5,1,2,4439
2570,"3615","3615. 서울 논현동우체국 앞",2.25,1,2,5,1,4425
2571,"397","397. 종묘공영주차장 건너편",2.25,1,1,3,4,4396
2572,"469","469.회현역 1번출구",2.25,1,3,4,1,4322
2573,"724","724. 계남공원 입구 주출입구 좌측",2.25,1,4,1,3,4302
2574,"1200","1200. 개화광역환승센터",2.25,1,1,5,2,4238
2575,"4340","4340. 방배래미안아트힐아파트 앞",2.25,1,2,5,1,4180
2576,"2094","2094.숭실대학교(중문)",2.25,1,1,2,5,4178
2577,"4162","4162. 노량진1동 청소년독서실",2.25,1,5,1,2,4152
2578,"4932","4932. 개포래미안포레스트 130동 맞은편",2.25,1,4,1,3,4139
2579,"3674","3674. 강동리버스트7단지",2.25,1,5,1,2,4087
2580,"3932","3932. 개봉센트레빌레우스아파트 앞",2.25,1,5,1,2,4081
2581,"4829","4829. 신내동 한살림 중랑지구 건너편",2.25,1,5,1,2,4081
2582,"2351","2351. 청소년수련관(수영장)앞",2.25,1,2,2,4,4065
2583,"3005","3005.마포구청 청사내",2.25,1,3,4,1,4044
2584,"4776","4776. 신세계면세점",2.25,1,1,5,2,4025
2585,"1728","1728. 서울북부지방법원",2.25,1,2,5,1,3975
2586,"1347","1347. 길음래미안아파트817동 상가 앞",2.25,1,3,1,4,3853
2587,"2092","2092.흑석한강푸르지오(110동)",2.25,1,5,1,2,3833
2588,"1943","1943. 온수역 북측",2.25,1,1,4,3,3826
2589,"2363","2363. 강남 을지병원 교차로",2.25,1,1,5,2,3798
2590,"2406","2406. 논현동 광명빌딩 앞",2.25,1,1,5,2,3732
2591,"435","435. SK 남산빌딩",2.25,1,3,4,1,3705
2592,"1761","1761.방학중학교 앞",2.25,1,4,2,2,3693
2593,"3973","3973. 독산2동주민센터 앞",2.25,1,5,1,2,3683
2594,"3661","3661. 명일동신동아아파트 앞",2.25,1,4,2,2,3607
2595,"2310","2310. 청담동 맥도날드 옆(위치)",2.25,1,1,5,2,3605
2596,"139","139. 연세대 정문 건너편",2.25,1,3,4,1,3508
2597,"4667","4667. 폭포동입구 교차로",2.25,1,3,2,3,3504
2598,"608","608. 전농삼성아파트",2.25,1,5,1,2,3499
2599,"1756","1756.서울북부광역등기국",2.25,1,2,3,3,3499
2600,"2235","2235.KT 서초지사 앞",2.25,1,2,5,1,3442
2601,"4925","4925. 청담백영빌딩 앞",2.25,1,1,5,2,3414
2602,"5852","5852. 대림동현대2차 201동 앞",2.25,1,3,1,4,3261
2603,"3659","3659. 명일초등학교 옆",2.25,1,2,3,3,3251
2604,"5334","5334. 화랑대역 3번출구",2.25,1,3,4,1,3222
2605,"2350","2350. 래미안그레이튼102동앞",2.25,1,2,4,2,3209
2606,"3427","3427.인왕산 아이파크 정문",2.25,1,5,2,1,3195
2607,"4939","4939.도산공원",2.25,1,1,5,2,3186
2608,"1357","1357. 북한산보국문역",2.25,1,2,1,5,3184
2609,"4319","4319. 삼성전자R&D어린이집 뒤",2.25,1,2,5,1,3159
2610,"2625","2625.가락종합 사회복지관",2.25,1,5,1,2,3145
2611,"1314","1314. 정릉꿈에그린1단지 201동 앞",2.25,1,4,1,3,3112
2612,"1857","1857. 주공14단지",2.25,1,5,1,2,3098
2613,"4088","4088. 김근태도서관",2.25,1,1,2,5,3029
2614,"3637","3637. 세곡데이케어센터",2.25,1,4,1,3,3025
2615,"1053","1053. 동명근린공원 진입로 (아리수로)",2.25,1,4,2,2,2993
2616,"196","196. 연희교차로 인근",2.25,1,3,2,3,2937
2617,"4583","4583. 의정관",2.25,1,2,5,1,2930
2618,"1504","1504. 삼양시장오거리",2.25,1,2,2,4,2915
2619,"522","522. 금호역 1번출구 앞",2.25,1,1,4,3,2909
2620,"947","947. 연신내 선일하이츠빌 정류소",2.25,1,4,1,3,2894
2621,"5331","5331. 공릉동 풍림아파트 112동 앞",2.25,1,5,2,1,2893
2622,"4310","4310. 염곡동(염통골) 입구",2.25,1,4,3,1,2741
2623,"2804","2804.항동지구 6단지 602동 앞",2.25,1,2,1,5,2671
2624,"3766","3766. 강서문화센터",2.25,1,5,1,2,2622
2625,"1342","1342. 성북쉼터 앞",2.25,1,4,1,3,2604
2626,"1315","1315. 고려사대부속중고 정문",2.25,1,1,2,5,2460
2627,"2334","2334. 삼호아파트 2동 ( 간선도로)",2.25,1,3,4,1,2433
2628,"2532","2532.국립국악원 앞",2.25,1,2,5,1,2339
2629,"3629","3629. 청담사거리(신한오피스텔빌딩 앞)",2.25,1,1,5,2,2326
2630,"2040","2040. 비계 버스정류소",2.25,1,2,1,5,2285
2631,"1866","1866.서울안천초등학교 옆",2.25,1,2,4,2,2248
2632,"3418","3418.창신역2번 출구",2.25,1,5,1,2,2242
2633,"4021","4021. 중계본동 입구",2.25,1,4,1,3,2216
2634,"2536","2536.서초AICT 우수기업센터 앞",2.25,1,2,5,1,2161
2635,"4584","4584. 국회2문",2.25,1,2,5,1,2131
2636,"681","681.서울특별시 동부교육지원청(육교)",2.25,1,4,3,1,2099
2637,"1418","1418. 새솔초등학교",2.25,1,5,1,2,2084
2638,"200","200. 국회의원회관",2.25,1,2,5,1,2060
2639,"2257","2257. 청계산 입구 삼거리",2.25,1,1,5,2,2048
2640,"3401","3401.창신두산아파트",2.25,1,5,1,2,2039
2641,"2093","2093.상도SH빌아파트 입구",2.25,1,2,1,5,1966
2642,"2225","2225.백석예술대학교 제3캠퍼스 앞",2.25,1,2,5,1,1964
2643,"1445","1445. 용마지구대 A",2.25,1,3,2,3,1940
2644,"1513","1513. 강북구청 뒷편",2.25,1,1,3,4,1939
2645,"1453","1453. 중랑캠핑숲",2.25,1,5,1,2,1856
2646,"5308","5308. 상계신동아아파트",2.25,1,2,1,5,1788
2647,"2284","2284. CJ오쇼핑앞",2.25,1,1,5,2,1699
2648,"4617","4617. 동원베네스트 건너편",2.25,1,4,2,2,1681
2649,"1572","1572. 우이동 먹거리마을",2.25,1,1,2,5,1623
2650,"3940","3940.삼각어린이공원 앞",2.25,1,5,1,2,1473
2651,"3404","3404.서울특별시 중부교육지원청",2.25,1,3,4,1,1466
2652,"447","447. 신영동삼거리",2.25,1,2,2,4,1461
2653,"4099","4099.창동역 이마트 건너편",2.25,1,1,3,4,1288
2654,"381","381. 장충체육관",2.25,1,1,4,3,1286
2655,"4044","4044. 공릉산 백세문 입구",2.25,1,2,1,5,1278
2656,"2506","2506. LG유플러스 (방배사옥)",2.25,1,1,5,2,1261
2657,"937","937. 상림마을 롯데캐슬2단지 옆",2.25,1,1,2,5,1254
2658,"3972","3972. 산기슭공원 앞",2.25,1,5,1,2,1238
2659,"2096","2096.서울특별시 동작관악교육지원청",2.25,1,5,1,2,1132
2660,"523","523. 옥수동성당 옆",2.25,1,1,2,5,1080
2661,"4337","4337. 우면산등산로 입구",2.25,1,2,5,1,978
2662,"5320","5320. 국제 스케이트장",2.25,1,1,3,4,869
2663,"4322","4322.서울추모공원 입구",2.25,1,1,4,3,743
2664,"2064","2064. 흑석한강푸르지오 106동앞",2.25,1,5,1,2,575
2665,"4338","4338.새정이마을버스정류장 앞",2.25,1,2,1,5,330
2666,"2286","2286. 탑성마을입구",2.25,1,5,1,2,320
2667,"2007","2007. 유한양행앞",2.25,1,2,5,1,27
2668,"475","475.DDP 패션몰",2.00,4,1,2,1,15807
2669,"4536","4536. 양천해누리체육공원",2.00,4,2,1,1,14957
2670,"6061","6061.충무아트센터",2.00,3,2,2,1,13472
2671,"126","126. 서강대 후문 옆",2.00,3,1,3,1,8883
2672,"4847","4847. 신내역시티프라디움 앞",2.00,2,2,2,2,8766
2673,"4420","4420. 성북구 한예종 캠퍼스 별관",2.00,2,1,4,1,6931
2674,"710","710. 금옥여고보도육교",2.00,2,4,1,1,6411
2675,"163","163. 명지전문대학교 정문 앞",2.00,2,4,1,1,6262
2676,"4834","4834. 용마복지센터 앞",2.00,2,2,2,2,5622
2677,"4144","4144.시립대학교 박물관 앞",2.00,2,1,4,1,5480
2678,"1509","1509. 서울북부수도사업소",2.00,2,2,2,2,5330
2679,"4840","4840. 서울시 북부병원 앞",2.00,2,3,2,1,5321
2680,"995","995.은평다목적체육관",2.00,1,4,1,2,4922
2681,"927","927. 연신내역 3번출구 인근",2.00,1,2,2,3,4822
2682,"3802","3802. 관악구민체육센터",2.00,1,5,1,1,4810
2683,"6063","6063.NH농협은행(신당역6번출구)",2.00,1,1,3,3,4793
2684,"5780","5780. 송파세무서",2.00,1,1,5,1,4786
2685,"2128","2128. 관악구청교차로",2.00,1,2,2,3,4770
2686,"2818","2818.천왕이펜하우스3단지 앞",2.00,1,5,1,1,4750
2687,"1853","1853. 청년취업사관학교앞",2.00,1,5,1,1,4593
2688,"4247","4247. 서울서부지방법원등기국앞",2.00,1,4,1,2,4529
2689,"2144","2144. 난우길입구",2.00,1,2,2,3,4473
2690,"422","422. 문화비축기지",2.00,1,1,1,5,4469
2691,"382","382. 약수역 10번출구 앞",2.00,1,2,2,3,4245
2692,"1863","1863.위너스 스포츠클럽 골프연습장옆",2.00,1,5,1,1,4213
2693,"3724","3724. 삼양동주민센터 앞",2.00,1,1,2,4,4192
2694,"1137","1137. 등촌2동주민센터",2.00,1,5,1,1,4167
2695,"1181","1181. 농수산식품공사 (강서지사)",2.00,1,1,5,1,4160
2696,"2329","2329. 르네상스호텔사거리 역삼지하보도 2번출구",2.00,1,3,3,1,4136
2697,"1850","1850. 코오롱테크노밸리",2.00,1,1,5,1,4043
2698,"4913","4913. 레베쌍트 빌딩 앞",2.00,1,1,5,1,4039
2699,"2347","2347. 두산건설 본사",2.00,1,1,5,1,4017
2700,"3426","3426.독립문역 2번출구 뒤",2.00,1,5,1,1,3927
2701,"1646","1646. 삼육대 입구",2.00,1,3,1,3,3880
2702,"6187","6187.마곡119안전센터 맞은편",2.00,1,5,1,1,3832
2703,"2609","2609. 보성중고등학교 후문 앞",2.00,1,5,1,1,3825
2704,"2305","2305. MCM 본사 직영점 앞",2.00,1,1,5,1,3798
2705,"1188","1188. 롯데중앙연구소",2.00,1,1,5,1,3789
2706,"1038","1038. 강일 다솜 어린이 공원",2.00,1,4,1,2,3788
2707,"4908","4908. SB타워 앞",2.00,1,1,5,1,3761
2708,"2065","2065. 서울시여성가족재단",2.00,1,4,1,2,3748
2709,"5100","5100. 강서도로사업소",2.00,1,1,5,1,3733
2710,"4882","4882. 위례포레샤인18단지 1802동",2.00,1,4,1,2,3694
2711,"4827","4827. 신내SK V1센터 앞",2.00,1,1,5,1,3614
2712,"4351","4351.서울AI허브 앞",2.00,1,1,5,1,3597
2713,"5785","5785.한림연예예술고등학교",2.00,1,4,1,2,3541
2714,"1823","1823. W컨템포오피스텔앞",2.00,1,4,2,1,3517
2715,"3109","3109.북한산더샾 106동 앞",2.00,1,2,1,4,3493
2716,"3923","3923. 구로공구상가 앞",2.00,1,1,5,1,3463
2717,"1007","1007.암사동 선사유적지",2.00,1,1,1,5,3458
2718,"3974","3974.  안천중학교",2.00,1,5,1,1,3433
2719,"2226","2226. 신동아럭스빌아파트 앞",2.00,1,1,5,1,3429
2720,"2659","2659.서울친환경유통센터",2.00,1,5,1,1,3304
2721,"2817","2817.천왕이펜하우스5단지 앞",2.00,1,2,3,2,3292
2722,"6173","6173. 서울자동차운전전문학원",2.00,1,1,5,1,3263
2723,"5879","5879. 국회도서관 2문 앞",2.00,1,1,5,1,3230
2724,"5892","5892.국회의사당본관 좌측",2.00,1,1,5,1,3227
2725,"827","827. 국군복지단",2.00,1,1,5,1,3187
2726,"1377","1377. 한국과학기술연구원 북문",2.00,1,1,5,1,3183
2727,"1376","1376. 한국과학기술연구원 중문",2.00,1,1,5,1,3151
2728,"3532","3532. 왕십리KCC스위첸아파트",2.00,1,5,1,1,3139
2729,"5889","5889.의원회관출입구 앞",2.00,1,1,5,1,2984
2730,"2159","2159. 인헌초교",2.00,1,1,1,5,2973
2731,"1842","1842. 한울중학교",2.00,1,5,1,1,2951
2732,"1675","1675. 월계문화체육센터",2.00,1,4,2,1,2924
2733,"3915","3915. 동선아파트 앞",2.00,1,1,1,5,2843
2734,"3804","3804. 낙성대공원",2.00,1,1,1,5,2800
2735,"1424","1424. 양원역 2번출구",2.00,1,1,4,2,2770
2736,"1541","1541. 삼양역",2.00,1,1,2,4,2706
2737,"3924","3924. 오류동 계림웨스트밸리 앞",2.00,1,5,1,1,2620
2738,"3701","3701. 방아삼거리",2.00,1,1,1,5,2565
2739,"1435","1435. 능산삼거리",2.00,1,3,1,3,2468
2740,"5339","5339. 은빛1단지 아파트 앞",2.00,1,2,2,3,2422
2741,"4417","4417. 성북청소년문화의집",2.00,1,3,1,3,2367
2742,"3970","3970. 시흥4동주민센터 앞",2.00,1,5,1,1,2329
2743,"992","992.북한산입구 정류장",2.00,1,1,1,5,2066
2744,"1250","1250.문정2동 주민센터",2.00,1,4,1,2,1923
2745,"4336","4336. 서울교육청 교육연수원 앞",2.00,1,1,5,1,1919
2746,"4760","4760. 서울역 7번출구",2.00,1,1,5,1,1755
2747,"1538","1538. 솔밭공원역",2.00,1,1,1,5,1687
2748,"4772","4772. 중앙일보",2.00,1,1,5,1,1685
2749,"5880","5880. 국회박물관",2.00,1,1,5,1,1616
2750,"564","564. 금호역 3번출구",2.00,1,1,1,5,1550
2751,"4309","4309. 서초케이타운앞",2.00,1,1,2,4,1476
2752,"969","969. 은평 지웰테라스",2.00,1,4,1,2,1459
2753,"2805","2805.구로자원순환센터",2.00,1,1,1,5,1428
2754,"991","991.흥국사 정류장",2.00,1,1,1,5,1195
2755,"4334","4334. 인재개발원 데이터센터",2.00,1,1,5,1,1152
2756,"3781","3781. 강서아동복지센터",2.00,1,1,4,2,1072
2757,"2287","2287. 능안마을입구",2.00,1,1,5,1,606
2758,"1280","1280. 송파파크데일 2단지입구 앞 주차장",2.00,1,4,1,2,481
2759,"2612","2612. 광평교사거리 인근",2.00,1,1,1,5,197
2760,"1362","1362. 보문역6번출구 앞",2.00,1,1,1,5,30
2761,"3605","3605. 봉은사역6번출구(현대아이파크타워앞)",2.00,1,1,5,1,5
2762,"1721","1721. 창동역 2번출구",2.00,1,1,5,1,4
2763,"3305","3305.낙성대역 8번 출구",2.00,1,1,5,1,4
2764,"3779","3779. 유광사여성병원",2.00,1,1,5,1,4
2765,"5855","5855. 하이투자증권 앞",2.00,1,1,1,5,4
2766,"211","211. 여의도역 4번출구 옆",2.00,1,1,1,5,3
2767,"2322","2322. 삼성역 3번 출구",2.00,1,1,1,5,3
2768,"5854","5854. 신한금융투자 앞",2.00,1,1,1,5,3
2769,"764","764. 목동청소년수련관",2.00,1,1,1,5,2
2770,"1026","1026. 대명초교 입구 교차로",2.00,1,5,1,1,1
2771,"2113","2113. 관악동작견인차량보관소",2.00,1,1,5,1,1
2772,"3603","3603. 삼성역 2번출구",2.00,1,1,1,5,1
2773,"3621","3621. 휘문고교 사거리",2.00,1,1,1,5,1
2774,"1474","1474.서울중랑우체국",1.75,2,1,2,2,7882
2775,"4419","4419. 성북구 한예종 캠퍼스 본관",1.75,2,1,3,1,5902
2776,"1161","1161. 강서면허시험장 앞",1.75,2,1,3,1,4925
2777,"3917","3917. 성공회대학교",1.75,1,2,3,1,4662
2778,"480","480.약수역 6번 출구",1.75,1,1,2,3,4439
2779,"1263","1263. 장지공영차고지",1.75,1,4,1,1,3917
2780,"4676","4676. 갈현1동 주민센터",1.75,1,3,1,2,3897
2781,"1546","1546. 송천동우체국",1.75,1,1,3,2,3896
2782,"1542","1542. 삼양사거리역",1.75,1,2,1,3,3846
2783,"1679","1679. 삼육대 도서관",1.75,1,1,3,2,3821
2784,"1819","1819. 금천구청 앞 자전거거치대",1.75,1,1,4,1,3773
2785,"6053","6053. 중부세무서 앞",1.75,1,1,4,1,3158
2786,"1316","1316. 고려사대부속중고 건너편",1.75,1,1,3,2,3107
2787,"1393","1393.돈암육교 하단",1.75,1,2,1,3,2796
2788,"3117","3117.이화여대 인문관 인근",1.75,1,1,4,1,2777
2789,"600","600. 휘경2동 주민센터",1.75,1,2,1,3,2763
2790,"1971","1971. 오정초교 앞 보도육교",1.75,1,1,3,2,1848
2791,"1855","1855. 성지아파트 옆 도로변",1.75,1,3,1,2,1608
2792,"1969","1969. 궁동생태공원",1.75,1,1,1,4,1478
2793,"1680","1680. 삼육대 제3과학관",1.75,1,1,4,1,504
2794,"9980","AS센터",1.75,1,1,4,1,134
2795,"616","616. 서울시립대 정문 앞 A",1.50,1,1,2,2,3468
2796,"1463","1463.중랑구민회관",1.50,1,2,1,2,2602
2797,"4538","4538. 양천공영차고지",1.50,1,1,3,1,2390
2798,"1992","1992. 구로구배드민턴실내체육관 앞",1.25,1,2,1,1,4784
2799,"5336","5336. 월계 고등학교 앞",1.25,1,2,1,1,4324
2800,"4519","4519. 양원보도육교",1.25,1,2,1,1,3249
2801,"2135","2135. 신림역 5번출구",1.00,1,1,1,1,4
2802,"212","212. 여의도역 1번출구 옆",1.00,1,1,1,1,1
2803,"253","253. 신풍역 5번출구 인근",1.00,1,1,1,1,1
2804,"2355","2355. 삼성역 5~6번 출구 사이",1.00,1,1,1,1,1
