대여소번호,대여소명,전체 이용건수,평일 출근시간 이용건수(7-9시),평일출근비중(%),평일 퇴근시간 이용건수(17-19시),평일퇴근비중(%),주말 이용건수,주말이용비중(%)
"2715","2715.마곡나루역 2번 출구",173645,37531,21.61%,42945,24.73%,35006,20.16%
"1210","1210. 롯데월드타워(잠실역2번출구 쪽)",122673,15850,12.92%,36630,29.86%,31317,25.53%
"2728","2728.마곡나루역 3번 출구",121698,24221,19.90%,30696,25.22%,19691,16.18%
"2701","2701. 마곡나루역 5번출구 뒤편",114953,41240,35.88%,26959,23.45%,16553,14.40%
"5515","5515.한강버스 망원 선착장",97178,2477,2.55%,14333,14.75%,42817,44.06%
"230","230. 영등포구청역 7번출구",90789,19004,20.93%,19217,21.17%,18943,20.86%
"502","502. 자양(뚝섬한강공원)역 1번출구 앞",88882,10099,11.36%,17484,19.67%,28850,32.46%
"2622","2622. 올림픽공원역 3번출구",79556,10549,13.26%,16141,20.29%,24539,30.84%
"2608","2608. 송파구청",79455,8444,10.63%,18790,23.65%,22675,28.54%
"1124","1124. 발산역 6번 출구 뒤",72977,8440,11.57%,16093,22.05%,18731,25.67%
"1911","1911. 구로디지털단지역 앞",70484,12588,17.86%,17379,24.66%,15256,21.64%
"792","792.목동트라팰리스 웨스턴에비뉴",70074,2476,3.53%,14179,20.23%,20140,28.74%
"769","769.CBS방송국 앞",69556,3096,4.45%,17054,24.52%,21890,31.47%
"4217","4217. 한강공원 망원나들목",69466,3393,4.88%,9963,14.34%,27361,39.39%
"3533","3533. 건대입구역 사거리(롯데백화점)",68937,6295,9.13%,13138,19.06%,20609,29.90%
"247","247. 당산역 10번출구 앞",67725,9277,13.70%,16523,24.40%,16637,24.57%
"4870","4870. 몽촌토성역 3번 출구",67510,7593,11.25%,13225,19.59%,18680,27.67%
"272","272. 당산육갑문",67379,6341,9.41%,13233,19.64%,21863,32.45%
"1160","1160. 양천향교역 7번출구앞",67279,11227,16.69%,13835,20.56%,14595,21.69%
"1166","1166. 강서구립등빛도서관",67255,14860,22.10%,10681,15.88%,16184,24.06%
"3939","3939.신도림역 3번출구",67072,7366,10.98%,20285,30.24%,16485,24.58%
"5052","5052. 마곡역 7번출구",66948,13873,20.72%,17656,26.37%,12349,18.45%
"765","765. 오목교역 3번출구",66480,5130,7.72%,13856,20.84%,19363,29.13%
"4565","4565. 영등포 신세계백화점",66307,3349,5.05%,15664,23.62%,22244,33.55%
"2102","2102. 봉림교 교통섬",65867,4385,6.66%,11018,16.73%,20677,31.39%
"5768","5768.방이삼거리",64144,6650,10.37%,11209,17.47%,17926,27.95%
"2733","2733.마곡13단지 정문 앞",63937,19670,30.76%,7147,11.18%,14560,22.77%
"3798","3798. 그랜드아이파크아파트 앞",63748,17251,27.06%,9914,15.55%,14419,22.62%
"583","583. 청계천 생태교실 앞",62641,5237,8.36%,10310,16.46%,22958,36.65%
"2721","2721.등촌1-10단지 교차로",62188,15675,25.21%,13075,21.02%,11807,18.99%
"5891","5891.한강버스 여의도 선착장",61488,837,1.36%,10765,17.51%,26264,42.71%
"5082","5082. 가양역 7번출구",61448,8444,13.74%,15373,25.02%,13459,21.90%
"2620","2620. 송파나루역 4번 출구옆",61183,8321,13.60%,10639,17.39%,17390,28.42%
"529","529. 장한평역 8번 출구 앞",60925,15391,25.26%,13523,22.20%,10446,17.15%
"1050","1050.  둔촌역 3번 출입구",60119,8242,13.71%,10510,17.48%,15189,25.26%
"113","113. 홍대입구역 2번출구 앞",59869,7195,12.02%,16839,28.13%,13647,22.79%
"1906","1906. 신도림역 1번 출구 앞",59498,13084,21.99%,15252,25.63%,13357,22.45%
"1151","1151. 마곡역1번출구",59399,10580,17.81%,14417,24.27%,12449,20.96%
"5858","5858. 영등포역5번출구",59215,11977,20.23%,9522,16.08%,15584,26.32%
"3534","3534. 건대입구역 5번출구 뒤",58808,6405,10.89%,10722,18.23%,15939,27.10%
"5153","5153.한강버스 뚝섬 선착장",58351,1188,2.04%,10327,17.70%,23905,40.97%
"508","508. 성수아카데미타워 앞",57587,14798,25.70%,14242,24.73%,9182,15.94%
"1009","1009. 천호역4번출구(현대백화점)",57506,4566,7.94%,14003,24.35%,16393,28.51%
"1867","1867.대륭포스트타워6차 앞",56544,10846,19.18%,20542,36.33%,7516,13.29%
"2717","2717.LG유플러스 마곡사옥",56514,4110,7.27%,27175,48.09%,4611,8.16%
"1222","1222. 잠실새내역 5번 출구 뒤",55811,5087,9.11%,10775,19.31%,15798,28.31%
"781","781.신정보도육교 아래",55742,15176,27.23%,7785,13.97%,13542,24.29%
"3518","3518. 군자역 7번출구뒤",55695,10080,18.10%,11586,20.80%,12530,22.50%
"1625","1625. 상계역 3번출구",55091,8151,14.80%,9421,17.10%,13974,25.37%
"4574","4574. 영등포시장역 포레나영등포",54936,9107,16.58%,11367,20.69%,13210,24.05%
"1112","1112. 마곡엠밸리4단지 정문",54666,7179,13.13%,11168,20.43%,13018,23.81%
"1152","1152. 마곡역교차로",54446,7831,14.38%,14814,27.21%,10355,19.02%
"4543","4543. 오목교역 6번 출구",53602,6509,12.14%,12880,24.03%,13489,25.17%
"2739","2739.수명산파크1단지교차로",53373,15205,28.49%,6973,13.06%,11926,22.34%
"4457","4457. 아산병원 기숙사 부근",53097,3544,6.67%,15640,29.46%,8567,16.13%
"726","726. 목동3단지 시내버스정류장",52964,11717,22.12%,7617,14.38%,13247,25.01%
"585","585. 성수2가1동 공영주차장 인근",52416,8506,16.23%,9680,18.47%,14369,27.41%
"797","797.목동아파트 1422동 1434동 사잇길",52209,11270,21.59%,8009,15.34%,13515,25.89%
"708","708. 서울출입국관리사무소 앞",52154,7270,13.94%,10462,20.06%,12530,24.03%
"5784","5784.한강버스 잠실 선착장",51916,1625,3.13%,7522,14.49%,24040,46.31%
"1019","1019. 다성이즈빌아파트(호원대 대각선 맞은편)",51646,10806,20.92%,8355,16.18%,12228,23.68%
"3569","3569.건대병원후문",51584,7456,14.45%,9348,18.12%,11168,21.65%
"4571","4571. 문래동롯데캐슬아파트",51277,12442,24.26%,9487,18.50%,11654,22.73%
"1158","1158. 가양역 8번출구",51228,7541,14.72%,11021,21.51%,11453,22.36%
"1190","1190. 마곡역 교차로(2번출구)",51145,6189,12.10%,13143,25.70%,11983,23.43%
"770","770.목동역5번출구",50444,7563,14.99%,11630,23.06%,9877,19.58%
"1078","1078.둔촌사거리",49945,7191,14.40%,7127,14.27%,15458,30.95%
"5781","5781. 올림픽공원 수영장",49519,7562,15.27%,6366,12.86%,11436,23.09%
"4561","4561. 양평역 1번출구",49418,12586,25.47%,10463,21.17%,9897,20.03%
"3780","3780. 등촌서광아파트",49309,11197,22.71%,7758,15.73%,11903,24.14%
"240","240. 문래역 4번출구 앞",48986,10085,20.59%,10930,22.31%,10452,21.34%
"1020","1020. 강동경찰서",48978,9883,20.18%,7768,15.86%,9830,20.07%
"1925","1925. 동양미래대학교 정문 옆",48965,6598,13.47%,7521,15.36%,13120,26.79%
"5651","5651.한강버스 옥수 선착장",48408,1843,3.81%,9067,18.73%,19084,39.42%
"1167","1167. 마곡수명산파크3단지 교차로",48269,11927,24.71%,7364,15.26%,11482,23.79%
"1601","1601. 석계역 문화광장 내 자전거 보관소",48192,4709,9.77%,10508,21.80%,11461,23.78%
"3681","3681. 길동 마루빌딩",48138,5784,12.02%,8213,17.06%,13375,27.78%
"207","207. 여의나루역 1번출구 앞",47872,4473,9.34%,11375,23.76%,15189,31.73%
"209","209. 유진투자증권빌딩 앞",47705,2420,5.07%,17419,36.51%,11453,24.01%
"5061","5061. 우장산동 가곡어린이공원앞",47558,6724,14.14%,7490,15.75%,12071,25.38%
"1184","1184. 마곡13단지",47319,15621,33.01%,5526,11.68%,10976,23.20%
"3668","3668. 성내삼성아파트",47247,10135,21.45%,7284,15.42%,11438,24.21%
"1084","1084. 윤선생빌딩(JYP사옥)",46577,5376,11.54%,11627,24.96%,11353,24.37%
"746","746. 목동2단지 상가",46240,2667,5.77%,8333,18.02%,14832,32.08%
"1157","1157. 강서구청",46181,13367,28.94%,7786,16.86%,9111,19.73%
"243","243. 이앤씨드림타워 앞",46132,5137,11.14%,11640,25.23%,10786,23.38%
"1608","1608. 공릉역 1번 출구 앞",46131,5835,12.65%,9464,20.52%,10178,22.06%
"1044","1044. 굽은다리역",46104,5723,12.41%,7899,17.13%,12428,26.96%
"4940","4940.한강버스 압구정 선착장",46092,1298,2.82%,8357,18.13%,20197,43.82%
"787","787.양천아파트 입구",46086,13055,28.33%,6548,14.21%,10702,23.22%
"3571","3571.화양 APT(횡단보도 옆)",45986,8639,18.79%,8236,17.91%,10310,22.42%
"4531","4531. 목동아파트 613동 앞",45950,10291,22.40%,6377,13.88%,12679,27.59%
"4029","4029. 청소년수련관 후문",45915,9352,20.37%,5776,12.58%,12347,26.89%
"4137","4137. 답십리역 4번출구",45845,5399,11.78%,11524,25.14%,10393,22.67%
"2639","2639.석촌역 8번출구",45582,7550,16.56%,9230,20.25%,10914,23.94%
"263","263. 근로자회관 사거리",45137,5820,12.89%,10434,23.12%,10430,23.11%
"1117","1117. 등촌5단지아파트 버스정류장",45000,6543,14.54%,8904,19.79%,9777,21.73%
"2719","2719.마곡문화공원",44848,4498,10.03%,18468,41.18%,5859,13.06%
"202","202. 국민일보 앞",44756,3946,8.82%,16104,35.98%,9553,21.34%
"4508","4508. 유원목동아파트 103동 앞",44528,6187,13.89%,6974,15.66%,10923,24.53%
"1295","1295. 잠실역 8번출구",44519,3004,6.75%,10696,24.03%,12601,28.30%
"5096","5096. LG사이언스파크 E14동",44505,4127,9.27%,25012,56.20%,976,2.19%
"1011","1011. LIGA 아파트 앞",44309,7658,17.28%,7111,16.05%,10755,24.27%
"1173","1173. 강서구청사거리(SH타워)",44097,11201,25.40%,6257,14.19%,10478,23.76%
"795","795.양천 해누리타운",44085,5297,12.02%,8938,20.27%,9763,22.15%
"1149","1149. 신방화역환승주차장",44051,5484,12.45%,9549,21.68%,10568,23.99%
"3680","3680. 강동역3번출구",43786,7617,17.40%,8704,19.88%,9469,21.63%
"2628","2628.문정역 1번출구",43514,6904,15.87%,9285,21.34%,8971,20.62%
"2646","2646.레이크펠리스101동앞",43374,5874,13.54%,6531,15.06%,12555,28.95%
"1985","1985. 구로도서관",43317,7373,17.02%,6960,16.07%,10797,24.93%
"779","779. 신정1동 주민센터 앞",43270,6530,15.09%,7640,17.66%,11639,26.90%
"1182","1182. KBS 스포츠월드",43259,9550,22.08%,7102,16.42%,8005,18.50%
"3219","3219.영등포역 1번출구",43185,7528,17.43%,9706,22.48%,11046,25.58%
"217","217. NH농협은행 앞",43039,4786,11.12%,15917,36.98%,5461,12.69%
"1637","1637. KT 전화국 버스정류장 옆",42925,2563,5.97%,9189,21.41%,12266,28.58%
"4452","4452. 삼성SDS",42597,2807,6.59%,17845,41.89%,6137,14.41%
"703","703. 오목교역 7번출구 앞",42528,5887,13.84%,10858,25.53%,9724,22.86%
"3881","3881. 신자초교입구 교차로",42468,9598,22.60%,5263,12.39%,11300,26.61%
"1024","1024.  강동구청 앞",42209,5775,13.68%,9272,21.97%,9592,22.73%
"5080","5080. 가양역 1번출구",42174,7507,17.80%,9036,21.43%,9268,21.98%
"431","431. 청계천 영도교",42101,6271,14.90%,5941,14.11%,10367,24.62%
"2136","2136. 신림역 8번출구",41976,3443,8.20%,6650,15.84%,12118,28.87%
"1209","1209. 잠실나루역 (2번 출구 쪽)",41960,8354,19.91%,10266,24.47%,8895,21.20%
"4233","4233. 코오롱아파트사거리",41838,6612,15.80%,6849,16.37%,11499,27.48%
"2824","2824.미래사랑어린이공원 앞",41804,5142,12.30%,10703,25.60%,10337,24.73%
"228","228. 선유도역 3번출구 앞",41758,4745,11.36%,8437,20.20%,12291,29.43%
"4897","4897. 잠실주공5단지1",41740,11772,28.20%,4894,11.72%,11206,26.85%
"1684","1684. 태릉입구역 5번출구",41679,2780,6.67%,8696,20.86%,10888,26.12%
"3575","3575. 자양사거리(서원빌딩)",41602,4735,11.38%,7063,16.98%,10859,26.10%
"5882","5882. 휴젠느",41285,10823,26.22%,6522,15.80%,10202,24.71%
"996","996.응암역2번출구 국민은행 앞",41248,3683,8.93%,8275,20.06%,11451,27.76%
"3511","3511. 응봉역 1번출구",41189,4961,12.04%,5598,13.59%,14719,35.74%
"907","907. CJ 드림시티",41059,3839,9.35%,6792,16.54%,12417,30.24%
"853","853.용산역 맞은편",40797,2377,5.83%,7857,19.26%,14407,35.31%
"744","744. 신목동역 2번 출구",40741,7620,18.70%,10020,24.59%,8030,19.71%
"1264","1264. 천호역 10번 출구 앞",40738,6028,14.80%,9776,24.00%,10032,24.63%
"5070","5070. 마곡13단지힐스테이트마스터 후문(1320동 앞)",40631,12800,31.50%,4827,11.88%,9223,22.70%
"584","584. 광진광장 교통섬",40596,9982,24.59%,5922,14.59%,8180,20.15%
"5867","5867. H타워 앞",40583,14139,34.84%,8223,20.26%,7780,19.17%
"4509","4509. 서울영상고교 입구",40395,7021,17.38%,5305,13.13%,10007,24.77%
"4540","4540. 목동역 3번 출구",40301,4915,12.20%,9430,23.40%,8664,21.50%
"245","245. 삼성생명 당산사옥 앞",40168,6939,17.27%,8782,21.86%,8167,20.33%
"2623","2623.석촌동 주민센터",40120,7462,18.60%,6318,15.75%,10805,26.93%
"2621","2621. 한성백제역 2번 출구",40094,4357,10.87%,6535,16.30%,14507,36.18%
"5870","5870. LG트윈타워 앞",39905,4204,10.54%,11530,28.89%,9018,22.60%
"4547","4547. 목동역 2번 출구",39903,3844,9.63%,7983,20.01%,9961,24.96%
"1653","1653. 노원역1번출구",39830,2847,7.15%,9292,23.33%,11088,27.84%
"280","280. 양평동6차현대아파트 앞",39736,11105,27.95%,4848,12.20%,9347,23.52%
"4515","4515. 동문굿모닝탑",39680,4578,11.54%,6061,15.27%,11193,28.21%
"1106","1106. 신방화사거리",39587,7492,18.93%,6839,17.28%,9917,25.05%
"631","631. 답십리역 1번출구",39342,7321,18.61%,8872,22.55%,7824,19.89%
"1010","1010. 강동세무서",39256,5086,12.96%,7531,19.18%,9513,24.23%
"5866","5866.포레나 당산",39226,2932,7.47%,8326,21.23%,10840,27.63%
"1650","1650. 중계근린공원내",39150,5245,13.40%,6256,15.98%,10852,27.72%
"4865","4865. 한성백제역 1번출구 뒤",39097,6707,17.15%,6874,17.58%,10458,26.75%
"2723","2723.마곡 필네이처",39086,7238,18.52%,9251,23.67%,7472,19.12%
"1118","1118. 증미역 3번출구뒤(등촌두산위브센티움오피스텔)",39073,5942,15.21%,10216,26.15%,7939,20.32%
"5862","5862. 당산역11번출구",39067,7629,19.53%,9082,23.25%,8632,22.10%
"236","236. 문래동자이아파트 앞",38995,6058,15.54%,5832,14.96%,10406,26.69%
"4514","4514. 목동성당 앞",38862,6120,15.75%,5004,12.88%,10723,27.59%
"4108","4108. 답십리파크자이아파트 앞",38850,10394,26.75%,4820,12.41%,9393,24.18%
"1029","1029. 성내어울터",38449,2279,5.93%,7437,19.34%,11443,29.76%
"731","731. 서울시 도로환경관리센터",38340,3459,9.02%,8243,21.50%,11593,30.24%
"3202","3202.당산롯데캐슬프레스티지",38309,8168,21.32%,6006,15.68%,9989,26.07%
"2919","2919.등나무 근린공원(시립북서울미술관 앞)",38293,2559,6.68%,7149,18.67%,11180,29.20%
"793","793.목동5단지아파트 534동",38209,3997,10.46%,6114,16.00%,11117,29.10%
"788","788.양천구청역 2번출구 옆",38130,5207,13.66%,11643,30.54%,7433,19.49%
"791","791.현대하이페리온",38084,3192,8.38%,6570,17.25%,10586,27.80%
"1293","1293. 석촌호수 서호 사거리",38081,6027,15.83%,6324,16.61%,10282,27.00%
"2720","2720.힐스테이트에코",38052,5442,14.30%,8577,22.54%,7885,20.72%
"3010","3010.홍대입구역 3번출구",38015,4638,12.20%,8159,21.46%,10178,26.77%
"3509","3509. 세종사이버대학교",37980,8436,22.21%,5868,15.45%,8573,22.57%
"3784","3784. 벽산아파트",37956,9304,24.51%,5190,13.67%,10081,26.56%
"275","275. 신동아아파트",37953,7065,18.62%,6768,17.83%,8786,23.15%
"102","102. 망원역 1번출구 앞",37930,4114,10.85%,6742,17.77%,10634,28.04%
"1297","1297. 석촌호수교차로(동호 팔각정 앞)",37867,4468,11.80%,6265,16.54%,11580,30.58%
"1008","1008. 암사역 3번출구(국민은행앞)",37812,5471,14.47%,6171,16.32%,10141,26.82%
"1231","1231. 잠실역 6번출구",37792,3130,8.28%,9340,24.71%,10498,27.78%
"3772","3772. 길성그랑프리텔아파트",37772,7985,21.14%,6469,17.13%,9202,24.36%
"1674","1674. 서울북부고용센터앞",37530,2787,7.43%,7993,21.30%,8190,21.82%
"794","794.양천문화회관",37435,6755,18.04%,5365,14.33%,10238,27.35%
"565","565. 옥수역 3번출구",37283,3520,9.44%,7710,20.68%,11514,30.88%
"4868","4868. 석촌호수 서호 남단",37250,8106,21.76%,6792,18.23%,8527,22.89%
"931","931. 역촌파출소",37199,8359,22.47%,5317,14.29%,9052,24.33%
"780","780.신정교 하부",37098,4926,13.28%,4942,13.32%,12905,34.79%
"259","259. 대방역6번출구",36877,12647,34.30%,4908,13.31%,7783,21.11%
"755","755. 목동1단지아파트 상가 앞",36836,3820,10.37%,6916,18.78%,9945,27.00%
"1668","1668. 중계역 6번출구",36659,4240,11.57%,7800,21.28%,9505,25.93%
"2704","2704.홈플러스(강서점)",36599,6843,18.70%,7171,19.59%,7354,20.09%
"1103","1103. 방화역 4번출구앞",36427,5298,14.54%,6145,16.87%,9211,25.29%
"1192","1192. 마곡수명산파크 209동 건너편",36331,10577,29.11%,4596,12.65%,8223,22.63%
"734","734. 신트리공원 입구",36220,8924,24.64%,5418,14.96%,9127,25.20%
"670","670.삼육서울병원 버스정류장",36218,3201,8.84%,6615,18.26%,9352,25.82%
"2708","2708.강서한강자이타워 앞",36216,3932,10.86%,9881,27.28%,7444,20.55%
"419","419. 홈플러스 마포점 앞",36010,1831,5.08%,7013,19.48%,12180,33.82%
"1611","1611. 과기대 입구(우)",35973,2629,7.31%,6671,18.54%,8795,24.45%
"602","602. 장안동 사거리",35880,3393,9.46%,6241,17.39%,9385,26.16%
"2641","2641.송파역 4번출구",35803,3903,10.90%,6934,19.37%,9232,25.79%
"232","232. 양평우림 이비즈센타 앞",35725,6635,18.57%,8978,25.13%,6953,19.46%
"361","361. 동묘앞역 1번출구 뒤",35677,4772,13.38%,5362,15.03%,9090,25.48%
"4535","4535. 목동12단지 아파트",35650,8333,23.37%,4934,13.84%,10134,28.43%
"3789","3789. 염창나들목",35579,6987,19.64%,4323,12.15%,11605,32.62%
"1908","1908. 해원리바파크 육교 밑",35460,8933,25.19%,6834,19.27%,8707,24.55%
"5095","5095. 원당근린공원",35410,5201,14.69%,6329,17.87%,9585,27.07%
"147","147. 마포역 4번출구 뒤",35286,4198,11.90%,8451,23.95%,9561,27.10%
"3600","3600.사근빗물펌프장 건너편",35283,3731,10.57%,5869,16.63%,9886,28.02%
"1113","1113. 서남환경공원 버스정류장",35265,9048,25.66%,4635,13.14%,8900,25.24%
"5333","5333. 노원역9번-10번 출구 앞",35229,1787,5.07%,8044,22.83%,9586,27.21%
"290","290. 새말소공원",35200,8414,23.90%,5656,16.07%,7016,19.93%
"2002","2002. 노들역 1번출구",35169,3801,10.81%,5524,15.71%,12506,35.56%
"2176","2176. 보라매공원 보도육교",35163,6099,17.34%,4834,13.75%,10261,29.18%
"1232","1232. 잠실주공 521동 건너편",35111,2186,6.23%,7841,22.33%,10875,30.97%
"2377","2377. 수서역 5번출구",35048,3918,11.18%,9503,27.11%,8271,23.60%
"4553","4553. 당산삼성2차아파트",35013,8118,23.19%,5691,16.25%,7859,22.45%
"383","383. 신당역 12번 출구 뒤",34955,3693,10.57%,5451,15.59%,8438,24.14%
"2744","2744.강서세무서 앞",34944,8443,24.16%,5579,15.97%,7489,21.43%
"6058","6058. 시청역 2번출구",34914,9096,26.05%,8584,24.59%,5161,14.78%
"1150","1150. 송정역 1번출구",34775,5832,16.77%,6910,19.87%,7868,22.63%
"283","283. 아크로타워 스퀘어(영등포시장)",34651,8580,24.76%,4713,13.60%,8239,23.78%
"2707","2707.한강아파트",34342,8602,25.05%,4545,13.23%,8160,23.76%
"3664","3664. 맥도날드 서울둔촌DT점 앞",34342,4621,13.46%,5811,16.92%,8895,25.90%
"1012","1012. 천호역효성해링턴타워 앞",34325,3775,11.00%,6419,18.70%,8662,25.24%
"5883","5883. 영문초사거리",34310,4293,12.51%,6942,20.23%,8427,24.56%
"1180","1180. 마곡엠밸리 15단지(1502동) 건너편",34233,6032,17.62%,6864,20.05%,6853,20.02%
"1251","1251. 석촌역 2번출구",34142,3435,10.06%,6368,18.65%,9909,29.02%
"278","278. 쌍용플레티넘오피스텔",34114,4717,13.83%,5218,15.30%,9860,28.90%
"117","117. 홍은사거리",34067,3960,11.62%,6545,19.21%,9860,28.94%
"648","648. 장안동위더스빌옆",33994,7870,23.15%,5309,15.62%,7853,23.10%
"1946","1946. 구로역 광장",33888,6815,20.11%,8994,26.54%,6033,17.80%
"5887","5887.나루마을 마당공원",33887,9848,29.06%,5015,14.80%,8213,24.24%
"2637","2637. 아시아지하보도 14번 출구",33792,2774,8.21%,6724,19.90%,9491,28.09%
"6177","6177. 마곡롯데캐슬르웨스트",33687,7423,22.04%,5830,17.31%,7150,21.22%
"1914","1914. 대림역4번출구",33618,6140,18.26%,6989,20.79%,7405,22.03%
"1308","1308. 안암로터리 버스정류장 앞",33562,1404,4.18%,7339,21.87%,8313,24.77%
"296","296.KT플라자 영등포점",33379,6709,20.10%,5403,16.19%,8172,24.48%
"5752","5752. 풍납백제문화공원 옆 인근",33268,6897,20.73%,3929,11.81%,9712,29.19%
"2718","2718.마곡수명산파크1단지",33237,9943,29.92%,3745,11.27%,7148,21.51%
"3570","3570.구의역 리버비스타 오피스텔",33180,3043,9.17%,5782,17.43%,9421,28.39%
"415","415. DMC역 9번출구 앞",33134,6802,20.53%,8978,27.10%,5342,16.12%
"206","206. KBS 앞",33082,2444,7.39%,11205,33.87%,7233,21.86%
"1662","1662. 노원역7번출구",33003,1426,4.32%,8775,26.59%,8606,26.08%
"3536","3536. 중앙농협(자양동)",32978,6604,20.03%,4514,13.69%,8978,27.22%
"3410","3410.종로3가역 8번출구",32846,4513,13.74%,7212,21.96%,5406,16.46%
"2745","2745.수명초등학교",32843,10857,33.06%,3387,10.31%,6085,18.53%
"735","735. 영도초등학교",32826,7144,21.76%,4220,12.86%,9052,27.58%
"1193","1193. 마곡센트럴타워 1차",32767,1045,3.19%,10278,31.37%,5738,17.51%
"1163","1163. 방화동강서기동대앞",32744,7729,23.60%,4229,12.92%,7724,23.59%
"1655","1655. 공릉1단지아파트",32689,6022,18.42%,4251,13.00%,8396,25.68%
"3504","3504. 원일교회",32489,4552,14.01%,4519,13.91%,9216,28.37%
"1111","1111. 마곡엠밸리6_7단지 마곡중학교",32457,4876,15.02%,4888,15.06%,8886,27.38%
"4382","4382. 페코텍글로벌허브빌딩 앞",32387,8554,26.41%,7281,22.48%,4414,13.63%
"514","514. 성수사거리 버스정류장 앞",32316,4476,13.85%,7590,23.49%,6318,19.55%
"4179","4179. 보라매병원역 1번출구",32314,2425,7.50%,6343,19.63%,9469,29.30%
"183","183. 하늘채코오롱아파트 건너편",32099,6686,20.83%,5117,15.94%,7955,24.78%
"3868","3868. 자양한강도서관",32039,7425,23.17%,4672,14.58%,8381,26.16%
"2611","2611. 송파지역자활센터 뒤",32011,10121,31.62%,3927,12.27%,7678,23.99%
"1218","1218. 방이역 4번출구",31988,2691,8.41%,6270,19.60%,9586,29.97%
"747","747. 목동3단지 상가",31970,3353,10.49%,5323,16.65%,10113,31.63%
"4864","4864. 송파사거리",31967,3288,10.29%,5883,18.40%,8322,26.03%
"1208","1208. 풍납현대아파트쉼터",31931,5758,18.03%,5669,17.75%,7770,24.33%
"1162","1162. 공항초등학교건너편",31900,7710,24.17%,4469,14.01%,8382,26.28%
"2632","2632.석촌고분역 2번 출구",31895,5039,15.80%,5046,15.82%,9019,28.28%
"1986","1986. 태평양물산",31892,1150,3.61%,14820,46.47%,4255,13.34%
"1244","1244. 문정 법조단지8",31879,3549,11.13%,5473,17.17%,9480,29.74%
"1077","1077.강동역 1번출구 앞",31858,6170,19.37%,5355,16.81%,7248,22.75%
"1013","1013. 강동구청역 1번 출입구",31786,5276,16.60%,7048,22.17%,6811,21.43%
"3582","3582.화양동 우체국",31740,6722,21.18%,4560,14.37%,7272,22.91%
"2615","2615. 테라타워2",31739,7074,22.29%,7910,24.92%,4513,14.22%
"3413","3413.종로플레이스",31664,5061,15.98%,6154,19.44%,4347,13.73%
"4135","4135. 삼성생명 앞",31641,4030,12.74%,5621,17.76%,8686,27.45%
"4037","4037. 물넘이교",31609,4492,14.21%,4476,14.16%,9308,29.45%
"2742","2742.강서구민올림픽체육센터",31599,7597,24.04%,4321,13.67%,4493,14.22%
"213","213. KT앞",31572,8553,27.09%,5738,18.17%,4685,14.84%
"4213","4213. 마포구중앙도서관 정문 앞",31572,1849,5.86%,6176,19.56%,9230,29.23%
"231","231. 남부고용노동지청 남측",31541,5522,17.51%,6660,21.12%,5619,17.81%
"1617","1617. 하계동 중평어린이공원 앞",31500,8986,28.53%,3910,12.41%,8172,25.94%
"3764","3764. 관문주유소(GS칼택스) 앞",31500,6164,19.57%,5244,16.65%,7549,23.97%
"1569","1569.수유역2번출구",31453,3054,9.71%,6351,20.19%,8488,26.99%
"303","303. 광화문역 1번출구 앞",31377,5568,17.75%,7206,22.97%,5270,16.80%
"796","796.목동아파트 14단지 B상가 앞",31297,7059,22.55%,4475,14.30%,8162,26.08%
"2217","2217.아크로리버뷰 부지 앞",31263,3103,9.93%,4928,15.76%,11857,37.93%
"771","771.목동아파트 703동 앞",31256,3736,11.95%,6043,19.33%,7965,25.48%
"1451","1451. 중랑세무서",31195,3417,10.95%,5971,19.14%,8616,27.62%
"268","268. 그랜드컨벤션센터 앞",31122,3170,10.19%,6080,19.54%,7797,25.05%
"1226","1226. 잠실4동 주민센터 옆",31070,6694,21.54%,5396,17.37%,7628,24.55%
"512","512. 뚝섬역 1번 출구 옆",30925,3827,12.38%,7682,24.84%,8112,26.23%
"2635","2635.잠실새내역 1번출구",30924,3237,10.47%,6393,20.67%,8765,28.34%
"3500","3500. 군자역2번출구",30828,5561,18.04%,6277,20.36%,7059,22.90%
"4893","4893. 문정법조단지12",30673,3817,12.44%,14012,45.68%,2758,8.99%
"308","308. 광화문 S타워 앞",30610,2510,8.20%,12703,41.50%,3148,10.28%
"1018","1018. 둔촌 주공 GS 맞은편",30598,5151,16.83%,4412,14.42%,8331,27.23%
"704","704. 남부법원검찰청 교차로",30572,3908,12.78%,6276,20.53%,6605,21.60%
"2525","2525.반포쇼핑타운 2동 앞",30447,1549,5.09%,5797,19.04%,11019,36.19%
"3514","3514. 왕십리교회옆",30422,4459,14.66%,4748,15.61%,7931,26.07%
"5311","5311. 주공601동 상가 노원지하보도 앞",30225,2018,6.68%,6123,20.26%,7918,26.20%
"458","458. 광화문역 5번출구",30185,3262,10.81%,8130,26.93%,6798,22.52%
"186","186. 월드컵공원",30172,745,2.47%,3426,11.35%,16154,53.54%
"4564","4564. 63스퀘어",30163,3533,11.71%,8883,29.45%,4912,16.28%
"305","305. 종로구청 옆",30136,4107,13.63%,8244,27.36%,5199,17.25%
"3002","3002.벽산상암스마트큐브",30128,3132,10.40%,5546,18.41%,8981,29.81%
"3657","3657. 서울천호동우체국",30123,3011,10.00%,4504,14.95%,8585,28.50%
"5064","5064. 양천향교역8번출구",30120,7583,25.18%,5924,19.67%,5712,18.96%
"284","284. 센트럴 푸르지오 시티 앞",30064,4714,15.68%,6299,20.95%,8078,26.87%
"4096","4096.창동역2번출구 하나은행365 앞",30017,2675,8.91%,6907,23.01%,7531,25.09%
"1663","1663. 동해문화예술관앞",29993,2552,8.51%,5472,18.24%,6311,21.04%
"5878","5878. 우리은행 앞",29951,822,2.74%,14448,48.24%,5173,17.27%
"1669","1669. 중계역 3번출구",29939,3136,10.47%,6150,20.54%,7182,23.99%
"543","543. 구의공원(테크노마트 앞)",29895,2497,8.35%,7181,24.02%,8132,27.20%
"302","302. 경복궁역 6번출구 뒤",29892,6324,21.16%,5575,18.65%,6827,22.84%
"2732","2732.마곡수명산 1-2단지",29865,9186,30.76%,3409,11.41%,6799,22.77%
"1198","1198. LG 사이언스파크",29807,6771,22.72%,10230,34.32%,3018,10.13%
"786","786.목동아파트 8단지 상가동 앞",29591,5169,17.47%,4584,15.49%,8371,28.29%
"4527","4527. 목동신시가지아파트6단지",29561,3023,10.23%,4154,14.05%,6394,21.63%
"568","568. 청계8가 사거리 B",29551,4605,15.58%,5223,17.67%,8066,27.30%
"1220","1220. 잠실근린공원",29528,6316,21.39%,4416,14.96%,7976,27.01%
"291","291. 문래동 하이테크 시티",29495,1783,6.05%,11209,38.00%,4464,15.13%
"3542","3542. 래미안 구의파크 스위트",29482,7187,24.38%,4582,15.54%,7664,26.00%
"238","238. 제2구민체육센타 앞",29452,6403,21.74%,6523,22.15%,4145,14.07%
"154","154. 마포구청역",29409,2665,9.06%,4885,16.61%,9211,31.32%
"2109","2109. 은천로입구 가로공원",29384,7312,24.88%,3583,12.19%,7932,26.99%
"612","612. 시립동부병원 앞 사거리",29252,5785,19.78%,5453,18.64%,6645,22.72%
"1155","1155. 기쁜우리복지관",29225,6954,23.79%,3950,13.52%,6402,21.91%
"4486","4486. 홈플러스 잠실점",29185,2418,8.29%,8035,27.53%,6834,23.42%
"548","548. 자양나들목",29111,6958,23.90%,3578,12.29%,8390,28.82%
"592","592. 건국대학교 학생회관",29050,1205,4.15%,6372,21.93%,4128,14.21%
"293","293. 충북 미래관",29033,8438,29.06%,3732,12.85%,7340,25.28%
"1449","1449. 상봉역 1번출구",29010,3630,12.51%,7639,26.33%,6545,22.56%
"1102","1102. 방화사거리 마을버스 버스정류장",28997,3175,10.95%,4816,16.61%,7623,26.29%
"2727","2727.서울식물원 잔디마당 앞",28994,3319,11.45%,13386,46.17%,2489,8.58%
"3579","3579.광진 캠퍼스시티",28963,5750,19.85%,5823,20.10%,6721,23.21%
"2921","2921.중계역 2번출구",28909,4022,13.91%,5584,19.32%,6558,22.68%
"1248","1248. 방이초등학교",28818,3809,13.22%,5331,18.50%,7968,27.65%
"4142","4142. 현대썬앤빌 앞",28776,7214,25.07%,3462,12.03%,6714,23.33%
"3819","3819. 서울대벤처타운역",28768,2590,9.00%,4869,16.93%,8389,29.16%
"614","614. 용두동 사거리",28744,3849,13.39%,4730,16.46%,6708,23.34%
"1243","1243. 문정 법조단지7",28726,2518,8.77%,9964,34.69%,4354,15.16%
"2601","2601. 석촌호수 아뜰리에",28707,4551,15.85%,4685,16.32%,8067,28.10%
"1688","1688. 마들역 7번출구",28696,4259,14.84%,6182,21.54%,6662,23.22%
"184","184.망원우체국사거리 인근",28690,3415,11.90%,4926,17.17%,8464,29.50%
"630","630. 동대문구 보건소",28621,6025,21.05%,5616,19.62%,5128,17.92%
"219","219. 롯데캐슬엠파이어 옆",28617,4734,16.54%,7829,27.36%,4711,16.46%
"1262","1262. 송파여성문화회관 앞",28612,4530,15.83%,4873,17.03%,7077,24.73%
"103","103. 망원역 2번출구 앞",28606,1709,5.97%,5026,17.57%,9560,33.42%
"4027","4027. 한내 행복발전소 옆",28489,1021,3.58%,4543,15.95%,9106,31.96%
"4481","4481. 올림픽공원 북2문 B",28413,2817,9.91%,5378,18.93%,9462,33.30%
"5087","5087. 연세강서빌딩",28395,7326,25.80%,4002,14.09%,7013,24.70%
"1140","1140. 목동사거리 버스정류장",28378,5850,20.61%,4318,15.22%,6601,23.26%
"1964","1964. 원메디타운 앞",28359,4128,14.56%,4322,15.24%,6653,23.46%
"3760","3760. 발산역 8번 출구",28299,6881,24.32%,5320,18.80%,5760,20.35%
"5765","5765. 삼전동주민센터 건너편",28216,5596,19.83%,4195,14.87%,7297,25.86%
"3904","3904. 테크노마트 앞",28211,2110,7.48%,5782,20.50%,8473,30.03%
"1656","1656. 중앙하이츠 아파트 입구",28111,2188,7.78%,4191,14.91%,8581,30.53%
"1363","1363. 보문4교 인근",28064,4654,16.58%,4377,15.60%,7616,27.14%
"754","754. 목동1단지아파트 118동 앞",28044,7986,28.48%,3452,12.31%,7671,27.35%
"1447","1447. 면목역 3번출구",28022,3085,11.01%,5480,19.56%,7383,26.35%
"906","906. 연신내역 5번출구",27990,1748,6.25%,5236,18.71%,8043,28.74%
"3581","3581.광진광장",27984,5788,20.68%,6137,21.93%,5817,20.79%
"3890","3890. 웰츠타워 오피스텔",27942,3079,11.02%,4838,17.31%,6867,24.58%
"560","560. 비전교회 앞",27924,7527,26.96%,4253,15.23%,6693,23.97%
"914","914. 새절역 2번출구",27913,2271,8.14%,4208,15.08%,8318,29.80%
"768","768.목동5단지아파트 501동",27897,2585,9.27%,4726,16.94%,8133,29.15%
"2730","2730.마곡메가박스 앞",27894,2758,9.89%,5544,19.88%,6848,24.55%
"1235","1235. 잠실트리지움310동 옆",27863,2727,9.79%,4725,16.96%,8253,29.62%
"2173","2173. 당곡사거리",27808,2382,8.57%,5001,17.98%,7839,28.19%
"4122","4122. 청계9가교차로 앞",27804,6373,22.92%,4481,16.12%,7129,25.64%
"4373","4373. 서울숲 지식산업센터",27801,3746,13.47%,6146,22.11%,5825,20.95%
"226","226. 샛강역 1번출구 앞",27796,6114,22.00%,6912,24.87%,4735,17.03%
"5884","5884. GS강서타워",27758,4208,15.16%,7973,28.72%,5077,18.29%
"573","573. 구의문주차장 앞",27707,5902,21.30%,4783,17.26%,6826,24.64%
"574","574. 아차산역4번출구",27663,4545,16.43%,4356,15.75%,7473,27.01%
"1455","1455. 상봉역 2번 출구",27597,1871,6.78%,5822,21.10%,6948,25.18%
"5868","5868. 로프트시티오피스텔",27549,5784,21.00%,3977,14.44%,7302,26.51%
"497","497.합정동주민센터 앞",27548,1260,4.57%,5812,21.10%,8749,31.76%
"3548","3548.뚝섬역 6번출구",27519,4397,15.98%,6079,22.09%,6339,23.03%
"2264","2264. 이수역 1번출구",27504,4349,15.81%,5388,19.59%,7076,25.73%
"1851","1851. 가산디지털단지 9번출구 인근",27458,8079,29.42%,7187,26.17%,4016,14.63%
"203","203. 국회의사당역 3번출구 옆",27427,7273,26.52%,8508,31.02%,2830,10.32%
"4594","4594. 양평교 영등포대여소",27387,5131,18.74%,5115,18.68%,6746,24.63%
"3936","3936. 힐스테이트 신도림역",27273,3278,12.02%,4499,16.50%,7275,26.67%
"1328","1328. 월곡역 3번출구",27259,4196,15.39%,5901,21.65%,5936,21.78%
"5865","5865.더리브오피스텔 앞",27238,8201,30.11%,3598,13.21%,6830,25.08%
"1023","1023. 한국종합기술사옥 앞",27040,1547,5.72%,11342,41.95%,2824,10.44%
"279","279. 영등포 푸르지오 아파트 B",26944,3940,14.62%,4456,16.54%,6766,25.11%
"2340","2340. 삼호물산버스정류장(23370) 옆",26889,4196,15.60%,6255,23.26%,6039,22.46%
"589","589. 성수역3번출구",26867,3695,13.75%,5946,22.13%,6384,23.76%
"3513","3513. 상왕십리역 1번출구",26825,2916,10.87%,5782,21.55%,6594,24.58%
"1904","1904. 도림천역 1번 출구 앞",26783,6158,22.99%,3606,13.46%,5872,21.92%
"4026","4026. 상계주공1단지아파트",26767,6978,26.07%,3310,12.37%,7193,26.87%
"4541","4541. 갈산문화예술센터",26756,6862,25.65%,3996,14.93%,6565,24.54%
"2915","2915.서울과학기술대학교(어학교육원)",26750,2871,10.73%,4775,17.85%,5128,19.17%
"3205","3205.문래현대2차",26729,6226,23.29%,3322,12.43%,7672,28.70%
"4484","4484. 잠실나루역4번출구뒤",26660,5120,19.20%,6590,24.72%,6367,23.88%
"1955","1955. 디지털입구 교차로",26631,1734,6.51%,6024,22.62%,6531,24.52%
"540","540. 군자역 7번출구 베스트샵 앞",26528,3232,12.18%,4060,15.30%,6887,25.96%
"229","229. 양평1 보행육교 앞",26527,1939,7.31%,10176,38.36%,5246,19.78%
"825","825. 서빙고동 주민센터 앞",26519,1714,6.46%,4489,16.93%,10335,38.97%
"3914","3914. 신도림쌍용플래티넘노블아파트 앞",26468,6825,25.79%,3633,13.73%,6726,25.41%
"1912","1912. 한신휴아파트 앞",26443,5622,21.26%,4664,17.64%,6434,24.33%
"5301","5301. 상계주공1단지 버스정류장 옆(대원빌딩 앞)",26378,3000,11.37%,4584,17.38%,7081,26.84%
"501","501. 광진문화예술회관 앞",26329,5164,19.61%,3187,12.10%,6170,23.43%
"1120","1120. 대림경동아파트앞",26199,6890,26.30%,3287,12.55%,6476,24.72%
"3758","3758. 서울남부출입국관리소",26195,6148,23.47%,3658,13.96%,5122,19.55%
"1169","1169. 염창역 1번 출구",26184,3054,11.66%,7040,26.89%,6243,23.84%
"474","474.동대문역사문화공원역 1번출구 뒤편",26164,1950,7.45%,5907,22.58%,6503,24.85%
"287","287. 영등포전화국사거리 (서강어린이공원)",26074,5186,19.89%,4173,16.00%,6797,26.07%
"1657","1657. 노원구청",26055,1379,5.29%,8494,32.60%,4191,16.09%
"576","576. 광나루역 3번 출구",26032,3265,12.54%,4256,16.35%,7466,28.68%
"106","106. 합정역 7번출구 앞",25910,1267,4.89%,4984,19.24%,9416,36.34%
"1135","1135. 강서구의회",25868,6358,24.58%,3343,12.92%,6043,23.36%
"1957","1957. 구일고등학교 정문",25828,7936,30.73%,2802,10.85%,5459,21.14%
"362","362. 청계8가사거리 A",25792,5347,20.73%,3573,13.85%,7458,28.92%
"4798","4798. 황학동롯데캐슬",25790,2915,11.30%,4840,18.77%,6827,26.47%
"1452","1452. 겸재교 진입부",25767,3207,12.45%,3671,14.25%,7881,30.59%
"615","615. 용두동 래미안허브리츠아파트 앞",25735,3768,14.64%,4637,18.02%,6512,25.30%
"500","500. 어린이대공원역 3번출구 앞",25711,2971,11.56%,4642,18.05%,6367,24.76%
"549","549. 아차산역 3번출구",25681,3487,13.58%,4527,17.63%,7112,27.69%
"1291","1291. 서울체육고등학교 앞",25600,1312,5.13%,6653,25.99%,3699,14.45%
"663","663. 외대앞역 3번출구",25599,2833,11.07%,5201,20.32%,6380,24.92%
"870","870.노들섬 서측 앞",25568,332,1.30%,5135,20.08%,11051,43.22%
"1048","1048. 둔촌어린이공원",25500,4943,19.38%,3689,14.47%,6641,26.04%
"498","498.연남동주민센터 앞",25464,3388,13.31%,4830,18.97%,6403,25.15%
"3782","3782. 겸재정선미술관",25397,6484,25.53%,4788,18.85%,5681,22.37%
"267","267. 삼성화재 사옥 옆",25339,2934,11.58%,5335,21.05%,6118,24.14%
"146","146. 마포역 2번출구 뒤",25262,2929,11.59%,5402,21.38%,6868,27.19%
"1381","1381.석계역 4번출구 뒤",25257,2467,9.77%,4884,19.34%,6974,27.61%
"5886","5886.신풍역 2번출구",25241,2634,10.44%,4831,19.14%,6497,25.74%
"393","393. 동대문역 8번 출구",25228,1968,7.80%,4546,18.02%,4382,17.37%
"1996","1996. 구일역 1번 출입구 앞",25188,4022,15.97%,4661,18.50%,7485,29.72%
"2702","2702. 마곡 엠밸리2단지",25177,7298,28.99%,3091,12.28%,5435,21.59%
"224","224. 롯데캐슬 앞",25168,2666,10.59%,5768,22.92%,5790,23.01%
"4041","4041. 공릉역3번출구",25108,2063,8.22%,4662,18.57%,6558,26.12%
"1448","1448. 코스트코 상봉점",25103,1776,7.07%,3949,15.73%,7416,29.54%
"4600","4600. 서울 영등포구 우체국",25100,4965,19.78%,4893,19.49%,4481,17.85%
"4013","4013. 중계 롯데마트",25086,3195,12.74%,3676,14.65%,6667,26.58%
"153","153. 성산2교 사거리",25043,4191,16.74%,4446,17.75%,6307,25.18%
"227","227. 양평1나들목 보행통로 입구",25027,3010,12.03%,3663,14.64%,9346,37.34%
"1195","1195. 코오롱One&Only타워",25022,903,3.61%,11958,47.79%,1576,6.30%
"1132","1132. 등촌역 7번출구",24986,5138,20.56%,3868,15.48%,5630,22.53%
"4575","4575. 대림동 e편한세상영등포아델포레",24975,4529,18.13%,3518,14.09%,6074,24.32%
"1503","1503. 강북구청사거리(수유역 8번출구)",24948,1514,6.07%,5052,20.25%,6598,26.45%
"1716","1716. 창동역 1번출구 건너편",24886,1828,7.35%,6063,24.36%,6547,26.31%
"342","342. 대학로 마로니에공원",24850,3329,13.40%,5059,20.36%,6365,25.61%
"1643","1643. 태릉입구역 8번출구",24810,1643,6.62%,5179,20.87%,7016,28.28%
"2255","2255. 양재시민의숲역 1번출구",24789,5795,23.38%,5675,22.89%,5062,20.42%
"1076","1076. 천동초교입구사거리 버스정류장(십자성마을 방면)",24714,3835,15.52%,4014,16.24%,6873,27.81%
"2746","2746.수명산파크 4단지 411동 앞",24711,7850,31.77%,2572,10.41%,5630,22.78%
"956","956. 응암시장교차로",24670,5580,22.62%,3311,13.42%,6150,24.93%
"421","421. 마포구청 앞",24668,3760,15.24%,4673,18.94%,4882,19.79%
"3757","3757. 신방화역 6번출구",24652,3363,13.64%,5737,23.27%,6184,25.09%
"1901","1901. 신도림동주민센터 앞",24615,5327,21.64%,4149,16.86%,5667,23.02%
"505","505. 자양사거리 광진아크로텔 앞",24600,2170,8.82%,4299,17.48%,6466,26.28%
"1636","1636. 상계주공2단지 버스정류장 옆",24558,2984,12.15%,4753,19.35%,5810,23.66%
"1215","1215. 올림픽공원역 1번출구 앞",24511,2731,11.14%,4934,20.13%,6313,25.76%
"905","905. 구파발역 2번출구",24509,1466,5.98%,5725,23.36%,7052,28.77%
"3671","3671. 둔촌동역교차로",24502,3313,13.52%,4274,17.44%,6216,25.37%
"1531","1531. 미아사거리 1번 출구",24478,1652,6.75%,4499,18.38%,6656,27.19%
"588","588. 뚝섬 유원지역",24470,1658,6.78%,4697,19.19%,7685,31.41%
"2741","2741.마곡수명산파크5-6단지",24452,6385,26.11%,2790,11.41%,5379,22.00%
"3794","3794. 안양천합수부(현대3차아파트)",24446,5011,20.50%,2952,12.08%,7827,32.02%
"4598","4598. 오목교 동측 지하보도",24418,4599,18.83%,4228,17.32%,6440,26.37%
"3966","3966. 독산역1번출구 B",24382,8483,34.79%,5511,22.60%,3177,13.03%
"3756","3756. 마곡힐스테이트 정문",24352,7092,29.12%,2999,12.32%,6135,25.19%
"2618","2618. 삼전역 1번출구",24351,3889,15.97%,4335,17.80%,6290,25.83%
"1988","1988. 고척LIGA아파트 앞",24321,6741,27.72%,3159,12.99%,5913,24.31%
"5881","5881. 세계청소년NGO교육문화원",24304,4426,18.21%,4267,17.56%,6069,24.97%
"3214","3214.영등포 푸르지오 아파트 A",24260,7365,30.36%,2701,11.13%,6074,25.04%
"1177","1177. 수명중?고교",24259,7808,32.19%,2623,10.81%,4276,17.63%
"643","643. 동대문구민체육센터 (육교아래)",24254,6152,25.36%,2851,11.75%,6217,25.63%
"6183","6183.K스퀘어 마곡",24228,2776,11.46%,7255,29.94%,5007,20.67%
"1197","1197. 엠펠리체 호텔 건너편",24163,1940,8.03%,5673,23.48%,5823,24.10%
"2619","2619. 석촌고분역 4번출구",24098,3938,16.34%,3803,15.78%,6604,27.40%
"1338","1338. 용문2교 옆",24088,3572,14.83%,3624,15.04%,6049,25.11%
"1610","1610. 화랑대역 2번출구 앞",24088,3094,12.84%,3913,16.24%,6788,28.18%
"3759","3759. 이대서울병원",24051,1708,7.10%,6455,26.84%,3797,15.79%
"829","829. 한강대교 북단 교차로",23975,2148,8.96%,4435,18.50%,8502,35.46%
"244","244. 영등포삼환아파트 앞",23949,3762,15.71%,3925,16.39%,6296,26.29%
"4377","4377. 우영테크노센터 앞",23913,685,2.86%,8758,36.62%,4963,20.75%
"1442","1442. 중랑구청 중화동 별관 앞",23884,2913,12.20%,4165,17.44%,5578,23.35%
"2335","2335. 3호선 매봉역 3번출구앞",23871,4807,20.14%,5651,23.67%,4964,20.80%
"4383","4383. 푸조비즈타워 앞",23866,3495,14.64%,9592,40.19%,2594,10.87%
"642","642. 신답역 사거리",23848,5864,24.59%,4254,17.84%,5368,22.51%
"634","634. 외국어대 정문 앞",23775,2264,9.52%,3802,15.99%,5970,25.11%
"702","702. 목4동주민센터 옆",23750,5445,22.93%,3221,13.56%,5480,23.07%
"3692","3692. 둔촌오륜역 1번 출구",23735,4738,19.96%,3777,15.91%,6240,26.29%
"5066","5066. 아망떼마곡전시장",23696,1247,5.26%,9762,41.20%,3105,13.10%
"626","626. 군자교 서측 녹지대",23664,3941,16.65%,4914,20.77%,5964,25.20%
"4559","4559. 신길역 2번출구",23568,4333,18.39%,5038,21.38%,5960,25.29%
"4537","4537. 서울남부지방검찰청 후문",23564,5475,23.23%,4034,17.12%,4525,19.20%
"1686","1686. 상계주공10단지 종합상가 앞",23543,2546,10.81%,3416,14.51%,6563,27.88%
"1744","1744.도봉소방서 옆",23531,1297,5.51%,4875,20.72%,6643,28.23%
"2050","2050. 노량진역 5번출구",23492,2234,9.51%,3742,15.93%,6261,26.65%
"3416","3416.동묘앞역 6번출구",23423,2553,10.90%,3084,13.17%,5317,22.70%
"1168","1168. 마곡엠밸리10단지 앞",23417,5497,23.47%,3185,13.60%,5069,21.65%
"912","912. 응암오거리",23391,4162,17.79%,3639,15.56%,6187,26.45%
"1090","1090.상일동역 2번출구 앞",23384,3785,16.19%,5759,24.63%,4883,20.88%
"3882","3882. 자양2동 주민센터",23382,6669,28.52%,3089,13.21%,5905,25.25%
"2630","2630.서울방이동 고분군",23355,2943,12.60%,4088,17.50%,6071,25.99%
"3934","3934. 철도교통관제센터 정문 앞",23348,6739,28.86%,8241,35.30%,5549,23.77%
"3586","3586.군자역 비채온 오피스텔",23325,3607,15.46%,3803,16.30%,6331,27.14%
"2025","2025. 흑석역 1번출구",23316,2271,9.74%,4679,20.07%,6890,29.55%
"2724","2724.(재)FITI시험연구원",23311,8204,35.19%,5758,24.70%,2750,11.80%
"316","316. 종각역 1번출구 앞",23243,4394,18.90%,5196,22.36%,3393,14.60%
"4399","4399. 더리브 세종타워 앞",23217,2365,10.19%,6568,28.29%,5450,23.47%
"4856","4856. 올림픽공원 서1문 앞",23211,2689,11.59%,5396,23.25%,6145,26.47%
"1126","1126. 우장산역 1번출구옆(우장산아이파크105동앞)",23199,1690,7.28%,4415,19.03%,6315,27.22%
"3549","3549.건영아파트 앞",23181,6381,27.53%,3331,14.37%,5644,24.35%
"723","723. SBS방송국",23146,2284,9.87%,7053,30.47%,4362,18.85%
"2729","2729.넥센 유니버시티 앞",23110,1877,8.12%,8510,36.82%,3292,14.24%
"1002","1002. 해공공원(천호동)",23082,4366,18.92%,2788,12.08%,6658,28.84%
"473","473.을지로4가역 9번출구",23066,4568,19.80%,5045,21.87%,3971,17.22%
"3905","3905. 희훈타워빌 앞",23062,4460,19.34%,3360,14.57%,5611,24.33%
"551","551. 구의삼성쉐르빌 앞",23039,3146,13.66%,3536,15.35%,6008,26.08%
"1028","1028. 포레스 주상복합 빌딩",23016,3488,15.15%,3765,16.36%,5800,25.20%
"1414","1414. 사가정역 2번출구",23009,2216,9.63%,5015,21.80%,5752,25.00%
"1246","1246. 문정 법조단지10",22990,2927,12.73%,6980,30.36%,4904,21.33%
"1956","1956. 동아1차APT105동 버스정류장(신도림중학교 방면)",22959,6010,26.18%,3919,17.07%,5035,21.93%
"3864","3864. 광진소방서 앞",22952,5948,25.91%,3618,15.76%,5255,22.90%
"2613","2613. 잠실나들목",22950,2257,9.83%,2970,12.94%,9002,39.22%
"593","593.자양중앙나들목",22936,5012,21.85%,2763,12.05%,7409,32.30%
"1269","1269. 리센츠아파트",22859,2838,12.42%,3601,15.75%,6610,28.92%
"1185","1185. 등촌9단지",22847,5261,23.03%,3829,16.76%,4878,21.35%
"414","414. 상암동주민센터 옆",22818,2688,11.78%,4836,21.19%,4987,21.86%
"4036","4036. 하계역 6번출구",22811,2632,11.54%,5556,24.36%,5294,23.21%
"913","913. 이마트 버스정류장(서부경찰서 방면)",22761,1623,7.13%,4540,19.95%,6139,26.97%
"1720","1720. 도봉구청 옆(중랑천변)",22747,2331,10.25%,4821,21.19%,6236,27.41%
"2913","2913.상계8동 주민센터",22735,4974,21.88%,3261,14.34%,6134,26.98%
"398","398. 을지로3가역 3번출구",22720,2201,9.69%,5876,25.86%,4985,21.94%
"370","370. 시청역(2호선) 9번출구 뒤",22712,2935,12.92%,6489,28.57%,2642,11.63%
"409","409. 누리꿈스퀘어 옆",22632,940,4.15%,9476,41.87%,3155,13.94%
"5057","5057. 마곡역4번출구",22623,1448,6.40%,6243,27.60%,4695,20.75%
"5055","5055. 마곡역5번출구앞",22606,2587,11.44%,6257,27.68%,4620,20.44%
"1619","1619. 중계동 하나프라자빌딩 앞(중1-1)",22546,1370,6.08%,3864,17.14%,6832,30.30%
"222","222. 시범아파트버스정류장 옆",22529,3605,16.00%,5220,23.17%,4243,18.83%
"1462","1462.동부시장 북문 앞",22493,1545,6.87%,4217,18.75%,6501,28.90%
"1221","1221. 삼전역 4번출구",22465,3849,17.13%,3491,15.54%,6125,27.26%
"264","264. 교보생명보험 앞",22451,3593,16.00%,5157,22.97%,4657,20.74%
"1075","1075.천동초교 삼거리",22446,5805,25.86%,2920,13.01%,5444,24.25%
"2713","2713.우장초등학교 앞",22432,8011,35.71%,2397,10.69%,5139,22.91%
"4141","4141. 우리은행장안지점 앞",22420,3057,13.64%,3886,17.33%,5311,23.69%
"4332","4332. 이수교차로",22310,1469,6.58%,3541,15.87%,7939,35.58%
"4884","4884. H비즈니스파크",22296,1345,6.03%,8565,38.41%,3486,15.64%
"3785","3785. 마곡14단지 1408동앞",22278,5434,24.39%,2732,12.26%,5068,22.75%
"1072","1072.고덕역 5번출구",22238,1747,7.86%,4584,20.61%,6353,28.57%
"546","546. 잠실대교북단 교차로",22226,3263,14.68%,3320,14.94%,6011,27.04%
"433","433. 을지로입구역 2번출구",22220,4445,20.00%,5353,24.09%,3688,16.60%
"5065","5065. 허준박물관삼거리",22157,5180,23.38%,3305,14.92%,5036,22.73%
"4398","4398. 유원지식산업센터 앞",22137,2089,9.44%,5463,24.68%,5331,24.08%
"2801","2801. 대륭포스트타워1차",22097,488,2.21%,11283,51.06%,2579,11.67%
"1458","1458. 상봉터미널2",22080,5250,23.78%,2909,13.17%,5453,24.70%
"559","559. 왕십리역 4번 출구 건너편",22022,1512,6.87%,4672,21.22%,5944,26.99%
"4007","4007. 노원 을지대학교 병원",21990,2288,10.40%,4612,20.97%,4600,20.92%
"1535","1535. 효성인텔리안 앞",21962,1870,8.51%,3923,17.86%,5903,26.88%
"3501","3501. K&S빌딩 앞",21941,3624,16.52%,3114,14.19%,5596,25.50%
"590","590. 건국대학교 (입학정보관)",21907,3497,15.96%,3103,14.16%,2993,13.66%
"363","363. 신설동역 11번출구 뒤",21869,3422,15.65%,3366,15.39%,5542,25.34%
"4796","4796. 서울시청",21857,2909,13.31%,5584,25.55%,3660,16.75%
"133","133. 해담는다리",21843,3482,15.94%,3445,15.77%,6199,28.38%
"3559","3559.성동구민종합체육센터 앞",21828,1814,8.31%,4793,21.96%,6722,30.80%
"4136","4136. 롯데캐슬SKY-L65 D동 앞",21816,4313,19.77%,3332,15.27%,5710,26.17%
"1667","1667. 중계중학교",21781,3240,14.88%,2975,13.66%,5463,25.08%
"749","749. 이대목동병원보도육교",21750,1723,7.92%,5798,26.66%,4326,19.89%
"4218","4218. 디지털매직스페이스",21750,1716,7.89%,6551,30.12%,4368,20.08%
"5859","5859. 여의도 삼부아파트",21748,2742,12.61%,4839,22.25%,5979,27.49%
"633","633. 청량리 기업은행 앞",21744,2433,11.19%,3880,17.84%,6193,28.48%
"582","582. 경일중학교 앞",21732,3523,16.21%,4755,21.88%,4642,21.36%
"3421","3421.혜화역 1번출구",21698,2101,9.68%,3666,16.90%,5330,24.56%
"5853","5853. 여의도역2번출구 앞",21694,4047,18.65%,7339,33.83%,2800,12.91%
"5086","5086. 가양테크노타운",21677,1368,6.31%,5293,24.42%,6090,28.09%
"131","131. 증산2교",21635,3032,14.01%,3656,16.90%,6453,29.83%
"641","641. 용두역 4번출구",21628,2257,10.44%,4223,19.53%,5923,27.39%
"816","816. 신용산역 6번출구 앞",21603,2823,13.07%,4783,22.14%,5698,26.38%
"3894","3894. 노룬산시장 앞",21602,4359,20.18%,3564,16.50%,5518,25.54%
"5089","5089. LG사이언스파크 E10동",21585,1135,5.26%,9786,45.34%,888,4.11%
"4131","4131. 베네스트 오피스텔 앞",21557,4761,22.09%,3357,15.57%,5206,24.15%
"539","539. 군자교교차로",21546,2470,11.46%,3465,16.08%,6173,28.65%
"1737","1737. 신창시장",21538,3379,15.69%,3259,15.13%,5576,25.89%
"1683","1683. 노원문화예술회관",21535,4245,19.71%,2880,13.37%,5294,24.58%
"225","225. 앙카라공원 앞",21527,4505,20.93%,4624,21.48%,4381,20.35%
"3566","3566.우성4차아파트",21500,5687,26.45%,2691,12.52%,5582,25.96%
"911","911. 은평평화공원(역촌역4번출구)",21498,3271,15.22%,3726,17.33%,5458,25.39%
"1933","1933. 개봉푸르지오아파트 상가",21481,5207,24.24%,2947,13.72%,5277,24.57%
"130","130. 신촌역(2호선) 7번출구 앞",21474,1375,6.40%,4647,21.64%,5916,27.55%
"1661","1661. 당현천근린공원",21453,3634,16.94%,3337,15.55%,5038,23.48%
"1977","1977. 천왕역 1번 출입구 앞",21428,3228,15.06%,4877,22.76%,4713,21.99%
"1697","1697.상계주공2단지 219동",21402,4061,18.97%,2675,12.50%,5795,27.08%
"4497","4497. 아시아선수촌아파트 교차로",21392,5675,26.53%,3680,17.20%,5202,24.32%
"4353","4353. 코오롱디지털타워 3차앞",21360,1902,8.90%,6508,30.47%,3841,17.98%
"258","258. 신길역3번출구",21326,7103,33.31%,3645,17.09%,4668,21.89%
"194","194. 증산교 앞",21318,2287,10.73%,4696,22.03%,6031,28.29%
"2908","2908. 광운대학교 중앙도서관",21318,1588,7.45%,3777,17.72%,4744,22.25%
"2015","2015. 신대방삼거리역 6번출구쪽",21314,3905,18.32%,2604,12.22%,5752,26.99%
"1172","1172. 가양3동 주민센터",21301,3861,18.13%,4221,19.82%,4813,22.60%
"1438","1438. 홈플러스 신내점 앞",21298,2972,13.95%,4422,20.76%,5108,23.98%
"3886","3886.광진구 민방위교육센터",21242,5116,24.08%,2687,12.65%,5903,27.79%
"1337","1337. 돈암성당 옆",21240,1372,6.46%,2862,13.47%,7061,33.24%
"4566","4566. 대림성원상떼빌아파트",21221,5242,24.70%,3154,14.86%,4965,23.40%
"5099","5099. LG사이언스파크 E7동",21199,789,3.72%,11323,53.41%,1067,5.03%
"1416","1416. 상봉역 3번출구",21180,2589,12.22%,4204,19.85%,5400,25.50%
"516","516. 광진메디칼 앞",21142,4825,22.82%,3352,15.85%,4999,23.64%
"2306","2306. 압구정역 2번 출구 옆",21115,2567,12.16%,5000,23.68%,4986,23.61%
"1174","1174. 강서구청사거리(부민병원)",21059,6213,29.50%,2725,12.94%,4035,19.16%
"237","237. 보라매 두산위브 건너편",21058,4678,22.21%,3677,17.46%,4962,23.56%
"3201","3201.당산skv1센터",21058,3288,15.61%,4959,23.55%,3833,18.20%
"1762","1762.북한산 한신휴플러스APT앞",21031,4474,21.27%,2609,12.41%,5416,25.75%
"1021","1021. 강일동 리슈빌 빌딩앞",20989,4749,22.63%,2818,13.43%,4352,20.73%
"2140","2140. 신림1교 교차로",20962,3693,17.62%,2730,13.02%,6033,28.78%
"1333","1333. 석관초등학교 앞",20958,2445,11.67%,3836,18.30%,4824,23.02%
"4532","4532. 목동현대아파트 후문 앞",20955,3182,15.18%,2739,13.07%,5806,27.71%
"4557","4557. 리버뷰신안인스빌2차 후문",20936,3587,17.13%,2922,13.96%,5744,27.44%
"179","179. 가좌역 4번출구 앞",20929,5508,26.32%,4381,20.93%,4179,19.97%
"1446","1446. 중랑전화국 교차로",20905,3843,18.38%,3224,15.42%,4855,23.22%
"2731","2731.명덕고교",20881,5152,24.67%,3102,14.86%,3781,18.11%
"561","561. 서울숲역 2번출구 앞",20880,3825,18.32%,4423,21.18%,4511,21.60%
"2531","2531.멤피스아파트 앞",20875,3443,16.49%,4619,22.13%,4576,21.92%
"1259","1259. 방이역 1번출구",20861,2359,11.31%,3718,17.82%,5598,26.83%
"4765","4765. 동대문디자인플라자",20851,1118,5.36%,4637,22.24%,5432,26.05%
"613","613. 신설동역 10번출구 앞",20827,3344,16.06%,4120,19.78%,4623,22.20%
"4182","4182.보라매병원역 2번출구",20792,1889,9.09%,5053,24.30%,5071,24.39%
"701","701. 목동사거리 부근",20756,4454,21.46%,2760,13.30%,5295,25.51%
"624","624. 전농동 동아아파트 앞",20736,6185,29.83%,2098,10.12%,4826,23.27%
"1278","1278. 송파구청 교차로",20702,2499,12.07%,4895,23.65%,5538,26.75%
"3700","3700. 강변그대가리버뷰 입구 맞은편",20702,4563,22.04%,2078,10.04%,7253,35.04%
"3767","3767. 대원빌딩",20673,5508,26.64%,2748,13.29%,5214,25.22%
"5851","5851. 도림천 건널목 위",20653,4209,20.38%,2612,12.65%,5409,26.19%
"1201","1201. 가락시장역 3번 출구",20652,3141,15.21%,4550,22.03%,3900,18.88%
"1022","1022. 길동 사거리(초소앞)",20648,3452,16.72%,3705,17.94%,4776,23.13%
"5053","5053. 신마곡벽산블루밍메트로오피스텔앞",20643,4652,22.54%,3182,15.41%,4892,23.70%
"4938","4938.LH수서2단지 201동 앞",20632,6499,31.50%,2399,11.63%,5253,25.46%
"1512","1512. 강북중학교 앞",20628,3216,15.59%,3028,14.68%,6099,29.57%
"176","176. 명지대학교 도서관",20627,3126,15.15%,2644,12.82%,5235,25.38%
"1080","1080.천호지하주차장 5번 출입구",20552,2772,13.49%,3271,15.92%,5394,26.25%
"3215","3215.강변삼성래미안",20525,6535,31.84%,2224,10.84%,5055,24.63%
"3865","3865. 이튼타워리버 2차",20496,2635,12.86%,2947,14.38%,5373,26.21%
"1689","1689. 마들역 3번출구",20446,2561,12.53%,3556,17.39%,5180,25.34%
"3796","3796. 송정역 3번출구 앞",20424,4529,22.17%,3908,19.13%,4723,23.12%
"1975","1975. 대림역 1번 출입구 밑",20420,3284,16.08%,4161,20.38%,4933,24.16%
"3919","3919. 구로역·NC신구로점 버스정류장(구로역 방면)",20414,1904,9.33%,3613,17.70%,5688,27.86%
"2222","2222.사당역 12번출구 뒤",20410,2741,13.43%,3763,18.44%,5038,24.68%
"2348","2348. 포스코사거리(기업은행)",20409,1467,7.19%,9155,44.86%,2134,10.46%
"3517","3517. 용마사거리",20390,3495,17.14%,3471,17.02%,5167,25.34%
"1081","1081.트레빌빌딩",20366,2458,12.07%,3405,16.72%,5550,27.25%
"1224","1224. 아시아지하보도 2번 출구",20358,2592,12.73%,3638,17.87%,5704,28.02%
"3778","3778. 김포공항입구 교차로",20331,2013,9.90%,3277,16.12%,6047,29.74%
"2274","2274. 양재시민의숲역 3번출구",20330,4056,19.95%,5123,25.20%,3796,18.67%
"1321","1321. 국민은행 종암동지점 앞",20310,2767,13.62%,3139,15.46%,5126,25.24%
"2647","2647.잠실 자전거 수리센터 앞",20299,3165,15.59%,4966,24.46%,4907,24.17%
"4693","4693. 수색감리교회",20285,4077,20.10%,2544,12.54%,5598,27.60%
"4852","4852. 서울복합물류 게이트 1",20260,2277,11.24%,5265,25.99%,4226,20.86%
"1958","1958. 강서수도사업소민원센터",20189,3854,19.09%,3623,17.95%,4608,22.82%
"2032","2032. 이수역 11번출구쪽",20173,2244,11.12%,4024,19.95%,5176,25.66%
"205","205. 산업은행 앞",20165,1196,5.93%,6913,34.28%,5515,27.35%
"4685","4685. DMC역 5번 출구(수색역 방향)",20161,2093,10.38%,4121,20.44%,5647,28.01%
"3774","3774. 마곡9단지 910동 상가앞",20158,5553,27.55%,2749,13.64%,4725,23.44%
"4244","4244. 당인리발전소 공원 앞",20121,1491,7.41%,3852,19.14%,6422,31.92%
"123","123. 문화촌 공원",20119,4180,20.78%,2308,11.47%,5919,29.42%
"368","368. SK 서린빌딩 앞",20101,1003,4.99%,7673,38.17%,3485,17.34%
"1033","1033. 고덕동 아남아파트",20081,5292,26.35%,2118,10.55%,4870,24.25%
"2000","2000. 신도림4차 e편한세상 아파트 1109동 앞",20073,2656,13.23%,3127,15.58%,5593,27.86%
"577","577. 광진청소년수련관",20060,2054,10.24%,3200,15.95%,6006,29.94%
"933","933. 역촌종합시장 버스정류장(예일여고 방면)",20045,2732,13.63%,3299,16.46%,5292,26.40%
"1121","1121. 가양레포츠센터 앞",20015,1936,9.67%,3788,18.93%,5765,28.80%
"3754","3754. 신방화역 8번출구",19980,3282,16.43%,3086,15.45%,5011,25.08%
"4065","4065. 창동역 1번출구 앞",19938,2206,11.06%,5013,25.14%,4741,23.78%
"2228","2228.뒷벌공원 옆",19876,4011,20.18%,3823,19.23%,4669,23.49%
"1691","1691. 노원정보도서관",19870,1823,9.17%,3278,16.50%,5538,27.87%
"4385","4385. 용답동 우체국 주변",19870,4877,24.54%,3250,16.36%,3966,19.96%
"1319","1319. 종암박스파크",19868,3960,19.93%,2899,14.59%,5666,28.52%
"4496","4496. 잠실 파크리오 120동 앞",19812,3581,18.07%,3001,15.15%,5233,26.41%
"4633","4633. 센트럴파크타워 앞",19806,1015,5.12%,5013,25.31%,5584,28.19%
"1088","1088.풍납사거리(강동)",19793,2859,14.44%,4262,21.53%,4713,23.81%
"4031","4031. 청암예술학교 앞",19766,1691,8.56%,2917,14.76%,5468,27.66%
"4813","4813. 망우지구대",19762,2539,12.85%,2894,14.64%,5420,27.43%
"1059","1059. 래미안 강동팰리스(102동)",19758,3268,16.54%,2987,15.12%,5400,27.33%
"254","254. 도림신협 앞",19752,3487,17.65%,2709,13.72%,4595,23.26%
"1165","1165. 마곡중학교 후문",19708,3853,19.55%,2517,12.77%,4991,25.32%
"1017","1017. 둔촌고교입구 교차로(길동주민센터 방면)",19702,3143,15.95%,3256,16.53%,5423,27.53%
"729","729. 서부식자재마트 건너편",19690,5502,27.94%,2969,15.08%,4807,24.41%
"3656","3656. 둔촌푸르지오아파트",19667,2973,15.12%,2929,14.89%,5486,27.89%
"1602","1602. 광운대역 앞",19639,1808,9.21%,3425,17.44%,4906,24.98%
"3627","3627. 압구정나들목",19632,798,4.06%,3686,18.78%,7882,40.15%
"1994","1994. 삼성전자 물류센터 앞",19630,6081,30.98%,3060,15.59%,4719,24.04%
"4820","4820. 망우역 2번 출구",19605,4680,23.87%,3249,16.57%,4265,21.75%
"4087","4087. 우이교 교차로",19579,1625,8.30%,2738,13.98%,6265,32.00%
"3422","3422.성균관대 정문",19576,3229,16.49%,2764,14.12%,4615,23.57%
"3927","3927. 구로월드아파트 앞",19575,2704,13.81%,5549,28.35%,3484,17.80%
"5091","5091. 보타닉파크타워2",19571,803,4.10%,6588,33.66%,2934,14.99%
"2740","2740.마곡레포츠센터",19564,2974,15.20%,3949,20.19%,2997,15.32%
"1692","1692. 온곡초교 교차로",19524,1875,9.60%,3423,17.53%,5204,26.65%
"4964","4964.암사역사공원역 1번출구 A",19460,3780,19.42%,6057,31.13%,3210,16.50%
"119","119. 서강나루 공원",19457,2993,15.38%,2884,14.82%,5695,29.27%
"657","657. 동대문롯데캐슬아파트 앞",19439,4823,24.81%,2363,12.16%,4748,24.43%
"678","678.장안힐스테이트(아) 앞",19419,2968,15.28%,3531,18.18%,4609,23.73%
"3975","3975.현대시티아울렛 가산",19410,3978,20.49%,4316,22.24%,4155,21.41%
"2384","2384. 자곡사거리",19400,5138,26.48%,2943,15.17%,4594,23.68%
"1959","1959. 구로구의회 앞",19397,3532,18.21%,4083,21.05%,4128,21.28%
"385","385. 종각역 5번출구",19391,1694,8.74%,5784,29.83%,3770,19.44%
"4841","4841. 중화수경공원",19382,3119,16.09%,2614,13.49%,5796,29.90%
"4859","4859. 잠실나루 나들목",19362,2062,10.65%,3134,16.19%,7082,36.58%
"1962","1962. 가리봉동주민센터",19322,3701,19.15%,5738,29.70%,2443,12.64%
"4387","4387. 성수역 1번출구 주변",19286,1174,6.09%,6553,33.98%,4054,21.02%
"841","841. 신용산역 1번 출구",19280,728,3.78%,5057,26.23%,5500,28.53%
"4906","4906. 섬유센터 앞",19272,1752,9.09%,5878,30.50%,3873,20.10%
"1708","1708. 도봉보건소사거리",19190,2513,13.10%,3132,16.32%,4572,23.82%
"2230","2230.이수역 4번 출구",19188,2466,12.85%,3990,20.79%,4467,23.28%
"3811","3811.신사로입구",19170,4760,24.83%,2280,11.89%,5138,26.80%
"5084","5084. 강서우체국",19165,3795,19.80%,3981,20.77%,3838,20.03%
"221","221. 여의도초교 앞",19128,2782,14.54%,3649,19.08%,5403,28.25%
"4824","4824. 상봉신협 앞",19109,5092,26.65%,2318,12.13%,5039,26.37%
"563","563. 성동세무서 건너편",19101,2155,11.28%,8430,44.13%,1927,10.09%
"5890","5890.여의나루역 3번출구",19097,1829,9.58%,3816,19.98%,7191,37.66%
"943","943. 은평구청 보건소",19079,2435,12.76%,3937,20.64%,3538,18.54%
"756","756. 목동주차장",19075,940,4.93%,3411,17.88%,6268,32.86%
"2259","2259. 잠원역 3번-4번 출구사이",19036,2045,10.74%,4315,22.67%,5042,26.49%
"265","265. 영등포유통상가 사거리",19014,3091,16.26%,3742,19.68%,4318,22.71%
"587","587. 유니베라 앞",18985,1078,5.68%,6357,33.48%,4218,22.22%
"114","114. 홍대입구역 8번출구 앞",18954,612,3.23%,4058,21.41%,5590,29.49%
"1001","1001. 광진교 남단 사거리(천호공원 방면)",18948,1872,9.88%,2950,15.57%,5823,30.73%
"2910","2910.도깨비시장",18933,1944,10.27%,3175,16.77%,5075,26.81%
"4091","4091. 방학역2번출구",18884,1936,10.25%,3717,19.68%,4690,24.84%
"530","530. 청계벽산아파트 앞",18882,4727,25.03%,2966,15.71%,4351,23.04%
"266","266. 영등포청과시장 사거리",18875,2204,11.68%,4051,21.46%,4219,22.35%
"111","111. 상수역 2번출구 앞",18851,852,4.52%,3158,16.75%,6324,33.55%
"292","292. 영일 어린이공원",18838,4186,22.22%,2606,13.83%,4484,23.80%
"5151","5151.진넥스베르디엠 앞",18837,2736,14.52%,3110,16.51%,4868,25.84%
"204","204. 국회의사당역 5번출구 옆",18832,2831,15.03%,5537,29.40%,2935,15.59%
"3560","3560.성동구 견인차량 보관소 앞",18829,3126,16.60%,3573,18.98%,4279,22.73%
"4020","4020. 중계동 성모빌딩 앞",18806,1020,5.42%,3615,19.22%,5439,28.92%
"2404","2404. 대모산입구역 4번 출구 앞",18785,3718,19.79%,2951,15.71%,5107,27.19%
"1742","1742. 북한산 코오롱 하늘채",18781,3223,17.16%,2104,11.20%,4757,25.33%
"1966","1966. 한마을아파트 정문상가",18769,4856,25.87%,2172,11.57%,4361,23.24%
"623","623. 서울시립대 정문 앞 B",18738,2064,11.02%,3018,16.11%,4807,25.65%
"166","166. 가재울 초등학교",18732,4966,26.51%,2149,11.47%,5163,27.56%
"2604","2604. 풍납토성 서성벽터A",18673,4345,23.27%,3258,17.45%,4738,25.37%
"1351","1351. 안암2교 옆",18652,2739,14.68%,3385,18.15%,4392,23.55%
"4556","4556. 리버뷰신안인스빌1차 후문",18647,4723,25.33%,4515,24.21%,3113,16.69%
"1824","1824. 독산근린공원 입구",18601,4529,24.35%,2401,12.91%,5168,27.78%
"3013","3013.서울지방고용노동청 앞",18597,1012,5.44%,7483,40.24%,2000,10.75%
"4220","4220. 신촌 청년주택",18583,3996,21.50%,2503,13.47%,5311,28.58%
"417","417. DMC역 2번출구 옆",18562,4516,24.33%,5443,29.32%,2984,16.08%
"2058","2058. 동작경찰서",18562,1429,7.70%,2756,14.85%,6004,32.35%
"214","214. 금융감독원 앞",18556,594,3.20%,8469,45.64%,1484,8.00%
"4024","4024. 꿈의숲 SK뷰 아파트",18531,3458,18.66%,2451,13.23%,4422,23.86%
"4140","4140. 신설동역 4번출구",18496,2482,13.42%,3209,17.35%,4203,22.72%
"3407","3407.안국동사거리(신)",18481,2320,12.55%,3847,20.82%,4937,26.71%
"2658","2658.가락몰 업무동",18476,1782,9.64%,4001,21.66%,3559,19.26%
"4465","4465. 건영아파트앞 사거리",18466,2597,14.06%,3291,17.82%,4491,24.32%
"4418","4418. 종암동 동덕여대 제2생활관 앞",18449,2459,13.33%,2933,15.90%,4632,25.11%
"716","716.신정6동 주민센터 인근",18448,2200,11.93%,3097,16.79%,4704,25.50%
"1450","1450. 화랑대역 7번출구",18444,1718,9.31%,2363,12.81%,4149,22.50%
"2656","2656.풍납동 아이파크 107동 앞",18420,2852,15.48%,4035,21.91%,3677,19.96%
"3860","3860. 건국대학교 정문 앞",18403,2201,11.96%,2999,16.30%,4304,23.39%
"310","310. 청계광장 옆",18389,2745,14.93%,4785,26.02%,3115,16.94%
"4510","4510. 신정네거리역 교차로",18376,2931,15.95%,3114,16.95%,4945,26.91%
"719","719. 홍익병원앞 교차로",18375,3862,21.02%,2634,14.33%,4462,24.28%
"3929","3929. 고척아이파크아파트 205동 앞",18375,6603,35.93%,1962,10.68%,4167,22.68%
"1705","1705. 도봉구청 정문앞",18333,1423,7.76%,3671,20.02%,4005,21.85%
"2901","2901.공릉동풍림아파트 101동",18304,5264,28.76%,1810,9.89%,4775,26.09%
"2067","2067. 보라매역?동작세무서 버스정류장(강남중학교방면)",18277,1964,10.75%,3490,19.10%,5040,27.58%
"1380","1380.월곡역 5번출구 앞",18274,2972,16.26%,3041,16.64%,4588,25.11%
"220","220. 미성아파트 A동 앞",18264,2320,12.70%,5066,27.74%,3586,19.63%
"157","157. 애오개역 4번출구 앞",18244,4423,24.24%,2464,13.51%,4411,24.18%
"4528","4528. 양천구청역 1번출구",18222,3645,20.00%,4620,25.35%,3479,19.09%
"1212","1212. 송파역 2번 출구앞",18188,3002,16.51%,4054,22.29%,3898,21.43%
"1354","1354. 고려대학교 2번출구",18184,2108,11.59%,3844,21.14%,3630,19.96%
"288","288. 쌍용예가(구청별관)",18171,3685,20.28%,3403,18.73%,3944,21.70%
"1030","1030. 미호 플랜트 앞",18118,3250,17.94%,3250,17.94%,4870,26.88%
"1141","1141. 곰달래 문화복지센터 A",18050,3284,18.19%,2861,15.85%,4672,25.88%
"4592","4592. 신길우성4차아파트",18034,3177,17.62%,2646,14.67%,4213,23.36%
"1274","1274. 영파여고 앞",18025,2531,14.04%,2658,14.75%,3739,20.74%
"1830","1830. 빅마켓 금천점 앞",18014,4643,25.77%,4207,23.35%,3394,18.84%
"4522","4522. 신곡시장",18011,1865,10.35%,3079,17.10%,4898,27.19%
"1907","1907. 구일우성(아) 육교 밑",17998,4975,27.64%,2504,13.91%,3963,22.02%
"4567","4567. 한림대학교 강남성심병원 신관",17982,2827,15.72%,2978,16.56%,4634,25.77%
"578","578. 성동세무서 부근",17969,4585,25.52%,4163,23.17%,2685,14.94%
"1530","1530. 광산사거리",17965,1594,8.87%,2698,15.02%,4985,27.75%
"3900","3900. 건국대학교 신공학관",17919,776,4.33%,4850,27.07%,2055,11.47%
"558","558. 성동광진 교육지원청 앞",17914,1784,9.96%,3338,18.63%,4123,23.02%
"3783","3783. 마곡금호어울림아파트",17894,4946,27.64%,2586,14.45%,4571,25.54%
"542","542. 강변역 4번출구 뒤",17891,1113,6.22%,4332,24.21%,5474,30.60%
"201","201. 진미파라곤 앞",17858,1814,10.16%,5164,28.92%,4182,23.42%
"4854","4854. 가락시장역 2번 출구",17842,2624,14.71%,3623,20.31%,4187,23.47%
"2231","2231. 삼성타운(삼성생명) A동 맞은편",17837,1115,6.25%,6750,37.84%,2689,15.08%
"669","669.청계한신휴플러스앞 삼거리",17787,5043,28.35%,2371,13.33%,3798,21.35%
"1738","1738. 창동주공17단지 상가앞",17785,3128,17.59%,3207,18.03%,4463,25.09%
"4491","4491. 장지역 1번출구",17770,2642,14.87%,4532,25.50%,3712,20.89%
"1245","1245. 문정 법조단지9",17754,2632,14.82%,3582,20.18%,5187,29.22%
"2909","2909. 석계역 3번 출구",17736,1969,11.10%,3185,17.96%,5047,28.46%
"3544","3544.한양대역 3번 출구",17733,2480,13.99%,3917,22.09%,3577,20.17%
"1004","1004. 삼성광나루아파트 버스정류장",17732,2330,13.14%,2745,15.48%,5433,30.64%
"1606","1606. 태릉입구역 3번출구",17726,1528,8.62%,2949,16.64%,4838,27.29%
"1305","1305. 성북구청",17718,2363,13.34%,2706,15.27%,4648,26.23%
"3762","3762. 마곡9단지 907동앞",17702,5282,29.84%,2137,12.07%,4184,23.64%
"4080","4080. 창동주공19단지앞",17684,2133,12.06%,3320,18.77%,4395,24.85%
"2332","2332. 선릉역3번출구",17683,2404,13.59%,4466,25.26%,3155,17.84%
"3009","3009. 홍대입구역 사거리",17659,634,3.59%,4313,24.42%,4814,27.26%
"4804","4804. 동서울농협 앞",17638,1049,5.95%,3539,20.06%,4409,25.00%
"571","571. 세종대학교 대양AI센터",17633,2610,14.80%,3180,18.03%,3214,18.23%
"1128","1128. 화곡역 6번출구",17611,2800,15.90%,3311,18.80%,4292,24.37%
"3506","3506. 영동대교 북단",17608,2341,13.30%,3327,18.89%,4401,24.99%
"438","438. 성산2-1 공영주차장",17587,2361,13.42%,2915,16.57%,4978,28.30%
"1385","1385.성신여대입구역 3번출구 앞",17565,1989,11.32%,2456,13.98%,4679,26.64%
"2653","2653.올림픽공원사거리(선수촌아파트)",17564,2251,12.82%,2929,16.68%,5204,29.63%
"4905","4905. 강남경찰서",17542,665,3.79%,6767,38.58%,2946,16.79%
"3415","3415.동대문역6번출구",17512,1827,10.43%,3442,19.66%,4619,26.38%
"4953","4953. 세양청마루아파트 앞",17497,3112,17.79%,2777,15.87%,4299,24.57%
"412","412. DMC산학협력연구센터 앞",17479,2349,13.44%,5358,30.65%,2835,16.22%
"490","490.가온문화공원",17420,884,5.07%,5846,33.56%,3195,18.34%
"4560","4560. 양평동성원아파트",17395,2686,15.44%,4270,24.55%,3347,19.24%
"1928","1928. 고척스카이돔구장 광장",17336,2604,15.02%,2741,15.81%,3864,22.29%
"1199","1199. 우장산역 3번출구",17291,2081,12.04%,2965,17.15%,4395,25.42%
"1804","1804. 독산역 2번출구 자전거주차장",17246,4545,26.35%,4346,25.20%,3114,18.06%
"1827","1827. 독산보도육교 앞 자전거 보관소",17244,2145,12.44%,4191,24.30%,5055,29.31%
"488","488.푸르메병원",17238,3478,20.18%,3226,18.71%,3477,20.17%
"1478","1478.홈플러스 상봉점 앞",17230,1778,10.32%,3311,19.22%,4816,27.95%
"2060","2060. 남성역3번출구 뒤",17220,4144,24.07%,1935,11.24%,4664,27.08%
"1471","1471.동양쇼핑 정류소 앞",17214,3167,18.40%,2245,13.04%,4509,26.19%
"252","252. 보라매역4번출구",17184,2237,13.02%,3448,20.07%,4153,24.17%
"1205","1205. 종합운동장역 4번출구",17176,1835,10.68%,4754,27.68%,4631,26.96%
"3698","3698. 명일역 3번출구 옆",17172,2355,13.71%,3444,20.06%,4384,25.53%
"4207","4207. 아만티호텔 앞",17141,1244,7.26%,3824,22.31%,4380,25.55%
"2414","2414. 도곡역 아카데미스위트 앞",17139,2143,12.50%,4263,24.87%,3365,19.63%
"834","834. 효창공원앞역 3번출구 앞",17130,5375,31.38%,2203,12.86%,3868,22.58%
"680","680.꿈마루어린이도서관 앞",17109,1586,9.27%,2425,14.17%,4663,27.25%
"4121","4121. 서울문화재단 앞",17102,3328,19.46%,4023,23.52%,3150,18.42%
"1841","1841. 가산동 주민센터",17068,6416,37.59%,1863,10.92%,3259,19.09%
"5503","5503. 마포아트센터 앞",17067,3753,21.99%,1880,11.02%,3653,21.40%
"104","104. 합정역 1번출구 앞",17065,1446,8.47%,3826,22.42%,4402,25.80%
"1401","1401. 극동늘푸른아파트",17062,1469,8.61%,2373,13.91%,5366,31.45%
"1681","1681. 현대6차 아파트",17034,2469,14.49%,2566,15.06%,4984,29.26%
"4952","4952.천호시장 버스정류소 옆",17031,3142,18.45%,2112,12.40%,4927,28.93%
"4926","4926. 대치우성아파트 사거리",17025,3047,17.90%,4710,27.67%,3193,18.75%
"418","418. 월드컵경기장역 3번출구 옆",17003,609,3.58%,2630,15.47%,6975,41.02%
"1260","1260. 방이동 한양3차아파트 옆",16971,2520,14.85%,3051,17.98%,4427,26.09%
"1282","1282. 송파소방서 맞은편(성내4교)",16968,3970,23.40%,2345,13.82%,4426,26.08%
"4032","4032. 불암주유소 앞",16964,1657,9.77%,3512,20.70%,4697,27.69%
"1924","1924. 삼부르네상스파크빌",16945,4522,26.69%,3564,21.03%,3200,18.88%
"493","493.홍대입구역 6번출구",16941,1397,8.25%,3399,20.06%,4698,27.73%
"155","155. 가좌역1 번출구 앞",16933,3753,22.16%,3415,20.17%,3976,23.48%
"5154","5154.광진구청 앞",16894,1354,8.01%,3706,21.94%,4327,25.61%
"1108","1108. 공항시장역 2번출구 뒤",16891,3165,18.74%,2272,13.45%,4577,27.10%
"609","609. 제기2교",16879,2816,16.68%,2502,14.82%,4614,27.34%
"521","521. 왕십리역 11번 출구 앞",16857,1148,6.81%,2679,15.89%,4466,26.49%
"178","178. 증산3교 앞",16847,3959,23.50%,2176,12.92%,4471,26.54%
"1931","1931. 개봉역2번출구 A",16824,3495,20.77%,3853,22.90%,3379,20.08%
"1390","1390.석관래미안아트리치",16813,2708,16.11%,2424,14.42%,4698,27.94%
"255","255. 도림사거리",16811,2204,13.11%,2470,14.69%,5124,30.48%
"763","763. 목동11단지 아파트",16773,2946,17.56%,2373,14.15%,4487,26.75%
"1265","1265. 문정동 근린공원",16751,3169,18.92%,2724,16.26%,3790,22.63%
"2202","2202.청계산입구역 1번출구",16748,3535,21.11%,4416,26.37%,3139,18.74%
"2265","2265. 이수고가차도 남단",16746,2081,12.43%,3538,21.13%,4323,25.82%
"1952","1952. 천왕연지타운2단지 앞",16713,3355,20.07%,2527,15.12%,4429,26.50%
"2407","2407. 역삼서초삼성 세무서 앞 (역삼빌딩 앞)",16713,1817,10.87%,3858,23.08%,3324,19.89%
"766","766. 신목동역 3번출구",16691,1606,9.62%,3983,23.86%,4959,29.71%
"2059","2059. 보라매공원 정문",16690,1596,9.56%,4098,24.55%,4118,24.67%
"550","550. 서울시설공단 앞",16677,1529,9.17%,7018,42.08%,1953,11.71%
"4349","4349.삼성화재서초타워",16677,1411,8.46%,3931,23.57%,3481,20.87%
"4812","4812. 묵동 이마트 앞",16676,936,5.61%,3112,18.66%,4603,27.60%
"1204","1204. 거여역 3번출구",16652,1766,10.61%,3168,19.02%,4079,24.50%
"4526","4526. 목동아파트2단지 222동 앞",16637,4895,29.42%,1732,10.41%,4246,25.52%
"1991","1991. 오류동역 맞은편",16632,2177,13.09%,2394,14.39%,4648,27.95%
"1129","1129. 화곡역 1번 출구 앞",16581,1937,11.68%,3361,20.27%,3971,23.95%
"5885","5885. 신정교하부(도림천역 방면)",16563,2926,17.67%,2703,16.32%,4631,27.96%
"145","145. 공덕역 5번출구",16559,2743,16.57%,3355,20.26%,3947,23.84%
"2214","2214. 신반포역 2번출구 앞",16556,1072,6.47%,2633,15.90%,6789,41.01%
"5073","5073. 우장산역 헤링턴타워 앞",16554,1901,11.48%,2669,16.12%,4409,26.63%
"917","917. 녹번역 3번출구",16534,3725,22.53%,3162,19.12%,3429,20.74%
"5514","5514.공덕역 1번출구",16522,1516,9.18%,3574,21.63%,4207,25.46%
"456","456. 숭인2동 주민센터 입구",16478,2855,17.33%,2318,14.07%,3795,23.03%
"650","650. 중랑교사거리",16470,1148,6.97%,2347,14.25%,4998,30.35%
"4480","4480. 가락시장 남1문 사거리",16460,3656,22.21%,3291,19.99%,3054,18.55%
"329","329. 청계2가 사거리 옆",16448,1271,7.73%,4695,28.54%,3803,23.12%
"2252","2252. 잔디마을 마을버스 정류장",16424,923,5.62%,4560,27.76%,3630,22.10%
"4721","4721. 통인시장 정자",16407,4089,24.92%,1933,11.78%,4512,27.50%
"3573","3573.광나루안전체험관",16382,3221,19.66%,2748,16.77%,4116,25.13%
"635","635. 시조사 앞",16379,2757,16.83%,2067,12.62%,3840,23.44%
"5319","5319. 연해피빌 앞",16378,1782,10.88%,2444,14.92%,3084,18.83%
"256","256. 동아에코빌입구",16364,3276,20.02%,2281,13.94%,4246,25.95%
"326","326. 안국역 5번출구 앞",16337,2412,14.76%,3704,22.67%,3384,20.71%
"2627","2627.문정시영아파트 5동 앞 공원",16317,3638,22.30%,2587,15.85%,4038,24.75%
"4386","4386. 현대자동차 동부서비스센터 주변",16305,3885,23.83%,3982,24.42%,2551,15.65%
"4713","4713. 현대 뜨레비앙 아파트 앞",16271,1544,9.49%,3492,21.46%,3273,20.12%
"2725","2725.서울식물원 식물문화센터",16257,1476,9.08%,3153,19.39%,5206,32.02%
"1552","1552. 강북구청사거리",16256,864,5.31%,3605,22.18%,4270,26.27%
"2651","2651.경찰병원역 3번출구 앞",16254,3245,19.96%,2868,17.64%,3623,22.29%
"4468","4468. 가락1동주민센터",16252,4238,26.08%,1952,12.01%,4091,25.17%
"4705","4705. 웰니스센터(민방위교육장 앞)",16247,3581,22.04%,2421,14.90%,3196,19.67%
"2342","2342. 대청역 1번출구  뒤",16219,2111,13.02%,3553,21.91%,4062,25.04%
"2279","2279. 교대역 5번출구뒤",16206,2495,15.40%,3134,19.34%,3302,20.38%
"427","427. 성산시영아파트",16200,3232,19.95%,2092,12.91%,4319,26.66%
"3691","3691. 둔촌역 2번출구",16198,1529,9.44%,4045,24.97%,3969,24.50%
"5774","5774. 가락본동주민센터 인근",16164,2103,13.01%,3050,18.87%,3566,22.06%
"3853","3853. 어린이대공원역 2번출구",16142,4234,26.23%,2677,16.58%,3303,20.46%
"1267","1267. 올림픽공원 남2문 앞",16131,2474,15.34%,2582,16.01%,5269,32.66%
"1404","1404. 동일로 지하차도",16120,3011,18.68%,2069,12.83%,3128,19.40%
"4619","4619. 한강트럼프월드3차 앞",16108,2060,12.79%,2718,16.87%,4886,30.33%
"4453","4453. 위례중앙푸르지오 201동 앞",16093,1705,10.59%,2226,13.83%,4778,29.69%
"3206","3206.문래동 주민센터",16089,2054,12.77%,4209,26.16%,2973,18.48%
"1433","1433. 중화역 2번출구",16078,1110,6.90%,2777,17.27%,4127,25.67%
"525","525. 한양대병원사거리",16075,862,5.36%,2690,16.73%,4865,30.26%
"270","270. 증권거래소후문교차로",16066,1638,10.20%,5402,33.62%,2517,15.67%
"2294","2294. 두상빌딩 앞",16049,3918,24.41%,3225,20.09%,3059,19.06%
"2211","2211. 서초구립반포도서관 앞",16040,1709,10.65%,3707,23.11%,4057,25.29%
"4794","4794. 서울역 서부교차로(3)",16040,4642,28.94%,2588,16.13%,3456,21.55%
"1206","1206. 9호선종합운동장역 9번출구",16023,2482,15.49%,3700,23.09%,3741,23.35%
"107","107. 수협 연남동지점",16013,1509,9.42%,3682,22.99%,3812,23.81%
"1334","1334. 석관동주민센터 앞",16012,1915,11.96%,2585,16.14%,3516,21.96%
"860","860.LG한강 자이아파트 앞",15992,1794,11.22%,2685,16.79%,5520,34.52%
"380","380. CJ제일제당 앞",15989,2408,15.06%,3713,23.22%,2614,16.35%
"345","345. 서울보증보험본사 앞",15988,3111,19.46%,4119,25.76%,1980,12.38%
"1920","1920. 서울미래초등학교 사거리",15960,2890,18.11%,2347,14.71%,3938,24.67%
"4483","4483. 잠실나들목4",15943,2338,14.66%,2007,12.59%,5570,34.94%
"4019","4019. 상계주공10단지 버스정류소",15921,2244,14.09%,2522,15.84%,4153,26.09%
"2110","2110. 조원동 미성아파트",15916,1894,11.90%,3109,19.53%,4069,25.57%
"4393","4393. 상원삼거리 장안철교 아래",15911,1595,10.02%,5499,34.56%,2811,17.67%
"3128","3128.동신병원 맞은편",15903,1549,9.74%,2557,16.08%,4960,31.19%
"5323","5323. 하계역 4번출구 앞",15899,2014,12.67%,2939,18.49%,3816,24.00%
"1987","1987. 개봉아이파크아파트 앞",15885,4713,29.67%,1688,10.63%,4476,28.18%
"4708","4708. 조계사앞사거리",15870,1950,12.29%,3599,22.68%,2411,15.19%
"5097","5097. LG사이언스파크 E2동",15860,636,4.01%,8720,54.98%,717,4.52%
"3414","3414.종로5가역 4번출구",15845,2547,16.07%,3197,20.18%,3488,22.01%
"4792","4792. 퇴계로4가 교차로(중구청)",15841,1917,12.10%,2926,18.47%,3311,20.90%
"4270","4270. 우국한마음 아파트 맞은편",15839,2279,14.39%,3063,19.34%,3632,22.93%
"758","758. 한사랑교회 앞",15815,3391,21.44%,2100,13.28%,4483,28.35%
"475","475.DDP 패션몰",15807,885,5.60%,2321,14.68%,2289,14.48%
"2737","2737.까치산역 3번 출구",15786,1650,10.45%,2706,17.14%,4281,27.12%
"5088","5088. 등촌역 센터스퀘어",15786,1406,8.91%,2750,17.42%,4175,26.45%
"1306","1306. 한성대입구역2번출구",15770,1259,7.98%,2569,16.29%,4686,29.71%
"4004","4004. 당고개입구오거리 당현천변",15763,1732,10.99%,2425,15.38%,4283,27.17%
"3203","3203.도림동배드민턴체육관",15762,3970,25.19%,1960,12.43%,3616,22.94%
"2605","2605. 복정역 1번 출구 앞",15742,1713,10.88%,5456,34.66%,2787,17.70%
"6171","6171. 월드빌딩 앞",15730,1502,9.55%,2753,17.50%,4236,26.93%
"989","989. 신응교(가좌로) 앞",15728,1931,12.28%,2369,15.06%,4829,30.70%
"2115","2115. 관악구시설관리공단",15727,3903,24.82%,2081,13.23%,3861,24.55%
"2710","2710.라이품 공영주차장 앞",15719,3516,22.37%,2573,16.37%,3735,23.76%
"4657","4657. 본 서부병원 교차로 사거리",15719,2325,14.79%,2888,18.37%,4105,26.11%
"1288","1288. 문정중교 사거리",15705,2045,13.02%,2593,16.51%,4071,25.92%
"605","605. 신설동역8번출구",15643,2023,12.93%,3033,19.39%,3873,24.76%
"1670","1670. 노원경찰서교차로",15622,3195,20.45%,1871,11.98%,3122,19.98%
"420","420. 서울시 공공자전거 상암센터",15596,563,3.61%,2221,14.24%,7732,49.58%
"355","355. 서울사대부설초등학교 앞",15595,2216,14.21%,3264,20.93%,3099,19.87%
"4317","4317. 양재근린공원",15586,2962,19.00%,2773,17.79%,3492,22.40%
"557","557. 도선동 주민센터 앞",15573,2922,18.76%,3185,20.45%,3333,21.40%
"3907","3907. 신도림7차e편한세상아파트 806동 앞",15572,3328,21.37%,1851,11.89%,3914,25.13%
"1003","1003. 해공도서관앞",15571,2519,16.18%,2440,15.67%,4254,27.32%
"1677","1677. 육군사관학교  앞",15567,1911,12.28%,3097,19.89%,4305,27.65%
"2431","2431.대치역 7번출구",15567,2133,13.70%,2594,16.66%,4596,29.52%
"3788","3788. 정곡나들목",15558,652,4.19%,1900,12.21%,6735,43.29%
"2537","2537.양재역 8번출구 앞",15542,2113,13.60%,4321,27.80%,3454,22.22%
"3550","3550.금호나들목",15531,2116,13.62%,2299,14.80%,5641,36.32%
"1929","1929. 고척근린공원 고척도서관 앞",15522,1806,11.64%,2210,14.24%,4120,26.54%
"5326","5326. 대진고교앞 교차로",15515,1792,11.55%,2312,14.90%,4252,27.41%
"1074","1074.대명초교입구 사거리",15505,2939,18.96%,1793,11.56%,4277,27.58%
"6060","6060. 신한은행 본점",15501,1756,11.33%,4867,31.40%,2083,13.44%
"4222","4222. 서울디자인고등학교 앞",15492,1927,12.44%,2776,17.92%,3979,25.68%
"4381","4381. 더스페이스타워 앞",15486,1435,9.27%,4177,26.97%,3589,23.18%
"2054","2054. 삼익아파트",15481,3387,21.88%,1559,10.07%,4202,27.14%
"4089","4089. 동부센트레빌 앞",15453,3039,19.67%,2073,13.41%,3999,25.88%
"2904","2904.중계3차청구아파트",15449,1082,7.00%,2304,14.91%,3958,25.62%
"1440","1440. 면목2동 사거리",15430,2118,13.73%,2692,17.45%,4169,27.02%
"1529","1529. 미아동 한국전력공사",15419,1434,9.30%,3005,19.49%,3807,24.69%
"320","320. 을지로입구역 4번출구 앞",15406,2166,14.06%,3684,23.91%,2298,14.92%
"2821","2821.청구아파트 앞",15370,3648,23.73%,2243,14.59%,3442,22.39%
"3879","3879. 중랑천 뚝방길 산책로 입구",15341,3665,23.89%,2326,15.16%,4018,26.19%
"2902","2902.공릉풍림아파트 108동",15335,5016,32.71%,1598,10.42%,3452,22.51%
"4092","4092. 도봉경찰서 교차로",15333,2048,13.36%,2211,14.42%,3514,22.92%
"2066","2066. 양문교회 앞",15323,2451,16.00%,2075,13.54%,4167,27.19%
"4601","4601.양평역2번출구 뒤",15303,3317,21.68%,3253,21.26%,3453,22.56%
"819","819. 선린인터넷 고등학교",15300,2618,17.11%,2152,14.07%,4368,28.55%
"4076","4076. 도봉통합복지센터 뒤 중랑천 변",15300,1309,8.56%,2178,14.24%,4604,30.09%
"215","215. 여의도고교 앞",15292,2965,19.39%,2646,17.30%,3924,25.66%
"334","334. 종로3가역 2번출구 뒤",15289,1744,11.41%,3164,20.69%,3296,21.56%
"3899","3899. 아차산역 2번출구",15288,2170,14.19%,2387,15.61%,4702,30.76%
"4181","4181. 보라매공원역 2번출구",15266,2054,13.45%,2734,17.91%,4408,28.87%
"700","700. KB국민은행 염창역 지점 앞",15263,1766,11.57%,2786,18.25%,4060,26.60%
"838","838. 숙대입구역 4번출구",15260,1784,11.69%,2718,17.81%,3913,25.64%
"5075","5075. 등촌역 1번출구",15228,2099,13.78%,2573,16.90%,3853,25.30%
"289","289. 대림3동사거리",15207,2685,17.66%,2470,16.24%,3568,23.46%
"455","455. 종로6가역 버스정류장(동대문 방향)",15205,1721,11.32%,2740,18.02%,1651,10.86%
"4711","4711. 올림픽기념 국민생활관 로터리",15196,3668,24.14%,1809,11.90%,3395,22.34%
"4512","4512. 목동13_14단지 사거리",15186,2398,15.79%,2610,17.19%,3560,23.44%
"2056","2056. 동작구민 체육센터",15180,3564,23.48%,2394,15.77%,2866,18.88%
"239","239. 유스호스텔 앞",15134,2838,18.75%,3574,23.62%,2647,17.49%
"4167","4167. 구로교 아래",15102,1133,7.50%,2913,19.29%,4217,27.92%
"915","915. 증산역 4번출구",15088,2002,13.27%,2452,16.25%,3984,26.41%
"3984","3984. 가산롯데아이티캐슬",15048,1145,7.61%,7415,49.28%,1702,11.31%
"3935","3935. 고대구로병원 앞",15043,1787,11.88%,3519,23.39%,2816,18.72%
"1707","1707. 도봉구민회관",15037,1769,11.76%,2036,13.54%,3497,23.26%
"3432","3432.종로2가 사거리",15035,1346,8.95%,3117,20.73%,3061,20.36%
"4464","4464. 올림픽공원 북2문 A",15033,1343,8.93%,2885,19.19%,4763,31.68%
"1685","1685. 불암고등학교 앞 횡단보도",15028,2430,16.17%,2322,15.45%,3923,26.10%
"2911","2911.상계역중앙시장",15019,1195,7.96%,2769,18.44%,4316,28.74%
"1640","1640. 한내근린공원 북측",15016,1726,11.49%,2160,14.38%,4757,31.68%
"1767","1767.방학초등학교 앞",15011,2947,19.63%,1898,12.64%,3632,24.20%
"108","108. 서교동 사거리",14995,367,2.45%,3233,21.56%,4796,31.98%
"1119","1119. 염창동 한마음아파트 앞",14981,2403,16.04%,2347,15.67%,4241,28.31%
"4143","4143.서울동물복지지원센터 동대문",14981,949,6.33%,3410,22.76%,3525,23.53%
"4536","4536. 양천해누리체육공원",14957,1474,9.85%,1482,9.91%,1957,13.08%
"6054","6054.청구e편한세상아파트 113동 앞",14956,2875,19.22%,2198,14.70%,3565,23.84%
"5893","5893.한국산업은행",14952,592,3.96%,7852,52.51%,1331,8.90%
"3125","3125.연희파크푸르지오아파트 앞",14950,3257,21.79%,2141,14.32%,4287,28.68%
"818","818. 숙명여대 입구 교차로",14942,2688,17.99%,1886,12.62%,3819,25.56%
"411","411. DMC홍보관",14938,934,6.25%,5451,36.49%,2268,15.18%
"3121","3121.가좌삼거리",14899,1712,11.49%,2734,18.35%,4067,27.30%
"3928","3928.고척아이파크아파트 106동 앞",14899,2033,13.65%,2569,17.24%,4446,29.84%
"339","339. 종로4가 사거리",14887,1061,7.13%,3193,21.45%,2730,18.34%
"4238","4238. 상암한샘빌딩앞",14883,4076,27.39%,2733,18.36%,2468,16.58%
"1227","1227. 거여역 8번출구 뒤",14850,3251,21.89%,3210,21.62%,2960,19.93%
"1175","1175. 대한항공 인력개발센터",14828,2496,16.83%,2690,18.14%,3226,21.76%
"4965","4965.고덕비즈밸리 쿠쿠강동빌딩",14827,240,1.62%,4430,29.88%,4901,33.05%
"4028","4028. 한일유앤아이아파트 105동 인근",14815,2192,14.80%,2138,14.43%,4330,29.23%
"336","336. 충무로역 6번출구 앞",14806,2669,18.03%,2944,19.88%,2593,17.51%
"2645","2645.잠실나들목2(엘스아파트136동)",14794,2224,15.03%,1980,13.38%,4917,33.24%
"3814","3814. 난곡사거리",14791,1237,8.36%,2205,14.91%,3909,26.43%
"426","426. 서울신용보증재단",14777,2256,15.27%,3417,23.12%,3091,20.92%
"335","335. 종로3가역 15번출구 뒤",14765,1738,11.77%,3359,22.75%,2860,19.37%
"3763","3763. 등촌태영아파트",14743,3034,20.58%,3271,22.19%,3319,22.51%
"513","513. 뚝섬역 5번 출구 정류소 옆",14739,1904,12.92%,3790,25.71%,2567,17.42%
"314","314. 국립현대미술관",14738,1058,7.18%,2982,20.23%,4377,29.70%
"1407","1407. 먹골역 1번출구 뒤",14727,1645,11.17%,2348,15.94%,3914,26.58%
"3408","3408.종로타워빌딩",14681,1547,10.54%,3778,25.73%,2291,15.61%
"148","148. 용강동 주민센터 앞",14658,3192,21.78%,2084,14.22%,4307,29.38%
"453","453. 종로오가 지하쇼핑센터 14번출구",14658,1655,11.29%,2982,20.34%,3142,21.44%
"5508","5508. 성산유수지공원",14654,2203,15.03%,2219,15.14%,4276,29.18%
"2177","2177. 신대방역 2번 출구",14652,1748,11.93%,2794,19.07%,4149,28.32%
"2070","2070. 노량진역 2번 출구 앞",14628,1035,7.08%,2732,18.68%,4753,32.49%
"2375","2375. 수서역 1번출구 앞",14610,2520,17.25%,3708,25.38%,2877,19.69%
"4272","4272. 홍남교 사거리",14601,2669,18.28%,2154,14.75%,4117,28.20%
"2106","2106. 세이브마트",14588,2095,14.36%,1705,11.69%,3752,25.72%
"2413","2413.도곡역 1번 출구",14580,2013,13.81%,2784,19.09%,4047,27.76%
"4872","4872. 개롱역 3번 출구 뒤",14543,1608,11.06%,2568,17.66%,3947,27.14%
"4090","4090. 녹천교 앞 사거리",14541,2058,14.15%,2218,15.25%,4257,29.28%
"407","407. 마포구 육아종합지원센터",14526,1905,13.11%,2731,18.80%,2851,19.63%
"367","367. 독립문역 3-1번출구",14510,6354,43.79%,1788,12.32%,2681,18.48%
"1627","1627. 수락산역 4번출구",14492,1653,11.41%,3160,21.81%,3693,25.48%
"2187","2187. 현대시장사거리",14485,2410,16.64%,1937,13.37%,3860,26.65%
"2169","2169. 봉천역 2번출구",14456,1569,10.85%,2308,15.97%,3790,26.22%
"1665","1665. 양지근린공원앞",14452,1854,12.83%,2040,14.12%,3990,27.61%
"356","356. KT혜화지사 앞",14444,2055,14.23%,2641,18.28%,3090,21.39%
"1411","1411. 상봉시장앞 교차로 한성빌딩 앞",14438,1629,11.28%,1927,13.35%,4000,27.70%
"2515","2515.서초초등학교 후문",14438,929,6.43%,3796,26.29%,3546,24.56%
"2709","2709.강변아파트 310동 앞",14432,2349,16.28%,1899,13.16%,4568,31.65%
"4957","4957. 신명초교 교차로",14407,2925,20.30%,1824,12.66%,3901,27.08%
"124","124. 서강대 정문 건너편",14395,1308,9.09%,2437,16.93%,4045,28.10%
"610","610. 동대문중 교차로",14388,3311,23.01%,2093,14.55%,3441,23.92%
"3507","3507. 어린이회관",14377,2950,20.52%,1821,12.67%,3291,22.89%
"4267","4267. 서대문역 2번 출구",14367,2197,15.29%,2785,19.38%,3425,23.84%
"3614","3614. 은마아파트 입구 사거리",14334,1183,8.25%,2602,18.15%,3925,27.38%
"5895","5895.생각공장당산",14326,1691,11.80%,3869,27.01%,2460,17.17%
"844","844. 이촌2동 동원베네스트 아파트 앞",14322,3101,21.65%,1921,13.41%,3750,26.18%
"3640","3640. 일원1동주민센터앞 사거리",14295,2405,16.82%,3560,24.90%,2604,18.22%
"627","627. 장안동삼거리 교통섬",14280,2066,14.47%,1948,13.64%,3875,27.14%
"1834","1834. 월드메르디앙 벤처센터 2차",14257,658,4.62%,7093,49.75%,2166,15.19%
"4460","4460. 올림픽훼미리아파트 112동 앞",14246,2656,18.64%,3737,26.23%,2788,19.57%
"2648","2648.헬리오시티 112동 앞",14219,2663,18.73%,1963,13.81%,4265,30.00%
"340","340. 혜화동 로터리",14217,2041,14.36%,2331,16.40%,3611,25.40%
"3684","3684. 고덕자이(105동 앞)",14207,2622,18.46%,1672,11.77%,3902,27.47%
"1749","1749. ESA아파트 상가 앞",14198,1102,7.76%,2032,14.31%,3986,28.07%
"4819","4819. 면목동 새싹어린이공원 앞",14193,3058,21.55%,1741,12.27%,3743,26.37%
"327","327. 낙원상가 옆",14190,2047,14.43%,2835,19.98%,3187,22.46%
"2711","2711.가로공원공영주차장 1번 출구",14186,2835,19.98%,1686,11.88%,3762,26.52%
"3699","3699. 상일파출소 옆",14185,2309,16.28%,2693,18.98%,3233,22.79%
"815","815. LIG강촌아파트 103동앞",14162,1614,11.40%,2394,16.90%,4331,30.58%
"711","711. 신일해피트리아파트 앞",14135,3494,24.72%,1966,13.91%,3296,23.32%
"343","343. 힐스테이트창경궁 아파트 앞",14130,2464,17.44%,2988,21.15%,2860,20.24%
"2244","2244. 말죽거리공원 사거리",14130,1133,8.02%,3262,23.09%,3771,26.69%
"1960","1960. 구로거리공원 동측(신도림역 방면)",14123,3305,23.40%,2095,14.83%,3500,24.78%
"5338","5338. 상계초교 입구 교차로",14117,902,6.39%,2457,17.40%,3778,26.76%
"4397","4397. 마장축산물시장 북문 건너편",14107,1340,9.50%,3189,22.61%,3896,27.62%
"3651","3651. 개포동역 4번출구",14101,1756,12.45%,2107,14.94%,4454,31.59%
"949","949. 연신내역 1번 출구",14092,1336,9.48%,2779,19.72%,3759,26.67%
"2539","2539.대한무역투자진흥공사 KOTRA 앞",14084,685,4.86%,6508,46.21%,880,6.25%
"3120","3120.DMC엘가아파트 앞",14082,2204,15.65%,2395,17.01%,3503,24.88%
"6184","6184. 한강버스 마곡 선착장",14081,569,4.04%,2273,16.14%,5651,40.13%
"1726","1726. 삼익세라믹아파트교차로",14062,2128,15.13%,1976,14.05%,3937,28.00%
"1233","1233. 잠실3거리(갤러리아팰리스)",14047,1605,11.43%,2389,17.01%,3756,26.74%
"4114","4114. 휘경여중고삼거리",14041,1949,13.88%,2300,16.38%,3448,24.56%
"1428","1428. 원묵고등학교",14037,1732,12.34%,2081,14.83%,3738,26.63%
"4652","4652. 신사두산위브2차아파트 앞",14029,3732,26.60%,1398,9.97%,3270,23.31%
"4169","4169. 신대방삼거리",14026,1601,11.41%,1712,12.21%,3990,28.45%
"4917","4917. 일원에코파크 주차장",14017,3630,25.90%,2229,15.90%,3124,22.29%
"400","400. 상암한화오벨리스크 1차 앞",14015,4627,33.01%,1627,11.61%,3196,22.80%
"2013","2013. 장승배기역 5번출구",14007,1832,13.08%,2308,16.48%,3828,27.33%
"4083","4083.도봉아이나라도서관 앞",13999,2802,20.02%,1661,11.87%,3193,22.81%
"1770","1770.도봉한신아파트 주변",13996,1577,11.27%,2060,14.72%,2754,19.68%
"2530","2530.삼호3차아파트 앞",13993,1784,12.75%,2712,19.38%,3809,27.22%
"722","722. 경서농협 버스정류장(우리은행신정동지점방향)",13991,2668,19.07%,2201,15.73%,3867,27.64%
"4347","4347. 논현지하보도",13986,2904,20.76%,2366,16.92%,3154,22.55%
"4210","4210. 가좌행복주택 앞",13982,3315,23.71%,1999,14.30%,3694,26.42%
"4214","4214. JTBC 앞",13981,981,7.02%,4408,31.53%,2130,15.23%
"2108","2108. 은천치안센터",13973,2165,15.49%,2115,15.14%,3856,27.60%
"3863","3863. 동일로58길 입구",13968,3624,25.95%,2336,16.72%,3272,23.42%
"1974","1974. 신도림2차e편한세상아파트 203동 앞",13961,2639,18.90%,2066,14.80%,3573,25.59%
"3931","3931. 천왕역 3번 출구 뒤",13955,2165,15.51%,3505,25.12%,2575,18.45%
"5325","5325.상계주공7단지 아파트 앞",13955,1292,9.26%,2115,15.16%,3829,27.44%
"3502","3502. 중곡역 1번출구",13943,1830,13.12%,2639,18.93%,3293,23.62%
"281","281. 대림신동아아파트 앞",13941,1734,12.44%,2190,15.71%,3856,27.66%
"1848","1848. 벽산 디지털밸리 5차",13908,790,5.68%,7729,55.57%,1238,8.90%
"223","223. 진주아파트상가 앞",13903,2098,15.09%,2551,18.35%,3144,22.61%
"1630","1630. 수연빌딩 앞",13884,1084,7.81%,2509,18.07%,4067,29.29%
"849","849. 삼각지 자이아파트",13871,2720,19.61%,2004,14.45%,4103,29.58%
"4589","4589. KRX한국거래소(1)",13861,1626,11.73%,3773,27.22%,2459,17.74%
"1664","1664. 노해근린공원내",13839,2189,15.82%,1777,12.84%,4073,29.43%
"2327","2327. 뱅뱅사거리 랜드마크타워 앞",13825,1442,10.43%,4140,29.95%,2202,15.93%
"4113","4113. 한국국방연구원 앞",13819,1542,11.16%,3174,22.97%,3169,22.93%
"4719","4719. 종로문화원 건너편",13816,1160,8.40%,3533,25.57%,2510,18.17%
"1605","1605. 헬스케어",13795,1507,10.92%,2704,19.60%,3427,24.84%
"4517","4517. 성보하이드로빌딩",13780,2403,17.44%,1635,11.87%,3938,28.58%
"1382","1382.래미안월곡아파트 입구",13776,3492,25.35%,1586,11.51%,3370,24.46%
"4707","4707. 청계3가 사거리",13775,2255,16.37%,2406,17.47%,3505,25.44%
"5513","5513. 마포음식문화거리",13759,2110,15.34%,2206,16.03%,4024,29.25%
"1470","1470.중화동 우리은행 앞",13737,2006,14.60%,2371,17.26%,3619,26.34%
"1229","1229. 송파체육문화회관 앞",13731,2667,19.42%,2296,16.72%,2141,15.59%
"165","165. 중앙근린공원",13716,3679,26.82%,1673,12.20%,3700,26.98%
"4569","4569. 힐스테이트클래시안아파트",13707,3138,22.89%,1671,12.19%,3438,25.08%
"1384","1384.성신여대입구역 5번출구",13700,2424,17.69%,1837,13.41%,3654,26.67%
"3528","3528. 광진정보도서관",13699,523,3.82%,2860,20.88%,5034,36.75%
"2423","2423.영희초교 사거리(래미안개포루체하임)",13690,1863,13.61%,1849,13.51%,3938,28.77%
"5155","5155.광진경찰서 앞",13690,3382,24.70%,1906,13.92%,3404,24.86%
"3119","3119.연희 브라운스톤 아파트 앞",13689,2256,16.48%,2122,15.50%,3999,29.21%
"3775","3775. 가양오토갤러리",13689,2560,18.70%,3190,23.30%,2573,18.80%
"777","777.신월6차보람아파트 앞",13688,3485,25.46%,1707,12.47%,3334,24.36%
"1456","1456. 상아빌딩(우림시장 교차로)",13668,1735,12.69%,1784,13.05%,3636,26.60%
"2080","2080. 대방지하보도(대방동경남아너스빌아파트)",13656,1949,14.27%,2949,21.59%,3287,24.07%
"3983","3983. 금천구청역 1번 출구",13649,2264,16.59%,4094,29.99%,2494,18.27%
"1741","1741. 제일강산수산입구",13641,1304,9.56%,2083,15.27%,3805,27.89%
"1148","1148. 볏골공원",13638,4078,29.90%,1595,11.70%,3382,24.80%
"2333","2333. 양재역 3번출구 주변",13629,1877,13.77%,3566,26.16%,2789,20.46%
"2171","2171. 서울대입구역 5번출구",13601,1027,7.55%,2698,19.84%,3718,27.34%
"2247","2247.섬들근린공원",13587,2778,20.45%,2017,14.85%,3477,25.59%
"1651","1651. 상계동 우방유쉘아파트 앞",13585,1878,13.82%,1938,14.27%,3733,27.48%
"4677","4677. 백련산 SK뷰 아이파크 해모로 아파트 앞",13579,4023,29.63%,1429,10.52%,3329,24.52%
"985","985. 은평세무서 버스정류장(은평구청 방면)",13562,2079,15.33%,2198,16.21%,3190,23.52%
"1110","1110. 공항중학교앞",13531,4120,30.45%,1263,9.33%,2979,22.02%
"2542","2542.신논현타워 앞",13520,1657,12.26%,3025,22.37%,3247,24.02%
"1846","1846. 롯데캐슬골드파크1차 동문",13507,6123,45.33%,1082,8.01%,2644,19.58%
"3131","3131.연가교 교차로",13506,4017,29.74%,1454,10.77%,3694,27.35%
"5317","5317. 공릉동 신도1차 아파트 뒤",13503,2125,15.74%,1967,14.57%,3463,25.65%
"826","826. 서울역 서부교차로2",13492,3517,26.07%,1994,14.78%,3200,23.72%
"6061","6061.충무아트센터",13472,1600,11.88%,2021,15.00%,2783,20.66%
"5309","5309. 월계 롯데캐슬아파트 뒤",13461,2791,20.73%,1596,11.86%,3591,26.68%
"916","916. 평생학습관 앞",13460,1430,10.62%,2152,15.99%,3754,27.89%
"331","331. 을지로2가 사거리 북측",13430,1472,10.96%,4833,35.99%,1353,10.07%
"5869","5869. 영등포아트홀 앞",13429,1522,11.33%,2609,19.43%,2917,21.72%
"3793","3793. 더리브골드타워",13428,2693,20.06%,4052,30.18%,2082,15.50%
"374","374. 신당동주민센터앞",13417,1449,10.80%,2879,21.46%,3050,22.73%
"1203","1203. 밀리아나2빌딩 앞",13404,915,6.83%,3304,24.65%,2642,19.71%
"4588","4588.양남사거리2",13399,1652,12.33%,4091,30.53%,2493,18.61%
"706","706. 신정네거리역",13386,1784,13.33%,2967,22.16%,3241,24.21%
"4425","4425. 하늘채코오롱아파트 앞",13364,1770,13.24%,1810,13.54%,4110,30.75%
"1327","1327. 상월곡역 3번출구",13352,2001,14.99%,2502,18.74%,3333,24.96%
"5078","5078. 왈도강서캠퍼스 앞",13311,3177,23.87%,1846,13.87%,3221,24.20%
"2086","2086.삼일수영장 앞",13302,3896,29.29%,1098,8.25%,3087,23.21%
"454","454. 종로2가 버스정류장 (종각방향)",13297,1337,10.05%,2786,20.95%,2908,21.87%
"1520","1520. 수유중앙시장",13286,1410,10.61%,1714,12.90%,3717,27.98%
"457","457. 종로꽃시장 입구 옆",13257,2529,19.08%,2907,21.93%,1959,14.78%
"1743","1743.창동19단지아파트 관리사무소앞",13231,2615,19.76%,1732,13.09%,3651,27.59%
"276","276. 영등포로터리2",13230,3693,27.91%,2296,17.35%,3170,23.96%
"3204","3204.도림고가도로 밑",13220,2569,19.43%,2019,15.27%,3369,25.48%
"2369","2369. KT선릉타워",13217,1444,10.93%,3461,26.19%,2215,16.76%
"2504","2504. 신사역 4번출구 뒤",13208,698,5.28%,3306,25.03%,3459,26.19%
"5896","5896.영등포구청역 6번출구",13206,2280,17.26%,2757,20.88%,2799,21.19%
"4145","4145.청량리동 주민센터",13184,1245,9.44%,2441,18.51%,3225,24.46%
"4102","4102. 휘경1동주민센터 앞",13175,2302,17.47%,2139,16.24%,3590,27.25%
"233","233. 양평1동 YP센터 앞",13122,1356,10.33%,4464,34.02%,2147,16.36%
"1729","1729. 도봉한신아파트 버스정류장",13121,1273,9.70%,1994,15.20%,3837,29.24%
"359","359. 원남동사거리",13118,1200,9.15%,2840,21.65%,2743,20.91%
"1814","1814. 두산위브아파트 옆 상가건물 앞",13116,3963,30.22%,1631,12.44%,2941,22.42%
"1318","1318. 길음역 3번출구 뒤",13093,1235,9.43%,2513,19.19%,3422,26.14%
"4077","4077. 도봉제1교",13076,1145,8.76%,1747,13.36%,4748,36.31%
"150","150. 서강대역 2번출구 앞",13064,1937,14.83%,2064,15.80%,3555,27.21%
"1277","1277. 성내7교",13060,2672,20.46%,1594,12.21%,3201,24.51%
"143","143. 공덕역 2번출구",13057,2008,15.38%,3289,25.19%,2846,21.80%
"3220","3220.래미안에스티움 앞 (신풍로)",13054,2714,20.79%,1751,13.41%,3372,25.83%
"3873","3873. 동서울우편집중국 앞",13036,1643,12.60%,2292,17.58%,2885,22.13%
"4011","4011. 월계 센트럴 아이파크",13009,938,7.21%,2363,18.16%,3108,23.89%
"3102","3102. 연희삼거리",12997,2250,17.31%,1705,13.12%,3769,29.00%
"3641","3641. 대청역",12978,2162,16.66%,3561,27.44%,2620,20.19%
"674","674.고대앞사거리 교통섬",12977,1051,8.10%,2464,18.99%,2997,23.09%
"908","908. 구산역 4번출구",12977,1551,11.95%,2077,16.01%,3843,29.61%
"2703","2703.서울도시가스 앞",12969,1531,11.81%,2570,19.82%,3512,27.08%
"2408","2408. 강남한양수자인아파트",12957,2761,21.31%,1822,14.06%,3343,25.80%
"1444","1444. 면목4치안센터",12937,2873,22.21%,1511,11.68%,3385,26.17%
"3411","3411.종묘",12914,1838,14.23%,2441,18.90%,2166,16.77%
"1805","1805. 서울디지털운동장 앞",12908,2684,20.79%,3609,27.96%,1889,14.63%
"241","241. 신길우성1차아파트 앞 공원",12907,3505,27.16%,1268,9.82%,3127,24.23%
"1375","1375. 생명의 전화 종합복지관 앞 교차로",12903,3092,23.96%,2008,15.56%,2676,20.74%
"2917","2917.신창중학교 후문 맞은편 버스정류장",12902,1837,14.24%,1435,11.12%,3428,26.57%
"389","389. 을지로4가역 1번출구",12895,2506,19.43%,3019,23.41%,2218,17.20%
"1809","1809. LG전자 별관동(호서대 벤처타워 맞은편)",12884,1194,9.27%,5867,45.54%,1085,8.42%
"2303","2303. 논현역 10번출구",12864,1860,14.46%,2918,22.68%,2902,22.56%
"1271","1271. 송파도서관",12839,908,7.07%,2468,19.22%,3740,29.13%
"3818","3818. 은천교회 앞",12836,3050,23.76%,1541,12.01%,3590,27.97%
"958","958. 본 서부병원 버스정류장(은평 세무서 방면)",12835,1925,15.00%,1926,15.01%,3258,25.38%
"5760","5760. 풍납사거리 성내유수지",12833,1426,11.11%,2687,20.94%,3499,27.27%
"2189","2189. 봉천역 4번출구",12827,699,5.45%,2490,19.41%,3418,26.65%
"1808","1808. 에이스하이엔드타워8차 앞",12823,386,3.01%,6755,52.68%,1327,10.35%
"2540","2540.반포천 앞",12790,1843,14.41%,2792,21.83%,2949,23.06%
"3987","3987. LG전자가산A와 가산테라타워 사이",12775,4600,36.01%,1887,14.77%,2347,18.37%
"4873","4873. 개롱역사거리 2번 출구",12773,2079,16.28%,2460,19.26%,3067,24.01%
"1431","1431. 중랑구청 사거리",12763,805,6.31%,2424,18.99%,3502,27.44%
"800","800. 목월공원 앞",12747,2534,19.88%,2361,18.52%,3408,26.74%
"3221","3221.서울특별시 남부교육지원청",12732,2228,17.50%,2766,21.72%,2489,19.55%
"5341","5341.공릉동효성아파트 앞",12728,1905,14.97%,1466,11.52%,3473,27.29%
"2221","2221. 방일초교 마을버스 정류장",12727,1311,10.30%,2746,21.58%,3324,26.12%
"4139","4139. 답십리 사거리",12724,2281,17.93%,1520,11.95%,3323,26.12%
"3908","3908. 오류동 다숲오피스텔 앞",12723,2574,20.23%,1564,12.29%,3393,26.67%
"3212","3212.신풍역 6번출구",12711,2051,16.14%,1764,13.88%,3088,24.29%
"1473","1473.중랑역 1번 출구(중화문화복지센터)",12706,2165,17.04%,2570,20.23%,2992,23.55%
"4074","4074. 도봉구육아종합지원센터(창동)",12706,2862,22.52%,1629,12.82%,3284,25.85%
"4005","4005. 중계2차 한화꿈에그린 101동 인근",12692,1110,8.75%,2255,17.77%,3632,28.62%
"1186","1186. 송정중학교",12691,3035,23.91%,1842,14.51%,2840,22.38%
"4078","4078. 원당공원 앞",12676,2432,19.19%,1777,14.02%,3219,25.39%
"199","199. 서울 월드컵 경기장",12670,1101,8.69%,1899,14.99%,4345,34.29%
"472","472.삼일교(시그니쳐 타워)",12654,1373,10.85%,4020,31.77%,1173,9.27%
"806","806. 전자랜드 본관 앞",12653,1952,15.43%,2849,22.52%,2738,21.64%
"4411","4411. 동산어린이공원 앞",12632,2879,22.79%,2448,19.38%,2241,17.74%
"736","736. 오솔길공원",12607,2951,23.41%,1806,14.33%,3066,24.32%
"2523","2523.뉴코아 킴스클럽 앞",12604,1516,12.03%,1928,15.30%,4101,32.54%
"1965","1965. 삼환로즈빌아파트 105동 옆",12586,1743,13.85%,1988,15.80%,3473,27.59%
"1085","1085.래미안 솔베뉴(고덕로)",12581,1930,15.34%,2183,17.35%,3064,24.35%
"5877","5877. 문래동 꽃밭정원",12558,1688,13.44%,2597,20.68%,3370,26.84%
"4620","4620. 삼각지역 14번 출구 앞(교통섬)",12552,1644,13.10%,2018,16.08%,3389,27.00%
"242","242. 신길선원가와인아파트 앞",12548,2009,16.01%,1952,15.56%,3492,27.83%
"1937","1937. 한진아파트 입구",12538,2305,18.38%,1495,11.92%,3235,25.80%
"3508","3508. 화양사거리",12538,2203,17.57%,3313,26.42%,2514,20.05%
"3515","3515. 서울숲 관리사무소",12492,339,2.71%,2086,16.70%,5298,42.41%
"1408","1408. 먹골역 6번출구 앞",12483,1702,13.63%,2011,16.11%,3211,25.72%
"354","354. 포르투갈 대사관 앞",12475,1573,12.61%,2359,18.91%,2832,22.70%
"5332","5332. 마들역 4번출구",12455,2202,17.68%,1780,14.29%,3137,25.19%
"1941","1941. 오류동역 2번출구",12450,2437,19.57%,2347,18.85%,2865,23.01%
"249","249. 여의도중학교 옆",12449,842,6.76%,2125,17.07%,5076,40.77%
"1070","1070.(시립)고덕평생학습관",12432,1071,8.61%,2058,16.55%,3087,24.83%
"932","932. 예일여중",12420,923,7.43%,1952,15.72%,3550,28.58%
"1127","1127. 화곡역 버스정류장",12410,1473,11.87%,2237,18.03%,3137,25.28%
"1171","1171. 염창동 새마을금고 건너편",12401,2494,20.11%,1488,12.00%,3054,24.63%
"4558","4558. 대영중고 후문",12390,2723,21.98%,1554,12.54%,2711,21.88%
"2376","2376. 수서역 7번출구 앞",12379,1373,11.09%,4202,33.94%,2622,21.18%
"450","450. 효자동 삼거리",12377,2431,19.64%,1996,16.13%,3468,28.02%
"4823","4823. 방정환교육지원센터 옆",12377,1418,11.46%,1815,14.66%,3365,27.19%
"511","511. 서울숲역 5번 출구 옆",12375,1857,15.01%,2830,22.87%,3207,25.92%
"1430","1430. 중랑구청",12360,1497,12.11%,2749,22.24%,2662,21.54%
"1461","1461.동양엔파트 앞",12358,698,5.65%,2571,20.80%,3322,26.88%
"1061","1061. 천호초교 입구 사거리(일주빌딩)",12353,2261,18.30%,1910,15.46%,3250,26.31%
"2213","2213. 고속터미널역 5번출구 앞",12353,2395,19.39%,2913,23.58%,2737,22.16%
"622","622. 전농사거리 교통섬",12344,1592,12.90%,1694,13.72%,3301,26.74%
"5098","5098. LG사이언스파크 W4동",12338,5138,41.64%,3285,26.63%,837,6.78%
"544","544. 광남중학교",12333,2458,19.93%,1374,11.14%,4276,34.67%
"1373","1373. 성북구보건소 건너편",12315,2514,20.41%,2163,17.56%,3094,25.12%
"495","495.염리초등학교 앞",12314,1640,13.32%,2862,23.24%,2562,20.81%
"4539","4539. 목동7단지아파트 A상가",12314,1480,12.02%,2382,19.34%,3126,25.39%
"185","185. 마포 신수공원 앞",12295,2009,16.34%,1424,11.58%,4007,32.59%
"2644","2644. 성내5교",12287,2255,18.35%,1756,14.29%,3255,26.49%
"2003","2003. 사육신공원앞",12279,1224,9.97%,1823,14.85%,3701,30.14%
"4507","4507. 신정제일시장",12278,1919,15.63%,2250,18.33%,3266,26.60%
"175","175. 홍연2교옆",12266,2543,20.73%,1676,13.66%,3405,27.76%
"1286","1286. 위례중앙푸르지오 1단지 앞",12255,1335,10.89%,1687,13.77%,3431,28.00%
"1268","1268. 몽촌토성역 1번출구 옆",12250,1482,12.10%,2223,18.15%,4234,34.56%
"2077","2077.노들역 3번출구",12249,2646,21.60%,1629,13.30%,3707,30.26%
"832","832. 이촌1동 주민센터 뒤",12244,1942,15.86%,2269,18.53%,3359,27.43%
"5761","5761. 버섯분수대",12230,1613,13.19%,2262,18.50%,3003,24.55%
"401","401. 상암월드컵파크 10단지 앞",12226,2721,22.26%,1568,12.83%,3083,25.22%
"1765","1765.쌍문역 1번출구 주변",12226,831,6.80%,2434,19.91%,3334,27.27%
"2411","2411. 세곡동 성당",12222,2201,18.01%,1731,14.16%,3448,28.21%
"4016","4016. 노원 마들스타디움",12221,1476,12.08%,1641,13.43%,2840,23.24%
"348","348. 독립문역 사거리",12220,3330,27.25%,1251,10.24%,2622,21.46%
"846","846. 용산중학교",12192,1764,14.47%,1756,14.40%,3330,27.31%
"2372","2372. 대치역 사거리",12182,1595,13.09%,2473,20.30%,3497,28.71%
"3969","3969. 독산역 롯데캐슬 104동 앞",12164,2873,23.62%,1531,12.59%,3056,25.12%
"248","248. 초원아파트 앞",12146,889,7.32%,2934,24.16%,4457,36.70%
"5059","5059. 화곡2동주민센터",12136,3059,25.21%,1517,12.50%,3114,25.66%
"2103","2103. 신림동 우방아파트",12134,2627,21.65%,1780,14.67%,3450,28.43%
"4659","4659. 신진과학기술고등학교 버스정류장(응암시장 방면)",12123,3127,25.79%,1369,11.29%,2978,24.56%
"837","837. 한남나들목 입구",12118,1028,8.48%,2255,18.61%,4093,33.78%
"579","579. 마장역 4번출구",12117,1541,12.72%,1763,14.55%,2801,23.12%
"403","403. 부엉이공원 앞",12112,2214,18.28%,2118,17.49%,2753,22.73%
"2503","2503. 반포1동 서초빌딩 앞",12111,2071,17.10%,2585,21.34%,2667,22.02%
"1079","1079.강일동입구교차로",12108,3091,25.53%,1699,14.03%,3028,25.01%
"1027","1027. 프라자 아파트 앞",12096,2869,23.72%,1459,12.06%,3086,25.51%
"4886","4886. 배명고등학교 건너편",12095,2772,22.92%,1574,13.01%,2964,24.51%
"2033","2033. 사당동 아르테스 웨딩앞",12094,1736,14.35%,1830,15.13%,3068,25.37%
"307","307. 서울역사박물관 앞",12092,1224,10.12%,3123,25.83%,2275,18.81%
"4042","4042. 상계문화정보도서관",12089,1015,8.40%,2589,21.42%,3190,26.39%
"835","835. 남영역 건너편",12073,1537,12.73%,2267,18.78%,2925,24.23%
"3683","3683. KT&G강동지사",12046,1935,16.06%,2089,17.34%,2990,24.82%
"2387","2387. 래미안강남힐즈 사거리",12037,1590,13.21%,1814,15.07%,3294,27.37%
"4828","4828. 신내동 한살림 중랑지구 앞",12029,2958,24.59%,1558,12.95%,2923,24.30%
"2277","2277. 길마중4교 하부",12019,1774,14.76%,2096,17.44%,3075,25.58%
"1706","1706. 방학동우체국 건너편",12018,1410,11.73%,2062,17.16%,2857,23.77%
"4303","4303. 매헌역 2번출구앞광역버스 정류장앞(22-297)",12014,2370,19.73%,2752,22.91%,2097,17.45%
"4718","4718. 광화문역 6번출구 옆 A",12010,1732,14.42%,3027,25.20%,1987,16.54%
"4793","4793. 동대문역사문화공원역 5번출구",12010,1277,10.63%,2896,24.11%,2432,20.25%
"2185","2185. 대학동 고시촌",11997,1721,14.35%,1607,13.40%,3477,28.98%
"318","318. 광교사거리 남측",11992,1143,9.53%,3436,28.65%,2075,17.30%
"3989","3989.가산디지털단지역 9번출구 앞",11985,3565,29.75%,3024,25.23%,1361,11.36%
"4255","4255. 래미안 루센티아 아파트 108동 앞",11979,2194,18.32%,1454,12.14%,3335,27.84%
"2538","2538.사평리근린공원",11950,1259,10.54%,2276,19.05%,3861,32.31%
"1709","1709. 쌍문역4번출구 주변",11945,1056,8.84%,3437,28.77%,2681,22.44%
"4880","4880. 송파청소년센터",11932,3060,25.65%,1418,11.88%,2804,23.50%
"4039","4039. 서울시 북부여성발전센터",11916,1368,11.48%,1909,16.02%,2622,22.00%
"4618","4618. 풍전아파트 건너편",11913,1748,14.67%,3725,31.27%,2108,17.69%
"2195","2195.은천교회",11899,2593,21.79%,1375,11.56%,3348,28.14%
"4843","4843. 봉화산역 4번 출구",11892,1320,11.10%,2025,17.03%,3466,29.15%
"1187","1187. 강서수산물도매시장",11874,1367,11.51%,2706,22.79%,2466,20.77%
"2302","2302. 교보타워 버스정류장(신논현역 3번출구 후면)",11872,1102,9.28%,2498,21.04%,2825,23.80%
"2016","2016. 신대방삼거리역 3번출구쪽",11857,2095,17.67%,1574,13.27%,3289,27.74%
"4002","4002. 상계주공 14단지 상가 앞",11857,2298,19.38%,1457,12.29%,3345,28.21%
"1983","1983. 구로동롯데아파트",11853,2274,19.19%,1440,12.15%,3017,25.45%
"341","341. 혜화역 3번출구 뒤",11841,1850,15.62%,1916,16.18%,2708,22.87%
"321","321. KEB 하나금융그룹 명동사옥 옆",11834,1275,10.77%,2632,22.24%,2099,17.74%
"437","437. 대흥역 1번출구",11831,1089,9.20%,2525,21.34%,3107,26.26%
"510","510. 뚝도아리수정수센터 버스정류소 옆",11830,592,5.00%,2397,20.26%,4582,38.73%
"807","807. 서울역 12번 출구 앞",11821,2063,17.45%,2906,24.58%,2572,21.76%
"4895","4895. 송파레이크힐 상가",11818,1753,14.83%,2206,18.67%,2950,24.96%
"4591","4591. 신길자이아파트",11808,2455,20.79%,1457,12.34%,3426,29.01%
"1036","1036. 고덕동 주양쇼핑",11788,1023,8.68%,2165,18.37%,3448,29.25%
"1771","1771.성원APT버스정류소",11776,1967,16.70%,1506,12.79%,3188,27.07%
"1506","1506. 강북문화예술회관",11770,2021,17.17%,1542,13.10%,2855,24.26%
"740","740. 으뜸공원",11766,3386,28.78%,1358,11.54%,2686,22.83%
"5756","5756. 극동아파트",11761,2247,19.11%,2275,19.34%,2400,20.41%
"4914","4914. 도심공항타워 앞",11745,593,5.05%,3806,32.41%,2586,22.02%
"553","553. 중곡 성원아파트 앞",11744,1742,14.83%,1947,16.58%,3166,26.96%
"4023","4023. 월계역 1번 출구",11736,1453,12.38%,2134,18.18%,2833,24.14%
"656","656. 영휘원 교차로",11728,2232,19.03%,2166,18.47%,2655,22.64%
"4360","4360. 르노삼성자동차 성수사업소 앞",11719,1783,15.21%,4814,41.08%,1530,13.06%
"286","286. 우성아파트 교차로",11709,1901,16.24%,2606,22.26%,2576,22.00%
"742","742. 등촌역 5번 출구 뒤",11708,1478,12.62%,1817,15.52%,3219,27.49%
"3405","3405.파크팰리스",11694,2998,25.64%,1774,15.17%,2582,22.08%
"2505","2505. 우성아파트사거리 (기업은행앞)",11693,767,6.56%,3104,26.55%,2293,19.61%
"4110","4110. 용두롯데캐슬리치아파트 앞",11686,1453,12.43%,1763,15.09%,3006,25.72%
"2403","2403. 공무원연금매점 교차로 (개포주공9단지 입구)",11674,2298,19.68%,1937,16.59%,3318,28.42%
"2104","2104. 사당역 5번출구",11670,700,6.00%,2266,19.42%,3301,28.29%
"1372","1372. KEB은행 고대점",11668,447,3.83%,2237,19.17%,2840,24.34%
"1775","1775.신원리베르텔 앞",11666,505,4.33%,2304,19.75%,3020,25.89%
"594","594. 중랑물재생센터(서울새활용플라자)",11656,593,5.09%,5217,44.76%,1392,11.94%
"2085","2085.강남중학교 앞",11651,2264,19.43%,1763,15.13%,2979,25.57%
"2090","2090.기아자동차 사당점 앞",11640,2779,23.87%,1622,13.93%,3041,26.13%
"3665","3665. 고덕센트럴 아이파크상가 앞",11621,1929,16.60%,1286,11.07%,3057,26.31%
"4867","4867. 가락대림아파트 앞",11611,2198,18.93%,1927,16.60%,2838,24.44%
"4549","4549.목동4단지아파트",11606,1912,16.47%,1660,14.30%,3408,29.36%
"3925","3925. 중앙유통단지 앞 B",11597,402,3.47%,4867,41.97%,738,6.36%
"4674","4674. 녹번역e편한세상 캐슬 정문 앞",11594,1617,13.95%,1990,17.16%,3192,27.53%
"805","805. 문배어린이공원 앞",11571,2278,19.69%,1583,13.68%,2822,24.39%
"4018","4018. 상계주공15단지 버스정류소",11559,1934,16.73%,2025,17.52%,2928,25.33%
"2111","2111. 서울대입구역 1번출구",11556,936,8.10%,1841,15.93%,3212,27.80%
"2642","2642.마천동 성내천 쉼터",11554,1991,17.23%,1268,10.97%,3157,27.32%
"2308","2308. 압구정파출소 앞",11530,999,8.66%,2628,22.79%,2948,25.57%
"5857","5857. U레지던스 앞",11526,3583,31.09%,1274,11.05%,2936,25.47%
"4629","4629. 한강초교보도육교 앞",11521,574,4.98%,2564,22.26%,3521,30.56%
"5872","5872. 서경팰리스 앞",11505,1705,14.82%,1626,14.13%,2736,23.78%
"1178","1178. 개화산역 2번 출구",11504,1649,14.33%,2178,18.93%,2982,25.92%
"661","661. 경희대학교 청운관",11502,679,5.90%,2860,24.87%,2235,19.43%
"1396","1396.래미안장위퍼스트하이(513동)",11497,2500,21.74%,1665,14.48%,3001,26.10%
"672","672.대광고등학교",11493,1689,14.70%,1614,14.04%,2657,23.12%
"3988","3988. 엘아르베뉴 102동 앞",11476,2857,24.90%,2732,23.81%,2068,18.02%
"962","962. 은평뉴타운엘크루 앞",11463,430,3.75%,2001,17.46%,3338,29.12%
"3980","3980. 금천현대홈타운 후문 서부샛길",11442,3517,30.74%,1492,13.04%,2500,21.85%
"2914","2914.서울과학기술대학교(미래관)",11420,425,3.72%,3375,29.55%,1298,11.37%
"1361","1361. 홍익중고 입구",11409,2337,20.48%,1432,12.55%,2911,25.51%
"181","181. 망원초록길 입구",11406,743,6.51%,1702,14.92%,4581,40.16%
"3959","3959. 시흥사거리(시흥동 994-3 앞)",11404,2618,22.96%,2015,17.67%,2767,24.26%
"4825","4825. 신내동 벽산아파트 후문 앞",11392,2785,24.45%,1349,11.84%,2717,23.85%
"2706","2706.강서공업고등학교 앞",11377,2671,23.48%,1661,14.60%,2934,25.79%
"399","399. 서울역 센트럴 자이아파트",11371,3250,28.58%,1980,17.41%,2542,22.36%
"4499","4499. 세양청마루 101동 앞",11364,2614,23.00%,1548,13.62%,2861,25.18%
"1953","1953. 천왕역 4번출구 뒤",11356,1776,15.64%,2543,22.39%,2477,21.81%
"1557","1557.신창교",11349,1561,13.75%,1767,15.57%,2894,25.50%
"170","170. DMC파크뷰자이아파트 302동 앞",11341,2894,25.52%,1318,11.62%,3304,29.13%
"4478","4478. 문정근린공원2",11338,2166,19.10%,1483,13.08%,2520,22.23%
"4530","4530. 방아다리어린이공원",11328,1522,13.44%,1614,14.25%,3057,26.99%
"5860","5860. 어울림병원 앞",11301,2779,24.59%,1348,11.93%,2840,25.13%
"1565","1565.수유사거리",11298,1070,9.47%,1984,17.56%,3013,26.67%
"2091","2091. 이수역9번출구",11298,891,7.89%,2418,21.40%,2856,25.28%
"552","552. 대림아크로리버 앞",11289,1315,11.65%,1589,14.08%,3234,28.65%
"2012","2012. 대림사거리(동작상떼빌아파트)",11287,1584,14.03%,2116,18.75%,2790,24.72%
"4208","4208. 스타벅스(동교동) 앞",11283,421,3.73%,3166,28.06%,2910,25.79%
"739","739. 신월사거리",11282,2109,18.69%,1602,14.20%,2119,18.78%
"2511","2511. 이수역 6번출구 앞",11265,1811,16.08%,2285,20.28%,2582,22.92%
"4887","4887. 호돌이상가",11260,2037,18.09%,2241,19.90%,2664,23.66%
"4427","4427. 동일하이빌뉴시티",11259,1294,11.49%,2001,17.77%,3057,27.15%
"762","762. 오목로 무중력지대 앞",11248,636,5.65%,2274,20.22%,3333,29.63%
"182","182. 망원2빗물펌프장 앞",11246,1123,9.99%,1749,15.55%,4140,36.81%
"2324","2324. 천주교 대치 2동 교회 옆",11226,1004,8.94%,2326,20.72%,3050,27.17%
"984","984.상신초등학교앞 버스정류장",11224,2153,19.18%,1375,12.25%,3008,26.80%
"752","752. 성원2차 아파트",11184,2798,25.02%,1577,14.10%,2800,25.04%
"4138","4138. 조일빌딩 앞",11177,2518,22.53%,1969,17.62%,2575,23.04%
"2191","2191.대학동주민센터",11176,1357,12.14%,1618,14.48%,3067,27.44%
"346","346. 맥스타일 앞",11168,564,5.05%,2128,19.05%,2346,21.01%
"2179","2179. 양녕로 입구",11162,993,8.90%,1754,15.71%,3398,30.44%
"1722","1722. 창동청소년수련관",11154,1833,16.43%,1632,14.63%,2116,18.97%
"2409","2409. 역삼동 디오슈페리움 (우성아파트 사거리)",11139,1073,9.63%,2827,25.38%,2203,19.78%
"3587","3587.우성식품 앞",11133,2354,21.14%,1381,12.40%,2869,25.77%
"743","743. 현대6차아파트 101동 옆",11126,1953,17.55%,1587,14.26%,1964,17.65%
"2603","2603. 송파 글마루 도서관",11110,1838,16.54%,1425,12.83%,2820,25.38%
"4406","4406. 장곡초등학교 앞",11107,1700,15.31%,1396,12.57%,2817,25.36%
"300","300. 정동사거리",11090,2584,23.30%,2247,20.26%,1918,17.29%
"4643","4643. 한가람아파트 앞",11069,910,8.22%,1700,15.36%,4109,37.12%
"4062","4062. 평화도봉공원 주변",11042,1443,13.07%,1909,17.29%,2939,26.62%
"4803","4803. 상봉2동 주민센터 앞",11038,1768,16.02%,1670,15.13%,2675,24.23%
"2823","2823.중앙유통단지 앞",11029,820,7.43%,3659,33.18%,1326,12.02%
"519","519. 양지사거리",11022,1748,15.86%,2238,20.30%,2566,23.28%
"5314","5314. 월계1동주민센터 앞",11017,1364,12.38%,1703,15.46%,2707,24.57%
"4224","4224. 서부운전면허시험장",11013,2173,19.73%,1665,15.12%,2341,21.26%
"6190","6190.마곡광장(마곡나루역 6번출구)",11011,3376,30.66%,2455,22.30%,2037,18.50%
"3803","3803. 남서울중학교",11009,1962,17.82%,1550,14.08%,2716,24.67%
"2819","2819.하늘숲초등학교 앞",11000,2825,25.68%,1541,14.01%,2398,21.80%
"537","537. 한양대후문역 부근",10996,1034,9.40%,1611,14.65%,3082,28.03%
"1961","1961. 신도림테크노근린공원",10996,1416,12.88%,3794,34.50%,2365,21.51%
"852","852. 청암자이아파트 앞",10973,1737,15.83%,1842,16.79%,3256,29.67%
"2415","2415.한티역 롯데백화점 앞",10961,848,7.74%,2185,19.93%,3035,27.69%
"1322","1322. 래미안라센트아파트 103동 앞",10956,2531,23.10%,997,9.10%,2804,25.59%
"3628","3628. 역삼1동 주민센터",10955,891,8.13%,2767,25.26%,2348,21.43%
"5076","5076. 메이필드호텔앞",10944,689,6.30%,5856,53.51%,1141,10.43%
"5876","5876. 에이스하이테크시티 4동 앞",10934,516,4.72%,4514,41.28%,1435,13.12%
"4520","4520. 대성유니드아파트",10927,2279,20.86%,1598,14.62%,2696,24.67%
"3417","3417.창신3동주민센터",10906,2036,18.67%,1405,12.88%,2536,23.25%
"2633","2633.송파학사 옆",10898,1855,17.02%,1553,14.25%,3564,32.70%
"2410","2410. 포스코피앤에스타워 (역삼역 3번출구 부근)",10872,1430,13.15%,3111,28.61%,1705,15.68%
"1068","1068.명일파출소",10866,1150,10.58%,2028,18.66%,2710,24.94%
"2175","2175. 신림동걷고싶은문화의거리입구",10858,729,6.71%,1498,13.80%,3124,28.77%
"1806","1806. 에이스하이엔드타워9차 앞",10856,1272,11.72%,5238,48.25%,1307,12.04%
"817","817. 삼각지역 4번출구 앞",10850,1967,18.13%,1479,13.63%,3023,27.86%
"2920","2920.상계중학교(당현2교사거리)",10848,1364,12.57%,1691,15.59%,3177,29.29%
"1016","1016. 해뜨는 주유소옆 리엔파크 109동앞",10841,1754,16.18%,1745,16.10%,2778,25.62%
"2276","2276. 영동1교 (양재천근린공원)",10831,1189,10.98%,2087,19.27%,3472,32.06%
"2206","2206. 언남초등학교 앞",10816,2720,25.15%,1695,15.67%,2301,21.27%
"4084","4084. 도봉동실내스포츠센터",10806,1602,14.83%,1596,14.77%,2620,24.25%
"1916","1916. 구로중학교앞",10796,2179,20.18%,1678,15.54%,2727,25.26%
"485","485.서울역5번출구",10784,1872,17.36%,2855,26.47%,2090,19.38%
"3812","3812. KT관악지점",10780,1390,12.89%,1380,12.80%,2848,26.42%
"5090","5090. 대상연구소",10772,464,4.31%,5631,52.27%,977,9.07%
"5329","5329. 상계주공15단지 1509동 앞",10750,2337,21.74%,1489,13.85%,2445,22.74%
"3529","3529. 어린이대공원정문",10747,1499,13.95%,1931,17.97%,3072,28.58%
"4226","4226. 마포프레스티지자이 1",10746,2721,25.32%,1484,13.81%,2577,23.98%
"2912","2912.대진고등학교",10737,781,7.27%,1611,15.00%,3357,31.27%
"3516","3516. 구의아리수정수센터앞",10725,3066,28.59%,1211,11.29%,2630,24.52%
"1639","1639. 희성오피앙",10723,1556,14.51%,1770,16.51%,2952,27.53%
"4791","4791. 명동역9번 출구",10705,1696,15.84%,2087,19.50%,2666,24.90%
"828","828. 숙대입구역 8번",10703,888,8.30%,1905,17.80%,2899,27.09%
"1395","1395.래미안장위포레카운티(102동)",10703,2094,19.56%,1425,13.31%,3073,28.71%
"1514","1514. 강북구청 사거리 버스정류소 앞",10688,839,7.85%,1836,17.18%,2647,24.77%
"4211","4211. 시석빌딩 앞",10687,294,2.75%,1956,18.30%,3733,34.93%
"1196","1196. 서울식물원(문화센터) 건너편",10682,1993,18.66%,4003,37.47%,1250,11.70%
"2082","2082.7호선 이수역7번출구",10674,1100,10.31%,2286,21.42%,2538,23.78%
"836","836. 현대자동차서비스 앞",10669,663,6.21%,2554,23.94%,3439,32.23%
"1690","1690. 도봉운전면허시험장 버스정류장 옆",10666,1322,12.39%,1770,16.59%,2329,21.84%
"673","673.안암골벽산아파트(후문)",10658,1297,12.17%,1722,16.16%,2742,25.73%
"5335","5335. 하계역 1번 출구",10653,924,8.67%,2455,23.05%,2601,24.42%
"445","445.대한상공회의소",10651,920,8.64%,3851,36.16%,1232,11.57%
"301","301. 경복궁역 7번출구 앞",10633,2191,20.61%,1361,12.80%,2388,22.46%
"5894","5894.영등포세무서",10628,963,9.06%,3169,29.82%,1964,18.48%
"3425","3425.광화문 풍림스페이스본 1단지앞",10620,2696,25.39%,1307,12.31%,2423,22.82%
"5775","5775. 가락시장역 5번출구",10615,1435,13.52%,2442,23.01%,1987,18.72%
"4008","4008. 하계 어린이 공원",10586,1971,18.62%,1538,14.53%,2815,26.59%
"1526","1526. 강북종합시장 앞",10582,1418,13.40%,1343,12.69%,2797,26.43%
"379","379. 서울역9번출구",10565,1466,13.88%,2535,23.99%,2365,22.39%
"3985","3985. 디폴리스 지식산업센터",10542,811,7.69%,5841,55.41%,1195,11.34%
"464","464. 삼청동 골목",10526,1531,14.54%,1609,15.29%,2274,21.60%
"586","586. 마장동 주민센터",10523,2800,26.61%,928,8.82%,2728,25.92%
"637","637. KAIST 경영대학 앞",10510,846,8.05%,2163,20.58%,2281,21.70%
"4636","4636. 용산구꿈나무종합타운 앞",10501,1311,12.48%,1817,17.30%,2757,26.25%
"640","640. 동대문경찰서 교차로",10493,2091,19.93%,1665,15.87%,2469,23.53%
"506","506. 금호 어울림 아파트 앞",10487,687,6.55%,4286,40.87%,1873,17.86%
"4350","4350.누리숲어린이공원 앞",10485,1425,13.59%,2005,19.12%,2728,26.02%
"3547","3547.상왕십리역 6번 출입구",10469,911,8.70%,2272,21.70%,2758,26.34%
"2547","2547. 반포래미안 리오센트",10468,1750,16.72%,1832,17.50%,2869,27.41%
"5328","5328.롯데캐슬시그니처아파트 앞",10466,1967,18.79%,1556,14.87%,2519,24.07%
"441","441.염천교사거리",10454,1450,13.87%,3685,35.25%,1005,9.61%
"1302","1302. 한성대입구역6번출구 뒤",10454,1943,18.59%,1529,14.63%,2549,24.38%
"128","128. 신촌역(2호선) 1번출구 옆",10442,1054,10.09%,2366,22.66%,2562,24.54%
"4576","4576.보라매sk뷰 108동 앞",10440,2723,26.08%,1262,12.09%,2468,23.64%
"2105","2105. 미성동 신림체육센터",10436,1783,17.09%,1248,11.96%,2631,25.21%
"4545","4545. 청소년음악센터",10422,1450,13.91%,1064,10.21%,2479,23.79%
"3801","3801. 이랜드글로벌R&D센터",10415,360,3.46%,5728,55.00%,863,8.29%
"1145","1145. 곰달래 문화복지센터 B",10410,1278,12.28%,1355,13.02%,2927,28.12%
"1930","1930. 개봉지구대 개봉치안센터",10408,2279,21.90%,1329,12.77%,2506,24.08%
"461","461. 서울경찰청",10395,2443,23.50%,1763,16.96%,1960,18.86%
"3718","3718. 번동3단지 버스정류장",10377,997,9.61%,1941,18.70%,2859,27.55%
"1469","1469.먹골역 4번출구",10370,1350,13.02%,1881,18.14%,2691,25.95%
"1540","1540. 가오리역",10362,1288,12.43%,1715,16.55%,2852,27.52%
"1332","1332. 석계역 5번출구 건너편",10358,985,9.51%,1731,16.71%,2857,27.58%
"5318","5318. 극동의 푸른별 아파트 뒤(중계4동주민센터 앞)",10356,2496,24.10%,1031,9.96%,2215,21.39%
"1339","1339. 삼성전자서비스 성북센터",10355,1553,15.00%,1554,15.01%,2545,24.58%
"5506","5506. 월드컵참누리아파트",10353,2442,23.59%,1389,13.42%,2710,26.18%
"3505","3505. 신양초교앞 교차로",10351,1072,10.36%,1524,14.72%,3006,29.04%
"5764","5764. 한국체육대학교",10341,649,6.28%,2224,21.51%,3036,29.36%
"3786","3786. 강서힐스테이트 상가 앞",10332,1328,12.85%,1668,16.14%,2734,26.46%
"1468","1468.먹골역 7번 출구",10327,1107,10.72%,1673,16.20%,2745,26.58%
"6176","6176. 유광사 여성병원 앞",10313,1570,15.22%,1624,15.75%,2700,26.18%
"526","526. 용답토속공원 앞",10309,1794,17.40%,3701,35.90%,1148,11.14%
"2315","2315. 봉은사역 5번출구 옆",10303,1364,13.24%,2994,29.06%,2197,21.32%
"1464","1464.중화역 4번출구",10298,1051,10.21%,1827,17.74%,2834,27.52%
"4463","4463. 방이역 2번 출구",10239,1876,18.32%,1638,16.00%,2585,25.25%
"6178","6178. 마스터밸류에이스 지식산업센터",10230,680,6.65%,3176,31.05%,2264,22.13%
"1869","1869.롯데캐슬골드파크3차 301동 앞",10226,3199,31.28%,1103,10.79%,1981,19.37%
"2655","2655.송이공원",10223,1777,17.38%,1514,14.81%,2863,28.01%
"115","115. 마스타 빌딩 앞",10221,1155,11.30%,1493,14.61%,2785,27.25%
"440","440. 하늘공원 입구",10210,273,2.67%,1736,17.00%,4993,48.90%
"3558","3558.마장동 금호어울림APT앞",10192,1433,14.06%,1425,13.98%,2894,28.39%
"4269","4269. 연희IC 남측",10190,1065,10.45%,1602,15.72%,2906,28.52%
"4826","4826. 홈플러스 면목점",10181,1627,15.98%,1398,13.73%,2562,25.16%
"782","782.서남병원 후문",10178,2512,24.68%,1692,16.62%,2245,22.06%
"191","191. 서우빌딩",10164,1983,19.51%,1217,11.97%,2536,24.95%
"3103","3103. 홍제삼거리 북측",10152,1319,12.99%,1557,15.34%,2822,27.80%
"1217","1217. 송파파인타운 7단지",10147,1311,12.92%,1766,17.40%,2726,26.87%
"3207","3207.양남사거리1",10140,1412,13.93%,2693,26.56%,1765,17.41%
"3520","3520. 광진경찰서",10109,2191,21.67%,1352,13.37%,2419,23.93%
"4860","4860. 가락쌍용2차아파트 103동",10107,1376,13.61%,1873,18.53%,2869,28.39%
"3815","3815. 광일빌딩",10089,1862,18.46%,1111,11.01%,2831,28.06%
"4123","4123. 배봉초교 교차로",10082,1593,15.80%,2240,22.22%,2472,24.52%
"3123","3123.DMC파크뷰자이1단지 110동 앞",10077,2055,20.39%,1308,12.98%,2924,29.02%
"353","353. 재동초교 앞 삼거리",10076,875,8.68%,2186,21.70%,2952,29.30%
"1828","1828. 독산동 한양수자인아파트 앞",10066,2855,28.36%,1272,12.64%,2138,21.24%
"4320","4320. 비석공원",10056,1227,12.20%,2374,23.61%,2755,27.40%
"925","925. 불광역 2번출구",10055,793,7.89%,2188,21.76%,2535,25.21%
"122","122. 신성기사식당 앞",10037,1717,17.11%,1521,15.15%,2700,26.90%
"1719","1719. 신도봉사거리 버스정류장",10031,1561,15.56%,1797,17.91%,2529,25.21%
"2606","2606. 위례동주민센터",10029,2024,20.18%,1898,18.93%,2531,25.24%
"4133","4133.래미안허브리츠아파트 앞",10028,1552,15.48%,1765,17.60%,2496,24.89%
"2390","2390. 구룡마을 입구 (래미안블레스티지 아파트)",10020,1855,18.51%,1241,12.39%,2676,26.71%
"5342","5342. 상계공원 입구",10017,2193,21.89%,1245,12.43%,2664,26.59%
"4367","4367. kt 행당빌딩 앞",10010,1030,10.29%,1579,15.77%,2705,27.02%
"344","344. 성균관대 E하우스 앞",10002,1760,17.60%,1323,13.23%,2354,23.54%
"2212","2212.서초현대4차아파트 201동 맞은편",9986,2077,20.80%,1275,12.77%,2695,26.99%
"520","520. 상왕십리역 4번 출구 앞",9981,1514,15.17%,1913,19.17%,2225,22.29%
"3311","3311.서울대입구역 4번 출구",9954,579,5.82%,2076,20.86%,2585,25.97%
"4146","4146.이삭어린이공원",9952,1723,17.31%,1877,18.86%,2596,26.09%
"1429","1429. 장안중학교",9947,1158,11.64%,1578,15.86%,2622,26.36%
"1734","1734. 쌍문현대1차아파트 108동 앞",9945,2322,23.35%,1081,10.87%,2697,27.12%
"2089","2089.사당역10번출구(금강빌딩)",9939,1073,10.80%,1608,16.18%,2582,25.98%
"387","387. 훈련원공원주차장 앞",9927,996,10.03%,2209,22.25%,2239,22.55%
"4025","4025. 한천교 동편",9920,1066,10.75%,1427,14.39%,3309,33.36%
"4147","4147.청량리역광장",9912,1220,12.31%,1948,19.65%,2715,27.39%
"4370","4370. 성동교 사거리",9904,494,4.99%,3407,34.40%,1979,19.98%
"2550","2550.양재동 꽃시장 건너편",9901,1565,15.81%,2487,25.12%,1983,20.03%
"1403","1403. 중화빌딩 앞 (동부시장)",9897,685,6.92%,1931,19.51%,2877,29.07%
"4573","4573. 두산위브아파트",9880,3008,30.45%,1231,12.46%,2651,26.83%
"4653","4653. 불광역 9번 출구 맞은편",9873,969,9.81%,1637,16.58%,2490,25.22%
"1170","1170. 강서구보건소",9850,1188,12.06%,1518,15.41%,2471,25.09%
"4105","4105. 서울교통공사사거리 교통섬",9847,1612,16.37%,2559,25.99%,1634,16.59%
"5753","5753. 호반써밋",9845,1781,18.09%,1670,16.96%,2502,25.41%
"4603","4603. 한강GS에클라트 건너편 교통섬",9841,1726,17.54%,2181,22.16%,2232,22.68%
"2241","2241.양재전화국 사거리",9826,1373,13.97%,2473,25.17%,2396,24.38%
"2420","2420.학여울역 사거리(LG베스트샵 앞)",9816,3061,31.18%,1915,19.51%,2288,23.31%
"4846","4846. 상봉동양엔파트 앞",9795,1245,12.71%,1243,12.69%,2487,25.39%
"5759","5759. 풍납근린공원",9784,1015,10.37%,2093,21.39%,2599,26.56%
"5330","5330. 구립수락노인종합복지관",9782,2005,20.50%,1579,16.14%,2344,23.96%
"4212","4212. 한화오벨리스크 앞",9776,2395,24.50%,1255,12.84%,2500,25.57%
"4117","4117. 휘경119안전센터 앞",9765,1174,12.02%,1795,18.38%,2551,26.12%
"285","285. 콤텍시스템 앞",9747,1184,12.15%,2426,24.89%,2180,22.37%
"408","408. LG CNS앞",9744,719,7.38%,3442,35.32%,1133,11.63%
"1553","1553.서울북부고용노동지청",9738,1182,12.14%,1519,15.60%,2695,27.68%
"105","105. 합정역 5번출구 앞",9733,548,5.63%,2061,21.18%,2892,29.71%
"1340","1340. 광운초등학교 앞",9728,3044,31.29%,1121,11.52%,2141,22.01%
"4710","4710. 자교교회 앞",9727,1790,18.40%,1387,14.26%,2541,26.12%
"3420","3420. 성균관대입구 사거리 B",9725,894,9.19%,1605,16.50%,2597,26.70%
"4485","4485. 잠실나루역 고가하부",9718,784,8.07%,2251,23.16%,2635,27.11%
"617","617. 청솔우성아파트 앞",9715,2428,24.99%,951,9.79%,2444,25.16%
"4689","4689. 은평서해그랑블아파트앞",9707,2158,22.23%,1282,13.21%,2513,25.89%
"4962","4962.고덕비즈밸리 디엠스퀘어 앞",9689,197,2.03%,4658,48.08%,1239,12.79%
"195","195. 모래내고가차도",9683,1704,17.60%,1258,12.99%,2543,26.26%
"3552","3552.서울숲 공영주차장앞",9673,216,2.23%,1498,15.49%,4636,47.93%
"6180","6180.양천향교역 3번출구",9660,1888,19.54%,1775,18.37%,2287,23.67%
"1833","1833. 독산역 1번출구 A",9657,3034,31.42%,1477,15.29%,1766,18.29%
"5313","5313. 중계주공2단지 앞",9656,1362,14.11%,1235,12.79%,2918,30.22%
"156","156. 서울서부지방법원 앞",9651,1038,10.76%,2370,24.56%,2059,21.33%
"3707","3707. 드래곤타워 앞",9643,1627,16.87%,1441,14.94%,2431,25.21%
"430","430. 장충동먹자골목 앞",9620,1379,14.33%,1841,19.14%,2183,22.69%
"3963","3963. 에이스 하드웨어(시흥대로 396) 앞",9611,2718,28.28%,1320,13.73%,1977,20.57%
"251","251. 서울지방병무청 버스정류장",9599,1083,11.28%,1674,17.44%,2483,25.87%
"2514","2514.사평역 2번출구",9591,1838,19.16%,1825,19.03%,2265,23.62%
"2654","2654.올림픽선수촌아파트 136동 앞",9591,1537,16.03%,1408,14.68%,2453,25.58%
"394","394. 경희궁 자이 3단지",9589,2807,29.27%,2101,21.91%,1599,16.68%
"5310","5310. 목련아파트",9588,2434,25.39%,1202,12.54%,1938,20.21%
"2427","2427.개포고등학교 정문앞",9584,1364,14.23%,1590,16.59%,2423,25.28%
"3816","3816. 관악 GSfresh",9580,2065,21.56%,1387,14.48%,2331,24.33%
"982","982. 녹번초등학교(서오릉로)",9574,1515,15.82%,1519,15.87%,2491,26.02%
"5758","5758. 올림픽선수기자촌아파트 123동 근처",9566,1438,15.03%,1224,12.80%,2790,29.17%
"390","390. 충무로역 1번출구",9565,990,10.35%,2310,24.15%,1991,20.82%
"3551","3551.성동도로사업소",9564,659,6.89%,2782,29.09%,1166,12.19%
"4274","4274. 신촌 파랑고래 입구",9558,517,5.41%,1512,15.82%,2853,29.85%
"332","332. 을지로2가 사거리 남측",9537,1646,17.26%,1985,20.81%,1344,14.09%
"4544","4544.경창시장",9529,2335,24.50%,1555,16.32%,2191,22.99%
"4902","4902. 구역삼세무서 교차로",9528,1344,14.11%,2687,28.20%,1480,15.53%
"4842","4842. 면목라온프라이빗 아파트",9522,2441,25.64%,1008,10.59%,2541,26.69%
"1060","1060. 천일초교 사거리",9520,1345,14.13%,1671,17.55%,2550,26.79%
"1659","1659. 중계동 을지중학교",9519,1459,15.33%,1078,11.32%,2699,28.35%
"930","930. 구 서부경찰서 건너편",9508,1575,16.56%,1853,19.49%,2415,25.40%
"1560","1560. 도봉세무서 앞",9499,804,8.46%,1688,17.77%,2463,25.93%
"813","813. 삼각지역 3번출구",9498,646,6.80%,1376,14.49%,3135,33.01%
"5067","5067. 주원 리젠트 앞",9497,2241,23.60%,1083,11.40%,2209,23.26%
"3543","3543. 세종대학교(학술정보원)",9494,376,3.96%,2211,23.29%,1540,16.22%
"1247","1247. 문정 법조단지11",9491,1028,10.83%,2139,22.54%,2565,27.03%
"2301","2301. 현대고등학교 건너편",9467,412,4.35%,1962,20.72%,3231,34.13%
"4216","4216. 망원정 앞",9464,2155,22.77%,1398,14.77%,2801,29.60%
"2170","2170. 조원동 강남힐병원",9463,2303,24.34%,1060,11.20%,2469,26.09%
"714","714. 한국SGI 양천문화회관 앞",9460,2177,23.01%,1545,16.33%,2216,23.42%
"452","452. 동대문 종합시장 버스정류장",9452,1184,12.53%,1748,18.49%,2034,21.52%
"4552","4552. 코레일유통본사",9434,1832,19.42%,2594,27.50%,915,9.70%
"4175","4175. 대방역2번출구",9432,1092,11.58%,1870,19.83%,2213,23.46%
"2009","2009. 보라매역 8번출구",9423,890,9.44%,1704,18.08%,2511,26.65%
"1402","1402. 금란주차장 앞",9420,1400,14.86%,1204,12.78%,2439,25.89%
"1976","1976. 남구로역 5번 출입구 앞",9419,2051,21.78%,1682,17.86%,1617,17.17%
"3912","3912. 삼호아파트 앞",9413,1021,10.85%,1337,14.20%,2545,27.04%
"4423","4423.현대백화점 미아점",9390,1784,19.00%,1101,11.73%,2872,30.59%
"950","950. 구산역 2번 출구 예일여고 버스정류장",9349,1275,13.64%,1531,16.38%,2671,28.57%
"1750","1750. 창포원 남쪽 입구",9348,613,6.56%,1554,16.62%,3072,32.86%
"4095","4095. 방학브라운스톤아파트",9336,1363,14.60%,1457,15.61%,2288,24.51%
"3618","3618. 서울율현초교 삼거리",9317,1681,18.04%,1457,15.64%,2339,25.10%
"750","750. 연의근린공원 건너편",9314,2661,28.57%,1127,12.10%,2242,24.07%
"4518","4518. 청기와빌딩",9312,1617,17.36%,1612,17.31%,2399,25.76%
"1239","1239. 문정 법조단지3",9309,2090,22.45%,2281,24.50%,1869,20.08%
"4104","4104. 외대앞역 교차로",9308,956,10.27%,1557,16.73%,2669,28.67%
"720","720. 서울강월초등학교 앞",9294,1489,16.02%,1323,14.23%,2409,25.92%
"1336","1336. 성북3교 위",9284,1781,19.18%,1180,12.71%,2449,26.38%
"591","591. 건국대학교 (행정관)",9278,456,4.91%,1929,20.79%,1211,13.05%
"4800","4800. 필동 삼거리",9271,1050,11.33%,2026,21.85%,1473,15.89%
"3008","3008.DMC역7번출구",9268,2889,31.17%,2232,24.08%,1180,12.73%
"1437","1437. 늘푸른공원 앞",9265,1697,18.32%,1558,16.82%,2273,24.53%
"1139","1139. 용문사 버스정류장",9264,2153,23.24%,1078,11.64%,2007,21.66%
"1346","1346. 길음8골어린이공원 옆",9259,1622,17.52%,1045,11.29%,2491,26.90%
"1754","1754. 창동시장입구 사거리",9259,816,8.81%,1569,16.95%,2525,27.27%
"4329","4329. SC제일은행 양재동지점 앞",9240,2064,22.34%,2071,22.41%,1776,19.22%
"1289","1289. 풍납토성 서성벽터B",9227,1574,17.06%,2095,22.71%,1993,21.60%
"665","665.이문동 쌍용아파트 정문",9226,2081,22.56%,1152,12.49%,2591,28.08%
"2317","2317. 삼성도로공원",9213,520,5.64%,2407,26.13%,2780,30.17%
"1454","1454. 한국전력공사(동대문 중랑지사)",9207,1348,14.64%,1325,14.39%,2289,24.86%
"2353","2353. 강남구청역 2번출구 뒤",9206,930,10.10%,2476,26.90%,2023,21.97%
"282","282. 신한은행 대림동지점",9204,1377,14.96%,1384,15.04%,2309,25.09%
"4116","4116. 이문e편한세상아파트 앞",9167,1525,16.64%,1549,16.90%,2320,25.31%
"4640","4640. 원효로2가 교차로",9166,1299,14.17%,1675,18.27%,2442,26.64%
"3115","3115.북아현 치안센터 인근",9164,2018,22.02%,998,10.89%,2565,27.99%
"1214","1214. 오금역 7번 출구 인근",9156,1963,21.44%,1402,15.31%,1951,21.31%
"391","391. 시립미술관",9137,1481,16.21%,2308,25.26%,1697,18.57%
"2389","2389. 경기여자고등학교 후문 (삼성로3길 입구)",9128,1908,20.90%,1146,12.55%,2366,25.92%
"4394","4394.서울시립24시간게스트하우스",9128,874,9.57%,3187,34.91%,1648,18.05%
"5152","5152.이스트폴 105동 방면 입구",9114,1318,14.46%,1434,15.73%,2696,29.58%
"2237","2237.서울남부터미널 대합실 입구",9111,1176,12.91%,2424,26.61%,2111,23.17%
"2652","2652.송파 레미니스1단지 102동 앞",9108,2143,23.53%,1617,17.75%,2187,24.01%
"2325","2325. 대치삼성아파트 앞 교차로",9105,548,6.02%,1717,18.86%,2595,28.50%
"3956","3956. 대륭테크노타운21차 앞",9103,1137,12.49%,3110,34.16%,1611,17.70%
"3104","3104. e편한세상 신촌4단지 앞",9099,1249,13.73%,1289,14.17%,2387,26.23%
"1993","1993. 금강수목원아파트 앞",9097,1867,20.52%,1362,14.97%,2186,24.03%
"1300","1300. 오륜사거리",9093,1687,18.55%,1578,17.35%,2612,28.73%
"733","733. 신정이펜하우스314동",9088,1885,20.74%,1254,13.80%,2376,26.14%
"2250","2250. 서초유치원 맞은편",9081,1511,16.64%,1457,16.04%,2442,26.89%
"1532","1532. 번3동 주민센터 교차로",9072,1468,16.18%,1631,17.98%,2339,25.78%
"4951","4951. 강동농협 버스정류소 앞(광채빌라)",9065,1719,18.96%,1431,15.79%,2465,27.19%
"2271","2271. 내방역 8번출구 앞",9062,956,10.55%,1910,21.08%,2342,25.84%
"1425","1425. 신성미소지움아파트",9059,1328,14.66%,1211,13.37%,1657,18.29%
"4035","4035. 휴플러스 수락한신아파트 101동 앞",9059,2095,23.13%,1116,12.32%,2556,28.22%
"2242","2242.양재역 10번 출구 앞",9041,2159,23.88%,2033,22.49%,1583,17.51%
"1159","1159. 서서울모터리움 앞",9038,732,8.10%,3412,37.75%,1179,13.04%
"3753","3753. 공항중학교 버스정류장",9033,2469,27.33%,1355,15.00%,1942,21.50%
"2524","2524.반포쇼핑타운 8동 앞",9018,524,5.81%,1806,20.03%,2560,28.39%
"1391","1391.성북청소년센터",9017,1503,16.67%,1104,12.24%,2543,28.20%
"2156","2156. 신림푸르지오아파트",9013,1843,20.45%,1265,14.04%,2263,25.11%
"2215","2215. 반포종합운동장 입구",9002,871,9.68%,1207,13.41%,2637,29.29%
"3686","3686. 고덕 래미안 힐스테이트(101동)",8999,1789,19.88%,1127,12.52%,2538,28.20%
"607","607. 신이문역 2번출구",8992,1197,13.31%,2026,22.53%,2032,22.60%
"1862","1862.MD호텔 앞",8984,2911,32.40%,1377,15.33%,1619,18.02%
"4923","4923.수협대치동지점",8982,1233,13.73%,1824,20.31%,2436,27.12%
"4408","4408. 돌곶이역 앞",8978,710,7.91%,2276,25.35%,1890,21.05%
"5864","5864.장훈고 앞",8976,2125,23.67%,880,9.80%,1887,21.02%
"395","395. 경희궁 자이 2단지",8959,2892,32.28%,1248,13.93%,1954,21.81%
"1527","1527. 미아역 1번 출구 뒤",8959,1195,13.34%,1413,15.77%,2212,24.69%
"1727","1727. 서울도봉초등학교인근",8955,1377,15.38%,1098,12.26%,2616,29.21%
"628","628. 휘봉고등학교 앞",8945,1338,14.96%,1205,13.47%,2043,22.84%
"2529","2529.우리은행 방배동지점 앞",8930,1057,11.84%,1864,20.87%,2357,26.39%
"948","948. 디지털미디어 시티역 4번출구(DMC역)",8913,1130,12.68%,2745,30.80%,1818,20.40%
"3130","3130.가재울사거리",8912,2134,23.95%,1147,12.87%,2248,25.22%
"2095","2095.경문고등학교 앞",8907,1612,18.10%,1140,12.80%,2161,24.26%
"4341","4341. 영동1교 북단",8906,1205,13.53%,1789,20.09%,2753,30.91%
"5782","5782. 오금현대 아파트 상가입구 앞",8897,1133,12.73%,1919,21.57%,2113,23.75%
"4040","4040. 공릉로 26길",8893,1217,13.68%,962,10.82%,2753,30.96%
"126","126. 서강대 후문 옆",8883,704,7.93%,1617,18.20%,1677,18.88%
"2820","2820.신세기아파트 앞",8875,2585,29.13%,1200,13.52%,2087,23.52%
"676","676.FITI시험연구원 앞",8872,1648,18.58%,1263,14.24%,1892,21.33%
"2299","2299. 한전아트센터 앞",8868,2070,23.34%,1685,19.00%,1574,17.75%
"713","713. 양서중학교 옆",8863,1868,21.08%,1268,14.31%,1931,21.79%
"2266","2266. 서초역 3번출구",8862,1422,16.05%,2016,22.75%,2154,24.31%
"3122","3122.북가좌삼거리2",8861,2153,24.30%,1071,12.09%,2286,25.80%
"3412","3412.세운상가",8854,1245,14.06%,1825,20.61%,1567,17.70%
"960","960. 구파발역 환승센터",8850,340,3.84%,2495,28.19%,1830,20.68%
"1228","1228. 마천사거리",8831,1843,20.87%,1288,14.58%,2465,27.91%
"809","809. 한남 유수지 복개주차장",8820,669,7.59%,1857,21.05%,2597,29.44%
"652","652. 답십리 래미안엘파인아파트 입구",8782,2403,27.36%,1118,12.73%,2225,25.34%
"4847","4847. 신내역시티프라디움 앞",8766,910,10.38%,1219,13.91%,2093,23.88%
"4639","4639. 동빙고근린공원",8758,545,6.22%,1316,15.03%,3960,45.22%
"1936","1936. 개봉역 1번 출구 자전거보관서쪽",8757,1541,17.60%,1995,22.78%,1971,22.51%
"3129","3129.DMC래미안e편한세상203동옆",8749,2276,26.01%,1148,13.12%,2210,25.26%
"2293","2293. SPC 앞",8738,985,11.27%,2302,26.34%,1821,20.84%
"820","820. 청파동입구 교차로",8737,1313,15.03%,1851,21.19%,1919,21.96%
"4835","4835. 망우동 본죽 앞",8724,1776,20.36%,988,11.33%,2221,25.46%
"4202","4202. 프런트원(공덕역4번출구 앞)",8719,1061,12.17%,1967,22.56%,1797,20.61%
"3903","3903. 현대아파트 앞",8714,2009,23.05%,1480,16.98%,2102,24.12%
"903","903. 은평뉴타운 아이파크",8710,1712,19.66%,1122,12.88%,2254,25.88%
"775","775.세종그랑시아 앞(102동)",8702,1270,14.59%,1173,13.48%,2315,26.60%
"3986","3986.청년주택 독산동점",8700,3447,39.62%,957,11.00%,1888,21.70%
"1641","1641. 한내근린공원 남측",8688,1264,14.55%,1482,17.06%,2544,29.28%
"2657","2657.송파 파인타운 11단지",8682,1557,17.93%,939,10.82%,2349,27.06%
"2712","2712.화곡터널입구교차로",8678,1392,16.04%,1165,13.42%,2419,27.88%
"2394","2394. 개포래미안포레스트아파트 107동 앞",8675,2380,27.44%,980,11.30%,2129,24.54%
"2227","2227.방배열린문화센터 앞",8673,1580,18.22%,1826,21.05%,1555,17.93%
"4918","4918. 매봉역 1번출구",8661,1023,11.81%,2113,24.40%,2043,23.59%
"4797","4797. KG타워 앞",8656,1409,16.28%,2280,26.34%,1371,15.84%
"1073","1073. SSTS 몰 앞",8644,1381,15.98%,1092,12.63%,2460,28.46%
"1981","1981. 천왕지구삼거리 앞",8643,2475,28.64%,1081,12.51%,1951,22.57%
"347","347. 동대문역사문화공원역 9번출구 앞",8639,623,7.21%,1590,18.40%,2109,24.41%
"4307","4307. 고투몰 gate 15옆",8638,1350,15.63%,1336,15.47%,2354,27.25%
"3127","3127.홍은2파출소 옆",8637,1173,13.58%,1658,19.20%,2250,26.05%
"1854","1854. 가산아네스트 오피스텔 앞",8633,3068,35.54%,1318,15.27%,1791,20.75%
"1326","1326. 상월곡역 1번출구",8631,1215,14.08%,1193,13.82%,2282,26.44%
"5509","5509.신석초교 앞",8626,1536,17.81%,1234,14.31%,2461,28.53%
"518","518. 청계천 박물관 앞",8614,400,4.64%,3328,38.63%,1725,20.03%
"1628","1628. 노일초등학교 앞",8612,1048,12.17%,1484,17.23%,2156,25.03%
"1671","1671. 인덕대학교",8606,1443,16.77%,1189,13.82%,1730,20.10%
"476","476.광희문",8598,1152,13.40%,1125,13.08%,2180,25.35%
"1564","1564.4.19민주묘지역 1번출구",8598,542,6.30%,1586,18.45%,2401,27.93%
"1290","1290. 위례송파꿈에그린아파트24단지 앞 성벽 다리 밑",8596,2621,30.49%,701,8.15%,2130,24.78%
"666","666.이문대성유니드아파트 앞",8590,825,9.60%,1955,22.76%,2584,30.08%
"1240","1240. 문정 법조단지4",8582,1620,18.88%,1561,18.19%,2119,24.69%
"1420","1420. 신내어울공원 앞",8582,923,10.76%,1905,22.20%,2104,24.52%
"4857","4857. 올림픽공원 장미광장",8580,970,11.31%,1697,19.78%,3040,35.43%
"2631","2631.배명고등학교",8569,1681,19.62%,1217,14.20%,2027,23.66%
"4054","4054. 창동한신아파트 버스정류소",8564,1030,12.03%,1145,13.37%,2338,27.30%
"358","358. 성균관대입구 사거리 A",8562,469,5.48%,1540,17.99%,2403,28.07%
"2245","2245.양재초등학교 맞은편",8554,1300,15.20%,1973,23.07%,2053,24.00%
"4414","4414. 안암역 3번 출구",8553,546,6.38%,1539,17.99%,2252,26.33%
"3642","3642. 강남자곡힐스테이트",8544,1640,19.19%,686,8.03%,2383,27.89%
"2418","2418.봉은사역 7번 출구",8540,1205,14.11%,2499,29.26%,1701,19.92%
"1616","1616. 하계2동 공항버스정류장 옆",8522,938,11.01%,1633,19.16%,2136,25.06%
"2164","2164. 관악우체국",8511,952,11.19%,1178,13.84%,2203,25.88%
"324","324. 신세계백화점 본점 앞",8498,460,5.41%,2419,28.47%,1829,21.52%
"2172","2172. 나들목공원",8479,545,6.43%,1596,18.82%,2797,32.99%
"3643","3643. 더시그넘하우스 앞",8479,1471,17.35%,1511,17.82%,1707,20.13%
"759","759. 보아스아파트 앞",8475,2116,24.97%,1127,13.30%,2075,24.48%
"1839","1839. 수출의 다리 아래",8470,251,2.96%,3505,41.38%,1349,15.93%
"1536","1536. 번동 두산위브 101동 옆",8464,802,9.48%,1329,15.70%,2180,25.76%
"1065","1065.보훈병원 후문옆(더 원커피)",8458,1065,12.59%,1985,23.47%,1736,20.52%
"3694","3694. 강동리엔파크 13단지(1303동 앞)",8452,2321,27.46%,1737,20.55%,1485,17.57%
"4871","4871. 오금동 대림아파트 정문",8441,1132,13.41%,1392,16.49%,2168,25.68%
"188","188. 홍은동 정원여중 입구",8440,1433,16.98%,1395,16.53%,2315,27.43%
"767","767.신정숲속마을아파트",8438,2994,35.48%,927,10.99%,1876,22.23%
"1829","1829. 홈플러스 금천점 앞",8428,1134,13.46%,1660,19.70%,2003,23.77%
"436","436. 이대역 5번출구",8426,656,7.79%,2027,24.06%,2174,25.80%
"5861","5861. 보라주유소 앞",8420,1575,18.71%,1382,16.41%,2046,24.30%
"162","162. 봉원고가차도 밑",8405,1333,15.86%,1389,16.53%,2089,24.85%
"4638","4638. 청파동삼거리 앞",8400,1654,19.69%,873,10.39%,2351,27.99%
"2251","2251. 더케이호텔 입구(양재2)",8399,1133,13.49%,2766,32.93%,1453,17.30%
"811","811. 녹사평역1번출구",8397,769,9.16%,1876,22.34%,2455,29.24%
"2178","2178. 서울대학교 정문",8386,325,3.88%,2243,26.75%,2265,27.01%
"2239","2239.교대역 6번출구",8386,1422,16.96%,1775,21.17%,1468,17.51%
"413","413. 상암월드컵파크 3단지 후문",8371,1359,16.23%,1280,15.29%,2658,31.75%
"3007","3007.MBC 앞",8350,762,9.13%,2926,35.04%,1148,13.75%
"1089","1089.고덕 래미안힐스테이트(201동)",8347,2037,24.40%,863,10.34%,2027,24.28%
"2307","2307. 압구정 한양 3차 아파트",8346,604,7.24%,2032,24.35%,2471,29.61%
"3792","3792. 화곡본동시장 입구",8333,1363,16.36%,1318,15.82%,2023,24.28%
"4931","4931. 디에이치퍼스티어아이파크 124동 앞",8332,1660,19.92%,1080,12.96%,2067,24.81%
"4392","4392. 답십리역 6번출구",8327,1206,14.48%,1965,23.60%,1686,20.25%
"2521","2521.서초 크로바타워 앞",8326,1359,16.32%,1395,16.75%,1937,23.26%
"1256","1256. 문정현대아파트 교차로",8310,1201,14.45%,1559,18.76%,1927,23.19%
"337","337. 창경궁 입구",8296,1331,16.04%,1396,16.83%,1816,21.89%
"971","971. 역촌 센트레빌 아파트",8296,2995,36.10%,623,7.51%,1890,22.78%
"774","774.등촌역 4번 출구",8278,966,11.67%,1506,18.19%,2220,26.82%
"1870","1870.독산3동주민센터 앞",8252,2121,25.70%,1107,13.41%,1790,21.69%
"4073","4073.방아골종합사회복지관",8246,1773,21.50%,975,11.82%,2103,25.50%
"979","979.원풍빌라앞",8245,1920,23.29%,822,9.97%,1869,22.67%
"1367","1367. 길음문화복합미디어센터",8242,1444,17.52%,985,11.95%,2145,26.03%
"1752","1752. 창동 주공 4단지 입구 옆",8239,1494,18.13%,1183,14.36%,2173,26.37%
"4616","4616. 신용산지하차도 앞",8231,1320,16.04%,1568,19.05%,2212,26.87%
"2634","2634.위례포레샤인아파트 정류장",8228,2525,30.69%,787,9.56%,1839,22.35%
"338","338. 세운스퀘어 앞",8226,827,10.05%,2071,25.18%,1303,15.84%
"2360","2360. 도곡1동 주민센터 교차로",8222,1014,12.33%,1977,24.05%,1595,19.40%
"2405","2405. 청담공원앞 교차로",8221,2078,25.28%,1633,19.86%,1539,18.72%
"654","654. 전농동 텃골공원",8217,1380,16.79%,1110,13.51%,2319,28.22%
"1702","1702. 녹천역 1번출구 앞",8217,1813,22.06%,1257,15.30%,2198,26.75%
"5322","5322.노원성당 앞",8216,1931,23.50%,987,12.01%,2318,28.21%
"1368","1368. 성신여대입구 교차로",8213,1391,16.94%,1328,16.17%,1975,24.05%
"4221","4221. 솔리스타오피스텔(공덕동주민센터)",8194,2742,33.46%,821,10.02%,2060,25.14%
"4808","4808. 신내2동 주민센터 앞",8190,547,6.68%,1892,23.10%,1819,22.21%
"142","142. 아현역 4번출구 앞",8186,1594,19.47%,1470,17.96%,1955,23.88%
"1109","1109. 공항시장역 4번출구",8186,1396,17.05%,1165,14.23%,2174,26.56%
"3606","3606. 신사동주민센터 옆",8186,444,5.42%,2141,26.15%,2155,26.33%
"1086","1086.래미안 솔베뉴(구천면로)",8182,1011,12.36%,1270,15.52%,2322,28.38%
"4874","4874. 탄천1교 하부보도",8181,1982,24.23%,1063,12.99%,2222,27.16%
"639","639. 서울시립대 후문",8172,688,8.42%,1396,17.08%,2074,25.38%
"1364","1364. 성북동 치안센터 앞",8161,1592,19.51%,1082,13.26%,1961,24.03%
"709","709. 신정3동 현장민원실 앞",8152,1214,14.89%,1199,14.71%,2057,25.23%
"3655","3655. 둔촌신성미소지움아파트",8131,1503,18.48%,1175,14.45%,2479,30.49%
"121","121. 마포소방서 앞",8118,1320,16.26%,1234,15.20%,2046,25.20%
"3510","3510. 중곡SK아파트앞",8117,1563,19.26%,994,12.25%,2329,28.69%
"1457","1457. 동원사거리",8115,1104,13.60%,1419,17.49%,2014,24.82%
"3545","3545.한양대역 1번출구",8100,575,7.10%,1783,22.01%,1896,23.41%
"3557","3557.서울숲리버뷰자이APT105동 앞",8096,1508,18.63%,897,11.08%,2261,27.93%
"2112","2112. 서울대입구역 마에스트로",8093,633,7.82%,1151,14.22%,2370,29.28%
"2430","2430.강남파이낸스센터앞(역삼역2번출구)",8092,1327,16.40%,1662,20.54%,1558,19.25%
"2319","2319. 포스코사거리 서측(수협 삼성동 지점)",8087,638,7.89%,2851,35.25%,1109,13.71%
"2509","2509. 심산기념문화센터",8080,1717,21.25%,1873,23.18%,1368,16.93%
"4563","4563. 여의도 은하아파트",8077,1472,18.22%,1368,16.94%,2016,24.96%
"3110","3110.홍은 현대아이파크 아파트 202동 앞",8066,1358,16.84%,1200,14.88%,2381,29.52%
"3880","3880. 홍련봉 공원",8066,1620,20.08%,1275,15.81%,2398,29.73%
"4542","4542. 월정초 사거리",8054,2059,25.56%,1143,14.19%,2047,25.42%
"406","406. 상암월드컵파크 7단지 앞",8043,1050,13.05%,1105,13.74%,2345,29.16%
"1472","1472.영성빌딩(PAT)",8036,1047,13.03%,1318,16.40%,1943,24.18%
"4316","4316. 고속터미널역 3번출구",8036,1027,12.78%,2034,25.31%,2131,26.52%
"866","866.브라운스톤 남산아파트",8030,1515,18.87%,1179,14.68%,2306,28.72%
"2328","2328. 르네상스 호텔 사거리 역삼지하보도 7번출구 앞",8030,875,10.90%,1948,24.26%,1605,19.99%
"5321","5321.불암아파트 앞",8023,1150,14.33%,1128,14.06%,2268,28.27%
"4014","4014. 불암산역 3번 출구",8018,1430,17.83%,1112,13.87%,2358,29.41%
"2297","2297. 남부터미널역 1번출구",8015,944,11.78%,1828,22.81%,1934,24.13%
"1751","1751. 창원초등학교 교차로",8008,1350,16.86%,947,11.83%,2171,27.11%
"1266","1266. 문정동 글샘 공원",8006,954,11.92%,1916,23.93%,1898,23.71%
"2362","2362. 신사동 가로수길 입구",8006,494,6.17%,1855,23.17%,2165,27.04%
"322","322. 명동성당 앞",8001,747,9.34%,1844,23.05%,2149,26.86%
"1257","1257. 가락시장역 사거리",8001,2687,33.58%,1385,17.31%,1269,15.86%
"1394","1394.길음뉴타운 래미안9단지",7991,1886,23.60%,1009,12.63%,1988,24.88%
"4246","4246. 상수역새마을금고",7967,633,7.95%,1231,15.45%,2443,30.66%
"4671","4671. 청구성심병원 앞",7956,788,9.90%,1408,17.70%,2216,27.85%
"4462","4462. 가락중학교 앞",7955,905,11.38%,1049,13.19%,2283,28.70%
"2048","2048. 삼일초등학교 인근",7938,1616,20.36%,777,9.79%,1825,22.99%
"2036","2036. 정금마을 마을버스정류장",7936,1054,13.28%,1020,12.85%,2193,27.63%
"536","536. 행당역 2번출구 앞",7933,1558,19.64%,1007,12.69%,2247,28.32%
"1715","1715. 서울특별시교육청도봉도서관",7925,623,7.86%,1163,14.68%,2631,33.20%
"1253","1253. 오금역 3번 출구 뒤",7923,1418,17.90%,1431,18.06%,1705,21.52%
"402","402. 상암월드컵파크 9단지 앞",7921,2195,27.71%,895,11.30%,1905,24.05%
"1551","1551.4.19탑 앞",7912,1118,14.13%,993,12.55%,2367,29.92%
"4306","4306. 서래공원 앞",7906,972,12.29%,1994,25.22%,1617,20.45%
"1057","1057. 능골근린공원",7898,1552,19.65%,1369,17.33%,1512,19.14%
"2263","2263. 바우뫼문화복지회관",7897,1169,14.80%,1580,20.01%,1721,21.79%
"2119","2119. 중앙동 동진빌딩",7892,1422,18.02%,1148,14.55%,1935,24.52%
"4345","4345. 반포역 4번출구",7892,1448,18.35%,1212,15.36%,2329,29.51%
"4580","4580. 국회제2의원회관",7884,780,9.89%,3852,48.86%,247,3.13%
"1474","1474.서울중랑우체국",7882,650,8.25%,1186,15.05%,1677,21.28%
"6188","6188.금호아파트",7874,1229,15.61%,1631,20.71%,1799,22.85%
"1303","1303. 돈암초교 입구",7869,2040,25.92%,1169,14.86%,1784,22.67%
"1654","1654. 당고개입구 오거리",7856,1106,14.08%,1156,14.71%,2317,29.49%
"2320","2320. 도곡역 대치지구대 방향",7851,918,11.69%,1345,17.13%,2186,27.84%
"748","748. 목동운동장",7848,615,7.84%,1902,24.24%,2474,31.52%
"1821","1821. 홈플러스 시흥점 맞은편 다비치안경 앞",7830,1902,24.29%,938,11.98%,2096,26.77%
"3685","3685. 강동리엔파크14단지(1401동 앞)",7817,2016,25.79%,1501,19.20%,1622,20.75%
"4960","4960.고덕비즈밸리 지식산업센터 A",7813,250,3.20%,3579,45.81%,1211,15.50%
"1768","1768.신동아타워 버스정류소",7811,992,12.70%,1333,17.07%,2064,26.42%
"1296","1296. 석촌호수교차로 (송파나루근린공원 앞)",7803,738,9.46%,1313,16.83%,2654,34.01%
"416","416. 상암월드컵파크 1단지 교차로",7799,741,9.50%,2161,27.71%,1727,22.14%
"309","309. 광화문역 6번출구 옆 B",7796,593,7.61%,2755,35.34%,1048,13.44%
"2716","2716.롯데 R&D 센터",7792,404,5.18%,4557,58.48%,400,5.13%
"848","848. 삼각지12번 출구",7791,678,8.70%,1720,22.08%,2244,28.80%
"2145","2145. 은천초등학교 육교",7781,1637,21.04%,895,11.50%,1972,25.34%
"3113","3113. 독립문 앞",7766,2076,26.73%,985,12.68%,2442,31.44%
"904","904. 은평뉴타운 푸르지오",7762,2339,30.13%,747,9.62%,2195,28.28%
"1518","1518. 수유2동은행빌딩 앞",7753,1096,14.14%,1118,14.42%,2045,26.38%
"3918","3918. 이좋은집오피스텔 앞",7752,1084,13.98%,1079,13.92%,2156,27.81%
"349","349. 어린이도서관",7748,1034,13.35%,1279,16.51%,2216,28.60%
"1299","1299. 송파소방서 (방이119안전센터)",7746,1389,17.93%,1129,14.58%,2105,27.18%
"1713","1713. 쌍문동 이안아파트 앞",7736,902,11.66%,1157,14.96%,2014,26.03%
"3523","3523. 건국대학교 과학관(이과대) 앞",7720,302,3.91%,1783,23.10%,796,10.31%
"1405","1405. 망우역 1번출구",7715,1446,18.74%,1428,18.51%,1945,25.21%
"1642","1642. 서울여대 남문",7703,945,12.27%,1174,15.24%,1906,24.74%
"2365","2365. K+ 타워 앞",7696,233,3.03%,1822,23.67%,2061,26.78%
"4009","4009. 월계프라자",7680,1082,14.09%,983,12.80%,1901,24.75%
"4107","4107. 장안동근린공원 입구",7680,816,10.63%,1327,17.28%,2119,27.59%
"954","954. 은평뉴타운구파발9단지",7679,877,11.42%,871,11.34%,2237,29.13%
"177","177. 북가좌 초등학교",7665,1880,24.53%,1055,13.76%,1993,26.00%
"3797","3797. 마곡수명산파크7단지 710동 앞",7659,940,12.27%,1107,14.45%,1855,24.22%
"3211","3211.신길 래미안 프레비뉴",7639,1655,21.67%,955,12.50%,2102,27.52%
"1041","1041. 묘곡초등학교",7638,1400,18.33%,1137,14.89%,1927,25.23%
"4811","4811. 한양수자인아파트 앞",7620,1712,22.47%,749,9.83%,2024,26.56%
"4273","4273. 홍연2교 사거리",7617,1813,23.80%,1224,16.07%,1852,24.31%
"2243","2243.서울가정법원",7604,1709,22.48%,1777,23.37%,1484,19.52%
"129","129. 신촌역(2호선) 6번출구 옆",7588,670,8.83%,1188,15.66%,2028,26.73%
"1772","1772.시립도봉노인복지관 버스정류소",7582,1204,15.88%,935,12.33%,2141,28.24%
"3675","3675. 강동리버스트8단지",7571,1069,14.12%,909,12.01%,2104,27.79%
"864","864.순천향대학병원(한남오거리)",7566,355,4.69%,1958,25.88%,2146,28.36%
"4621","4621. 남산도서관 앞",7553,561,7.43%,1227,16.25%,2140,28.33%
"180","180. 충정로역 7번출구 아래",7543,1075,14.25%,1759,23.32%,1691,22.42%
"2034","2034. 사당역 7번출구쪽",7534,898,11.92%,1415,18.78%,2062,27.37%
"1732","1732. 방학역사거리",7528,1085,14.41%,1247,16.56%,1878,24.95%
"6059","6059. 덕수중학교",7527,1062,14.11%,1658,22.03%,1382,18.36%
"1666","1666. 노원소방서인근",7526,895,11.89%,1146,15.23%,2171,28.85%
"6057","6057. 을지로5가(방산시장)",7523,1317,17.51%,1517,20.16%,1632,21.69%
"5305","5305. 대륜E&S 서울지사 앞",7512,1053,14.02%,979,13.03%,1870,24.89%
"4907","4907. 극동스포츠 앞",7510,881,11.73%,1555,20.71%,2018,26.87%
"1568","1568.4.19민주묘지 입구사거리",7500,834,11.12%,1104,14.72%,2112,28.16%
"2205","2205. 내곡3단지 어린이공원 앞",7486,2309,30.84%,1131,15.11%,1726,23.06%
"776","776.목마공원",7477,773,10.34%,1682,22.50%,1825,24.41%
"660","660. 동의보감타워",7471,1049,14.04%,1314,17.59%,1714,22.94%
"3132","3132.홍제교",7471,940,12.58%,1164,15.58%,2108,28.22%
"939","939. 은평구청 교차로",7445,795,10.68%,1833,24.62%,1575,21.16%
"2385","2385. 학동역",7443,1427,19.17%,1461,19.63%,1542,20.72%
"3588","3588.세종대학교(영실관)",7424,463,6.24%,1950,26.27%,1080,14.55%
"372","372. 약수역 3번출구 뒤",7415,551,7.43%,1213,16.36%,2193,29.58%
"4128","4128.  종암초등학교 뒤(새울센스빌)",7411,1202,16.22%,1082,14.60%,1787,24.11%
"4891","4891. 위례포레나송파",7395,1634,22.10%,903,12.21%,1990,26.91%
"3634","3634. 국악고교 앞 교차로",7387,1420,19.22%,1217,16.47%,1745,23.62%
"118","118. 광흥창역 2번출구 앞",7383,910,12.33%,1212,16.42%,1934,26.20%
"2330","2330. 역삼월드메르디앙아파트 앞",7374,860,11.66%,1651,22.39%,1514,20.53%
"839","839. 보광동 삼성리버빌아파트 앞",7366,797,10.82%,864,11.73%,2143,29.09%
"1388","1388. 돈암초교입구 버스정류장(한성대입구역 방면)",7366,1011,13.73%,1108,15.04%,1953,26.51%
"4253","4253. 홍은도담도서관",7366,1755,23.83%,812,11.02%,1841,24.99%
"3006","3006. 상암월드컵파크5단지(상암중학교)",7362,554,7.53%,1691,22.97%,1352,18.36%
"2084","2084.e편한세상 상도노빌리티 앞",7348,486,6.61%,1140,15.51%,1969,26.80%
"2422","2422.수서동 성당 맞은편",7347,868,11.81%,891,12.13%,2189,29.79%
"328","328. 탑골공원 앞",7344,381,5.19%,1412,19.23%,1920,26.14%
"3689","3689. 강일역 3번출구",7344,1451,19.76%,1705,23.22%,1591,21.66%
"4045","4045. 은하수 공원",7328,1904,25.98%,922,12.58%,1800,24.56%
"3930","3930. 온수역 2번 출구 앞",7324,774,10.57%,1923,26.26%,1459,19.92%
"3676","3676. 강동리엔파크9단지",7310,1442,19.73%,885,12.11%,1742,23.83%
"2341","2341. 일원역 4~5번 출구 사이",7293,826,11.33%,1296,17.77%,1985,27.22%
"1759","1759.서울북부지방법원 앞",7282,979,13.44%,1866,25.62%,1562,21.45%
"1136","1136. 등촌2파출소",7281,1301,17.87%,932,12.80%,1816,24.94%
"4582","4582. 국회도서관",7256,359,4.95%,2150,29.63%,986,13.59%
"134","134. 연세로 명물길",7251,372,5.13%,1427,19.68%,2037,28.09%
"1812","1812. 갑을그레이트밸리 앞",7239,793,10.95%,2347,32.42%,1314,18.15%
"1548","1548. 북서울 꿈의숲 서문",7232,334,4.62%,1009,13.95%,3147,43.51%
"810","810. 이태원지하보도",7230,750,10.37%,1464,20.25%,2237,30.94%
"4313","4313. 반포종합운동장",7228,711,9.84%,1621,22.43%,2115,29.26%
"140","140. 이화여대 후문",7227,607,8.40%,2135,29.54%,1269,17.56%
"6182","6182.오스템임플란트비전타워",7221,298,4.13%,3895,53.94%,516,7.15%
"4775","4775. 을지로지하쇼핑센터",7215,674,9.34%,1891,26.21%,1477,20.47%
"3609","3609. 언주초등학교 입구",7200,878,12.19%,1998,27.75%,1388,19.28%
"737","737. 장수공원",7192,1472,20.47%,1206,16.77%,1742,24.22%
"2148","2148. 낙성대역 3번출구 뒤",7187,870,12.11%,1336,18.59%,1663,23.14%
"2426","2426.강남한신휴플러스 6단지",7164,2190,30.57%,613,8.56%,1586,22.14%
"3906","3906. 천왕차량사업소 입구",7164,1313,18.33%,1849,25.81%,1655,23.10%
"3525","3525. 금호스포츠센터앞",7154,866,12.11%,1042,14.57%,2334,32.63%
"621","621. 전농초등학교 건너편",7153,1949,27.25%,1030,14.40%,1702,23.79%
"3553","3553.마장역3번출구",7142,1163,16.28%,1397,19.56%,1633,22.86%
"3116","3116.신촌역 4번출구",7136,644,9.02%,1189,16.66%,1840,25.78%
"4678","4678. 백련산로 녹번센트레빌",7131,1730,24.26%,793,11.12%,1761,24.69%
"1083","1083.광문고교사거리(아이파크)",7120,903,12.68%,1149,16.14%,1801,25.29%
"1998","1998. 고척교 교차로",7112,763,10.73%,1334,18.76%,2196,30.88%
"900","900. 은평예술회관",7106,975,13.72%,1422,20.01%,1552,21.84%
"1516","1516. 우이동길마을마당",7103,1251,17.61%,1059,14.91%,1817,25.58%
"5871","5871. 건영상가 앞",7095,1888,26.61%,919,12.95%,1621,22.85%
"4889","4889. 마천역 1번 출구 인근②",7087,888,12.53%,1304,18.40%,1856,26.19%
"4615","4615. 크라운호텔앞 버스정류소",7085,221,3.12%,1431,20.20%,2390,33.73%
"235","235. 신길동 우리은행 옆",7076,814,11.50%,1164,16.45%,1853,26.19%
"1682","1682. 중계종합사회복지관 교차로",7067,672,9.51%,1028,14.55%,1853,26.22%
"843","843. 이태원관광특구 입구(용산구청방향)",7061,265,3.75%,1618,22.91%,2176,30.82%
"2246","2246. 서울시 품질시험소 앞",7041,765,10.86%,1811,25.72%,1369,19.44%
"1241","1241. 문정 법조단지5",7020,1291,18.39%,1314,18.72%,1769,25.20%
"3604","3604. 삼성중앙역 5번출구",7020,1417,20.19%,1608,22.91%,1187,16.91%
"3761","3761. 나이아가라관광호텔",7020,1293,18.42%,821,11.70%,1993,28.39%
"271","271. 샛강생태공원방문자센터 앞",7002,1289,18.41%,1672,23.88%,1611,23.01%
"250","250. 대림아파트 사거리",6993,1479,21.15%,994,14.21%,1971,28.19%
"3636","3636. 삼성중앙역·플래티넘아파트 정류소",6993,833,11.91%,1287,18.40%,1665,23.81%
"976","976.진관고등학교앞",6989,1320,18.89%,825,11.80%,1547,22.13%
"1031","1031. 올림픽로 836(아리수로)",6983,930,13.32%,1431,20.49%,1762,25.23%
"4838","4838.동원사거리 행복오피스텔 앞",6977,1090,15.62%,912,13.07%,1829,26.21%
"575","575. 대원중고교 입구(대하빌딩)",6968,954,13.69%,1050,15.07%,1865,26.77%
"1835","1835. STX V타워",6965,1725,24.77%,2300,33.02%,853,12.25%
"4206","4206. 광흥창역5번출구",6956,966,13.89%,1463,21.03%,1883,27.07%
"638","638. 서울시립대 정보기술관",6953,265,3.81%,1722,24.77%,1319,18.97%
"2038","2038. 동작역 7번출구",6951,698,10.04%,1399,20.13%,2310,33.23%
"745","745. 강서초등학교",6948,1502,21.62%,1055,15.18%,1650,23.75%
"2020","2020. 장승배기역2번출구뒷편쪽",6945,964,13.88%,1184,17.05%,1681,24.20%
"405","405. DMC빌 앞",6944,670,9.65%,2050,29.52%,941,13.55%
"1325","1325. 상월곡역 4번출구",6935,686,9.89%,1443,20.81%,1652,23.82%
"4420","4420. 성북구 한예종 캠퍼스 별관",6931,561,8.09%,1399,20.18%,1258,18.15%
"555","555. 구의3동주민센터",6919,650,9.39%,1280,18.50%,1758,25.41%
"845","845. 용산 선인상가",6915,506,7.32%,2356,34.07%,872,12.61%
"1287","1287. 위례아이파크 101동 맞은편",6908,1546,22.38%,1064,15.40%,1964,28.43%
"428","428. 명보사거리",6906,587,8.50%,2028,29.37%,996,14.42%
"1441","1441. 신내능말공원",6882,1983,28.81%,789,11.46%,1546,22.46%
"1840","1840. 솔브레인이엔지 뒤편",6869,1315,19.14%,2505,36.47%,819,11.92%
"2614","2614. 가락고등학교 앞",6832,1607,23.52%,713,10.44%,1612,23.59%
"2273","2273. 일동제약 사거리",6831,602,8.81%,1685,24.67%,1830,26.79%
"1856","1856. 모두의학교",6823,2021,29.62%,745,10.92%,1698,24.89%
"2388","2388. 강남구 도시관리공단",6817,1828,26.82%,1368,20.07%,1463,21.46%
"2339","2339. 현대아파트 정문 앞",6798,1529,22.49%,928,13.65%,1841,27.08%
"535","535. 응봉삼거리",6797,1058,15.57%,911,13.40%,2196,32.31%
"941","941. 은평뉴타운 도서관",6792,817,12.03%,1171,17.24%,1877,27.64%
"4836","4836. 양원역 1번 출구",6791,831,12.24%,1475,21.72%,1509,22.22%
"952","952. 서울연신중학교",6789,1614,23.77%,735,10.83%,1721,25.35%
"1421","1421. 신내역 4번출구",6788,1149,16.93%,1591,23.44%,1436,21.15%
"4807","4807. 라코지스테이 앞",6786,1401,20.65%,809,11.92%,1834,27.03%
"1696","1696.수락리버시티4단지",6777,1325,19.55%,797,11.76%,2008,29.63%
"1480","1480. 용마지구대 B",6770,714,10.55%,1105,16.32%,2096,30.96%
"4264","4264. 홍남교 버스정류장",6766,1640,24.24%,912,13.48%,1949,28.81%
"4546","4546. 목동운동장 주경기장",6752,687,10.17%,1058,15.67%,2216,32.82%
"4362","4362. 행당중학교 후문",6749,499,7.39%,1200,17.78%,2143,31.75%
"298","298.KBS 연구동 건너편",6744,1414,20.97%,2007,29.76%,1269,18.82%
"909","909. 백련산 힐스테이트 3차",6742,1683,24.96%,785,11.64%,1436,21.30%
"3922","3922. 서울남부교정시설 앞",6714,997,14.85%,2599,38.71%,1301,19.38%
"1758","1758.솔밭공원역 1번출구 주변",6713,765,11.40%,912,13.59%,2037,30.34%
"2229","2229.로고스교회 맞은 편",6709,1094,16.31%,1122,16.72%,1696,25.28%
"4958","4958. 고덕래미안힐스테이트 아파트 211동",6707,2245,33.47%,446,6.65%,1449,21.60%
"1025","1025. 상일초등학교",6700,735,10.97%,2213,33.03%,1177,17.57%
"963","963. 불광롯데캐슬아파트 앞",6684,893,13.36%,884,13.23%,1848,27.65%
"1034","1034. 고덕동 래미안 힐스테이트",6673,1830,27.42%,744,11.15%,1650,24.73%
"712","712. 강월초교입구 사거리",6668,1112,16.68%,953,14.29%,1547,23.20%
"4774","4774. 을지로입구역 8번출구",6648,758,11.40%,1586,23.86%,1450,21.81%
"4312","4312. 반포미도2차아파트 옆",6644,980,14.75%,1674,25.20%,1305,19.64%
"2069","2069. 숭실대 입구역3번 출구 앞",6643,541,8.14%,1053,15.85%,1819,27.38%
"434","434. 신당 래미안 버스정류장",6641,1168,17.59%,800,12.05%,2099,31.61%
"965","965. 서울특별시 은평병원",6641,1211,18.24%,896,13.49%,1400,21.08%
"1825","1825. 한신아파트 앞 육교 아래",6637,1498,22.57%,1276,19.23%,1670,25.16%
"1543","1543. 수유1동 주민센터",6625,794,11.98%,1016,15.34%,1736,26.20%
"4888","4888. 둔촌오륜역 2번출구",6623,1187,17.92%,939,14.18%,1803,27.22%
"1672","1672. 상계동수락리버시티",6618,883,13.34%,953,14.40%,1904,28.77%
"2196","2196. 봉천역 3번출구",6617,635,9.60%,1181,17.85%,1806,27.29%
"3658","3658. 프라이어팰리스아파트",6615,1416,21.41%,823,12.44%,1926,29.12%
"2416","2416.한티역 6번 출구",6614,994,15.03%,1464,22.13%,1468,22.20%
"975","975.백련산 힐스테이트상가앞",6610,2072,31.35%,618,9.35%,1609,24.34%
"2174","2174. 삼성디지털프라자관악점",6599,519,7.86%,914,13.85%,1928,29.22%
"4753","4753. 시청역 10번출구",6595,1058,16.04%,1567,23.76%,940,14.25%
"4715","4715. 돈의문 박물관 마을",6587,1187,18.02%,1846,28.02%,958,14.54%
"2198","2198.사랑의병원",6559,817,12.46%,752,11.47%,1857,28.31%
"1207","1207. 마천중앙시장",6547,1260,19.25%,800,12.22%,1789,27.33%
"5072","5072. 김포공항입구 교통섬",6547,1178,17.99%,1103,16.85%,1678,25.63%
"2826","2826.가마산지하보도 옆",6541,1858,28.41%,1247,19.06%,1274,19.48%
"2358","2358. 구룡초사거리 (현대아파트10동 앞 )",6536,1778,27.20%,979,14.98%,1523,23.30%
"1032","1032. 선사고등학교",6523,1155,17.71%,1066,16.34%,1622,24.87%
"2344","2344. 리엔파크 2단지 앞",6522,963,14.77%,689,10.56%,1724,26.43%
"5777","5777. 호반써밋12단지",6477,1509,23.30%,784,12.10%,1515,23.39%
"4579","4579. 국회의사당 본관",6472,947,14.63%,2116,32.69%,1136,17.55%
"2502","2502. 서초역1번출구 앞",6466,751,11.61%,1365,21.11%,1590,24.59%
"2517","2517. 서초그랑자이 앞",6455,1679,26.01%,1405,21.77%,1401,21.70%
"4234","4234. 에스테반",6454,1923,29.80%,826,12.80%,1549,24.00%
"299","299.여의도 순복음교회",6444,186,2.89%,1187,18.42%,3016,46.80%
"1519","1519. 장미원시장 건너편",6419,644,10.03%,1014,15.80%,1735,27.03%
"2822","2822.제니스스포츠 앞",6419,1514,23.59%,1235,19.24%,1588,24.74%
"1733","1733. 방학사거리 (봄마당 앞)",6414,530,8.26%,1087,16.95%,1741,27.14%
"2116","2116. 에이스에이존빌딩",6413,272,4.24%,1101,17.17%,1771,27.62%
"710","710. 금옥여고보도육교",6411,1121,17.49%,449,7.00%,1043,16.27%
"4275","4275.농협생명본사빌딩 서관",6411,1080,16.85%,1690,26.36%,944,14.72%
"2331","2331. 동영문화센터앞",6408,929,14.50%,1342,20.94%,1258,19.63%
"1015","1015. 샛마을 근린공원",6407,925,14.44%,894,13.95%,1910,29.81%
"4318","4318. 방배역 2번 출구",6402,747,11.67%,1503,23.48%,1406,21.96%
"1064","1064.중앙보훈병원역 1번출구",6396,765,11.96%,1217,19.03%,1732,27.08%
"4389","4389. 서울숲역3번출구",6374,254,3.98%,1393,21.85%,2600,40.79%
"1230","1230. 송파중학교 정문",6368,656,10.30%,969,15.22%,2010,31.56%
"851","851.효창 푸르지오 앞",6363,1062,16.69%,970,15.24%,1887,29.66%
"2071","2071. 대림아파트 후문 상가 옆",6360,1162,18.27%,671,10.55%,1675,26.34%
"3776","3776. 김포공항사거리",6359,1086,17.08%,1127,17.72%,1483,23.32%
"4935","4935. 도곡삼성래미안",6324,1789,28.29%,853,13.49%,1657,26.20%
"4585","4585. 국회6문",6318,135,2.14%,1533,24.26%,2127,33.67%
"2501","2501. 서초 포레스타5단지",6313,1769,28.02%,765,12.12%,1583,25.08%
"1859","1859. 대륭테크노타운 18차",6279,215,3.42%,3531,56.24%,430,6.85%
"863","863.이촌역2번 출구",6274,567,9.04%,1437,22.90%,2247,35.81%
"163","163. 명지전문대학교 정문 앞",6262,1281,20.46%,819,13.08%,1245,19.88%
"1831","1831. 한국전력 구로금천지사 앞",6258,1658,26.49%,1079,17.24%,1159,18.52%
"4686","4686. 우물골 근린공원",6234,1165,18.69%,747,11.98%,1710,27.43%
"2549","2549.호반써밋서초파크 403동",6233,1912,30.68%,746,11.97%,1424,22.85%
"3663","3663. 암사정수센터교차로(강동롯데캐슬퍼스트아파트)",6231,1636,26.26%,604,9.69%,1525,24.47%
"4863","4863. 잠실나들목5",6219,983,15.81%,876,14.09%,1680,27.01%
"919","919. 서울혁신파크",6218,591,9.50%,1154,18.56%,1877,30.19%
"167","167. 연가초등학교 옆",6202,1387,22.36%,810,13.06%,1642,26.48%
"171","171. 임광빌딩 앞",6197,1541,24.87%,1436,23.17%,987,15.93%
"2396","2396. 영동3교 북단(우성캐릭터 앞 보도)",6194,867,14.00%,1041,16.81%,1956,31.58%
"2326","2326. 대치동 삼성로",6191,711,11.48%,1356,21.90%,1607,25.96%
"1528","1528. 삼각산동 주민센터",6189,811,13.10%,725,11.71%,1676,27.08%
"636","636. 세종대왕기념관 교차로",6183,446,7.21%,1992,32.22%,1165,18.84%
"2337","2337. 대모산입구역 2번출구 앞",6181,845,13.67%,770,12.46%,1881,30.43%
"471","471.회현사거리 남측",6170,948,15.36%,1523,24.68%,1101,17.84%
"1067","1067.한영중고앞사거리",6169,821,13.31%,941,15.25%,1575,25.53%
"757","757. 신정이펜하우스 1단지아파트 입구 사거리",6158,1591,25.84%,848,13.77%,1535,24.93%
"3765","3765. 문소빌딩",6157,1735,28.18%,715,11.61%,1523,24.74%
"3537","3537. 아차산 휴먼시아 아파트 옆",6156,1233,20.03%,865,14.05%,1790,29.08%
"3770","3770. 남부순환로 205",6156,1165,18.92%,982,15.95%,1570,25.50%
"4134","4134. 제기동 현대아파트 앞",6155,696,11.31%,1178,19.14%,1495,24.29%
"4687","4687. 역촌센트레빌아파트 101동 앞",6149,1633,26.56%,749,12.18%,1461,23.76%
"1275","1275. 거여초등학교 옆",6142,1342,21.85%,802,13.06%,1609,26.20%
"4604","4604. 원효로다목적체육관 앞",6132,773,12.61%,1967,32.08%,1217,19.85%
"4555","4555. 대림우성2차아파트",6131,560,9.13%,1090,17.78%,1704,27.79%
"1849","1849. 대륭포스트타워5차",6116,970,15.86%,1302,21.29%,1174,19.20%
"4862","4862. 성내교 남단",6104,736,12.06%,1162,19.04%,2055,33.67%
"4954","4954. 신명초등학교 건너편",6104,1914,31.36%,547,8.96%,1404,23.00%
"5751","5751. 송파여성축구장",6098,503,8.25%,1165,19.10%,2111,34.62%
"2008","2008. 노량진근린공원 대방공원",6096,1130,18.54%,653,10.71%,1597,26.20%
"1426","1426. 면목도시개발아파트 1동 앞",6091,969,15.91%,1093,17.94%,1674,27.48%
"1736","1736. 버스정류장 앞",6086,496,8.15%,1054,17.32%,1547,25.42%
"667","667.청량차도 육교 밑",6072,1382,22.76%,1104,18.18%,1395,22.97%
"1183","1183. 강서대학교",6070,1742,28.70%,896,14.76%,1220,20.10%
"477","477.앰배서더 호텔 주변",6066,820,13.52%,1010,16.65%,1606,26.48%
"4855","4855. 거여5단지 503동 앞",6055,679,11.21%,808,13.34%,1781,29.41%
"2313","2313. 금원빌딩 앞",6051,203,3.35%,1986,32.82%,1498,24.76%
"351","351. 청운초교 앞 삼거리",6049,1494,24.70%,748,12.37%,1423,23.52%
"922","922. 연신내역 4번출구",6027,549,9.11%,1133,18.80%,1568,26.02%
"760","760. 잣절보도육교 아래",6025,1137,18.87%,896,14.87%,1486,24.66%
"2026","2026. 흑석역 4번출구",6015,979,16.28%,1133,18.84%,1300,21.61%
"1105","1105. 방화근린공원",6014,691,11.49%,699,11.62%,2357,39.19%
"2903","2903.월계초안아파트 1단지",6014,1030,17.13%,742,12.34%,1759,29.25%
"1910","1910. 낙원교회 맞은편",6013,1592,26.48%,943,15.68%,1193,19.84%
"4785","4785. 롯데시티호텔",6009,572,9.52%,1980,32.95%,770,12.81%
"4683","4683. 은평 성모병원 사거리",6008,874,14.55%,974,16.21%,1515,25.22%
"371","371. 동대입구역 6번출구 뒤",6003,590,9.83%,1114,18.56%,1596,26.59%
"169","169. 북가좌 삼거리",6000,1457,24.28%,866,14.43%,1262,21.03%
"4658","4658. 녹번역1번출구앞",6000,499,8.32%,1197,19.95%,1569,26.15%
"2233","2233. 서초신동아1차아파트 옆",5982,1010,16.88%,890,14.88%,1233,20.61%
"4578","4578.보라매sk뷰",5972,1058,17.72%,906,15.17%,1622,27.16%
"1554","1554.번동사거리",5968,767,12.85%,859,14.39%,1632,27.35%
"1042","1042. 강일리버파크 2~5단지",5967,1288,21.59%,1056,17.70%,1486,24.90%
"923","923. 국민은행 연서지점",5964,818,13.72%,749,12.56%,1597,26.78%
"2122","2122. 낙성대로 입구",5960,499,8.37%,904,15.17%,1654,27.75%
"135","135. 명물길 원형무대 앞",5954,583,9.79%,1471,24.71%,1564,26.27%
"120","120. 신수동 사거리",5940,1332,22.42%,697,11.73%,1662,27.98%
"946","946. 독바위역",5903,703,11.91%,862,14.60%,1824,30.90%
"4419","4419. 성북구 한예종 캠퍼스 본관",5902,498,8.44%,1086,18.40%,861,14.59%
"1063","1063.강동롯데캐슬퍼스트 아파트(관리동)",5890,1177,19.98%,760,12.90%,1960,33.28%
"2381","2381. 언주역 4번출구",5889,563,9.56%,1367,23.21%,1172,19.90%
"2272","2272. 교대입구 교차로",5883,591,10.05%,1571,26.70%,1233,20.96%
"3726","3726.삼양동사거리",5883,563,9.57%,635,10.79%,1695,28.81%
"6055","6055. 한국경제",5880,1188,20.20%,1534,26.09%,859,14.61%
"4458","4458. 가락2동주민센터 인근",5875,959,16.32%,967,16.46%,1400,23.83%
"138","138. 신촌동 제1공영주차장 앞",5871,916,15.60%,800,13.63%,1378,23.47%
"2139","2139. 서울신성초등학교",5870,1145,19.51%,903,15.38%,1550,26.41%
"2336","2336. 강남세브란스교차로  래미안그레이튼 104동 앞",5870,1112,18.94%,1141,19.44%,1066,18.16%
"4599","4599. 대림우성아파트 사거리",5868,1094,18.64%,898,15.30%,1499,25.55%
"4058","4058. 다락원체육공원 전망대 입구",5865,230,3.92%,882,15.04%,2039,34.77%
"4472","4472. 송파파크데일 1단지 115동 건너편",5855,593,10.13%,709,12.11%,1605,27.41%
"4784","4784. 중부경찰서앞 사거리",5832,697,11.95%,1665,28.55%,932,15.98%
"1693","1693. 원자력 병원",5827,847,14.54%,1177,20.20%,1343,23.05%
"4474","4474. 가락현대 1차 11동 앞",5820,773,13.28%,871,14.97%,1686,28.97%
"4173","4173. 중대후문 마을버스정류장",5811,631,10.86%,904,15.56%,1761,30.30%
"1130","1130. 화곡본동시장 버스정류장",5810,868,14.94%,980,16.87%,1428,24.58%
"4281","4281.명지대사거리",5808,1152,19.83%,790,13.60%,1510,26.00%
"3638","3638. 신청담나들목",5806,417,7.18%,1189,20.48%,1797,30.95%
"840","840. 용산 파크타워 앞",5800,889,15.33%,929,16.02%,1783,30.74%
"1056","1056. 강일리버파크 7~11단지",5798,1677,28.92%,657,11.33%,1424,24.56%
"4637","4637. 용산시티파크 101동 앞",5789,723,12.49%,879,15.18%,1819,31.42%
"4064","4064. 신창아파트 입구 앞",5788,1415,24.45%,677,11.70%,1408,24.33%
"3933","3933. 오류동부골든아파트 후문 옆",5787,1567,27.08%,567,9.80%,1521,26.28%
"3623","3623. 일원에코파크 앞(개포로 방면)",5782,877,15.17%,971,16.79%,1702,29.44%
"260","260. 여의도 마리나선착장 앞",5781,397,6.87%,1246,21.55%,2038,35.25%
"4548","4548.신목동역1번출구",5778,698,12.08%,1037,17.95%,1329,23.00%
"2650","2650.위례22단지 2208동 다리앞",5776,1730,29.95%,534,9.25%,1414,24.48%
"993","993.은평뉴타운 은뜨락아파트앞",5772,677,11.73%,1098,19.02%,1440,24.95%
"822","822. 이촌1동 마을공원",5764,968,16.79%,1243,21.56%,1384,24.01%
"4401","4401.뚝섬유수지 공영주차장",5741,647,11.27%,1094,19.06%,1595,27.78%
"1348","1348. 성북제일새마을금고 본점 앞",5732,904,15.77%,978,17.06%,1488,25.96%
"4390","4390. 신답역 1번출구",5732,994,17.34%,1813,31.63%,973,16.97%
"1049","1049. 강일리버파크 10단지",5731,1345,23.47%,513,8.95%,1461,25.49%
"1973","1973. 오리로와 서해안도로 교차로 앞",5731,1060,18.50%,686,11.97%,1439,25.11%
"160","160. 북아현동 가구거리",5730,710,12.39%,1230,21.47%,1401,24.45%
"3644","3644. 상록수아파트",5723,620,10.83%,807,14.10%,1749,30.56%
"4634","4634. 이태원역 3번 출구",5723,220,3.84%,869,15.18%,2271,39.68%
"902","902. 진관동 은빛초등학교",5718,1448,25.32%,616,10.77%,1544,27.00%
"2137","2137. KT&G 관악지점",5717,904,15.81%,791,13.84%,1579,27.62%
"1999","1999. 수궁동 성당 주변",5715,605,10.59%,914,15.99%,1232,21.56%
"2312","2312. 청담역 13번 출구 앞",5712,1156,20.24%,1194,20.90%,1299,22.74%
"4801","4801. 충정로역 2호선(엘리베이터 앞)",5711,1026,17.97%,1245,21.80%,1231,21.55%
"1436","1436. 동원베네스트 건물 앞",5709,1172,20.53%,637,11.16%,1400,24.52%
"4766","4766. 서소문성지역사박물관",5708,2026,35.49%,785,13.75%,1168,20.46%
"1843","1843. 독산고등학교",5689,1402,24.64%,615,10.81%,1380,24.26%
"4469","4469. 거여동 어울림아파트  102동앞",5688,697,12.25%,1405,24.70%,1273,22.38%
"4837","4837. 양원지구 힐데스하임 앞",5687,1323,23.26%,813,14.30%,1475,25.94%
"850","850.KCC용산웰츠(WELLTZ)타워",5669,1170,20.64%,729,12.86%,1621,28.59%
"869","869.노들섬 동측 앞",5662,346,6.11%,1095,19.34%,2284,40.34%
"4346","4346.장학재단빌딩 앞",5649,492,8.71%,1692,29.95%,1117,19.77%
"1360","1360. 정릉역",5646,857,15.18%,709,12.56%,1476,26.14%
"3690","3690. 강일역 4번출구",5638,1130,20.04%,1681,29.82%,1004,17.81%
"1537","1537. 북한산 우이역",5633,377,6.69%,675,11.98%,2184,38.77%
"4834","4834. 용마복지센터 앞",5622,544,9.68%,848,15.08%,1198,21.31%
"2280","2280. 서울서초고용센터앞",5611,1045,18.62%,1395,24.86%,1121,19.98%
"4929","4929. 투썸플레이스 강남청담점 앞",5585,627,11.23%,1773,31.75%,1184,21.20%
"3647","3647. 구룡역 1번 출구",5565,1287,23.13%,1225,22.01%,907,16.30%
"2518","2518. 서초동 현대아파트 앞",5564,1087,19.54%,1109,19.93%,1219,21.91%
"466","466.롯데호텔",5558,536,9.64%,1266,22.78%,1081,19.45%
"3646","3646. 선정릉역 4번 출구",5558,737,13.26%,1505,27.08%,1175,21.14%
"4152","4152. 상도효성해링턴플레이스",5545,685,12.35%,760,13.71%,1465,26.42%
"164","164. 북가좌1동 주민센터",5543,1531,27.62%,561,10.12%,1419,25.60%
"2352","2352. 서울본부세관(건설회관 앞)",5536,397,7.17%,1894,34.21%,735,13.28%
"4641","4641. 아메리칸센터",5535,515,9.30%,1243,22.46%,1434,25.91%
"2535","2535.신반포역 3번출구 뒤",5525,876,15.86%,838,15.17%,1656,29.97%
"5778","5778. 북위례3",5523,641,11.61%,748,13.54%,1693,30.65%
"2349","2349. 역삼빌딩 앞(하나은행 옆)",5520,633,11.47%,1181,21.39%,1179,21.36%
"3920","3920. 개봉역2번출구 B",5509,1254,22.76%,817,14.83%,1342,24.36%
"2643","2643.풍납중학교 측면",5496,679,12.35%,1151,20.94%,1415,25.75%
"4094","4094.도봉여성센터",5485,931,16.97%,756,13.78%,1351,24.63%
"1967","1967. 참새공원(백곡경노당)",5484,1136,20.71%,580,10.58%,1393,25.40%
"4144","4144.시립대학교 박물관 앞",5480,292,5.33%,1235,22.54%,900,16.42%
"1634","1634. 당고개공원 대여소",5478,864,15.77%,722,13.18%,1560,28.48%
"1343","1343. 한성대7번출구 앞",5465,513,9.39%,685,12.53%,1606,29.39%
"364","364. 창신역 1번출구 앞",5461,1094,20.03%,495,9.06%,1397,25.58%
"2083","2083.흑석롯데캐슬에듀포레(107동)",5455,1117,20.48%,682,12.50%,1484,27.20%
"4930","4930. 학여울역 1번출구",5452,1429,26.21%,960,17.61%,1384,25.39%
"2520","2520.서초1교 (진흥아파트 방면)",5451,778,14.27%,1015,18.62%,1293,23.72%
"2364","2364. 도산공원교차로",5448,460,8.44%,1461,26.82%,1154,21.18%
"3310","3310.영락고등학교",5434,960,17.67%,644,11.85%,1419,26.11%
"4762","4762. 국제빌딩",5425,778,14.34%,1240,22.86%,785,14.47%
"2127","2127. 난곡종점",5418,886,16.35%,508,9.38%,1436,26.50%
"192","192. 연서어린이공원",5408,1540,28.48%,819,15.14%,1260,23.30%
"4684","4684. 응암2동주민센터 버스정류장(영락중학교 방면)",5398,1232,22.82%,501,9.28%,1250,23.16%
"4280","4280.북가좌2동 주민센터",5397,1139,21.10%,722,13.38%,1516,28.09%
"3799","3799. 국립항공박물관",5395,581,10.77%,2001,37.09%,1045,19.37%
"1547","1547. 꿈의숲 롯데캐슬",5394,1232,22.84%,679,12.59%,1492,27.66%
"1539","1539. 4.19민주묘지역",5385,341,6.33%,939,17.44%,1626,30.19%
"446","446. 상명대입구",5379,503,9.35%,934,17.36%,1572,29.22%
"3602","3602. 한국지역난방공사강남지사",5333,1209,22.67%,1762,33.04%,574,10.76%
"1509","1509. 서울북부수도사업소",5330,495,9.29%,809,15.18%,1204,22.59%
"1285","1285. 위례별 유치원 뒤",5328,1459,27.38%,768,14.41%,1352,25.38%
"4840","4840. 서울시 북부병원 앞",5321,683,12.84%,722,13.57%,1061,19.94%
"4033","4033. 녹천역 4번 출구 옆",5315,577,10.86%,985,18.53%,1465,27.56%
"1725","1725. 창1동주민센터",5313,1252,23.56%,477,8.98%,1204,22.66%
"2617","2617. 가락삼환아파트 앞",5311,856,16.12%,847,15.95%,1357,25.55%
"4475","4475. 송파파인타운 4단지 403동",5302,1289,24.31%,693,13.07%,1363,25.71%
"141","141. 연대 대운동장 옆",5300,385,7.26%,1157,21.83%,1142,21.55%
"2380","2380. 봉은사로68길 북측",5294,776,14.66%,817,15.43%,1197,22.61%
"467","467.한국은행",5291,161,3.04%,2125,40.16%,881,16.65%
"2616","2616. 거여동 사거리",5290,912,17.24%,734,13.88%,1249,23.61%
"4017","4017. 월계 청백1단지 아파트 정류장",5276,949,17.99%,644,12.21%,1587,30.08%
"3958","3958. 롯데캐슬2차 마을버스 정류장(18804) 뒤편",5275,1258,23.85%,907,17.19%,1151,21.82%
"6189","6189.데시앙플렉스 지식산업센터",5266,558,10.60%,1434,27.23%,951,18.06%
"384","384. 중림동삼거리",5250,1687,32.13%,681,12.97%,1282,24.42%
"2190","2190.도원맨션",5245,447,8.52%,1019,19.43%,1510,28.79%
"2027","2027. 중앙대학교 정문 1",5230,303,5.79%,1133,21.66%,1281,24.49%
"468","468.웨스틴 조선호텔",5215,457,8.76%,1487,28.51%,932,17.87%
"5783","5783.성내5교 2",5201,610,11.73%,933,17.94%,1749,33.63%
"4396","4396. 마장축산물시장 서문 인근",5187,882,17.00%,727,14.02%,1130,21.79%
"3820","3820. 은천삼거리",5182,585,11.29%,767,14.80%,1387,26.77%
"2510","2510. JW타워",5167,1144,22.14%,1145,22.16%,872,16.88%
"1258","1258. 가락미륭아파트 앞",5166,750,14.52%,817,15.81%,1449,28.05%
"4097","4097.숭미파출소 사거리",5161,1135,21.99%,741,14.36%,1209,23.43%
"664","664. 서울시립대 건설공학관",5160,314,6.09%,1021,19.79%,1092,21.16%
"964","964. 북한산힐스테이트 7차아파트",5158,906,17.56%,726,14.08%,1428,27.69%
"1660","1660. 서울시립과학관",5158,619,12.00%,764,14.81%,1302,25.24%
"4703","4703. 쌍용아파트2단지 정문",5154,833,16.16%,738,14.32%,1481,28.73%
"4581","4581. 국회소통관",5146,648,12.59%,1188,23.09%,761,14.79%
"4278","4278. 홍은2동주민센터",5116,1304,25.49%,877,17.14%,907,17.73%
"4815","4815. 중랑데시앙플렉스 앞",5110,857,16.77%,1773,34.70%,709,13.87%
"1349","1349. 월계2교 버스정류장 앞",5109,874,17.11%,677,13.25%,1398,27.36%
"1515","1515. 송천동 주민센터",5084,770,15.15%,692,13.61%,1260,24.78%
"1279","1279. 마천금호어울림 1차아파트 건너편",5076,966,19.03%,949,18.70%,1280,25.22%
"424","424. 롯데하이마트 (상암월드컵점)",5067,421,8.31%,1037,20.47%,1360,26.84%
"198","198. 충정2교",5049,1150,22.78%,1008,19.96%,986,19.53%
"4941","4941.압구정로 11길",5034,298,5.92%,937,18.61%,1858,36.91%
"1510","1510. 번동주공5단지 관리사무소 앞",5029,825,16.40%,979,19.47%,1214,24.14%
"494","494.신수동주민센터",5013,1237,24.68%,514,10.25%,1084,21.62%
"1479","1479.면목 홈플러스 2",5013,353,7.04%,893,17.81%,1456,29.04%
"3521","3521. 현대홈타운 뒷길",5012,943,18.81%,629,12.55%,1456,29.05%
"2357","2357. 르네상스호텔사거리 역삼지하보도 3번출구 앞 (더 오번 빌딩 명동칼국수 앞)",4991,774,15.51%,1253,25.11%,853,17.09%
"2907","2907. 월계중학교",4979,1196,24.02%,619,12.43%,850,17.07%
"1574","1574.송중초등학교 옆",4974,541,10.88%,774,15.56%,1260,25.33%
"3653","3653. 강동리버스트4단지아파트 404동 앞",4972,1637,32.92%,516,10.38%,1121,22.55%
"1358","1358. 정릉도서관 앞",4971,636,12.79%,798,16.05%,1223,24.60%
"2356","2356. 강남구청",4970,630,12.68%,931,18.73%,1080,21.73%
"959","959. 구파발10단지 인근",4955,362,7.31%,689,13.91%,1586,32.01%
"6172","6172. 가양5단지아파트",4940,1392,28.18%,637,12.89%,965,19.53%
"4315","4315. 이투스교육 앞",4938,421,8.53%,1559,31.57%,981,19.87%
"1774","1774.정의여중고 버스정류소",4933,899,18.22%,794,16.10%,1302,26.39%
"2548","2548.반포1동 자율방범초소 옆",4931,934,18.94%,844,17.12%,1271,25.78%
"489","489.구룡근린공원",4925,983,19.96%,818,16.61%,1223,24.83%
"1161","1161. 강서면허시험장 앞",4925,376,7.63%,894,18.15%,813,16.51%
"491","491.월드컵파크 4단지",4923,481,9.77%,1254,25.47%,1230,24.98%
"995","995.은평다목적체육관",4922,963,19.57%,614,12.47%,1123,22.82%
"1652","1652. 파르코 앞",4909,473,9.64%,1081,22.02%,1315,26.79%
"741","741. 화곡로 입구 교차로",4901,602,12.28%,953,19.45%,1080,22.04%
"3611","3611. 방죽마을 입구",4890,1041,21.29%,764,15.62%,1065,21.78%
"4642","4642. 용산더프라임아파트 101동 앞",4882,847,17.35%,885,18.13%,1299,26.61%
"1714","1714. 도봉문화정보도서관 삼거리",4859,569,11.71%,981,20.19%,1309,26.94%
"3402","3402.이화공영주차장",4847,1181,24.37%,810,16.71%,880,18.16%
"2258","2258.구룡사 삼거리",4838,896,18.52%,1047,21.64%,1183,24.45%
"1571","1571.북서울 꿈의 숲 입구",4833,1087,22.49%,610,12.62%,1224,25.33%
"927","927. 연신내역 3번출구 인근",4822,454,9.42%,748,15.51%,1248,25.88%
"3802","3802. 관악구민체육센터",4810,1539,32.00%,471,9.79%,811,16.86%
"2024","2024. 상도역 1번출구",4804,754,15.70%,754,15.70%,1273,26.50%
"2545","2545.국립중앙도서관(국제회의장옆)",4800,142,2.96%,1456,30.33%,1074,22.38%
"6063","6063.NH농협은행(신당역6번출구)",4793,347,7.24%,795,16.59%,1199,25.02%
"1757","1757.솔밭공원역 1번출구 앞",4788,440,9.19%,735,15.35%,1393,29.09%
"5780","5780. 송파세무서",4786,414,8.65%,1608,33.60%,670,14.00%
"1992","1992. 구로구배드민턴실내체육관 앞",4784,531,11.10%,620,12.96%,975,20.38%
"2128","2128. 관악구청교차로",4770,520,10.90%,735,15.41%,1211,25.39%
"2818","2818.천왕이펜하우스3단지 앞",4750,1245,26.21%,535,11.26%,974,20.51%
"4761","4761. 중부경찰서앞사거리 건너편",4748,578,12.17%,1357,28.58%,945,19.90%
"5763","5763. 세륜초등학교 건너편",4745,447,9.42%,797,16.80%,1400,29.50%
"802","802. 한강진역 2번 출구 앞",4738,684,14.44%,898,18.95%,1253,26.45%
"4148","4148.동대문구 장안동 씨젠의료재단",4738,477,10.07%,825,17.41%,1245,26.28%
"4627","4627. 효창공원앞역 5번출구 옆",4736,1083,22.87%,835,17.63%,1093,23.08%
"3419","3419.국립어린이과학관",4723,706,14.95%,902,19.10%,1141,24.16%
"4924","4924.논현동가구거리",4720,810,17.16%,1115,23.62%,804,17.03%
"3649","3649. 구룡역 5번 출구",4715,1343,28.48%,1171,24.84%,824,17.48%
"2186","2186. 낙성대입구삼거리",4695,504,10.73%,718,15.29%,1326,28.24%
"3967","3967. 혜명양로원 담장 옆(2)",4681,924,19.74%,753,16.09%,854,18.24%
"4086","4086. 도봉로 534",4678,1004,21.46%,489,10.45%,1040,22.23%
"2283","2283. 그룹한빌딩옆",4668,608,13.02%,998,21.38%,1085,23.24%
"3917","3917. 성공회대학교",4662,490,10.51%,844,18.10%,902,19.35%
"671","671.대광빌딩",4653,452,9.71%,785,16.87%,1264,27.17%
"4885","4885. 가든파이브 리빙관",4652,455,9.78%,1176,25.28%,1155,24.83%
"1868","1868.우리은행 시흥남자동화점 앞",4627,1019,22.02%,549,11.87%,1160,25.07%
"137","137. 신촌기차역입구 교차로",4603,228,4.95%,974,21.16%,1364,29.63%
"2825","2825.초롱타운 앞",4602,1204,26.16%,539,11.71%,988,21.47%
"1853","1853. 청년취업사관학교앞",4593,1804,39.28%,530,11.54%,913,19.88%
"2815","2815.항동지구 7단지 정문",4579,470,10.26%,772,16.86%,1117,24.39%
"2062","2062. 사당새마을금고",4577,1072,23.42%,577,12.61%,1209,26.41%
"4665","4665. 응암역3번 출구(서부경찰서 방면)",4572,389,8.51%,743,16.25%,1377,30.12%
"425","425. DMC첨단산업센터",4566,833,18.24%,1212,26.54%,531,11.63%
"4875","4875. 위례포레샤인13단지",4566,980,21.46%,630,13.80%,1181,25.87%
"3101","3101. 서대문구청",4561,449,9.84%,678,14.87%,1192,26.13%
"2368","2368. 도곡동 경남아파트 건너편",4559,546,11.98%,1007,22.09%,1213,26.61%
"533","533. 금남시장 교차로",4547,968,21.29%,467,10.27%,1263,27.78%
"2429","2429.압구정로데오역 6번출구",4545,340,7.48%,1199,26.38%,1281,28.18%
"3673","3673. 강동리버스트6단지",4533,899,19.83%,639,14.10%,1130,24.93%
"4622","4622. 한강중학교 앞 버스정류장",4531,446,9.84%,878,19.38%,1369,30.21%
"2309","2309. 청담역(우리들병원 앞)",4529,1148,25.35%,807,17.82%,893,19.72%
"4247","4247. 서울서부지방법원등기국앞",4529,867,19.14%,592,13.07%,1068,23.58%
"2370","2370. 한티역 3번출구",4520,488,10.80%,828,18.32%,1172,25.93%
"858","858.녹사평역3번 출구",4509,260,5.77%,994,22.04%,1431,31.74%
"942","942. 상림마을 생태공원",4500,1179,26.20%,355,7.89%,1277,28.38%
"5766","5766. 북위례1",4499,796,17.69%,507,11.27%,1259,27.98%
"3630","3630. 개포우성6차아파트 정문 앞",4491,1369,30.48%,607,13.52%,1126,25.07%
"3612","3612. 은곡마을",4490,514,11.45%,702,15.63%,1459,32.49%
"2144","2144. 난우길입구",4473,517,11.56%,673,15.05%,1115,24.93%
"4428","4428.돈암동부센트레빌상가",4472,340,7.60%,641,14.33%,1381,30.88%
"422","422. 문화비축기지",4469,169,3.78%,577,12.91%,2023,45.27%
"2057","2057. 상도 아이파크 아파트",4466,940,21.05%,432,9.67%,1142,25.57%
"4632","4632. 용산 푸르지오 파크타운 1단지 앞",4446,745,16.76%,1035,23.28%,1129,25.39%
"388","388. 동성중학교 앞",4439,951,21.42%,584,13.16%,1016,22.89%
"480","480.약수역 6번 출구",4439,355,8.00%,679,15.30%,1157,26.06%
"3615","3615. 서울 논현동우체국 앞",4425,540,12.20%,1362,30.78%,824,18.62%
"3725","3725. 강북 청소년 문화정보도서관 앞",4425,620,14.01%,610,13.79%,1257,28.41%
"2167","2167. 낙성대역 1번출구",4423,277,6.26%,826,18.68%,1293,29.23%
"3807","3807. 관악우체국 교차로",4417,979,22.16%,449,10.17%,1234,27.94%
"397","397. 종묘공영주차장 건너편",4396,247,5.62%,805,18.31%,1238,28.16%
"867","867.서빙고역 광장(1번출구)",4374,756,17.28%,899,20.55%,1291,29.52%
"2321","2321. 학여울역 사거리",4373,688,15.73%,718,16.42%,1448,33.11%
"4607","4607. 국립중앙박물관 -용산가족공원 앞",4361,126,2.89%,812,18.62%,1959,44.92%
"953","953. 서울연신초등학교",4340,614,14.15%,591,13.62%,1213,27.95%
"4909","4909. 노보텔 앰배서더 앞",4337,416,9.59%,1049,24.19%,1111,25.62%
"3105","3105. 홍은센트레빌 아파트 앞",4326,755,17.45%,568,13.13%,1225,28.32%
"5336","5336. 월계 고등학교 앞",4324,451,10.43%,536,12.40%,635,14.69%
"469","469.회현역 1번출구",4322,633,14.65%,846,19.57%,795,18.39%
"3682","3682. 길동 동호빌딩",4321,869,20.11%,515,11.92%,1138,26.34%
"4625","4625. 용산공원갤러리앞",4321,580,13.42%,1226,28.37%,843,19.51%
"724","724. 계남공원 입구 주출입구 좌측",4302,854,19.85%,556,12.92%,1073,24.94%
"4892","4892. 성내유수지 체육공원",4298,706,16.43%,885,20.59%,1061,24.69%
"4493","4493. 마천사거리 2",4293,898,20.92%,797,18.57%,1124,26.18%
"515","515. 광양중학교 앞",4292,660,15.38%,563,13.12%,1323,30.82%
"823","823. 효창동주민센터 앞",4288,975,22.74%,546,12.73%,1201,28.01%
"3556","3556.신금호파크자이APT앞",4270,431,10.09%,678,15.88%,1351,31.64%
"2382","2382. 역삼동 sk뷰 501동앞",4250,352,8.28%,893,21.01%,1124,26.45%
"382","382. 약수역 10번출구 앞",4245,409,9.63%,632,14.89%,1028,24.22%
"2373","2373. 개포동역 사거리",4243,404,9.52%,643,15.15%,1244,29.32%
"679","679.전농SK아파트 앞",4240,793,18.70%,615,14.50%,1190,28.07%
"1200","1200. 개화광역환승센터",4238,340,8.02%,1213,28.62%,921,21.73%
"4344","4344. 양재대로(구룡지하차도 앞)",4234,1149,27.14%,521,12.31%,1051,24.82%
"2812","2812.항동프라자",4232,603,14.25%,763,18.03%,1057,24.98%
"4043","4043. 상계주공13단지 1301동",4223,1004,23.77%,386,9.14%,1052,24.91%
"1863","1863.위너스 스포츠클럽 골프연습장옆",4213,1443,34.25%,408,9.68%,734,17.42%
"606","606. 서울반도체고 앞",4208,337,8.01%,697,16.56%,1215,28.87%
"159","159. 이대역 4번 출구",4195,342,8.15%,958,22.84%,1186,28.27%
"1213","1213. 백토공원 앞",4192,1050,25.05%,572,13.65%,1028,24.52%
"3724","3724. 삼양동주민센터 앞",4192,269,6.42%,580,13.84%,1151,27.46%
"4340","4340. 방배래미안아트힐아파트 앞",4180,459,10.98%,1421,34.00%,868,20.77%
"2094","2094.숭실대학교(중문)",4178,376,9.00%,600,14.36%,1265,30.28%
"5602","5602.래미안신반포리오센트 후문",4175,513,12.29%,659,15.78%,1560,37.37%
"4266","4266.국민연금공단충정로사옥",4174,919,22.02%,815,19.53%,776,18.59%
"4149","4149.제기동역 5번출구",4170,762,18.27%,646,15.49%,1091,26.16%
"1137","1137. 등촌2동주민센터",4167,913,21.91%,486,11.66%,816,19.58%
"808","808. 서빙고동 금호맨션 앞",4161,327,7.86%,755,18.14%,1699,40.83%
"1181","1181. 농수산식품공사 (강서지사)",4160,210,5.05%,1462,35.14%,365,8.77%
"4162","4162. 노량진1동 청소년독서실",4152,1000,24.08%,549,13.22%,980,23.60%
"2256","2256.양재동 꽃시장 입구",4151,726,17.49%,1294,31.17%,760,18.31%
"2210","2210. 반포1동 주민센터 앞",4141,658,15.89%,706,17.05%,1162,28.06%
"1826","1826. 한신코아 앞",4140,1018,24.59%,650,15.70%,1004,24.25%
"479","479.동대입구역 3번 출구",4139,488,11.79%,786,18.99%,1320,31.89%
"4932","4932. 개포래미안포레스트 130동 맞은편",4139,874,21.12%,538,13.00%,1033,24.96%
"2329","2329. 르네상스호텔사거리 역삼지하보도 2번출구",4136,649,15.69%,729,17.63%,737,17.82%
"2304","2304. 대현그린타워",4125,526,12.75%,1346,32.63%,781,18.93%
"1865","1865.금천구청앞(M빌딩)",4109,827,20.13%,813,19.79%,742,18.06%
"3674","3674. 강동리버스트7단지",4087,950,23.24%,483,11.82%,939,22.98%
"3932","3932. 개봉센트레빌레우스아파트 앞",4081,1007,24.68%,531,13.01%,938,22.98%
"4829","4829. 신내동 한살림 중랑지구 건너편",4081,1256,30.78%,410,10.05%,894,21.91%
"2311","2311. 학동로 래미안 아파트 앞",4066,522,12.84%,1035,25.45%,922,22.68%
"2285","2285. LH서초3단지 301동 맞은편",4065,817,20.10%,531,13.06%,1193,29.35%
"2351","2351. 청소년수련관(수영장)앞",4065,480,11.81%,546,13.43%,1077,26.49%
"4752","4752. 삼성사이버빌리지아파트",4061,616,15.17%,810,19.95%,1044,25.71%
"3005","3005.마포구청 청사내",4044,538,13.30%,893,22.08%,525,12.98%
"1850","1850. 코오롱테크노밸리",4043,215,5.32%,1286,31.81%,653,16.15%
"5315","5315. 불암산역 앞",4040,667,16.51%,619,15.32%,1030,25.50%
"4913","4913. 레베쌍트 빌딩 앞",4039,252,6.24%,1104,27.33%,761,18.84%
"2270","2270. 서초포레스타 7단지",4029,1104,27.40%,562,13.95%,999,24.80%
"4776","4776. 신세계면세점",4025,259,6.43%,1070,26.58%,870,21.61%
"4609","4609. 파크타워 104동 앞",4018,392,9.76%,679,16.90%,1471,36.61%
"2347","2347. 두산건설 본사",4017,254,6.32%,1442,35.90%,640,15.93%
"5779","5779. 나래교",4000,1119,27.98%,545,13.63%,908,22.70%
"4610","4610. 한남나인원 105동 앞",3977,170,4.27%,919,23.11%,1096,27.56%
"1728","1728. 서울북부지방법원",3975,404,10.16%,1409,35.45%,635,15.97%
"1427","1427. 용마산역 1번출구",3965,303,7.64%,1082,27.29%,1033,26.05%
"3134","3134.SK리쳄블(서울아리수본부)",3957,1189,30.05%,591,14.94%,899,22.72%
"3616","3616. 역삼중학교 앞(체육관 방향)",3954,568,14.37%,692,17.50%,974,24.63%
"2281","2281. 서울교통공사 사당별관 건너편",3950,933,23.62%,580,14.68%,832,21.06%
"3654","3654. 강동리버스트4단지아파트 405동 앞",3946,560,14.19%,419,10.62%,1206,30.56%
"5773","5773. 송파시그니처롯데캐슬",3937,1100,27.94%,478,12.14%,1081,27.46%
"1864","1864.산호시티빌 옆",3931,911,23.17%,565,14.37%,945,24.04%
"3426","3426.독립문역 2번출구 뒤",3927,1562,39.78%,420,10.70%,807,20.55%
"1263","1263. 장지공영차고지",3917,684,17.46%,484,12.36%,712,18.18%
"4098","4098.창동역 1번출구 인근",3899,303,7.77%,807,20.70%,1086,27.85%
"4676","4676. 갈현1동 주민센터",3897,562,14.42%,518,13.29%,869,22.30%
"1546","1546. 송천동우체국",3896,273,7.01%,700,17.97%,894,22.95%
"4830","4830. 신내 우디안 111동 앞",3892,1145,29.42%,369,9.48%,940,24.15%
"1366","1366. 일신초등학교 옆",3881,640,16.49%,474,12.21%,1201,30.95%
"1646","1646. 삼육대 입구",3880,561,14.46%,450,11.60%,936,24.12%
"1347","1347. 길음래미안아파트817동 상가 앞",3853,600,15.57%,337,8.75%,1059,27.49%
"4937","4937.개포래미안포레스트 126동 앞",3847,976,25.37%,444,11.54%,991,25.76%
"1542","1542. 삼양사거리역",3846,368,9.57%,443,11.52%,994,25.85%
"173","173. 서대문역 8번출구 앞",3840,676,17.60%,1062,27.66%,556,14.48%
"1386","1386.동선고가차도 초입",3839,560,14.59%,454,11.83%,1099,28.63%
"295","295.영등포공원 분수대 앞",3833,1246,32.51%,479,12.50%,929,24.24%
"2092","2092.흑석한강푸르지오(110동)",3833,891,23.25%,389,10.15%,906,23.64%
"6187","6187.마곡119안전센터 맞은편",3832,1207,31.50%,507,13.23%,598,15.61%
"1943","1943. 온수역 북측",3826,222,5.80%,789,20.62%,978,25.56%
"2609","2609. 보성중고등학교 후문 앞",3825,849,22.20%,480,12.55%,406,10.61%
"1679","1679. 삼육대 도서관",3821,137,3.59%,635,16.62%,856,22.40%
"3114","3114.충정로역 3번 출구",3815,640,16.78%,616,16.15%,942,24.69%
"2305","2305. MCM 본사 직영점 앞",3798,85,2.24%,1908,50.24%,484,12.74%
"2363","2363. 강남 을지병원 교차로",3798,175,4.61%,989,26.04%,884,23.28%
"1188","1188. 롯데중앙연구소",3789,307,8.10%,1736,45.82%,495,13.06%
"1038","1038. 강일 다솜 어린이 공원",3788,702,18.53%,502,13.25%,911,24.05%
"1525","1525. 미아동 복합청사",3779,670,17.73%,717,18.97%,791,20.93%
"1819","1819. 금천구청 앞 자전거거치대",3773,339,8.98%,775,20.54%,742,19.67%
"4908","4908. SB타워 앞",3761,117,3.11%,1294,34.41%,745,19.81%
"2065","2065. 서울시여성가족재단",3748,670,17.88%,471,12.57%,855,22.81%
"857","857. 현대 안성타워",3740,97,2.59%,1061,28.37%,1027,27.46%
"3813","3813. 낙성대역 5번출구",3734,312,8.36%,653,17.49%,1108,29.67%
"5100","5100. 강서도로사업소",3733,322,8.63%,1505,40.32%,420,11.25%
"2406","2406. 논현동 광명빌딩 앞",3732,127,3.40%,1069,28.64%,807,21.62%
"4277","4277. 서대문우체국 정류소 옆",3722,523,14.05%,594,15.96%,1000,26.87%
"435","435. SK 남산빌딩",3705,559,15.09%,749,20.22%,727,19.62%
"4903","4903. 신사스퀘어",3704,140,3.78%,1019,27.51%,945,25.51%
"442","442.서울역 서부",3698,953,25.77%,590,15.95%,908,24.55%
"1058","1058. 고덕숲 아이파크 1",3696,763,20.64%,450,12.18%,1003,27.14%
"4882","4882. 위례포레샤인18단지 1802동",3694,681,18.44%,489,13.24%,883,23.90%
"1761","1761.방학중학교 앞",3693,775,20.99%,508,13.76%,888,24.05%
"4248","4248. 신촌 교보빌딩",3693,267,7.23%,647,17.52%,1127,30.52%
"2398","2398. 더라움",3689,437,11.85%,841,22.80%,790,21.42%
"2371","2371. 한국우편사업진흥원",3688,353,9.57%,916,24.84%,814,22.07%
"3688","3688. 상일동산(동아아파트앞 교차로)",3686,694,18.83%,650,17.63%,847,22.98%
"3973","3973. 독산2동주민센터 앞",3683,1016,27.59%,345,9.37%,858,23.30%
"4668","4668. 기자촌사거리 B",3682,423,11.49%,699,18.98%,1032,28.03%
"1703","1703. 도봉산광역환승센터앞",3676,162,4.41%,1012,27.53%,993,27.01%
"2203","2203. 청계산입구역 2번출구",3674,182,4.95%,855,23.27%,977,26.59%
"4490","4490. 송파파인타운 10단지 1005동",3667,763,20.81%,394,10.74%,994,27.11%
"1558","1558.강북문화정보도서관",3653,448,12.26%,629,17.22%,1168,31.97%
"1466","1466.두산대림아파트 삼거리",3633,311,8.56%,599,16.49%,1060,29.18%
"524","524. 래미안금호하이리버 아파트 102동 옆",3631,715,19.69%,459,12.64%,947,26.08%
"4827","4827. 신내SK V1센터 앞",3614,276,7.64%,1906,52.74%,386,10.68%
"3661","3661. 명일동신동아아파트 앞",3607,591,16.38%,529,14.67%,819,22.71%
"2310","2310. 청담동 맥도날드 옆(위치)",3605,210,5.83%,951,26.38%,835,23.16%
"4153","4153. 흑석동효사정앞",3605,533,14.79%,550,15.26%,1054,29.24%
"4132","4132. 이문삼익아파트 앞",3603,882,24.48%,320,8.88%,958,26.59%
"4103","4103. 휘경sk뷰아파트 앞",3601,448,12.44%,631,17.52%,1068,29.66%
"470","470.회현역 7번출구",3598,532,14.79%,923,25.65%,777,21.60%
"4351","4351.서울AI허브 앞",3597,155,4.31%,1159,32.22%,632,17.57%
"4768","4768. 서울도시건축전시관",3593,1055,29.36%,741,20.62%,532,14.81%
"3910","3910. 목양전원교회 앞 로터리",3559,517,14.53%,437,12.28%,1012,28.43%
"978","978.녹번 힐스테이트상가앞",3541,362,10.22%,747,21.10%,944,26.66%
"1951","1951. 천왕이펜하우스 4단지 후문",3541,863,24.37%,461,13.02%,952,26.89%
"5785","5785.한림연예예술고등학교",3541,704,19.88%,422,11.92%,789,22.28%
"1823","1823. W컨템포오피스텔앞",3517,745,21.18%,525,14.93%,676,19.22%
"139","139. 연세대 정문 건너편",3508,473,13.48%,710,20.24%,669,19.07%
"4667","4667. 폭포동입구 교차로",3504,449,12.81%,541,15.44%,890,25.40%
"608","608. 전농삼성아파트",3499,833,23.81%,418,11.95%,812,23.21%
"1756","1756.서울북부광역등기국",3499,333,9.52%,602,17.20%,860,24.58%
"3109","3109.북한산더샾 106동 앞",3493,360,10.31%,464,13.28%,945,27.05%
"616","616. 서울시립대 정문 앞 A",3468,279,8.04%,478,13.78%,766,22.09%
"3923","3923. 구로공구상가 앞",3463,239,6.90%,848,24.49%,596,17.21%
"1007","1007.암사동 선사유적지",3458,180,5.21%,388,11.22%,1406,40.66%
"5504","5504.아현교회",3453,426,12.34%,896,25.95%,731,21.17%
"2235","2235.KT 서초지사 앞",3442,322,9.36%,951,27.63%,669,19.44%
"3974","3974.  안천중학교",3433,1078,31.40%,303,8.83%,640,18.64%
"5507","5507. 아현래미안푸르지오아파트 104동 앞",3433,1012,29.48%,271,7.89%,925,26.94%
"4781","4781. 브라운스위트레지던스",3430,978,28.51%,761,22.19%,660,19.24%
"2226","2226. 신동아럭스빌아파트 앞",3429,265,7.73%,1305,38.06%,692,20.18%
"4240","4240. 아현문화건강센터",3428,825,24.07%,473,13.80%,792,23.10%
"2088","2088.상도중앙하이츠빌 입구",3427,857,25.01%,365,10.65%,858,25.04%
"3530","3530. 왕십리자이아파트 후문(삼거리)",3427,790,23.05%,298,8.70%,883,25.77%
"352","352. 중앙고입구 삼거리",3419,557,16.29%,658,19.25%,900,26.32%
"4956","4956. 암사역사공원역 1번출구",3419,626,18.31%,579,16.93%,1020,29.83%
"6062","6062.서울역파출소",3419,1121,32.79%,536,15.68%,831,24.31%
"1979","1979. 구로1동우체국 앞",3414,897,26.27%,302,8.85%,825,24.17%
"4925","4925. 청담백영빌딩 앞",3414,198,5.80%,925,27.09%,726,21.27%
"4177","4177. 롯데캐슬 101동 앞",3413,793,23.23%,299,8.76%,939,27.51%
"2143","2143. 서울산업정보학교",3412,432,12.66%,635,18.61%,985,28.87%
"2649","2649.오금공원사거리2",3402,435,12.79%,559,16.43%,992,29.16%
"3703","3703. 삼양입구사거리",3400,594,17.47%,405,11.91%,910,26.76%
"3622","3622. 은마아파트입구 사거리(1)",3394,201,5.92%,609,17.94%,989,29.14%
"4454","4454. 위례 포레샤인 1809동 부근",3332,586,17.59%,367,11.01%,931,27.94%
"1365","1365. 선잠단지 앞",3329,592,17.78%,302,9.07%,959,28.81%
"410","410. 상암중학교 옆",3321,297,8.94%,615,18.52%,898,27.04%
"2659","2659.서울친환경유통센터",3304,1046,31.66%,302,9.14%,572,17.31%
"2817","2817.천왕이펜하우스5단지 앞",3292,389,11.82%,556,16.89%,738,22.42%
"830","830. 강변삼성스위트아파트 앞",3277,853,26.03%,584,17.82%,773,23.59%
"928","928. 은평역사한옥박물관",3275,399,12.18%,588,17.95%,1198,36.58%
"6173","6173. 서울자동차운전전문학원",3263,229,7.02%,849,26.02%,599,18.36%
"5852","5852. 대림동현대2차 201동 앞",3261,532,16.31%,404,12.39%,858,26.31%
"3659","3659. 명일초등학교 옆",3251,405,12.46%,593,18.24%,798,24.55%
"4519","4519. 양원보도육교",3249,363,11.17%,263,8.09%,229,7.05%
"5879","5879. 국회도서관 2문 앞",3230,129,3.99%,1144,35.42%,581,17.99%
"4802","4802. 새우개마을",3227,1079,33.44%,756,23.43%,534,16.55%
"5892","5892.국회의사당본관 좌측",3227,234,7.25%,1502,46.54%,255,7.90%
"5334","5334. 화랑대역 3번출구",3222,430,13.35%,686,21.29%,645,20.02%
"2533","2533.한가람미술관 앞",3215,136,4.23%,857,26.66%,897,27.90%
"4304","4304. 서울고앞",3211,570,17.75%,566,17.63%,861,26.81%
"2350","2350. 래미안그레이튼102동앞",3209,387,12.06%,696,21.69%,699,21.78%
"1379","1379.길음뉴타운푸르지오아파트 3단지",3196,1188,37.17%,185,5.79%,825,25.81%
"3427","3427.인왕산 아이파크 정문",3195,1129,35.34%,461,14.43%,614,19.22%
"827","827. 국군복지단",3187,131,4.11%,1000,31.38%,218,6.84%
"4939","4939.도산공원",3186,194,6.09%,795,24.95%,741,23.26%
"1357","1357. 북한산보국문역",3184,368,11.56%,424,13.32%,912,28.64%
"1377","1377. 한국과학기술연구원 북문",3183,210,6.60%,1223,38.42%,442,13.89%
"2401","2401. 밀알학교 입구 (삼성서울병원 입구)",3180,573,18.02%,426,13.40%,898,28.24%
"3652","3652. 한영외국어고등학교",3173,747,23.54%,477,15.03%,681,21.46%
"4319","4319. 삼성전자R&D어린이집 뒤",3159,377,11.93%,894,28.30%,472,14.94%
"6053","6053. 중부세무서 앞",3158,230,7.28%,662,20.96%,653,20.68%
"1376","1376. 한국과학기술연구원 중문",3151,35,1.11%,1245,39.51%,300,9.52%
"2625","2625.가락종합 사회복지관",3145,950,30.21%,404,12.85%,728,23.15%
"2421","2421. 신논현역 4번출구",3144,339,10.78%,624,19.85%,894,28.44%
"534","534. 금호사거리",3142,534,17.00%,346,11.01%,996,31.70%
"3532","3532. 왕십리KCC스위첸아파트",3139,1144,36.44%,227,7.23%,577,18.38%
"1314","1314. 정릉꿈에그린1단지 201동 앞",3112,582,18.70%,336,10.80%,790,25.39%
"1316","1316. 고려사대부속중고 건너편",3107,216,6.95%,525,16.90%,741,23.85%
"967","967. 서울혁신파크2",3101,126,4.06%,743,23.96%,822,26.51%
"1857","1857. 주공14단지",3098,1202,38.80%,319,10.30%,663,21.40%
"4608","4608. 국립중앙박물관 정문 앞",3088,100,3.24%,730,23.64%,1033,33.45%
"2129","2129. 낙성대 과학전시관",3087,213,6.90%,628,20.34%,828,26.82%
"4928","4928. 교수마을 입구",3083,431,13.98%,680,22.06%,694,22.51%
"5767","5767. 북위례2",3074,604,19.65%,325,10.57%,886,28.82%
"2383","2383. 보금자리정원",3066,509,16.60%,494,16.11%,841,27.43%
"2223","2223. 방배래미안 정문 앞",3060,195,6.37%,542,17.71%,866,28.30%
"1477","1477.면목삼익아파트 앞",3057,324,10.60%,482,15.77%,977,31.96%
"4333","4333. 서울고등학교 건너편",3041,691,22.72%,494,16.24%,738,24.27%
"2425","2425.세곡동 사거리(대왕초등학교 정류장)",3037,406,13.37%,500,16.46%,801,26.37%
"1731","1731. 도봉고등학교 맞은편",3030,328,10.83%,409,13.50%,913,30.13%
"4088","4088. 김근태도서관",3029,152,5.02%,441,14.56%,1077,35.56%
"3637","3637. 세곡데이케어센터",3025,639,21.12%,357,11.80%,733,24.23%
"3624","3624. 대모산입구역 7번 출구 앞",3017,613,20.32%,346,11.47%,882,29.23%
"2037","2037. 동작역 5번출구 동작주차공원",3009,131,4.35%,574,19.08%,1187,39.45%
"4327","4327. 몽마르뜨공원입구",3005,391,13.01%,655,21.80%,774,25.76%
"1053","1053. 동명근린공원 진입로 (아리수로)",2993,587,19.61%,453,15.14%,685,22.89%
"5889","5889.의원회관출입구 앞",2984,158,5.29%,897,30.06%,490,16.42%
"3111","3111.무악재역 4번 출구",2978,461,15.48%,547,18.37%,772,25.92%
"1039","1039. 고덕초등학교",2976,754,25.34%,380,12.77%,793,26.65%
"2159","2159. 인헌초교",2973,196,6.59%,327,11.00%,1010,33.97%
"483","483.남산타운아파트 버스정류장",2971,316,10.64%,474,15.95%,992,33.39%
"1410","1410. 면목 대원칸타빌아파트",2965,503,16.96%,300,10.12%,916,30.89%
"2248","2248. 서초리슈빌S 글로벌 앞",2965,900,30.35%,404,13.63%,646,21.79%
"1842","1842. 한울중학교",2951,948,32.12%,178,6.03%,557,18.87%
"196","196. 연희교차로 인근",2937,459,15.63%,437,14.88%,765,26.05%
"2386","2386. 크린랩 본사",2936,470,16.01%,699,23.81%,698,23.77%
"1352","1352. e 편한세상 보문아파트 내",2933,660,22.50%,396,13.50%,779,26.56%
"4180","4180. 흑석동주민센터 입구",2931,550,18.76%,306,10.44%,874,29.82%
"4583","4583. 의정관",2930,335,11.43%,1235,42.15%,265,9.04%
"3100","3100. 북성초교",2927,366,12.50%,472,16.13%,783,26.75%
"1675","1675. 월계문화체육센터",2924,531,18.16%,422,14.43%,385,13.17%
"2269","2269. 주홍교 하부",2924,391,13.37%,580,19.84%,801,27.39%
"4271","4271. 충정로역 1번 출구",2921,417,14.28%,728,24.92%,771,26.40%
"1504","1504. 삼양시장오거리",2915,283,9.71%,443,15.20%,783,26.86%
"522","522. 금호역 1번출구 앞",2909,210,7.22%,600,20.63%,756,25.99%
"4461","4461. 한양3차아파트 3동 앞",2906,504,17.34%,434,14.93%,882,30.35%
"3902","3902. 항동지구5단지 501동 앞",2902,627,21.61%,308,10.61%,808,27.84%
"947","947. 연신내 선일하이츠빌 정류소",2894,581,20.08%,369,12.75%,753,26.02%
"5331","5331. 공릉동 풍림아파트 112동 앞",2893,897,31.01%,445,15.38%,539,18.63%
"1820","1820. 신한은행 시흥대로금융센터지점",2890,497,17.20%,540,18.69%,574,19.86%
"3563","3563.구의7단지현대아파트",2879,845,29.35%,387,13.44%,818,28.41%
"994","994.북한산생태공원입구(교통섬)",2865,500,17.45%,438,15.29%,723,25.24%
"1037","1037. 강일리버파크 6단지",2847,520,18.26%,316,11.10%,772,27.12%
"3915","3915. 동선아파트 앞",2843,245,8.62%,325,11.43%,899,31.62%
"2249","2249. 우솔초등학교 맞은편",2837,892,31.44%,379,13.36%,673,23.72%
"2184","2184. 구암초등학교 버스정류장",2834,480,16.94%,309,10.90%,866,30.56%
"1620","1620. 중계구민체육센터",2828,263,9.30%,377,13.33%,839,29.67%
"3555","3555.양지사거리(센트라스APT 115동앞)",2815,656,23.30%,330,11.72%,691,24.55%
"3804","3804. 낙성대공원",2800,55,1.96%,364,13.00%,1469,52.46%
"1393","1393.돈암육교 하단",2796,348,12.45%,310,11.09%,687,24.57%
"1304","1304. 만해공원",2777,474,17.07%,375,13.50%,803,28.92%
"3117","3117.이화여대 인문관 인근",2777,217,7.81%,597,21.50%,510,18.37%
"4915","4915. 영동중앙교회 버스정류장",2775,448,16.14%,682,24.58%,455,16.40%
"1424","1424. 양원역 2번출구",2770,241,8.70%,622,22.45%,639,23.07%
"600","600. 휘경2동 주민센터",2763,259,9.37%,333,12.05%,668,24.18%
"569","569. 응봉현대아파트 정류소",2761,424,15.36%,375,13.58%,915,33.14%
"3503","3503. 광진유진스웰",2761,341,12.35%,576,20.86%,780,28.25%
"4883","4883. 위례포레샤인18단지 1812동",2757,512,18.57%,333,12.08%,732,26.55%
"1353","1353. 금호어울림센터힐 내",2756,714,25.91%,232,8.42%,876,31.79%
"3561","3561.행당동 삼부APT후문",2752,123,4.47%,538,19.55%,785,28.52%
"432","432. 마포중앙도서관",2745,166,6.05%,633,23.06%,819,29.84%
"4310","4310. 염곡동(염통골) 입구",2741,503,18.35%,458,16.71%,516,18.83%
"4479","4479. 문정중학교",2722,709,26.05%,233,8.56%,724,26.60%
"1541","1541. 삼양역",2706,177,6.54%,401,14.82%,750,27.72%
"4672","4672. 준빌딩 앞",2694,357,13.25%,375,13.92%,735,27.28%
"3431","3431.로제우스 레포츠센터",2682,231,8.61%,569,21.22%,779,29.05%
"4324","4324. 세화고등학교",2676,67,2.50%,504,18.83%,714,26.68%
"4911","4911. 도곡동 골프 로데오거리",2672,476,17.81%,559,20.92%,538,20.13%
"2804","2804.항동지구 6단지 602동 앞",2671,276,10.33%,340,12.73%,918,34.37%
"2318","2318. 삼성중앙역4번출구(문화센터더 리빌)",2670,355,13.30%,610,22.85%,598,22.40%
"1344","1344. 아리랑시네센터 앞",2662,171,6.42%,444,16.68%,855,32.12%
"4919","4919. 학여울역사거리(은마아파트)",2645,520,19.66%,371,14.03%,800,30.25%
"1847","1847. 독산주공 14단지 버스정류소",2643,587,22.21%,760,28.76%,631,23.87%
"4959","4959. 암사역사공원역 3번출구",2642,885,33.50%,600,22.71%,379,14.35%
"1422","1422. 신내우디안아파트 1단지",2638,112,4.25%,641,24.30%,658,24.94%
"3766","3766. 강서문화센터",2622,883,33.68%,245,9.34%,598,22.81%
"3924","3924. 오류동 계림웨스트밸리 앞",2620,592,22.60%,340,12.98%,532,20.31%
"4613","4613. 서울갤러리아 앞",2617,72,2.75%,534,20.41%,954,36.45%
"1392","1392.돈암삼성풍림아파트",2609,568,21.77%,212,8.13%,674,25.83%
"1342","1342. 성북쉼터 앞",2604,551,21.16%,319,12.25%,644,24.73%
"1463","1463.중랑구민회관",2602,328,12.61%,320,12.30%,617,23.71%
"2516","2516.본마을 노인복지센터 앞",2574,312,12.12%,413,16.05%,844,32.79%
"3701","3701. 방아삼거리",2565,109,4.25%,317,12.36%,898,35.01%
"3806","3806. 낙성대 교수아파트",2562,243,9.48%,505,19.71%,691,26.97%
"977","977.신도중학교앞",2551,445,17.44%,403,15.80%,706,27.68%
"297","297.국회3문",2522,485,19.23%,681,27.00%,574,22.76%
"3531","3531. 논골사거리(금호도서관 입구)",2519,471,18.70%,262,10.40%,809,32.12%
"449","449. 일성아파트",2513,468,18.62%,343,13.65%,653,25.98%
"1467","1467.sk신내 주유소앞(용마산로)",2498,118,4.72%,410,16.41%,724,28.98%
"451","451. 청와대앞길",2497,196,7.85%,577,23.11%,782,31.32%
"443","443.호암아트홀",2477,595,24.02%,882,35.61%,202,8.16%
"4305","4305. 서일스포츠센터",2476,573,23.14%,367,14.82%,592,23.91%
"855","855.이촌역5번출구 앞",2475,247,9.98%,518,20.93%,840,33.94%
"1435","1435. 능산삼거리",2468,402,16.29%,287,11.63%,637,25.81%
"1315","1315. 고려사대부속중고 정문",2460,178,7.24%,372,15.12%,709,28.82%
"973","973.제각말푸르지오 5-1단지 아파트",2443,395,16.17%,347,14.20%,717,29.35%
"2334","2334. 삼호아파트 2동 ( 간선도로)",2433,359,14.76%,465,19.11%,343,14.10%
"1459","1459. 용마한신아파트사거리",2427,326,13.43%,243,10.01%,703,28.97%
"1006","1006. 롯데캐슬 115동앞",2423,386,15.93%,396,16.34%,630,26.00%
"3620","3620. 청담역 11번 출구",2422,817,33.73%,400,16.52%,458,18.91%
"5339","5339. 은빛1단지 아파트 앞",2422,254,10.49%,373,15.40%,619,25.56%
"859","859.남산공원 야외식물원 앞",2416,171,7.08%,432,17.88%,759,31.42%
"2519","2519.서초2교(사임당로 방면)",2416,558,23.10%,394,16.31%,548,22.68%
"4623","4623. 라인프랜즈이태원점 앞",2403,99,4.12%,466,19.39%,773,32.17%
"4845","4845. 신내역금강펜테리움센트럴파크",2398,503,20.98%,474,19.77%,519,21.64%
"4538","4538. 양천공영차고지",2390,163,6.82%,437,18.28%,482,20.17%
"4417","4417. 성북청소년문화의집",2367,366,15.46%,298,12.59%,571,24.12%
"2041","2041. 사당중학교 버스정류소",2360,415,17.58%,243,10.30%,690,29.24%
"2532","2532.국립국악원 앞",2339,251,10.73%,793,33.90%,489,20.91%
"161","161. 무악재역1번 출구",2338,343,14.67%,414,17.71%,718,30.71%
"4881","4881. 거여동사거리 송파둘레길 입구",2331,454,19.48%,356,15.27%,603,25.87%
"3970","3970. 시흥4동주민센터 앞",2329,833,35.77%,164,7.04%,466,20.01%
"3629","3629. 청담사거리(신한오피스텔빌딩 앞)",2326,82,3.53%,699,30.05%,497,21.37%
"4879","4879. 마천청소년센터",2322,457,19.68%,245,10.55%,646,27.82%
"4473","4473. 마천금호어울림 1차 102동앞",2311,435,18.82%,282,12.20%,691,29.90%
"5897","5897.여의도공작아파트",2292,130,5.67%,717,31.28%,740,32.29%
"2040","2040. 비계 버스정류소",2285,288,12.60%,237,10.37%,735,32.17%
"4611","4611. 국제루터교회 앞",2281,192,8.42%,466,20.43%,599,26.26%
"127","127. 현대벤처빌 앞",2265,226,9.98%,419,18.50%,596,26.31%
"4158","4158. 노량진근린공원",2265,415,18.32%,269,11.88%,604,26.67%
"1866","1866.서울안천초등학교 옆",2248,280,12.46%,439,19.53%,538,23.93%
"3418","3418.창신역2번 출구",2242,547,24.40%,243,10.84%,535,23.86%
"1101","1101. 상사마을 버스정류장(아라대교방면)",2236,403,18.02%,418,18.69%,481,21.51%
"2165","2165. JK장평타워",2223,122,5.49%,393,17.68%,656,29.51%
"4021","4021. 중계본동 입구",2216,445,20.08%,282,12.73%,572,25.81%
"1573","1573.현대성우아파트 옆",2202,392,17.80%,206,9.36%,664,30.15%
"1370","1370. 복자사랑 피정의 집",2198,404,18.38%,202,9.19%,749,34.08%
"938","938. 금암 문화공원",2190,224,10.23%,394,17.99%,679,31.00%
"2536","2536.서초AICT 우수기업센터 앞",2161,267,12.36%,537,24.85%,333,15.41%
"1861","1861.IBK기업은행 석수역 지점 앞",2155,160,7.42%,538,24.97%,610,28.31%
"4323","4323. 내곡도서관",2146,129,6.01%,364,16.96%,638,29.73%
"4584","4584. 국회2문",2131,207,9.71%,804,37.73%,306,14.36%
"681","681.서울특별시 동부교육지원청(육교)",2099,351,16.72%,357,17.01%,402,19.15%
"1418","1418. 새솔초등학교",2084,545,26.15%,183,8.78%,497,23.85%
"4916","4916. 청담역 1번출구",2082,303,14.55%,396,19.02%,546,26.22%
"2079","2079.중앙대학교 중앙광장",2073,287,13.84%,328,15.82%,534,25.76%
"992","992.북한산입구 정류장",2066,90,4.36%,244,11.81%,931,45.06%
"2807","2807.항동지구 1단지 105동 앞",2063,234,11.34%,328,15.90%,628,30.44%
"200","200. 국회의원회관",2060,253,12.28%,799,38.79%,104,5.05%
"974","974.연신초등학교옆 마을마당",2059,391,18.99%,275,13.36%,571,27.73%
"4421","4421. 롯데캐슬클라시아 입구 앞",2059,325,15.78%,408,19.82%,574,27.88%
"4681","4681.박석고개(은평소방서) 앞",2050,298,14.54%,319,15.56%,536,26.15%
"2257","2257. 청계산 입구 삼거리",2048,40,1.95%,795,38.82%,458,22.36%
"3401","3401.창신두산아파트",2039,800,39.23%,220,10.79%,467,22.90%
"3428","3428.서울미술관",2021,396,19.59%,273,13.51%,679,33.60%
"3911","3911. 항동하버리안2단지아파트 후문",2016,291,14.43%,265,13.14%,602,29.86%
"465","465. 삼청공원 앞",2007,374,18.63%,491,24.46%,441,21.97%
"2078","2078.흑석 아크로리버하임(103동)",1996,201,10.07%,371,18.59%,579,29.01%
"1730","1730. 도봉산역 교차로 앞",1993,42,2.11%,497,24.94%,558,28.00%
"4936","4936. SK텔레콤(T1) 인근",1992,227,11.40%,526,26.41%,437,21.94%
"3720","3720. 우이천 창번교",1991,327,16.42%,361,18.13%,581,29.18%
"2808","2808.항동지구 2단지 202동 앞",1988,280,14.08%,272,13.68%,549,27.62%
"2199","2199.신봉천주유소 A",1987,199,10.02%,303,15.25%,599,30.15%
"2093","2093.상도SH빌아파트 입구",1966,225,11.44%,254,12.92%,563,28.64%
"2225","2225.백석예술대학교 제3캠퍼스 앞",1964,200,10.18%,841,42.82%,353,17.97%
"2806","2806.항동지구 4단지 입구",1957,488,24.94%,241,12.31%,531,27.13%
"3539","3539. 서원마을",1943,264,13.59%,465,23.93%,652,33.56%
"1445","1445. 용마지구대 A",1940,297,15.31%,289,14.90%,496,25.57%
"2207","2207. 내곡파출소 뒤 정자",1940,331,17.06%,469,24.18%,401,20.67%
"1513","1513. 강북구청 뒷편",1939,125,6.45%,325,16.76%,539,27.80%
"1836","1836. 금천구립 독산도서관",1928,383,19.87%,328,17.01%,445,23.08%
"2814","2814.항동지구 10단지 1001동 앞",1927,789,40.94%,183,9.50%,496,25.74%
"1250","1250.문정2동 주민센터",1923,319,16.59%,217,11.28%,446,23.19%
"4336","4336. 서울교육청 교육연수원 앞",1919,124,6.46%,765,39.86%,241,12.56%
"1283","1283. 오금공원 사거리",1889,249,13.18%,317,16.78%,550,29.12%
"1453","1453. 중랑캠핑숲",1856,432,23.28%,241,12.98%,432,23.28%
"1971","1971. 오정초교 앞 보도육교",1848,104,5.63%,303,16.40%,413,22.35%
"921","921. 신도고등학교",1843,237,12.86%,355,19.26%,496,26.91%
"3429","3429.HW컨벤션센터 앞",1838,486,26.44%,192,10.45%,547,29.76%
"2354","2354. 청담역 2번출구",1815,230,12.67%,372,20.50%,554,30.52%
"3714","3714. 송천센트레빌",1803,316,17.53%,171,9.48%,503,27.90%
"5308","5308. 상계신동아아파트",1788,200,11.19%,196,10.96%,663,37.08%
"3610","3610. 윗반마을 입구",1777,154,8.67%,389,21.89%,612,34.44%
"4942","4942.율현삼거리",1765,73,4.14%,382,21.64%,476,26.97%
"4760","4760. 서울역 7번출구",1755,146,8.32%,504,28.72%,281,16.01%
"945","945. 기자촌 사거리 A",1752,295,16.84%,280,15.98%,488,27.85%
"2130","2130. 영어마을 관악캠프",1751,100,5.71%,316,18.05%,551,31.47%
"854","854.HID 유족동지회 앞",1734,55,3.17%,308,17.76%,642,37.02%
"1242","1242. 문정 법조단지6",1719,276,16.06%,502,29.20%,358,20.83%
"2068","2068. 총신대 앞(육교)",1702,278,16.33%,337,19.80%,378,22.21%
"2284","2284. CJ오쇼핑앞",1699,69,4.06%,573,33.73%,384,22.60%
"725","725. 양강중학교앞 교차로",1688,207,12.26%,252,14.93%,520,30.81%
"1538","1538. 솔밭공원역",1687,139,8.24%,209,12.39%,532,31.54%
"4772","4772. 중앙일보",1685,95,5.64%,717,42.55%,179,10.62%
"4617","4617. 동원베네스트 건너편",1681,327,19.45%,229,13.62%,400,23.80%
"1550","1550.삼각산아이원아파트(105동 옆)",1642,493,30.02%,128,7.80%,480,29.23%
"1572","1572. 우이동 먹거리마을",1623,142,8.75%,231,14.23%,642,39.56%
"5880","5880. 국회박물관",1616,34,2.10%,383,23.70%,126,7.80%
"3648","3648. 구룡역 4번 출구",1609,99,6.15%,338,21.01%,452,28.09%
"1855","1855. 성지아파트 옆 도로변",1608,234,14.55%,201,12.50%,379,23.57%
"5888","5888.여의도성당",1600,106,6.63%,644,40.25%,392,24.50%
"3003","3003.래미안신공덕3차아파트",1579,471,29.83%,139,8.80%,432,27.36%
"968","968. 은평뉴타운 상림마을 13단지",1577,376,23.84%,124,7.86%,401,25.43%
"564","564. 금호역 3번출구",1550,133,8.58%,159,10.26%,527,34.00%
"4178","4178. 이수성결교회 옆",1542,99,6.42%,272,17.64%,521,33.79%
"6185","6185.가양나들목",1526,223,14.61%,173,11.34%,532,34.86%
"4612","4612. 이태원로 255",1479,47,3.18%,244,16.50%,526,35.56%
"1969","1969. 궁동생태공원",1478,134,9.07%,195,13.19%,409,27.67%
"4309","4309. 서초케이타운앞",1476,111,7.52%,202,13.69%,393,26.63%
"3940","3940.삼각어린이공원 앞",1473,407,27.63%,175,11.88%,335,22.74%
"3404","3404.서울특별시 중부교육지원청",1466,236,16.10%,315,21.49%,186,12.69%
"2809","2809.항동지구 11단지 1103동 앞",1463,197,13.47%,211,14.42%,518,35.41%
"447","447. 신영동삼거리",1461,163,11.16%,219,14.99%,406,27.79%
"969","969. 은평 지웰테라스",1459,291,19.95%,110,7.54%,318,21.80%
"3937","3937. 개봉역 신영지웰에스테이트",1450,375,25.86%,251,17.31%,372,25.66%
"966","966. 서울혁신파크1",1448,103,7.11%,411,28.38%,410,28.31%
"1066","1066.생태공원앞 교차로(조명탑)",1447,265,18.31%,249,17.21%,436,30.13%
"486","486. 평창동주민센터 앞",1440,101,7.01%,258,17.92%,457,31.74%
"2805","2805.구로자원순환센터",1428,125,8.75%,182,12.75%,508,35.57%
"4690","4690.은평뉴타운폭포동 힐스테이트4단지",1408,229,16.26%,208,14.77%,502,35.65%
"4782","4782. 서소문역사공원",1406,257,18.28%,446,31.72%,217,15.43%
"5786","5786.문정로데오거리입구",1397,164,11.74%,295,21.12%,410,29.35%
"4896","4896. 송파레이크힐",1352,355,26.26%,248,18.34%,247,18.27%
"5601","5601.감정평가사회관앞",1343,120,8.94%,340,25.32%,375,27.92%
"4099","4099.창동역 이마트 건너편",1288,107,8.31%,210,16.30%,363,28.18%
"381","381. 장충체육관",1286,110,8.55%,260,20.22%,329,25.58%
"4044","4044. 공릉산 백세문 입구",1278,150,11.74%,152,11.89%,509,39.83%
"2506","2506. LG유플러스 (방배사옥)",1261,51,4.04%,365,28.95%,281,22.28%
"2508","2508. 양재이스타빌 앞",1256,177,14.09%,317,25.24%,305,24.28%
"937","937. 상림마을 롯데캐슬2단지 옆",1254,75,5.98%,171,13.64%,519,41.39%
"1723","1723. 방학동학마을도서관",1245,141,11.33%,265,21.29%,363,29.16%
"3972","3972. 산기슭공원 앞",1238,395,31.91%,89,7.19%,277,22.37%
"5898","5898.당산역 1번출구",1236,69,5.58%,350,28.32%,312,25.24%
"4348","4348. 사당역 1번출구",1207,197,16.32%,296,24.52%,223,18.48%
"991","991.흥국사 정류장",1195,106,8.87%,142,11.88%,429,35.90%
"2541","2541.옛골 입구",1173,205,17.48%,224,19.10%,382,32.57%
"5337","5337. 태강릉 앞",1169,62,5.30%,187,16.00%,474,40.55%
"4777","4777. 약수동 주민센터",1160,116,10.00%,164,14.14%,375,32.33%
"4334","4334. 인재개발원 데이터센터",1152,47,4.08%,278,24.13%,201,17.45%
"2096","2096.서울특별시 동작관악교육지원청",1132,356,31.45%,149,13.16%,243,21.47%
"2810","2810.항동지구 3단지 311동 앞",1128,176,15.60%,181,16.05%,409,36.26%
"429","429. 송도병원",1105,201,18.19%,103,9.32%,377,34.12%
"523","523. 옥수동성당 옆",1080,81,7.50%,159,14.72%,356,32.96%
"2392","2392. 구룡산 입구 (구룡산 서울둘레길 입구)",1072,245,22.85%,196,18.28%,241,22.48%
"3781","3781. 강서아동복지센터",1072,96,8.96%,218,20.34%,253,23.60%
"1822","1822. 서울 시흥동우체국 앞",1021,208,20.37%,171,16.75%,259,25.37%
"556","556. 달맞이공원",1019,50,4.91%,210,20.61%,388,38.08%
"2289","2289. 남태령역 2번출구",1017,151,14.85%,260,25.57%,202,19.86%
"4523","4523. 구립양천어르신요양센터",983,137,13.94%,152,15.46%,342,34.79%
"4337","4337. 우면산등산로 입구",978,96,9.82%,381,38.96%,187,19.12%
"3787","3787. 가양나들목",964,58,6.02%,171,17.74%,364,37.76%
"2813","2813.항동지구 3단지 302동 앞",928,351,37.82%,81,8.73%,236,25.43%
"2816","2816.항동지구 8단지 803동옆(주차장입구)",916,160,17.47%,151,16.48%,228,24.89%
"5320","5320. 국제 스케이트장",869,46,5.29%,147,16.92%,228,26.24%
"4644","4644.서울특별시교육청 앞",838,124,14.80%,97,11.58%,257,30.67%
"4944","4944.젠빌딩",807,143,17.72%,192,23.79%,167,20.69%
"1678","1678. 성서대학교 밀알관",774,124,16.02%,190,24.55%,80,10.34%
"3878","3878. 장로회신학대학교 주기철 기념관",762,21,2.76%,164,21.52%,212,27.82%
"4322","4322.서울추모공원 입구",743,45,6.06%,140,18.84%,179,24.09%
"2288","2288. 안골마을입구",673,100,14.86%,102,15.16%,192,28.53%
"4415","4415. 미아초교버스승강장",643,83,12.91%,91,14.15%,182,28.30%
"4968","4968.강동구 자원순환센터",634,19,3.00%,205,32.33%,194,30.60%
"2287","2287. 능안마을입구",606,28,4.62%,237,39.11%,50,8.25%
"3971","3971. 순흥안씨묘 건너편",598,141,23.58%,81,13.55%,136,22.74%
"2064","2064. 흑석한강푸르지오 106동앞",575,191,33.22%,32,5.57%,123,21.39%
"3968","3968. 독산동 현대홈타운 금천과선교 앞",572,140,24.48%,67,11.71%,144,25.17%
"5327","5327. 태릉선수촌 앞",555,21,3.78%,122,21.98%,152,27.39%
"4363","4363. 신금호역 2번출구 앞",540,34,6.30%,96,17.78%,164,30.37%
"1680","1680. 삼육대 제3과학관",504,11,2.18%,106,21.03%,93,18.45%
"1280","1280. 송파파크데일 2단지입구 앞 주차장",481,84,17.46%,56,11.64%,112,23.28%
"4343","4343. 헌인릉 입구",481,121,25.16%,77,16.01%,117,24.32%
"3527","3527. 왕십리 자이아파트(101동 앞)",406,76,18.72%,54,13.30%,114,28.08%
"4933","4933. 디에이치퍼스티어아이파크 159동 앞",343,67,19.53%,32,9.33%,108,31.49%
"3430","3430.구기치안센터 앞",330,25,7.58%,57,17.27%,119,36.06%
"4338","4338.새정이마을버스정류장 앞",330,31,9.39%,32,9.70%,129,39.09%
"2286","2286. 탑성마을입구",320,96,30.00%,41,12.81%,69,21.56%
"2391","2391. 구룡터널 입구(개포1단지아파트)",312,64,20.51%,91,29.17%,88,28.21%
"2314","2314. 청담나들목입구",260,29,11.15%,49,18.85%,65,25.00%
"2612","2612. 광평교사거리 인근",197,7,3.55%,24,12.18%,68,34.52%
"9980","AS센터",134,10,7.46%,30,22.39%,1,0.75%
"1362","1362. 보문역6번출구 앞",30,2,6.67%,3,10.00%,13,43.33%
"2007","2007. 유한양행앞",27,3,11.11%,7,25.93%,0,0.00%
"1845","1845. 롯데캐슬골드파크1차 서문",7,2,28.57%,1,14.29%,2,28.57%
"3605","3605. 봉은사역6번출구(현대아이파크타워앞)",5,0,0.00%,2,40.00%,0,0.00%
"1721","1721. 창동역 2번출구",4,0,0.00%,2,50.00%,0,0.00%
"2135","2135. 신림역 5번출구",4,0,0.00%,0,0.00%,0,0.00%
"3305","3305.낙성대역 8번 출구",4,0,0.00%,2,50.00%,0,0.00%
"3779","3779. 유광사여성병원",4,0,0.00%,3,75.00%,0,0.00%
"5855","5855. 하이투자증권 앞",4,0,0.00%,0,0.00%,2,50.00%
"211","211. 여의도역 4번출구 옆",3,0,0.00%,0,0.00%,2,66.67%
"2322","2322. 삼성역 3번 출구",3,0,0.00%,0,0.00%,3,100.00%
"5854","5854. 신한금융투자 앞",3,0,0.00%,0,0.00%,2,66.67%
"764","764. 목동청소년수련관",2,0,0.00%,0,0.00%,1,50.00%
"212","212. 여의도역 1번출구 옆",1,0,0.00%,0,0.00%,0,0.00%
"253","253. 신풍역 5번출구 인근",1,0,0.00%,0,0.00%,0,0.00%
"1026","1026. 대명초교 입구 교차로",1,1,100.00%,0,0.00%,0,0.00%
"2113","2113. 관악동작견인차량보관소",1,0,0.00%,1,100.00%,0,0.00%
"2355","2355. 삼성역 5~6번 출구 사이",1,0,0.00%,0,0.00%,0,0.00%
"3603","3603. 삼성역 2번출구",1,0,0.00%,0,0.00%,1,100.00%
"3621","3621. 휘문고교 사거리",1,0,0.00%,0,0.00%,1,100.00%
