대여소번호,대여소명,전체 이용건수,평일출근비중(%),평일퇴근비중(%),주말이용비중(%)
"2715","2715.마곡나루역 2번 출구",173645,21.61%,24.73%,20.16%
"1210","1210. 롯데월드타워(잠실역2번출구 쪽)",122673,12.92%,29.86%,25.53%
"2728","2728.마곡나루역 3번 출구",121698,19.90%,25.22%,16.18%
"2701","2701. 마곡나루역 5번출구 뒤편",114953,35.88%,23.45%,14.40%
"5515","5515.한강버스 망원 선착장",97178,2.55%,14.75%,44.06%
"230","230. 영등포구청역 7번출구",90789,20.93%,21.17%,20.86%
"502","502. 자양(뚝섬한강공원)역 1번출구 앞",88882,11.36%,19.67%,32.46%
"2622","2622. 올림픽공원역 3번출구",79556,13.26%,20.29%,30.84%
"2608","2608. 송파구청",79455,10.63%,23.65%,28.54%
"1124","1124. 발산역 6번 출구 뒤",72977,11.57%,22.05%,25.67%
"1911","1911. 구로디지털단지역 앞",70484,17.86%,24.66%,21.64%
"792","792.목동트라팰리스 웨스턴에비뉴",70074,3.53%,20.23%,28.74%
"769","769.CBS방송국 앞",69556,4.45%,24.52%,31.47%
"4217","4217. 한강공원 망원나들목",69466,4.88%,14.34%,39.39%
"3533","3533. 건대입구역 사거리(롯데백화점)",68937,9.13%,19.06%,29.90%
"247","247. 당산역 10번출구 앞",67725,13.70%,24.40%,24.57%
"4870","4870. 몽촌토성역 3번 출구",67510,11.25%,19.59%,27.67%
"272","272. 당산육갑문",67379,9.41%,19.64%,32.45%
"1160","1160. 양천향교역 7번출구앞",67279,16.69%,20.56%,21.69%
"1166","1166. 강서구립등빛도서관",67255,22.10%,15.88%,24.06%
"3939","3939.신도림역 3번출구",67072,10.98%,30.24%,24.58%
"5052","5052. 마곡역 7번출구",66948,20.72%,26.37%,18.45%
"765","765. 오목교역 3번출구",66480,7.72%,20.84%,29.13%
"4565","4565. 영등포 신세계백화점",66307,5.05%,23.62%,33.55%
"2102","2102. 봉림교 교통섬",65867,6.66%,16.73%,31.39%
"5768","5768.방이삼거리",64144,10.37%,17.47%,27.95%
"2733","2733.마곡13단지 정문 앞",63937,30.76%,11.18%,22.77%
"3798","3798. 그랜드아이파크아파트 앞",63748,27.06%,15.55%,22.62%
"583","583. 청계천 생태교실 앞",62641,8.36%,16.46%,36.65%
"2721","2721.등촌1-10단지 교차로",62188,25.21%,21.02%,18.99%
"5891","5891.한강버스 여의도 선착장",61488,1.36%,17.51%,42.71%
"5082","5082. 가양역 7번출구",61448,13.74%,25.02%,21.90%
"2620","2620. 송파나루역 4번 출구옆",61183,13.60%,17.39%,28.42%
"529","529. 장한평역 8번 출구 앞",60925,25.26%,22.20%,17.15%
"1050","1050.  둔촌역 3번 출입구",60119,13.71%,17.48%,25.26%
"113","113. 홍대입구역 2번출구 앞",59869,12.02%,28.13%,22.79%
"1906","1906. 신도림역 1번 출구 앞",59498,21.99%,25.63%,22.45%
"1151","1151. 마곡역1번출구",59399,17.81%,24.27%,20.96%
"5858","5858. 영등포역5번출구",59215,20.23%,16.08%,26.32%
"3534","3534. 건대입구역 5번출구 뒤",58808,10.89%,18.23%,27.10%
"5153","5153.한강버스 뚝섬 선착장",58351,2.04%,17.70%,40.97%
"508","508. 성수아카데미타워 앞",57587,25.70%,24.73%,15.94%
"1009","1009. 천호역4번출구(현대백화점)",57506,7.94%,24.35%,28.51%
"1867","1867.대륭포스트타워6차 앞",56544,19.18%,36.33%,13.29%
"2717","2717.LG유플러스 마곡사옥",56514,7.27%,48.09%,8.16%
"1222","1222. 잠실새내역 5번 출구 뒤",55811,9.11%,19.31%,28.31%
"781","781.신정보도육교 아래",55742,27.23%,13.97%,24.29%
"3518","3518. 군자역 7번출구뒤",55695,18.10%,20.80%,22.50%
"1625","1625. 상계역 3번출구",55091,14.80%,17.10%,25.37%
"4574","4574. 영등포시장역 포레나영등포",54936,16.58%,20.69%,24.05%
"1112","1112. 마곡엠밸리4단지 정문",54666,13.13%,20.43%,23.81%
"1152","1152. 마곡역교차로",54446,14.38%,27.21%,19.02%
"4543","4543. 오목교역 6번 출구",53602,12.14%,24.03%,25.17%
"2739","2739.수명산파크1단지교차로",53373,28.49%,13.06%,22.34%
"4457","4457. 아산병원 기숙사 부근",53097,6.67%,29.46%,16.13%
"726","726. 목동3단지 시내버스정류장",52964,22.12%,14.38%,25.01%
"585","585. 성수2가1동 공영주차장 인근",52416,16.23%,18.47%,27.41%
"797","797.목동아파트 1422동 1434동 사잇길",52209,21.59%,15.34%,25.89%
"708","708. 서울출입국관리사무소 앞",52154,13.94%,20.06%,24.03%
"5784","5784.한강버스 잠실 선착장",51916,3.13%,14.49%,46.31%
"1019","1019. 다성이즈빌아파트(호원대 대각선 맞은편)",51646,20.92%,16.18%,23.68%
"3569","3569.건대병원후문",51584,14.45%,18.12%,21.65%
"4571","4571. 문래동롯데캐슬아파트",51277,24.26%,18.50%,22.73%
"1158","1158. 가양역 8번출구",51228,14.72%,21.51%,22.36%
"1190","1190. 마곡역 교차로(2번출구)",51145,12.10%,25.70%,23.43%
"770","770.목동역5번출구",50444,14.99%,23.06%,19.58%
"1078","1078.둔촌사거리",49945,14.40%,14.27%,30.95%
"5781","5781. 올림픽공원 수영장",49519,15.27%,12.86%,23.09%
"4561","4561. 양평역 1번출구",49418,25.47%,21.17%,20.03%
"3780","3780. 등촌서광아파트",49309,22.71%,15.73%,24.14%
"240","240. 문래역 4번출구 앞",48986,20.59%,22.31%,21.34%
"1020","1020. 강동경찰서",48978,20.18%,15.86%,20.07%
"1925","1925. 동양미래대학교 정문 옆",48965,13.47%,15.36%,26.79%
"5651","5651.한강버스 옥수 선착장",48408,3.81%,18.73%,39.42%
"1167","1167. 마곡수명산파크3단지 교차로",48269,24.71%,15.26%,23.79%
"1601","1601. 석계역 문화광장 내 자전거 보관소",48192,9.77%,21.80%,23.78%
"3681","3681. 길동 마루빌딩",48138,12.02%,17.06%,27.78%
"207","207. 여의나루역 1번출구 앞",47872,9.34%,23.76%,31.73%
"209","209. 유진투자증권빌딩 앞",47705,5.07%,36.51%,24.01%
"5061","5061. 우장산동 가곡어린이공원앞",47558,14.14%,15.75%,25.38%
"1184","1184. 마곡13단지",47319,33.01%,11.68%,23.20%
"3668","3668. 성내삼성아파트",47247,21.45%,15.42%,24.21%
"1084","1084. 윤선생빌딩(JYP사옥)",46577,11.54%,24.96%,24.37%
"746","746. 목동2단지 상가",46240,5.77%,18.02%,32.08%
"1157","1157. 강서구청",46181,28.94%,16.86%,19.73%
"243","243. 이앤씨드림타워 앞",46132,11.14%,25.23%,23.38%
"1608","1608. 공릉역 1번 출구 앞",46131,12.65%,20.52%,22.06%
"1044","1044. 굽은다리역",46104,12.41%,17.13%,26.96%
"4940","4940.한강버스 압구정 선착장",46092,2.82%,18.13%,43.82%
"787","787.양천아파트 입구",46086,28.33%,14.21%,23.22%
"3571","3571.화양 APT(횡단보도 옆)",45986,18.79%,17.91%,22.42%
"4531","4531. 목동아파트 613동 앞",45950,22.40%,13.88%,27.59%
"4029","4029. 청소년수련관 후문",45915,20.37%,12.58%,26.89%
"4137","4137. 답십리역 4번출구",45845,11.78%,25.14%,22.67%
"2639","2639.석촌역 8번출구",45582,16.56%,20.25%,23.94%
"263","263. 근로자회관 사거리",45137,12.89%,23.12%,23.11%
"1117","1117. 등촌5단지아파트 버스정류장",45000,14.54%,19.79%,21.73%
"2719","2719.마곡문화공원",44848,10.03%,41.18%,13.06%
"202","202. 국민일보 앞",44756,8.82%,35.98%,21.34%
"4508","4508. 유원목동아파트 103동 앞",44528,13.89%,15.66%,24.53%
"1295","1295. 잠실역 8번출구",44519,6.75%,24.03%,28.30%
"5096","5096. LG사이언스파크 E14동",44505,9.27%,56.20%,2.19%
"1011","1011. LIGA 아파트 앞",44309,17.28%,16.05%,24.27%
"1173","1173. 강서구청사거리(SH타워)",44097,25.40%,14.19%,23.76%
"795","795.양천 해누리타운",44085,12.02%,20.27%,22.15%
"1149","1149. 신방화역환승주차장",44051,12.45%,21.68%,23.99%
"3680","3680. 강동역3번출구",43786,17.40%,19.88%,21.63%
"2628","2628.문정역 1번출구",43514,15.87%,21.34%,20.62%
"2646","2646.레이크펠리스101동앞",43374,13.54%,15.06%,28.95%
"1985","1985. 구로도서관",43317,17.02%,16.07%,24.93%
"779","779. 신정1동 주민센터 앞",43270,15.09%,17.66%,26.90%
"1182","1182. KBS 스포츠월드",43259,22.08%,16.42%,18.50%
"3219","3219.영등포역 1번출구",43185,17.43%,22.48%,25.58%
"217","217. NH농협은행 앞",43039,11.12%,36.98%,12.69%
"1637","1637. KT 전화국 버스정류장 옆",42925,5.97%,21.41%,28.58%
"4452","4452. 삼성SDS",42597,6.59%,41.89%,14.41%
"703","703. 오목교역 7번출구 앞",42528,13.84%,25.53%,22.86%
"3881","3881. 신자초교입구 교차로",42468,22.60%,12.39%,26.61%
"1024","1024.  강동구청 앞",42209,13.68%,21.97%,22.73%
"5080","5080. 가양역 1번출구",42174,17.80%,21.43%,21.98%
"431","431. 청계천 영도교",42101,14.90%,14.11%,24.62%
"2136","2136. 신림역 8번출구",41976,8.20%,15.84%,28.87%
"1209","1209. 잠실나루역 (2번 출구 쪽)",41960,19.91%,24.47%,21.20%
"4233","4233. 코오롱아파트사거리",41838,15.80%,16.37%,27.48%
"2824","2824.미래사랑어린이공원 앞",41804,12.30%,25.60%,24.73%
"228","228. 선유도역 3번출구 앞",41758,11.36%,20.20%,29.43%
"4897","4897. 잠실주공5단지1",41740,28.20%,11.72%,26.85%
"1684","1684. 태릉입구역 5번출구",41679,6.67%,20.86%,26.12%
"3575","3575. 자양사거리(서원빌딩)",41602,11.38%,16.98%,26.10%
"5882","5882. 휴젠느",41285,26.22%,15.80%,24.71%
"996","996.응암역2번출구 국민은행 앞",41248,8.93%,20.06%,27.76%
"3511","3511. 응봉역 1번출구",41189,12.04%,13.59%,35.74%
"907","907. CJ 드림시티",41059,9.35%,16.54%,30.24%
"853","853.용산역 맞은편",40797,5.83%,19.26%,35.31%
"744","744. 신목동역 2번 출구",40741,18.70%,24.59%,19.71%
"1264","1264. 천호역 10번 출구 앞",40738,14.80%,24.00%,24.63%
"5070","5070. 마곡13단지힐스테이트마스터 후문(1320동 앞)",40631,31.50%,11.88%,22.70%
"584","584. 광진광장 교통섬",40596,24.59%,14.59%,20.15%
"5867","5867. H타워 앞",40583,34.84%,20.26%,19.17%
"4509","4509. 서울영상고교 입구",40395,17.38%,13.13%,24.77%
"4540","4540. 목동역 3번 출구",40301,12.20%,23.40%,21.50%
"245","245. 삼성생명 당산사옥 앞",40168,17.27%,21.86%,20.33%
"2623","2623.석촌동 주민센터",40120,18.60%,15.75%,26.93%
"2621","2621. 한성백제역 2번 출구",40094,10.87%,16.30%,36.18%
"5870","5870. LG트윈타워 앞",39905,10.54%,28.89%,22.60%
"4547","4547. 목동역 2번 출구",39903,9.63%,20.01%,24.96%
"1653","1653. 노원역1번출구",39830,7.15%,23.33%,27.84%
"280","280. 양평동6차현대아파트 앞",39736,27.95%,12.20%,23.52%
"4515","4515. 동문굿모닝탑",39680,11.54%,15.27%,28.21%
"1106","1106. 신방화사거리",39587,18.93%,17.28%,25.05%
"631","631. 답십리역 1번출구",39342,18.61%,22.55%,19.89%
"1010","1010. 강동세무서",39256,12.96%,19.18%,24.23%
"5866","5866.포레나 당산",39226,7.47%,21.23%,27.63%
"1650","1650. 중계근린공원내",39150,13.40%,15.98%,27.72%
"4865","4865. 한성백제역 1번출구 뒤",39097,17.15%,17.58%,26.75%
"2723","2723.마곡 필네이처",39086,18.52%,23.67%,19.12%
"1118","1118. 증미역 3번출구뒤(등촌두산위브센티움오피스텔)",39073,15.21%,26.15%,20.32%
"5862","5862. 당산역11번출구",39067,19.53%,23.25%,22.10%
"236","236. 문래동자이아파트 앞",38995,15.54%,14.96%,26.69%
"4514","4514. 목동성당 앞",38862,15.75%,12.88%,27.59%
"4108","4108. 답십리파크자이아파트 앞",38850,26.75%,12.41%,24.18%
"1029","1029. 성내어울터",38449,5.93%,19.34%,29.76%
"731","731. 서울시 도로환경관리센터",38340,9.02%,21.50%,30.24%
"3202","3202.당산롯데캐슬프레스티지",38309,21.32%,15.68%,26.07%
"2919","2919.등나무 근린공원(시립북서울미술관 앞)",38293,6.68%,18.67%,29.20%
"793","793.목동5단지아파트 534동",38209,10.46%,16.00%,29.10%
"788","788.양천구청역 2번출구 옆",38130,13.66%,30.54%,19.49%
"791","791.현대하이페리온",38084,8.38%,17.25%,27.80%
"1293","1293. 석촌호수 서호 사거리",38081,15.83%,16.61%,27.00%
"2720","2720.힐스테이트에코",38052,14.30%,22.54%,20.72%
"3010","3010.홍대입구역 3번출구",38015,12.20%,21.46%,26.77%
"3509","3509. 세종사이버대학교",37980,22.21%,15.45%,22.57%
"3784","3784. 벽산아파트",37956,24.51%,13.67%,26.56%
"275","275. 신동아아파트",37953,18.62%,17.83%,23.15%
"102","102. 망원역 1번출구 앞",37930,10.85%,17.77%,28.04%
"1297","1297. 석촌호수교차로(동호 팔각정 앞)",37867,11.80%,16.54%,30.58%
"1008","1008. 암사역 3번출구(국민은행앞)",37812,14.47%,16.32%,26.82%
"1231","1231. 잠실역 6번출구",37792,8.28%,24.71%,27.78%
"3772","3772. 길성그랑프리텔아파트",37772,21.14%,17.13%,24.36%
"1674","1674. 서울북부고용센터앞",37530,7.43%,21.30%,21.82%
"794","794.양천문화회관",37435,18.04%,14.33%,27.35%
"565","565. 옥수역 3번출구",37283,9.44%,20.68%,30.88%
"4868","4868. 석촌호수 서호 남단",37250,21.76%,18.23%,22.89%
"931","931. 역촌파출소",37199,22.47%,14.29%,24.33%
"780","780.신정교 하부",37098,13.28%,13.32%,34.79%
"259","259. 대방역6번출구",36877,34.30%,13.31%,21.11%
"755","755. 목동1단지아파트 상가 앞",36836,10.37%,18.78%,27.00%
"1668","1668. 중계역 6번출구",36659,11.57%,21.28%,25.93%
"2704","2704.홈플러스(강서점)",36599,18.70%,19.59%,20.09%
"1103","1103. 방화역 4번출구앞",36427,14.54%,16.87%,25.29%
"1192","1192. 마곡수명산파크 209동 건너편",36331,29.11%,12.65%,22.63%
"734","734. 신트리공원 입구",36220,24.64%,14.96%,25.20%
"670","670.삼육서울병원 버스정류장",36218,8.84%,18.26%,25.82%
"2708","2708.강서한강자이타워 앞",36216,10.86%,27.28%,20.55%
"419","419. 홈플러스 마포점 앞",36010,5.08%,19.48%,33.82%
"1611","1611. 과기대 입구(우)",35973,7.31%,18.54%,24.45%
"602","602. 장안동 사거리",35880,9.46%,17.39%,26.16%
"2641","2641.송파역 4번출구",35803,10.90%,19.37%,25.79%
"232","232. 양평우림 이비즈센타 앞",35725,18.57%,25.13%,19.46%
"361","361. 동묘앞역 1번출구 뒤",35677,13.38%,15.03%,25.48%
"4535","4535. 목동12단지 아파트",35650,23.37%,13.84%,28.43%
"3789","3789. 염창나들목",35579,19.64%,12.15%,32.62%
"1908","1908. 해원리바파크 육교 밑",35460,25.19%,19.27%,24.55%
"5095","5095. 원당근린공원",35410,14.69%,17.87%,27.07%
"147","147. 마포역 4번출구 뒤",35286,11.90%,23.95%,27.10%
"3600","3600.사근빗물펌프장 건너편",35283,10.57%,16.63%,28.02%
"1113","1113. 서남환경공원 버스정류장",35265,25.66%,13.14%,25.24%
"5333","5333. 노원역9번-10번 출구 앞",35229,5.07%,22.83%,27.21%
"290","290. 새말소공원",35200,23.90%,16.07%,19.93%
"2002","2002. 노들역 1번출구",35169,10.81%,15.71%,35.56%
"2176","2176. 보라매공원 보도육교",35163,17.34%,13.75%,29.18%
"1232","1232. 잠실주공 521동 건너편",35111,6.23%,22.33%,30.97%
"2377","2377. 수서역 5번출구",35048,11.18%,27.11%,23.60%
"4553","4553. 당산삼성2차아파트",35013,23.19%,16.25%,22.45%
"383","383. 신당역 12번 출구 뒤",34955,10.57%,15.59%,24.14%
"2744","2744.강서세무서 앞",34944,24.16%,15.97%,21.43%
"6058","6058. 시청역 2번출구",34914,26.05%,24.59%,14.78%
"1150","1150. 송정역 1번출구",34775,16.77%,19.87%,22.63%
"283","283. 아크로타워 스퀘어(영등포시장)",34651,24.76%,13.60%,23.78%
"2707","2707.한강아파트",34342,25.05%,13.23%,23.76%
"3664","3664. 맥도날드 서울둔촌DT점 앞",34342,13.46%,16.92%,25.90%
"1012","1012. 천호역효성해링턴타워 앞",34325,11.00%,18.70%,25.24%
"5883","5883. 영문초사거리",34310,12.51%,20.23%,24.56%
"1180","1180. 마곡엠밸리 15단지(1502동) 건너편",34233,17.62%,20.05%,20.02%
"1251","1251. 석촌역 2번출구",34142,10.06%,18.65%,29.02%
"278","278. 쌍용플레티넘오피스텔",34114,13.83%,15.30%,28.90%
"117","117. 홍은사거리",34067,11.62%,19.21%,28.94%
"648","648. 장안동위더스빌옆",33994,23.15%,15.62%,23.10%
"1946","1946. 구로역 광장",33888,20.11%,26.54%,17.80%
"5887","5887.나루마을 마당공원",33887,29.06%,14.80%,24.24%
"2637","2637. 아시아지하보도 14번 출구",33792,8.21%,19.90%,28.09%
"6177","6177. 마곡롯데캐슬르웨스트",33687,22.04%,17.31%,21.22%
"1914","1914. 대림역4번출구",33618,18.26%,20.79%,22.03%
"1308","1308. 안암로터리 버스정류장 앞",33562,4.18%,21.87%,24.77%
"296","296.KT플라자 영등포점",33379,20.10%,16.19%,24.48%
"5752","5752. 풍납백제문화공원 옆 인근",33268,20.73%,11.81%,29.19%
"2718","2718.마곡수명산파크1단지",33237,29.92%,11.27%,21.51%
"3570","3570.구의역 리버비스타 오피스텔",33180,9.17%,17.43%,28.39%
"415","415. DMC역 9번출구 앞",33134,20.53%,27.10%,16.12%
"206","206. KBS 앞",33082,7.39%,33.87%,21.86%
"1662","1662. 노원역7번출구",33003,4.32%,26.59%,26.08%
"3536","3536. 중앙농협(자양동)",32978,20.03%,13.69%,27.22%
"3410","3410.종로3가역 8번출구",32846,13.74%,21.96%,16.46%
"2745","2745.수명초등학교",32843,33.06%,10.31%,18.53%
"735","735. 영도초등학교",32826,21.76%,12.86%,27.58%
"1193","1193. 마곡센트럴타워 1차",32767,3.19%,31.37%,17.51%
"1163","1163. 방화동강서기동대앞",32744,23.60%,12.92%,23.59%
"1655","1655. 공릉1단지아파트",32689,18.42%,13.00%,25.68%
"3504","3504. 원일교회",32489,14.01%,13.91%,28.37%
"1111","1111. 마곡엠밸리6_7단지 마곡중학교",32457,15.02%,15.06%,27.38%
"4382","4382. 페코텍글로벌허브빌딩 앞",32387,26.41%,22.48%,13.63%
"514","514. 성수사거리 버스정류장 앞",32316,13.85%,23.49%,19.55%
"4179","4179. 보라매병원역 1번출구",32314,7.50%,19.63%,29.30%
"183","183. 하늘채코오롱아파트 건너편",32099,20.83%,15.94%,24.78%
"3868","3868. 자양한강도서관",32039,23.17%,14.58%,26.16%
"2611","2611. 송파지역자활센터 뒤",32011,31.62%,12.27%,23.99%
"1218","1218. 방이역 4번출구",31988,8.41%,19.60%,29.97%
"747","747. 목동3단지 상가",31970,10.49%,16.65%,31.63%
"4864","4864. 송파사거리",31967,10.29%,18.40%,26.03%
"1208","1208. 풍납현대아파트쉼터",31931,18.03%,17.75%,24.33%
"1162","1162. 공항초등학교건너편",31900,24.17%,14.01%,26.28%
"2632","2632.석촌고분역 2번 출구",31895,15.80%,15.82%,28.28%
"1986","1986. 태평양물산",31892,3.61%,46.47%,13.34%
"1244","1244. 문정 법조단지8",31879,11.13%,17.17%,29.74%
"1077","1077.강동역 1번출구 앞",31858,19.37%,16.81%,22.75%
"1013","1013. 강동구청역 1번 출입구",31786,16.60%,22.17%,21.43%
"3582","3582.화양동 우체국",31740,21.18%,14.37%,22.91%
"2615","2615. 테라타워2",31739,22.29%,24.92%,14.22%
"3413","3413.종로플레이스",31664,15.98%,19.44%,13.73%
"4135","4135. 삼성생명 앞",31641,12.74%,17.76%,27.45%
"4037","4037. 물넘이교",31609,14.21%,14.16%,29.45%
"2742","2742.강서구민올림픽체육센터",31599,24.04%,13.67%,14.22%
"213","213. KT앞",31572,27.09%,18.17%,14.84%
"4213","4213. 마포구중앙도서관 정문 앞",31572,5.86%,19.56%,29.23%
"231","231. 남부고용노동지청 남측",31541,17.51%,21.12%,17.81%
"1617","1617. 하계동 중평어린이공원 앞",31500,28.53%,12.41%,25.94%
"3764","3764. 관문주유소(GS칼택스) 앞",31500,19.57%,16.65%,23.97%
"1569","1569.수유역2번출구",31453,9.71%,20.19%,26.99%
"303","303. 광화문역 1번출구 앞",31377,17.75%,22.97%,16.80%
"796","796.목동아파트 14단지 B상가 앞",31297,22.55%,14.30%,26.08%
"2217","2217.아크로리버뷰 부지 앞",31263,9.93%,15.76%,37.93%
"771","771.목동아파트 703동 앞",31256,11.95%,19.33%,25.48%
"1451","1451. 중랑세무서",31195,10.95%,19.14%,27.62%
"268","268. 그랜드컨벤션센터 앞",31122,10.19%,19.54%,25.05%
"1226","1226. 잠실4동 주민센터 옆",31070,21.54%,17.37%,24.55%
"512","512. 뚝섬역 1번 출구 옆",30925,12.38%,24.84%,26.23%
"2635","2635.잠실새내역 1번출구",30924,10.47%,20.67%,28.34%
"3500","3500. 군자역2번출구",30828,18.04%,20.36%,22.90%
"4893","4893. 문정법조단지12",30673,12.44%,45.68%,8.99%
"308","308. 광화문 S타워 앞",30610,8.20%,41.50%,10.28%
"1018","1018. 둔촌 주공 GS 맞은편",30598,16.83%,14.42%,27.23%
"704","704. 남부법원검찰청 교차로",30572,12.78%,20.53%,21.60%
"2525","2525.반포쇼핑타운 2동 앞",30447,5.09%,19.04%,36.19%
"3514","3514. 왕십리교회옆",30422,14.66%,15.61%,26.07%
"5311","5311. 주공601동 상가 노원지하보도 앞",30225,6.68%,20.26%,26.20%
"458","458. 광화문역 5번출구",30185,10.81%,26.93%,22.52%
"186","186. 월드컵공원",30172,2.47%,11.35%,53.54%
"4564","4564. 63스퀘어",30163,11.71%,29.45%,16.28%
"305","305. 종로구청 옆",30136,13.63%,27.36%,17.25%
"3002","3002.벽산상암스마트큐브",30128,10.40%,18.41%,29.81%
"3657","3657. 서울천호동우체국",30123,10.00%,14.95%,28.50%
"5064","5064. 양천향교역8번출구",30120,25.18%,19.67%,18.96%
"284","284. 센트럴 푸르지오 시티 앞",30064,15.68%,20.95%,26.87%
"4096","4096.창동역2번출구 하나은행365 앞",30017,8.91%,23.01%,25.09%
"1663","1663. 동해문화예술관앞",29993,8.51%,18.24%,21.04%
"5878","5878. 우리은행 앞",29951,2.74%,48.24%,17.27%
"1669","1669. 중계역 3번출구",29939,10.47%,20.54%,23.99%
"543","543. 구의공원(테크노마트 앞)",29895,8.35%,24.02%,27.20%
"302","302. 경복궁역 6번출구 뒤",29892,21.16%,18.65%,22.84%
"2732","2732.마곡수명산 1-2단지",29865,30.76%,11.41%,22.77%
"1198","1198. LG 사이언스파크",29807,22.72%,34.32%,10.13%
"786","786.목동아파트 8단지 상가동 앞",29591,17.47%,15.49%,28.29%
"4527","4527. 목동신시가지아파트6단지",29561,10.23%,14.05%,21.63%
"568","568. 청계8가 사거리 B",29551,15.58%,17.67%,27.30%
"1220","1220. 잠실근린공원",29528,21.39%,14.96%,27.01%
"291","291. 문래동 하이테크 시티",29495,6.05%,38.00%,15.13%
"3542","3542. 래미안 구의파크 스위트",29482,24.38%,15.54%,26.00%
"238","238. 제2구민체육센타 앞",29452,21.74%,22.15%,14.07%
"154","154. 마포구청역",29409,9.06%,16.61%,31.32%
"2109","2109. 은천로입구 가로공원",29384,24.88%,12.19%,26.99%
"612","612. 시립동부병원 앞 사거리",29252,19.78%,18.64%,22.72%
"1155","1155. 기쁜우리복지관",29225,23.79%,13.52%,21.91%
"4486","4486. 홈플러스 잠실점",29185,8.29%,27.53%,23.42%
"548","548. 자양나들목",29111,23.90%,12.29%,28.82%
"592","592. 건국대학교 학생회관",29050,4.15%,21.93%,14.21%
"293","293. 충북 미래관",29033,29.06%,12.85%,25.28%
"1449","1449. 상봉역 1번출구",29010,12.51%,26.33%,22.56%
"1102","1102. 방화사거리 마을버스 버스정류장",28997,10.95%,16.61%,26.29%
"2727","2727.서울식물원 잔디마당 앞",28994,11.45%,46.17%,8.58%
"3579","3579.광진 캠퍼스시티",28963,19.85%,20.10%,23.21%
"2921","2921.중계역 2번출구",28909,13.91%,19.32%,22.68%
"1248","1248. 방이초등학교",28818,13.22%,18.50%,27.65%
"4142","4142. 현대썬앤빌 앞",28776,25.07%,12.03%,23.33%
"3819","3819. 서울대벤처타운역",28768,9.00%,16.93%,29.16%
"614","614. 용두동 사거리",28744,13.39%,16.46%,23.34%
"1243","1243. 문정 법조단지7",28726,8.77%,34.69%,15.16%
"2601","2601. 석촌호수 아뜰리에",28707,15.85%,16.32%,28.10%
"1688","1688. 마들역 7번출구",28696,14.84%,21.54%,23.22%
"184","184.망원우체국사거리 인근",28690,11.90%,17.17%,29.50%
"630","630. 동대문구 보건소",28621,21.05%,19.62%,17.92%
"219","219. 롯데캐슬엠파이어 옆",28617,16.54%,27.36%,16.46%
"1262","1262. 송파여성문화회관 앞",28612,15.83%,17.03%,24.73%
"103","103. 망원역 2번출구 앞",28606,5.97%,17.57%,33.42%
"4027","4027. 한내 행복발전소 옆",28489,3.58%,15.95%,31.96%
"4481","4481. 올림픽공원 북2문 B",28413,9.91%,18.93%,33.30%
"5087","5087. 연세강서빌딩",28395,25.80%,14.09%,24.70%
"1140","1140. 목동사거리 버스정류장",28378,20.61%,15.22%,23.26%
"1964","1964. 원메디타운 앞",28359,14.56%,15.24%,23.46%
"3760","3760. 발산역 8번 출구",28299,24.32%,18.80%,20.35%
"5765","5765. 삼전동주민센터 건너편",28216,19.83%,14.87%,25.86%
"3904","3904. 테크노마트 앞",28211,7.48%,20.50%,30.03%
"1656","1656. 중앙하이츠 아파트 입구",28111,7.78%,14.91%,30.53%
"1363","1363. 보문4교 인근",28064,16.58%,15.60%,27.14%
"754","754. 목동1단지아파트 118동 앞",28044,28.48%,12.31%,27.35%
"1447","1447. 면목역 3번출구",28022,11.01%,19.56%,26.35%
"906","906. 연신내역 5번출구",27990,6.25%,18.71%,28.74%
"3581","3581.광진광장",27984,20.68%,21.93%,20.79%
"3890","3890. 웰츠타워 오피스텔",27942,11.02%,17.31%,24.58%
"560","560. 비전교회 앞",27924,26.96%,15.23%,23.97%
"914","914. 새절역 2번출구",27913,8.14%,15.08%,29.80%
"768","768.목동5단지아파트 501동",27897,9.27%,16.94%,29.15%
"2730","2730.마곡메가박스 앞",27894,9.89%,19.88%,24.55%
"1235","1235. 잠실트리지움310동 옆",27863,9.79%,16.96%,29.62%
"2173","2173. 당곡사거리",27808,8.57%,17.98%,28.19%
"4122","4122. 청계9가교차로 앞",27804,22.92%,16.12%,25.64%
"4373","4373. 서울숲 지식산업센터",27801,13.47%,22.11%,20.95%
"226","226. 샛강역 1번출구 앞",27796,22.00%,24.87%,17.03%
"5884","5884. GS강서타워",27758,15.16%,28.72%,18.29%
"573","573. 구의문주차장 앞",27707,21.30%,17.26%,24.64%
"574","574. 아차산역4번출구",27663,16.43%,15.75%,27.01%
"1455","1455. 상봉역 2번 출구",27597,6.78%,21.10%,25.18%
"5868","5868. 로프트시티오피스텔",27549,21.00%,14.44%,26.51%
"497","497.합정동주민센터 앞",27548,4.57%,21.10%,31.76%
"3548","3548.뚝섬역 6번출구",27519,15.98%,22.09%,23.03%
"2264","2264. 이수역 1번출구",27504,15.81%,19.59%,25.73%
"1851","1851. 가산디지털단지 9번출구 인근",27458,29.42%,26.17%,14.63%
"203","203. 국회의사당역 3번출구 옆",27427,26.52%,31.02%,10.32%
"4594","4594. 양평교 영등포대여소",27387,18.74%,18.68%,24.63%
"3936","3936. 힐스테이트 신도림역",27273,12.02%,16.50%,26.67%
"1328","1328. 월곡역 3번출구",27259,15.39%,21.65%,21.78%
"5865","5865.더리브오피스텔 앞",27238,30.11%,13.21%,25.08%
"1023","1023. 한국종합기술사옥 앞",27040,5.72%,41.95%,10.44%
"279","279. 영등포 푸르지오 아파트 B",26944,14.62%,16.54%,25.11%
"2340","2340. 삼호물산버스정류장(23370) 옆",26889,15.60%,23.26%,22.46%
"589","589. 성수역3번출구",26867,13.75%,22.13%,23.76%
"3513","3513. 상왕십리역 1번출구",26825,10.87%,21.55%,24.58%
"1904","1904. 도림천역 1번 출구 앞",26783,22.99%,13.46%,21.92%
"4026","4026. 상계주공1단지아파트",26767,26.07%,12.37%,26.87%
"4541","4541. 갈산문화예술센터",26756,25.65%,14.93%,24.54%
"2915","2915.서울과학기술대학교(어학교육원)",26750,10.73%,17.85%,19.17%
"3205","3205.문래현대2차",26729,23.29%,12.43%,28.70%
"4484","4484. 잠실나루역4번출구뒤",26660,19.20%,24.72%,23.88%
"1955","1955. 디지털입구 교차로",26631,6.51%,22.62%,24.52%
"540","540. 군자역 7번출구 베스트샵 앞",26528,12.18%,15.30%,25.96%
"229","229. 양평1 보행육교 앞",26527,7.31%,38.36%,19.78%
"825","825. 서빙고동 주민센터 앞",26519,6.46%,16.93%,38.97%
"3914","3914. 신도림쌍용플래티넘노블아파트 앞",26468,25.79%,13.73%,25.41%
"1912","1912. 한신휴아파트 앞",26443,21.26%,17.64%,24.33%
"5301","5301. 상계주공1단지 버스정류장 옆(대원빌딩 앞)",26378,11.37%,17.38%,26.84%
"501","501. 광진문화예술회관 앞",26329,19.61%,12.10%,23.43%
"1120","1120. 대림경동아파트앞",26199,26.30%,12.55%,24.72%
"3758","3758. 서울남부출입국관리소",26195,23.47%,13.96%,19.55%
"1169","1169. 염창역 1번 출구",26184,11.66%,26.89%,23.84%
"474","474.동대문역사문화공원역 1번출구 뒤편",26164,7.45%,22.58%,24.85%
"287","287. 영등포전화국사거리 (서강어린이공원)",26074,19.89%,16.00%,26.07%
"1657","1657. 노원구청",26055,5.29%,32.60%,16.09%
"576","576. 광나루역 3번 출구",26032,12.54%,16.35%,28.68%
"106","106. 합정역 7번출구 앞",25910,4.89%,19.24%,36.34%
"1135","1135. 강서구의회",25868,24.58%,12.92%,23.36%
"1957","1957. 구일고등학교 정문",25828,30.73%,10.85%,21.14%
"362","362. 청계8가사거리 A",25792,20.73%,13.85%,28.92%
"4798","4798. 황학동롯데캐슬",25790,11.30%,18.77%,26.47%
"1452","1452. 겸재교 진입부",25767,12.45%,14.25%,30.59%
"615","615. 용두동 래미안허브리츠아파트 앞",25735,14.64%,18.02%,25.30%
"500","500. 어린이대공원역 3번출구 앞",25711,11.56%,18.05%,24.76%
"549","549. 아차산역 3번출구",25681,13.58%,17.63%,27.69%
"1291","1291. 서울체육고등학교 앞",25600,5.13%,25.99%,14.45%
"663","663. 외대앞역 3번출구",25599,11.07%,20.32%,24.92%
"870","870.노들섬 서측 앞",25568,1.30%,20.08%,43.22%
"1048","1048. 둔촌어린이공원",25500,19.38%,14.47%,26.04%
"498","498.연남동주민센터 앞",25464,13.31%,18.97%,25.15%
"3782","3782. 겸재정선미술관",25397,25.53%,18.85%,22.37%
"267","267. 삼성화재 사옥 옆",25339,11.58%,21.05%,24.14%
"146","146. 마포역 2번출구 뒤",25262,11.59%,21.38%,27.19%
"1381","1381.석계역 4번출구 뒤",25257,9.77%,19.34%,27.61%
"5886","5886.신풍역 2번출구",25241,10.44%,19.14%,25.74%
"393","393. 동대문역 8번 출구",25228,7.80%,18.02%,17.37%
"1996","1996. 구일역 1번 출입구 앞",25188,15.97%,18.50%,29.72%
"2702","2702. 마곡 엠밸리2단지",25177,28.99%,12.28%,21.59%
"224","224. 롯데캐슬 앞",25168,10.59%,22.92%,23.01%
"4041","4041. 공릉역3번출구",25108,8.22%,18.57%,26.12%
"1448","1448. 코스트코 상봉점",25103,7.07%,15.73%,29.54%
"4600","4600. 서울 영등포구 우체국",25100,19.78%,19.49%,17.85%
"4013","4013. 중계 롯데마트",25086,12.74%,14.65%,26.58%
"153","153. 성산2교 사거리",25043,16.74%,17.75%,25.18%
"227","227. 양평1나들목 보행통로 입구",25027,12.03%,14.64%,37.34%
"1195","1195. 코오롱One&Only타워",25022,3.61%,47.79%,6.30%
"1132","1132. 등촌역 7번출구",24986,20.56%,15.48%,22.53%
"4575","4575. 대림동 e편한세상영등포아델포레",24975,18.13%,14.09%,24.32%
"1503","1503. 강북구청사거리(수유역 8번출구)",24948,6.07%,20.25%,26.45%
"1716","1716. 창동역 1번출구 건너편",24886,7.35%,24.36%,26.31%
"342","342. 대학로 마로니에공원",24850,13.40%,20.36%,25.61%
"1643","1643. 태릉입구역 8번출구",24810,6.62%,20.87%,28.28%
"2255","2255. 양재시민의숲역 1번출구",24789,23.38%,22.89%,20.42%
"1076","1076. 천동초교입구사거리 버스정류장(십자성마을 방면)",24714,15.52%,16.24%,27.81%
"2746","2746.수명산파크 4단지 411동 앞",24711,31.77%,10.41%,22.78%
"956","956. 응암시장교차로",24670,22.62%,13.42%,24.93%
"421","421. 마포구청 앞",24668,15.24%,18.94%,19.79%
"3757","3757. 신방화역 6번출구",24652,13.64%,23.27%,25.09%
"1901","1901. 신도림동주민센터 앞",24615,21.64%,16.86%,23.02%
"505","505. 자양사거리 광진아크로텔 앞",24600,8.82%,17.48%,26.28%
"1636","1636. 상계주공2단지 버스정류장 옆",24558,12.15%,19.35%,23.66%
"1215","1215. 올림픽공원역 1번출구 앞",24511,11.14%,20.13%,25.76%
"905","905. 구파발역 2번출구",24509,5.98%,23.36%,28.77%
"3671","3671. 둔촌동역교차로",24502,13.52%,17.44%,25.37%
"1531","1531. 미아사거리 1번 출구",24478,6.75%,18.38%,27.19%
"588","588. 뚝섬 유원지역",24470,6.78%,19.19%,31.41%
"2741","2741.마곡수명산파크5-6단지",24452,26.11%,11.41%,22.00%
"3794","3794. 안양천합수부(현대3차아파트)",24446,20.50%,12.08%,32.02%
"4598","4598. 오목교 동측 지하보도",24418,18.83%,17.32%,26.37%
"3966","3966. 독산역1번출구 B",24382,34.79%,22.60%,13.03%
"3756","3756. 마곡힐스테이트 정문",24352,29.12%,12.32%,25.19%
"2618","2618. 삼전역 1번출구",24351,15.97%,17.80%,25.83%
"1988","1988. 고척LIGA아파트 앞",24321,27.72%,12.99%,24.31%
"5881","5881. 세계청소년NGO교육문화원",24304,18.21%,17.56%,24.97%
"3214","3214.영등포 푸르지오 아파트 A",24260,30.36%,11.13%,25.04%
"1177","1177. 수명중?고교",24259,32.19%,10.81%,17.63%
"643","643. 동대문구민체육센터 (육교아래)",24254,25.36%,11.75%,25.63%
"6183","6183.K스퀘어 마곡",24228,11.46%,29.94%,20.67%
"1197","1197. 엠펠리체 호텔 건너편",24163,8.03%,23.48%,24.10%
"2619","2619. 석촌고분역 4번출구",24098,16.34%,15.78%,27.40%
"1338","1338. 용문2교 옆",24088,14.83%,15.04%,25.11%
"1610","1610. 화랑대역 2번출구 앞",24088,12.84%,16.24%,28.18%
"3759","3759. 이대서울병원",24051,7.10%,26.84%,15.79%
"829","829. 한강대교 북단 교차로",23975,8.96%,18.50%,35.46%
"244","244. 영등포삼환아파트 앞",23949,15.71%,16.39%,26.29%
"4377","4377. 우영테크노센터 앞",23913,2.86%,36.62%,20.75%
"1442","1442. 중랑구청 중화동 별관 앞",23884,12.20%,17.44%,23.35%
"2335","2335. 3호선 매봉역 3번출구앞",23871,20.14%,23.67%,20.80%
"4383","4383. 푸조비즈타워 앞",23866,14.64%,40.19%,10.87%
"642","642. 신답역 사거리",23848,24.59%,17.84%,22.51%
"634","634. 외국어대 정문 앞",23775,9.52%,15.99%,25.11%
"702","702. 목4동주민센터 옆",23750,22.93%,13.56%,23.07%
"3692","3692. 둔촌오륜역 1번 출구",23735,19.96%,15.91%,26.29%
"5066","5066. 아망떼마곡전시장",23696,5.26%,41.20%,13.10%
"626","626. 군자교 서측 녹지대",23664,16.65%,20.77%,25.20%
"4559","4559. 신길역 2번출구",23568,18.39%,21.38%,25.29%
"4537","4537. 서울남부지방검찰청 후문",23564,23.23%,17.12%,19.20%
"1686","1686. 상계주공10단지 종합상가 앞",23543,10.81%,14.51%,27.88%
"1744","1744.도봉소방서 옆",23531,5.51%,20.72%,28.23%
"2050","2050. 노량진역 5번출구",23492,9.51%,15.93%,26.65%
"3416","3416.동묘앞역 6번출구",23423,10.90%,13.17%,22.70%
"1168","1168. 마곡엠밸리10단지 앞",23417,23.47%,13.60%,21.65%
"912","912. 응암오거리",23391,17.79%,15.56%,26.45%
"1090","1090.상일동역 2번출구 앞",23384,16.19%,24.63%,20.88%
"3882","3882. 자양2동 주민센터",23382,28.52%,13.21%,25.25%
"2630","2630.서울방이동 고분군",23355,12.60%,17.50%,25.99%
"3934","3934. 철도교통관제센터 정문 앞",23348,28.86%,35.30%,23.77%
"3586","3586.군자역 비채온 오피스텔",23325,15.46%,16.30%,27.14%
"2025","2025. 흑석역 1번출구",23316,9.74%,20.07%,29.55%
"2724","2724.(재)FITI시험연구원",23311,35.19%,24.70%,11.80%
"316","316. 종각역 1번출구 앞",23243,18.90%,22.36%,14.60%
"4399","4399. 더리브 세종타워 앞",23217,10.19%,28.29%,23.47%
"4856","4856. 올림픽공원 서1문 앞",23211,11.59%,23.25%,26.47%
"1126","1126. 우장산역 1번출구옆(우장산아이파크105동앞)",23199,7.28%,19.03%,27.22%
"3549","3549.건영아파트 앞",23181,27.53%,14.37%,24.35%
"723","723. SBS방송국",23146,9.87%,30.47%,18.85%
"2729","2729.넥센 유니버시티 앞",23110,8.12%,36.82%,14.24%
"1002","1002. 해공공원(천호동)",23082,18.92%,12.08%,28.84%
"473","473.을지로4가역 9번출구",23066,19.80%,21.87%,17.22%
"3905","3905. 희훈타워빌 앞",23062,19.34%,14.57%,24.33%
"551","551. 구의삼성쉐르빌 앞",23039,13.66%,15.35%,26.08%
"1028","1028. 포레스 주상복합 빌딩",23016,15.15%,16.36%,25.20%
"1414","1414. 사가정역 2번출구",23009,9.63%,21.80%,25.00%
"1246","1246. 문정 법조단지10",22990,12.73%,30.36%,21.33%
"1956","1956. 동아1차APT105동 버스정류장(신도림중학교 방면)",22959,26.18%,17.07%,21.93%
"3864","3864. 광진소방서 앞",22952,25.91%,15.76%,22.90%
"2613","2613. 잠실나들목",22950,9.83%,12.94%,39.22%
"593","593.자양중앙나들목",22936,21.85%,12.05%,32.30%
"1269","1269. 리센츠아파트",22859,12.42%,15.75%,28.92%
"1185","1185. 등촌9단지",22847,23.03%,16.76%,21.35%
"414","414. 상암동주민센터 옆",22818,11.78%,21.19%,21.86%
"4036","4036. 하계역 6번출구",22811,11.54%,24.36%,23.21%
"913","913. 이마트 버스정류장(서부경찰서 방면)",22761,7.13%,19.95%,26.97%
"1720","1720. 도봉구청 옆(중랑천변)",22747,10.25%,21.19%,27.41%
"2913","2913.상계8동 주민센터",22735,21.88%,14.34%,26.98%
"398","398. 을지로3가역 3번출구",22720,9.69%,25.86%,21.94%
"370","370. 시청역(2호선) 9번출구 뒤",22712,12.92%,28.57%,11.63%
"409","409. 누리꿈스퀘어 옆",22632,4.15%,41.87%,13.94%
"5057","5057. 마곡역4번출구",22623,6.40%,27.60%,20.75%
"5055","5055. 마곡역5번출구앞",22606,11.44%,27.68%,20.44%
"1619","1619. 중계동 하나프라자빌딩 앞(중1-1)",22546,6.08%,17.14%,30.30%
"222","222. 시범아파트버스정류장 옆",22529,16.00%,23.17%,18.83%
"1462","1462.동부시장 북문 앞",22493,6.87%,18.75%,28.90%
"1221","1221. 삼전역 4번출구",22465,17.13%,15.54%,27.26%
"264","264. 교보생명보험 앞",22451,16.00%,22.97%,20.74%
"1075","1075.천동초교 삼거리",22446,25.86%,13.01%,24.25%
"2713","2713.우장초등학교 앞",22432,35.71%,10.69%,22.91%
"4141","4141. 우리은행장안지점 앞",22420,13.64%,17.33%,23.69%
"4332","4332. 이수교차로",22310,6.58%,15.87%,35.58%
"4884","4884. H비즈니스파크",22296,6.03%,38.41%,15.64%
"3785","3785. 마곡14단지 1408동앞",22278,24.39%,12.26%,22.75%
"1072","1072.고덕역 5번출구",22238,7.86%,20.61%,28.57%
"546","546. 잠실대교북단 교차로",22226,14.68%,14.94%,27.04%
"433","433. 을지로입구역 2번출구",22220,20.00%,24.09%,16.60%
"5065","5065. 허준박물관삼거리",22157,23.38%,14.92%,22.73%
"4398","4398. 유원지식산업센터 앞",22137,9.44%,24.68%,24.08%
"2801","2801. 대륭포스트타워1차",22097,2.21%,51.06%,11.67%
"1458","1458. 상봉터미널2",22080,23.78%,13.17%,24.70%
"559","559. 왕십리역 4번 출구 건너편",22022,6.87%,21.22%,26.99%
"4007","4007. 노원 을지대학교 병원",21990,10.40%,20.97%,20.92%
"1535","1535. 효성인텔리안 앞",21962,8.51%,17.86%,26.88%
"3501","3501. K&S빌딩 앞",21941,16.52%,14.19%,25.50%
"590","590. 건국대학교 (입학정보관)",21907,15.96%,14.16%,13.66%
"363","363. 신설동역 11번출구 뒤",21869,15.65%,15.39%,25.34%
"4796","4796. 서울시청",21857,13.31%,25.55%,16.75%
"133","133. 해담는다리",21843,15.94%,15.77%,28.38%
"3559","3559.성동구민종합체육센터 앞",21828,8.31%,21.96%,30.80%
"4136","4136. 롯데캐슬SKY-L65 D동 앞",21816,19.77%,15.27%,26.17%
"1667","1667. 중계중학교",21781,14.88%,13.66%,25.08%
"749","749. 이대목동병원보도육교",21750,7.92%,26.66%,19.89%
"4218","4218. 디지털매직스페이스",21750,7.89%,30.12%,20.08%
"5859","5859. 여의도 삼부아파트",21748,12.61%,22.25%,27.49%
"633","633. 청량리 기업은행 앞",21744,11.19%,17.84%,28.48%
"582","582. 경일중학교 앞",21732,16.21%,21.88%,21.36%
"3421","3421.혜화역 1번출구",21698,9.68%,16.90%,24.56%
"5853","5853. 여의도역2번출구 앞",21694,18.65%,33.83%,12.91%
"5086","5086. 가양테크노타운",21677,6.31%,24.42%,28.09%
"131","131. 증산2교",21635,14.01%,16.90%,29.83%
"641","641. 용두역 4번출구",21628,10.44%,19.53%,27.39%
"816","816. 신용산역 6번출구 앞",21603,13.07%,22.14%,26.38%
"3894","3894. 노룬산시장 앞",21602,20.18%,16.50%,25.54%
"5089","5089. LG사이언스파크 E10동",21585,5.26%,45.34%,4.11%
"4131","4131. 베네스트 오피스텔 앞",21557,22.09%,15.57%,24.15%
"539","539. 군자교교차로",21546,11.46%,16.08%,28.65%
"1737","1737. 신창시장",21538,15.69%,15.13%,25.89%
"1683","1683. 노원문화예술회관",21535,19.71%,13.37%,24.58%
"225","225. 앙카라공원 앞",21527,20.93%,21.48%,20.35%
"3566","3566.우성4차아파트",21500,26.45%,12.52%,25.96%
"911","911. 은평평화공원(역촌역4번출구)",21498,15.22%,17.33%,25.39%
"1933","1933. 개봉푸르지오아파트 상가",21481,24.24%,13.72%,24.57%
"130","130. 신촌역(2호선) 7번출구 앞",21474,6.40%,21.64%,27.55%
"1661","1661. 당현천근린공원",21453,16.94%,15.55%,23.48%
"1977","1977. 천왕역 1번 출입구 앞",21428,15.06%,22.76%,21.99%
"1697","1697.상계주공2단지 219동",21402,18.97%,12.50%,27.08%
"4497","4497. 아시아선수촌아파트 교차로",21392,26.53%,17.20%,24.32%
"4353","4353. 코오롱디지털타워 3차앞",21360,8.90%,30.47%,17.98%
"258","258. 신길역3번출구",21326,33.31%,17.09%,21.89%
"194","194. 증산교 앞",21318,10.73%,22.03%,28.29%
"2908","2908. 광운대학교 중앙도서관",21318,7.45%,17.72%,22.25%
"2015","2015. 신대방삼거리역 6번출구쪽",21314,18.32%,12.22%,26.99%
"1172","1172. 가양3동 주민센터",21301,18.13%,19.82%,22.60%
"1438","1438. 홈플러스 신내점 앞",21298,13.95%,20.76%,23.98%
"3886","3886.광진구 민방위교육센터",21242,24.08%,12.65%,27.79%
"1337","1337. 돈암성당 옆",21240,6.46%,13.47%,33.24%
"4566","4566. 대림성원상떼빌아파트",21221,24.70%,14.86%,23.40%
"5099","5099. LG사이언스파크 E7동",21199,3.72%,53.41%,5.03%
"1416","1416. 상봉역 3번출구",21180,12.22%,19.85%,25.50%
"516","516. 광진메디칼 앞",21142,22.82%,15.85%,23.64%
"2306","2306. 압구정역 2번 출구 옆",21115,12.16%,23.68%,23.61%
"1174","1174. 강서구청사거리(부민병원)",21059,29.50%,12.94%,19.16%
"237","237. 보라매 두산위브 건너편",21058,22.21%,17.46%,23.56%
"3201","3201.당산skv1센터",21058,15.61%,23.55%,18.20%
"1762","1762.북한산 한신휴플러스APT앞",21031,21.27%,12.41%,25.75%
"1021","1021. 강일동 리슈빌 빌딩앞",20989,22.63%,13.43%,20.73%
"2140","2140. 신림1교 교차로",20962,17.62%,13.02%,28.78%
"1333","1333. 석관초등학교 앞",20958,11.67%,18.30%,23.02%
"4532","4532. 목동현대아파트 후문 앞",20955,15.18%,13.07%,27.71%
"4557","4557. 리버뷰신안인스빌2차 후문",20936,17.13%,13.96%,27.44%
"179","179. 가좌역 4번출구 앞",20929,26.32%,20.93%,19.97%
"1446","1446. 중랑전화국 교차로",20905,18.38%,15.42%,23.22%
"2731","2731.명덕고교",20881,24.67%,14.86%,18.11%
"561","561. 서울숲역 2번출구 앞",20880,18.32%,21.18%,21.60%
"2531","2531.멤피스아파트 앞",20875,16.49%,22.13%,21.92%
"1259","1259. 방이역 1번출구",20861,11.31%,17.82%,26.83%
"4765","4765. 동대문디자인플라자",20851,5.36%,22.24%,26.05%
"613","613. 신설동역 10번출구 앞",20827,16.06%,19.78%,22.20%
"4182","4182.보라매병원역 2번출구",20792,9.09%,24.30%,24.39%
"701","701. 목동사거리 부근",20756,21.46%,13.30%,25.51%
"624","624. 전농동 동아아파트 앞",20736,29.83%,10.12%,23.27%
"1278","1278. 송파구청 교차로",20702,12.07%,23.65%,26.75%
"3700","3700. 강변그대가리버뷰 입구 맞은편",20702,22.04%,10.04%,35.04%
"3767","3767. 대원빌딩",20673,26.64%,13.29%,25.22%
"5851","5851. 도림천 건널목 위",20653,20.38%,12.65%,26.19%
"1201","1201. 가락시장역 3번 출구",20652,15.21%,22.03%,18.88%
"1022","1022. 길동 사거리(초소앞)",20648,16.72%,17.94%,23.13%
"5053","5053. 신마곡벽산블루밍메트로오피스텔앞",20643,22.54%,15.41%,23.70%
"4938","4938.LH수서2단지 201동 앞",20632,31.50%,11.63%,25.46%
"1512","1512. 강북중학교 앞",20628,15.59%,14.68%,29.57%
"176","176. 명지대학교 도서관",20627,15.15%,12.82%,25.38%
"1080","1080.천호지하주차장 5번 출입구",20552,13.49%,15.92%,26.25%
"3215","3215.강변삼성래미안",20525,31.84%,10.84%,24.63%
"3865","3865. 이튼타워리버 2차",20496,12.86%,14.38%,26.21%
"1689","1689. 마들역 3번출구",20446,12.53%,17.39%,25.34%
"3796","3796. 송정역 3번출구 앞",20424,22.17%,19.13%,23.12%
"1975","1975. 대림역 1번 출입구 밑",20420,16.08%,20.38%,24.16%
"3919","3919. 구로역·NC신구로점 버스정류장(구로역 방면)",20414,9.33%,17.70%,27.86%
"2222","2222.사당역 12번출구 뒤",20410,13.43%,18.44%,24.68%
"2348","2348. 포스코사거리(기업은행)",20409,7.19%,44.86%,10.46%
"3517","3517. 용마사거리",20390,17.14%,17.02%,25.34%
"1081","1081.트레빌빌딩",20366,12.07%,16.72%,27.25%
"1224","1224. 아시아지하보도 2번 출구",20358,12.73%,17.87%,28.02%
"3778","3778. 김포공항입구 교차로",20331,9.90%,16.12%,29.74%
"2274","2274. 양재시민의숲역 3번출구",20330,19.95%,25.20%,18.67%
"1321","1321. 국민은행 종암동지점 앞",20310,13.62%,15.46%,25.24%
"2647","2647.잠실 자전거 수리센터 앞",20299,15.59%,24.46%,24.17%
"4693","4693. 수색감리교회",20285,20.10%,12.54%,27.60%
"4852","4852. 서울복합물류 게이트 1",20260,11.24%,25.99%,20.86%
"1958","1958. 강서수도사업소민원센터",20189,19.09%,17.95%,22.82%
"2032","2032. 이수역 11번출구쪽",20173,11.12%,19.95%,25.66%
"205","205. 산업은행 앞",20165,5.93%,34.28%,27.35%
"4685","4685. DMC역 5번 출구(수색역 방향)",20161,10.38%,20.44%,28.01%
"3774","3774. 마곡9단지 910동 상가앞",20158,27.55%,13.64%,23.44%
"4244","4244. 당인리발전소 공원 앞",20121,7.41%,19.14%,31.92%
"123","123. 문화촌 공원",20119,20.78%,11.47%,29.42%
"368","368. SK 서린빌딩 앞",20101,4.99%,38.17%,17.34%
"1033","1033. 고덕동 아남아파트",20081,26.35%,10.55%,24.25%
"2000","2000. 신도림4차 e편한세상 아파트 1109동 앞",20073,13.23%,15.58%,27.86%
"577","577. 광진청소년수련관",20060,10.24%,15.95%,29.94%
"933","933. 역촌종합시장 버스정류장(예일여고 방면)",20045,13.63%,16.46%,26.40%
"1121","1121. 가양레포츠센터 앞",20015,9.67%,18.93%,28.80%
"3754","3754. 신방화역 8번출구",19980,16.43%,15.45%,25.08%
"4065","4065. 창동역 1번출구 앞",19938,11.06%,25.14%,23.78%
"2228","2228.뒷벌공원 옆",19876,20.18%,19.23%,23.49%
"1691","1691. 노원정보도서관",19870,9.17%,16.50%,27.87%
"4385","4385. 용답동 우체국 주변",19870,24.54%,16.36%,19.96%
"1319","1319. 종암박스파크",19868,19.93%,14.59%,28.52%
"4496","4496. 잠실 파크리오 120동 앞",19812,18.07%,15.15%,26.41%
"4633","4633. 센트럴파크타워 앞",19806,5.12%,25.31%,28.19%
"1088","1088.풍납사거리(강동)",19793,14.44%,21.53%,23.81%
"4031","4031. 청암예술학교 앞",19766,8.56%,14.76%,27.66%
"4813","4813. 망우지구대",19762,12.85%,14.64%,27.43%
"1059","1059. 래미안 강동팰리스(102동)",19758,16.54%,15.12%,27.33%
"254","254. 도림신협 앞",19752,17.65%,13.72%,23.26%
"1165","1165. 마곡중학교 후문",19708,19.55%,12.77%,25.32%
"1017","1017. 둔촌고교입구 교차로(길동주민센터 방면)",19702,15.95%,16.53%,27.53%
"729","729. 서부식자재마트 건너편",19690,27.94%,15.08%,24.41%
"3656","3656. 둔촌푸르지오아파트",19667,15.12%,14.89%,27.89%
"1602","1602. 광운대역 앞",19639,9.21%,17.44%,24.98%
"3627","3627. 압구정나들목",19632,4.06%,18.78%,40.15%
"1994","1994. 삼성전자 물류센터 앞",19630,30.98%,15.59%,24.04%
"4820","4820. 망우역 2번 출구",19605,23.87%,16.57%,21.75%
"4087","4087. 우이교 교차로",19579,8.30%,13.98%,32.00%
"3422","3422.성균관대 정문",19576,16.49%,14.12%,23.57%
"3927","3927. 구로월드아파트 앞",19575,13.81%,28.35%,17.80%
"5091","5091. 보타닉파크타워2",19571,4.10%,33.66%,14.99%
"2740","2740.마곡레포츠센터",19564,15.20%,20.19%,15.32%
"1692","1692. 온곡초교 교차로",19524,9.60%,17.53%,26.65%
"4964","4964.암사역사공원역 1번출구 A",19460,19.42%,31.13%,16.50%
"119","119. 서강나루 공원",19457,15.38%,14.82%,29.27%
"657","657. 동대문롯데캐슬아파트 앞",19439,24.81%,12.16%,24.43%
"678","678.장안힐스테이트(아) 앞",19419,15.28%,18.18%,23.73%
"3975","3975.현대시티아울렛 가산",19410,20.49%,22.24%,21.41%
"2384","2384. 자곡사거리",19400,26.48%,15.17%,23.68%
"1959","1959. 구로구의회 앞",19397,18.21%,21.05%,21.28%
"385","385. 종각역 5번출구",19391,8.74%,29.83%,19.44%
"4841","4841. 중화수경공원",19382,16.09%,13.49%,29.90%
"4859","4859. 잠실나루 나들목",19362,10.65%,16.19%,36.58%
"1962","1962. 가리봉동주민센터",19322,19.15%,29.70%,12.64%
"4387","4387. 성수역 1번출구 주변",19286,6.09%,33.98%,21.02%
"841","841. 신용산역 1번 출구",19280,3.78%,26.23%,28.53%
"4906","4906. 섬유센터 앞",19272,9.09%,30.50%,20.10%
"1708","1708. 도봉보건소사거리",19190,13.10%,16.32%,23.82%
"2230","2230.이수역 4번 출구",19188,12.85%,20.79%,23.28%
"3811","3811.신사로입구",19170,24.83%,11.89%,26.80%
"5084","5084. 강서우체국",19165,19.80%,20.77%,20.03%
"221","221. 여의도초교 앞",19128,14.54%,19.08%,28.25%
"4824","4824. 상봉신협 앞",19109,26.65%,12.13%,26.37%
"563","563. 성동세무서 건너편",19101,11.28%,44.13%,10.09%
"5890","5890.여의나루역 3번출구",19097,9.58%,19.98%,37.66%
"943","943. 은평구청 보건소",19079,12.76%,20.64%,18.54%
"756","756. 목동주차장",19075,4.93%,17.88%,32.86%
"2259","2259. 잠원역 3번-4번 출구사이",19036,10.74%,22.67%,26.49%
"265","265. 영등포유통상가 사거리",19014,16.26%,19.68%,22.71%
"587","587. 유니베라 앞",18985,5.68%,33.48%,22.22%
"114","114. 홍대입구역 8번출구 앞",18954,3.23%,21.41%,29.49%
"1001","1001. 광진교 남단 사거리(천호공원 방면)",18948,9.88%,15.57%,30.73%
"2910","2910.도깨비시장",18933,10.27%,16.77%,26.81%
"4091","4091. 방학역2번출구",18884,10.25%,19.68%,24.84%
"530","530. 청계벽산아파트 앞",18882,25.03%,15.71%,23.04%
"266","266. 영등포청과시장 사거리",18875,11.68%,21.46%,22.35%
"111","111. 상수역 2번출구 앞",18851,4.52%,16.75%,33.55%
"292","292. 영일 어린이공원",18838,22.22%,13.83%,23.80%
"5151","5151.진넥스베르디엠 앞",18837,14.52%,16.51%,25.84%
"204","204. 국회의사당역 5번출구 옆",18832,15.03%,29.40%,15.59%
"3560","3560.성동구 견인차량 보관소 앞",18829,16.60%,18.98%,22.73%
"4020","4020. 중계동 성모빌딩 앞",18806,5.42%,19.22%,28.92%
"2404","2404. 대모산입구역 4번 출구 앞",18785,19.79%,15.71%,27.19%
"1742","1742. 북한산 코오롱 하늘채",18781,17.16%,11.20%,25.33%
"1966","1966. 한마을아파트 정문상가",18769,25.87%,11.57%,23.24%
"623","623. 서울시립대 정문 앞 B",18738,11.02%,16.11%,25.65%
"166","166. 가재울 초등학교",18732,26.51%,11.47%,27.56%
"2604","2604. 풍납토성 서성벽터A",18673,23.27%,17.45%,25.37%
"1351","1351. 안암2교 옆",18652,14.68%,18.15%,23.55%
"4556","4556. 리버뷰신안인스빌1차 후문",18647,25.33%,24.21%,16.69%
"1824","1824. 독산근린공원 입구",18601,24.35%,12.91%,27.78%
"3013","3013.서울지방고용노동청 앞",18597,5.44%,40.24%,10.75%
"4220","4220. 신촌 청년주택",18583,21.50%,13.47%,28.58%
"417","417. DMC역 2번출구 옆",18562,24.33%,29.32%,16.08%
"2058","2058. 동작경찰서",18562,7.70%,14.85%,32.35%
"214","214. 금융감독원 앞",18556,3.20%,45.64%,8.00%
"4024","4024. 꿈의숲 SK뷰 아파트",18531,18.66%,13.23%,23.86%
"4140","4140. 신설동역 4번출구",18496,13.42%,17.35%,22.72%
"3407","3407.안국동사거리(신)",18481,12.55%,20.82%,26.71%
"2658","2658.가락몰 업무동",18476,9.64%,21.66%,19.26%
"4465","4465. 건영아파트앞 사거리",18466,14.06%,17.82%,24.32%
"4418","4418. 종암동 동덕여대 제2생활관 앞",18449,13.33%,15.90%,25.11%
"716","716.신정6동 주민센터 인근",18448,11.93%,16.79%,25.50%
"1450","1450. 화랑대역 7번출구",18444,9.31%,12.81%,22.50%
"2656","2656.풍납동 아이파크 107동 앞",18420,15.48%,21.91%,19.96%
"3860","3860. 건국대학교 정문 앞",18403,11.96%,16.30%,23.39%
"310","310. 청계광장 옆",18389,14.93%,26.02%,16.94%
"4510","4510. 신정네거리역 교차로",18376,15.95%,16.95%,26.91%
"719","719. 홍익병원앞 교차로",18375,21.02%,14.33%,24.28%
"3929","3929. 고척아이파크아파트 205동 앞",18375,35.93%,10.68%,22.68%
"1705","1705. 도봉구청 정문앞",18333,7.76%,20.02%,21.85%
"2901","2901.공릉동풍림아파트 101동",18304,28.76%,9.89%,26.09%
"2067","2067. 보라매역?동작세무서 버스정류장(강남중학교방면)",18277,10.75%,19.10%,27.58%
"1380","1380.월곡역 5번출구 앞",18274,16.26%,16.64%,25.11%
"220","220. 미성아파트 A동 앞",18264,12.70%,27.74%,19.63%
"157","157. 애오개역 4번출구 앞",18244,24.24%,13.51%,24.18%
"4528","4528. 양천구청역 1번출구",18222,20.00%,25.35%,19.09%
"1212","1212. 송파역 2번 출구앞",18188,16.51%,22.29%,21.43%
"1354","1354. 고려대학교 2번출구",18184,11.59%,21.14%,19.96%
"288","288. 쌍용예가(구청별관)",18171,20.28%,18.73%,21.70%
"1030","1030. 미호 플랜트 앞",18118,17.94%,17.94%,26.88%
"1141","1141. 곰달래 문화복지센터 A",18050,18.19%,15.85%,25.88%
"4592","4592. 신길우성4차아파트",18034,17.62%,14.67%,23.36%
"1274","1274. 영파여고 앞",18025,14.04%,14.75%,20.74%
"1830","1830. 빅마켓 금천점 앞",18014,25.77%,23.35%,18.84%
"4522","4522. 신곡시장",18011,10.35%,17.10%,27.19%
"1907","1907. 구일우성(아) 육교 밑",17998,27.64%,13.91%,22.02%
"4567","4567. 한림대학교 강남성심병원 신관",17982,15.72%,16.56%,25.77%
"578","578. 성동세무서 부근",17969,25.52%,23.17%,14.94%
"1530","1530. 광산사거리",17965,8.87%,15.02%,27.75%
"3900","3900. 건국대학교 신공학관",17919,4.33%,27.07%,11.47%
"558","558. 성동광진 교육지원청 앞",17914,9.96%,18.63%,23.02%
"3783","3783. 마곡금호어울림아파트",17894,27.64%,14.45%,25.54%
"542","542. 강변역 4번출구 뒤",17891,6.22%,24.21%,30.60%
"201","201. 진미파라곤 앞",17858,10.16%,28.92%,23.42%
"4854","4854. 가락시장역 2번 출구",17842,14.71%,20.31%,23.47%
"2231","2231. 삼성타운(삼성생명) A동 맞은편",17837,6.25%,37.84%,15.08%
"669","669.청계한신휴플러스앞 삼거리",17787,28.35%,13.33%,21.35%
"1738","1738. 창동주공17단지 상가앞",17785,17.59%,18.03%,25.09%
"4491","4491. 장지역 1번출구",17770,14.87%,25.50%,20.89%
"1245","1245. 문정 법조단지9",17754,14.82%,20.18%,29.22%
"2909","2909. 석계역 3번 출구",17736,11.10%,17.96%,28.46%
"3544","3544.한양대역 3번 출구",17733,13.99%,22.09%,20.17%
"1004","1004. 삼성광나루아파트 버스정류장",17732,13.14%,15.48%,30.64%
"1606","1606. 태릉입구역 3번출구",17726,8.62%,16.64%,27.29%
"1305","1305. 성북구청",17718,13.34%,15.27%,26.23%
"3762","3762. 마곡9단지 907동앞",17702,29.84%,12.07%,23.64%
"4080","4080. 창동주공19단지앞",17684,12.06%,18.77%,24.85%
"2332","2332. 선릉역3번출구",17683,13.59%,25.26%,17.84%
"3009","3009. 홍대입구역 사거리",17659,3.59%,24.42%,27.26%
"4804","4804. 동서울농협 앞",17638,5.95%,20.06%,25.00%
"571","571. 세종대학교 대양AI센터",17633,14.80%,18.03%,18.23%
"1128","1128. 화곡역 6번출구",17611,15.90%,18.80%,24.37%
"3506","3506. 영동대교 북단",17608,13.30%,18.89%,24.99%
"438","438. 성산2-1 공영주차장",17587,13.42%,16.57%,28.30%
"1385","1385.성신여대입구역 3번출구 앞",17565,11.32%,13.98%,26.64%
"2653","2653.올림픽공원사거리(선수촌아파트)",17564,12.82%,16.68%,29.63%
"4905","4905. 강남경찰서",17542,3.79%,38.58%,16.79%
"3415","3415.동대문역6번출구",17512,10.43%,19.66%,26.38%
"4953","4953. 세양청마루아파트 앞",17497,17.79%,15.87%,24.57%
"412","412. DMC산학협력연구센터 앞",17479,13.44%,30.65%,16.22%
"490","490.가온문화공원",17420,5.07%,33.56%,18.34%
"4560","4560. 양평동성원아파트",17395,15.44%,24.55%,19.24%
"1928","1928. 고척스카이돔구장 광장",17336,15.02%,15.81%,22.29%
"1199","1199. 우장산역 3번출구",17291,12.04%,17.15%,25.42%
"1804","1804. 독산역 2번출구 자전거주차장",17246,26.35%,25.20%,18.06%
"1827","1827. 독산보도육교 앞 자전거 보관소",17244,12.44%,24.30%,29.31%
"488","488.푸르메병원",17238,20.18%,18.71%,20.17%
"1478","1478.홈플러스 상봉점 앞",17230,10.32%,19.22%,27.95%
"2060","2060. 남성역3번출구 뒤",17220,24.07%,11.24%,27.08%
"1471","1471.동양쇼핑 정류소 앞",17214,18.40%,13.04%,26.19%
"252","252. 보라매역4번출구",17184,13.02%,20.07%,24.17%
"1205","1205. 종합운동장역 4번출구",17176,10.68%,27.68%,26.96%
"3698","3698. 명일역 3번출구 옆",17172,13.71%,20.06%,25.53%
"4207","4207. 아만티호텔 앞",17141,7.26%,22.31%,25.55%
"2414","2414. 도곡역 아카데미스위트 앞",17139,12.50%,24.87%,19.63%
"834","834. 효창공원앞역 3번출구 앞",17130,31.38%,12.86%,22.58%
"680","680.꿈마루어린이도서관 앞",17109,9.27%,14.17%,27.25%
"4121","4121. 서울문화재단 앞",17102,19.46%,23.52%,18.42%
"1841","1841. 가산동 주민센터",17068,37.59%,10.92%,19.09%
"5503","5503. 마포아트센터 앞",17067,21.99%,11.02%,21.40%
"104","104. 합정역 1번출구 앞",17065,8.47%,22.42%,25.80%
"1401","1401. 극동늘푸른아파트",17062,8.61%,13.91%,31.45%
"1681","1681. 현대6차 아파트",17034,14.49%,15.06%,29.26%
"4952","4952.천호시장 버스정류소 옆",17031,18.45%,12.40%,28.93%
"4926","4926. 대치우성아파트 사거리",17025,17.90%,27.67%,18.75%
"418","418. 월드컵경기장역 3번출구 옆",17003,3.58%,15.47%,41.02%
"1260","1260. 방이동 한양3차아파트 옆",16971,14.85%,17.98%,26.09%
"1282","1282. 송파소방서 맞은편(성내4교)",16968,23.40%,13.82%,26.08%
"4032","4032. 불암주유소 앞",16964,9.77%,20.70%,27.69%
"1924","1924. 삼부르네상스파크빌",16945,26.69%,21.03%,18.88%
"493","493.홍대입구역 6번출구",16941,8.25%,20.06%,27.73%
"155","155. 가좌역1 번출구 앞",16933,22.16%,20.17%,23.48%
"5154","5154.광진구청 앞",16894,8.01%,21.94%,25.61%
"1108","1108. 공항시장역 2번출구 뒤",16891,18.74%,13.45%,27.10%
"609","609. 제기2교",16879,16.68%,14.82%,27.34%
"521","521. 왕십리역 11번 출구 앞",16857,6.81%,15.89%,26.49%
"178","178. 증산3교 앞",16847,23.50%,12.92%,26.54%
"1931","1931. 개봉역2번출구 A",16824,20.77%,22.90%,20.08%
"1390","1390.석관래미안아트리치",16813,16.11%,14.42%,27.94%
"255","255. 도림사거리",16811,13.11%,14.69%,30.48%
"763","763. 목동11단지 아파트",16773,17.56%,14.15%,26.75%
"1265","1265. 문정동 근린공원",16751,18.92%,16.26%,22.63%
"2202","2202.청계산입구역 1번출구",16748,21.11%,26.37%,18.74%
"2265","2265. 이수고가차도 남단",16746,12.43%,21.13%,25.82%
"1952","1952. 천왕연지타운2단지 앞",16713,20.07%,15.12%,26.50%
"2407","2407. 역삼서초삼성 세무서 앞 (역삼빌딩 앞)",16713,10.87%,23.08%,19.89%
"766","766. 신목동역 3번출구",16691,9.62%,23.86%,29.71%
"2059","2059. 보라매공원 정문",16690,9.56%,24.55%,24.67%
"550","550. 서울시설공단 앞",16677,9.17%,42.08%,11.71%
"4349","4349.삼성화재서초타워",16677,8.46%,23.57%,20.87%
"4812","4812. 묵동 이마트 앞",16676,5.61%,18.66%,27.60%
"1204","1204. 거여역 3번출구",16652,10.61%,19.02%,24.50%
"4526","4526. 목동아파트2단지 222동 앞",16637,29.42%,10.41%,25.52%
"1991","1991. 오류동역 맞은편",16632,13.09%,14.39%,27.95%
"1129","1129. 화곡역 1번 출구 앞",16581,11.68%,20.27%,23.95%
"5885","5885. 신정교하부(도림천역 방면)",16563,17.67%,16.32%,27.96%
"145","145. 공덕역 5번출구",16559,16.57%,20.26%,23.84%
"2214","2214. 신반포역 2번출구 앞",16556,6.47%,15.90%,41.01%
"5073","5073. 우장산역 헤링턴타워 앞",16554,11.48%,16.12%,26.63%
"917","917. 녹번역 3번출구",16534,22.53%,19.12%,20.74%
"5514","5514.공덕역 1번출구",16522,9.18%,21.63%,25.46%
"456","456. 숭인2동 주민센터 입구",16478,17.33%,14.07%,23.03%
"650","650. 중랑교사거리",16470,6.97%,14.25%,30.35%
"4480","4480. 가락시장 남1문 사거리",16460,22.21%,19.99%,18.55%
"329","329. 청계2가 사거리 옆",16448,7.73%,28.54%,23.12%
"2252","2252. 잔디마을 마을버스 정류장",16424,5.62%,27.76%,22.10%
"4721","4721. 통인시장 정자",16407,24.92%,11.78%,27.50%
"3573","3573.광나루안전체험관",16382,19.66%,16.77%,25.13%
"635","635. 시조사 앞",16379,16.83%,12.62%,23.44%
"5319","5319. 연해피빌 앞",16378,10.88%,14.92%,18.83%
"256","256. 동아에코빌입구",16364,20.02%,13.94%,25.95%
"326","326. 안국역 5번출구 앞",16337,14.76%,22.67%,20.71%
"2627","2627.문정시영아파트 5동 앞 공원",16317,22.30%,15.85%,24.75%
"4386","4386. 현대자동차 동부서비스센터 주변",16305,23.83%,24.42%,15.65%
"4713","4713. 현대 뜨레비앙 아파트 앞",16271,9.49%,21.46%,20.12%
"2725","2725.서울식물원 식물문화센터",16257,9.08%,19.39%,32.02%
"1552","1552. 강북구청사거리",16256,5.31%,22.18%,26.27%
"2651","2651.경찰병원역 3번출구 앞",16254,19.96%,17.64%,22.29%
"4468","4468. 가락1동주민센터",16252,26.08%,12.01%,25.17%
"4705","4705. 웰니스센터(민방위교육장 앞)",16247,22.04%,14.90%,19.67%
"2342","2342. 대청역 1번출구  뒤",16219,13.02%,21.91%,25.04%
"2279","2279. 교대역 5번출구뒤",16206,15.40%,19.34%,20.38%
"427","427. 성산시영아파트",16200,19.95%,12.91%,26.66%
"3691","3691. 둔촌역 2번출구",16198,9.44%,24.97%,24.50%
"5774","5774. 가락본동주민센터 인근",16164,13.01%,18.87%,22.06%
"3853","3853. 어린이대공원역 2번출구",16142,26.23%,16.58%,20.46%
"1267","1267. 올림픽공원 남2문 앞",16131,15.34%,16.01%,32.66%
"1404","1404. 동일로 지하차도",16120,18.68%,12.83%,19.40%
"4619","4619. 한강트럼프월드3차 앞",16108,12.79%,16.87%,30.33%
"4453","4453. 위례중앙푸르지오 201동 앞",16093,10.59%,13.83%,29.69%
"3206","3206.문래동 주민센터",16089,12.77%,26.16%,18.48%
"1433","1433. 중화역 2번출구",16078,6.90%,17.27%,25.67%
"525","525. 한양대병원사거리",16075,5.36%,16.73%,30.26%
"270","270. 증권거래소후문교차로",16066,10.20%,33.62%,15.67%
"2294","2294. 두상빌딩 앞",16049,24.41%,20.09%,19.06%
"2211","2211. 서초구립반포도서관 앞",16040,10.65%,23.11%,25.29%
"4794","4794. 서울역 서부교차로(3)",16040,28.94%,16.13%,21.55%
"1206","1206. 9호선종합운동장역 9번출구",16023,15.49%,23.09%,23.35%
"107","107. 수협 연남동지점",16013,9.42%,22.99%,23.81%
"1334","1334. 석관동주민센터 앞",16012,11.96%,16.14%,21.96%
"860","860.LG한강 자이아파트 앞",15992,11.22%,16.79%,34.52%
"380","380. CJ제일제당 앞",15989,15.06%,23.22%,16.35%
"345","345. 서울보증보험본사 앞",15988,19.46%,25.76%,12.38%
"1920","1920. 서울미래초등학교 사거리",15960,18.11%,14.71%,24.67%
"4483","4483. 잠실나들목4",15943,14.66%,12.59%,34.94%
"4019","4019. 상계주공10단지 버스정류소",15921,14.09%,15.84%,26.09%
"2110","2110. 조원동 미성아파트",15916,11.90%,19.53%,25.57%
"4393","4393. 상원삼거리 장안철교 아래",15911,10.02%,34.56%,17.67%
"3128","3128.동신병원 맞은편",15903,9.74%,16.08%,31.19%
"5323","5323. 하계역 4번출구 앞",15899,12.67%,18.49%,24.00%
"1987","1987. 개봉아이파크아파트 앞",15885,29.67%,10.63%,28.18%
"4708","4708. 조계사앞사거리",15870,12.29%,22.68%,15.19%
"5097","5097. LG사이언스파크 E2동",15860,4.01%,54.98%,4.52%
"3414","3414.종로5가역 4번출구",15845,16.07%,20.18%,22.01%
"4792","4792. 퇴계로4가 교차로(중구청)",15841,12.10%,18.47%,20.90%
"4270","4270. 우국한마음 아파트 맞은편",15839,14.39%,19.34%,22.93%
"758","758. 한사랑교회 앞",15815,21.44%,13.28%,28.35%
"475","475.DDP 패션몰",15807,5.60%,14.68%,14.48%
"2737","2737.까치산역 3번 출구",15786,10.45%,17.14%,27.12%
"5088","5088. 등촌역 센터스퀘어",15786,8.91%,17.42%,26.45%
"1306","1306. 한성대입구역2번출구",15770,7.98%,16.29%,29.71%
"4004","4004. 당고개입구오거리 당현천변",15763,10.99%,15.38%,27.17%
"3203","3203.도림동배드민턴체육관",15762,25.19%,12.43%,22.94%
"2605","2605. 복정역 1번 출구 앞",15742,10.88%,34.66%,17.70%
"6171","6171. 월드빌딩 앞",15730,9.55%,17.50%,26.93%
"989","989. 신응교(가좌로) 앞",15728,12.28%,15.06%,30.70%
"2115","2115. 관악구시설관리공단",15727,24.82%,13.23%,24.55%
"2710","2710.라이품 공영주차장 앞",15719,22.37%,16.37%,23.76%
"4657","4657. 본 서부병원 교차로 사거리",15719,14.79%,18.37%,26.11%
"1288","1288. 문정중교 사거리",15705,13.02%,16.51%,25.92%
"605","605. 신설동역8번출구",15643,12.93%,19.39%,24.76%
"1670","1670. 노원경찰서교차로",15622,20.45%,11.98%,19.98%
"420","420. 서울시 공공자전거 상암센터",15596,3.61%,14.24%,49.58%
"355","355. 서울사대부설초등학교 앞",15595,14.21%,20.93%,19.87%
"4317","4317. 양재근린공원",15586,19.00%,17.79%,22.40%
"557","557. 도선동 주민센터 앞",15573,18.76%,20.45%,21.40%
"3907","3907. 신도림7차e편한세상아파트 806동 앞",15572,21.37%,11.89%,25.13%
"1003","1003. 해공도서관앞",15571,16.18%,15.67%,27.32%
"1677","1677. 육군사관학교  앞",15567,12.28%,19.89%,27.65%
"2431","2431.대치역 7번출구",15567,13.70%,16.66%,29.52%
"3788","3788. 정곡나들목",15558,4.19%,12.21%,43.29%
"2537","2537.양재역 8번출구 앞",15542,13.60%,27.80%,22.22%
"3550","3550.금호나들목",15531,13.62%,14.80%,36.32%
"1929","1929. 고척근린공원 고척도서관 앞",15522,11.64%,14.24%,26.54%
"5326","5326. 대진고교앞 교차로",15515,11.55%,14.90%,27.41%
"1074","1074.대명초교입구 사거리",15505,18.96%,11.56%,27.58%
"6060","6060. 신한은행 본점",15501,11.33%,31.40%,13.44%
"4222","4222. 서울디자인고등학교 앞",15492,12.44%,17.92%,25.68%
"4381","4381. 더스페이스타워 앞",15486,9.27%,26.97%,23.18%
"2054","2054. 삼익아파트",15481,21.88%,10.07%,27.14%
"4089","4089. 동부센트레빌 앞",15453,19.67%,13.41%,25.88%
"2904","2904.중계3차청구아파트",15449,7.00%,14.91%,25.62%
"1440","1440. 면목2동 사거리",15430,13.73%,17.45%,27.02%
"1529","1529. 미아동 한국전력공사",15419,9.30%,19.49%,24.69%
"320","320. 을지로입구역 4번출구 앞",15406,14.06%,23.91%,14.92%
"2821","2821.청구아파트 앞",15370,23.73%,14.59%,22.39%
"3879","3879. 중랑천 뚝방길 산책로 입구",15341,23.89%,15.16%,26.19%
"2902","2902.공릉풍림아파트 108동",15335,32.71%,10.42%,22.51%
"4092","4092. 도봉경찰서 교차로",15333,13.36%,14.42%,22.92%
"2066","2066. 양문교회 앞",15323,16.00%,13.54%,27.19%
"4601","4601.양평역2번출구 뒤",15303,21.68%,21.26%,22.56%
"819","819. 선린인터넷 고등학교",15300,17.11%,14.07%,28.55%
"4076","4076. 도봉통합복지센터 뒤 중랑천 변",15300,8.56%,14.24%,30.09%
"215","215. 여의도고교 앞",15292,19.39%,17.30%,25.66%
"334","334. 종로3가역 2번출구 뒤",15289,11.41%,20.69%,21.56%
"3899","3899. 아차산역 2번출구",15288,14.19%,15.61%,30.76%
"4181","4181. 보라매공원역 2번출구",15266,13.45%,17.91%,28.87%
"700","700. KB국민은행 염창역 지점 앞",15263,11.57%,18.25%,26.60%
"838","838. 숙대입구역 4번출구",15260,11.69%,17.81%,25.64%
"5075","5075. 등촌역 1번출구",15228,13.78%,16.90%,25.30%
"289","289. 대림3동사거리",15207,17.66%,16.24%,23.46%
"455","455. 종로6가역 버스정류장(동대문 방향)",15205,11.32%,18.02%,10.86%
"4711","4711. 올림픽기념 국민생활관 로터리",15196,24.14%,11.90%,22.34%
"4512","4512. 목동13_14단지 사거리",15186,15.79%,17.19%,23.44%
"2056","2056. 동작구민 체육센터",15180,23.48%,15.77%,18.88%
"239","239. 유스호스텔 앞",15134,18.75%,23.62%,17.49%
"4167","4167. 구로교 아래",15102,7.50%,19.29%,27.92%
"915","915. 증산역 4번출구",15088,13.27%,16.25%,26.41%
"3984","3984. 가산롯데아이티캐슬",15048,7.61%,49.28%,11.31%
"3935","3935. 고대구로병원 앞",15043,11.88%,23.39%,18.72%
"1707","1707. 도봉구민회관",15037,11.76%,13.54%,23.26%
"3432","3432.종로2가 사거리",15035,8.95%,20.73%,20.36%
"4464","4464. 올림픽공원 북2문 A",15033,8.93%,19.19%,31.68%
"1685","1685. 불암고등학교 앞 횡단보도",15028,16.17%,15.45%,26.10%
"2911","2911.상계역중앙시장",15019,7.96%,18.44%,28.74%
"1640","1640. 한내근린공원 북측",15016,11.49%,14.38%,31.68%
"1767","1767.방학초등학교 앞",15011,19.63%,12.64%,24.20%
"108","108. 서교동 사거리",14995,2.45%,21.56%,31.98%
"1119","1119. 염창동 한마음아파트 앞",14981,16.04%,15.67%,28.31%
"4143","4143.서울동물복지지원센터 동대문",14981,6.33%,22.76%,23.53%
"4536","4536. 양천해누리체육공원",14957,9.85%,9.91%,13.08%
"6054","6054.청구e편한세상아파트 113동 앞",14956,19.22%,14.70%,23.84%
"5893","5893.한국산업은행",14952,3.96%,52.51%,8.90%
"3125","3125.연희파크푸르지오아파트 앞",14950,21.79%,14.32%,28.68%
"818","818. 숙명여대 입구 교차로",14942,17.99%,12.62%,25.56%
"411","411. DMC홍보관",14938,6.25%,36.49%,15.18%
"3121","3121.가좌삼거리",14899,11.49%,18.35%,27.30%
"3928","3928.고척아이파크아파트 106동 앞",14899,13.65%,17.24%,29.84%
"339","339. 종로4가 사거리",14887,7.13%,21.45%,18.34%
"4238","4238. 상암한샘빌딩앞",14883,27.39%,18.36%,16.58%
"1227","1227. 거여역 8번출구 뒤",14850,21.89%,21.62%,19.93%
"1175","1175. 대한항공 인력개발센터",14828,16.83%,18.14%,21.76%
"4965","4965.고덕비즈밸리 쿠쿠강동빌딩",14827,1.62%,29.88%,33.05%
"4028","4028. 한일유앤아이아파트 105동 인근",14815,14.80%,14.43%,29.23%
"336","336. 충무로역 6번출구 앞",14806,18.03%,19.88%,17.51%
"2645","2645.잠실나들목2(엘스아파트136동)",14794,15.03%,13.38%,33.24%
"3814","3814. 난곡사거리",14791,8.36%,14.91%,26.43%
"426","426. 서울신용보증재단",14777,15.27%,23.12%,20.92%
"335","335. 종로3가역 15번출구 뒤",14765,11.77%,22.75%,19.37%
"3763","3763. 등촌태영아파트",14743,20.58%,22.19%,22.51%
"513","513. 뚝섬역 5번 출구 정류소 옆",14739,12.92%,25.71%,17.42%
"314","314. 국립현대미술관",14738,7.18%,20.23%,29.70%
"1407","1407. 먹골역 1번출구 뒤",14727,11.17%,15.94%,26.58%
"3408","3408.종로타워빌딩",14681,10.54%,25.73%,15.61%
"148","148. 용강동 주민센터 앞",14658,21.78%,14.22%,29.38%
"453","453. 종로오가 지하쇼핑센터 14번출구",14658,11.29%,20.34%,21.44%
"5508","5508. 성산유수지공원",14654,15.03%,15.14%,29.18%
"2177","2177. 신대방역 2번 출구",14652,11.93%,19.07%,28.32%
"2070","2070. 노량진역 2번 출구 앞",14628,7.08%,18.68%,32.49%
"2375","2375. 수서역 1번출구 앞",14610,17.25%,25.38%,19.69%
"4272","4272. 홍남교 사거리",14601,18.28%,14.75%,28.20%
"2106","2106. 세이브마트",14588,14.36%,11.69%,25.72%
"2413","2413.도곡역 1번 출구",14580,13.81%,19.09%,27.76%
"4872","4872. 개롱역 3번 출구 뒤",14543,11.06%,17.66%,27.14%
"4090","4090. 녹천교 앞 사거리",14541,14.15%,15.25%,29.28%
"407","407. 마포구 육아종합지원센터",14526,13.11%,18.80%,19.63%
"367","367. 독립문역 3-1번출구",14510,43.79%,12.32%,18.48%
"1627","1627. 수락산역 4번출구",14492,11.41%,21.81%,25.48%
"2187","2187. 현대시장사거리",14485,16.64%,13.37%,26.65%
"2169","2169. 봉천역 2번출구",14456,10.85%,15.97%,26.22%
"1665","1665. 양지근린공원앞",14452,12.83%,14.12%,27.61%
"356","356. KT혜화지사 앞",14444,14.23%,18.28%,21.39%
"1411","1411. 상봉시장앞 교차로 한성빌딩 앞",14438,11.28%,13.35%,27.70%
"2515","2515.서초초등학교 후문",14438,6.43%,26.29%,24.56%
"2709","2709.강변아파트 310동 앞",14432,16.28%,13.16%,31.65%
"4957","4957. 신명초교 교차로",14407,20.30%,12.66%,27.08%
"124","124. 서강대 정문 건너편",14395,9.09%,16.93%,28.10%
"610","610. 동대문중 교차로",14388,23.01%,14.55%,23.92%
"3507","3507. 어린이회관",14377,20.52%,12.67%,22.89%
"4267","4267. 서대문역 2번 출구",14367,15.29%,19.38%,23.84%
"3614","3614. 은마아파트 입구 사거리",14334,8.25%,18.15%,27.38%
"5895","5895.생각공장당산",14326,11.80%,27.01%,17.17%
"844","844. 이촌2동 동원베네스트 아파트 앞",14322,21.65%,13.41%,26.18%
"3640","3640. 일원1동주민센터앞 사거리",14295,16.82%,24.90%,18.22%
"627","627. 장안동삼거리 교통섬",14280,14.47%,13.64%,27.14%
"1834","1834. 월드메르디앙 벤처센터 2차",14257,4.62%,49.75%,15.19%
"4460","4460. 올림픽훼미리아파트 112동 앞",14246,18.64%,26.23%,19.57%
"2648","2648.헬리오시티 112동 앞",14219,18.73%,13.81%,30.00%
"340","340. 혜화동 로터리",14217,14.36%,16.40%,25.40%
"3684","3684. 고덕자이(105동 앞)",14207,18.46%,11.77%,27.47%
"1749","1749. ESA아파트 상가 앞",14198,7.76%,14.31%,28.07%
"4819","4819. 면목동 새싹어린이공원 앞",14193,21.55%,12.27%,26.37%
"327","327. 낙원상가 옆",14190,14.43%,19.98%,22.46%
"2711","2711.가로공원공영주차장 1번 출구",14186,19.98%,11.88%,26.52%
"3699","3699. 상일파출소 옆",14185,16.28%,18.98%,22.79%
"815","815. LIG강촌아파트 103동앞",14162,11.40%,16.90%,30.58%
"711","711. 신일해피트리아파트 앞",14135,24.72%,13.91%,23.32%
"343","343. 힐스테이트창경궁 아파트 앞",14130,17.44%,21.15%,20.24%
"2244","2244. 말죽거리공원 사거리",14130,8.02%,23.09%,26.69%
"1960","1960. 구로거리공원 동측(신도림역 방면)",14123,23.40%,14.83%,24.78%
"5338","5338. 상계초교 입구 교차로",14117,6.39%,17.40%,26.76%
"4397","4397. 마장축산물시장 북문 건너편",14107,9.50%,22.61%,27.62%
"3651","3651. 개포동역 4번출구",14101,12.45%,14.94%,31.59%
"949","949. 연신내역 1번 출구",14092,9.48%,19.72%,26.67%
"2539","2539.대한무역투자진흥공사 KOTRA 앞",14084,4.86%,46.21%,6.25%
"3120","3120.DMC엘가아파트 앞",14082,15.65%,17.01%,24.88%
"6184","6184. 한강버스 마곡 선착장",14081,4.04%,16.14%,40.13%
"1726","1726. 삼익세라믹아파트교차로",14062,15.13%,14.05%,28.00%
"1233","1233. 잠실3거리(갤러리아팰리스)",14047,11.43%,17.01%,26.74%
"4114","4114. 휘경여중고삼거리",14041,13.88%,16.38%,24.56%
"1428","1428. 원묵고등학교",14037,12.34%,14.83%,26.63%
"4652","4652. 신사두산위브2차아파트 앞",14029,26.60%,9.97%,23.31%
"4169","4169. 신대방삼거리",14026,11.41%,12.21%,28.45%
"4917","4917. 일원에코파크 주차장",14017,25.90%,15.90%,22.29%
"400","400. 상암한화오벨리스크 1차 앞",14015,33.01%,11.61%,22.80%
"2013","2013. 장승배기역 5번출구",14007,13.08%,16.48%,27.33%
"4083","4083.도봉아이나라도서관 앞",13999,20.02%,11.87%,22.81%
"1770","1770.도봉한신아파트 주변",13996,11.27%,14.72%,19.68%
"2530","2530.삼호3차아파트 앞",13993,12.75%,19.38%,27.22%
"722","722. 경서농협 버스정류장(우리은행신정동지점방향)",13991,19.07%,15.73%,27.64%
"4347","4347. 논현지하보도",13986,20.76%,16.92%,22.55%
"4210","4210. 가좌행복주택 앞",13982,23.71%,14.30%,26.42%
"4214","4214. JTBC 앞",13981,7.02%,31.53%,15.23%
"2108","2108. 은천치안센터",13973,15.49%,15.14%,27.60%
"3863","3863. 동일로58길 입구",13968,25.95%,16.72%,23.42%
"1974","1974. 신도림2차e편한세상아파트 203동 앞",13961,18.90%,14.80%,25.59%
"3931","3931. 천왕역 3번 출구 뒤",13955,15.51%,25.12%,18.45%
"5325","5325.상계주공7단지 아파트 앞",13955,9.26%,15.16%,27.44%
"3502","3502. 중곡역 1번출구",13943,13.12%,18.93%,23.62%
"281","281. 대림신동아아파트 앞",13941,12.44%,15.71%,27.66%
"1848","1848. 벽산 디지털밸리 5차",13908,5.68%,55.57%,8.90%
"223","223. 진주아파트상가 앞",13903,15.09%,18.35%,22.61%
"1630","1630. 수연빌딩 앞",13884,7.81%,18.07%,29.29%
"849","849. 삼각지 자이아파트",13871,19.61%,14.45%,29.58%
"4589","4589. KRX한국거래소(1)",13861,11.73%,27.22%,17.74%
"1664","1664. 노해근린공원내",13839,15.82%,12.84%,29.43%
"2327","2327. 뱅뱅사거리 랜드마크타워 앞",13825,10.43%,29.95%,15.93%
"4113","4113. 한국국방연구원 앞",13819,11.16%,22.97%,22.93%
"4719","4719. 종로문화원 건너편",13816,8.40%,25.57%,18.17%
"1605","1605. 헬스케어",13795,10.92%,19.60%,24.84%
"4517","4517. 성보하이드로빌딩",13780,17.44%,11.87%,28.58%
"1382","1382.래미안월곡아파트 입구",13776,25.35%,11.51%,24.46%
"4707","4707. 청계3가 사거리",13775,16.37%,17.47%,25.44%
"5513","5513. 마포음식문화거리",13759,15.34%,16.03%,29.25%
"1470","1470.중화동 우리은행 앞",13737,14.60%,17.26%,26.34%
"1229","1229. 송파체육문화회관 앞",13731,19.42%,16.72%,15.59%
"165","165. 중앙근린공원",13716,26.82%,12.20%,26.98%
"4569","4569. 힐스테이트클래시안아파트",13707,22.89%,12.19%,25.08%
"1384","1384.성신여대입구역 5번출구",13700,17.69%,13.41%,26.67%
"3528","3528. 광진정보도서관",13699,3.82%,20.88%,36.75%
"2423","2423.영희초교 사거리(래미안개포루체하임)",13690,13.61%,13.51%,28.77%
"5155","5155.광진경찰서 앞",13690,24.70%,13.92%,24.86%
"3119","3119.연희 브라운스톤 아파트 앞",13689,16.48%,15.50%,29.21%
"3775","3775. 가양오토갤러리",13689,18.70%,23.30%,18.80%
"777","777.신월6차보람아파트 앞",13688,25.46%,12.47%,24.36%
"1456","1456. 상아빌딩(우림시장 교차로)",13668,12.69%,13.05%,26.60%
"2080","2080. 대방지하보도(대방동경남아너스빌아파트)",13656,14.27%,21.59%,24.07%
"3983","3983. 금천구청역 1번 출구",13649,16.59%,29.99%,18.27%
"1741","1741. 제일강산수산입구",13641,9.56%,15.27%,27.89%
"1148","1148. 볏골공원",13638,29.90%,11.70%,24.80%
"2333","2333. 양재역 3번출구 주변",13629,13.77%,26.16%,20.46%
"2171","2171. 서울대입구역 5번출구",13601,7.55%,19.84%,27.34%
"2247","2247.섬들근린공원",13587,20.45%,14.85%,25.59%
"1651","1651. 상계동 우방유쉘아파트 앞",13585,13.82%,14.27%,27.48%
"4677","4677. 백련산 SK뷰 아이파크 해모로 아파트 앞",13579,29.63%,10.52%,24.52%
"985","985. 은평세무서 버스정류장(은평구청 방면)",13562,15.33%,16.21%,23.52%
"1110","1110. 공항중학교앞",13531,30.45%,9.33%,22.02%
"2542","2542.신논현타워 앞",13520,12.26%,22.37%,24.02%
"1846","1846. 롯데캐슬골드파크1차 동문",13507,45.33%,8.01%,19.58%
"3131","3131.연가교 교차로",13506,29.74%,10.77%,27.35%
"5317","5317. 공릉동 신도1차 아파트 뒤",13503,15.74%,14.57%,25.65%
"826","826. 서울역 서부교차로2",13492,26.07%,14.78%,23.72%
"6061","6061.충무아트센터",13472,11.88%,15.00%,20.66%
"5309","5309. 월계 롯데캐슬아파트 뒤",13461,20.73%,11.86%,26.68%
"916","916. 평생학습관 앞",13460,10.62%,15.99%,27.89%
"331","331. 을지로2가 사거리 북측",13430,10.96%,35.99%,10.07%
"5869","5869. 영등포아트홀 앞",13429,11.33%,19.43%,21.72%
"3793","3793. 더리브골드타워",13428,20.06%,30.18%,15.50%
"374","374. 신당동주민센터앞",13417,10.80%,21.46%,22.73%
"1203","1203. 밀리아나2빌딩 앞",13404,6.83%,24.65%,19.71%
"4588","4588.양남사거리2",13399,12.33%,30.53%,18.61%
"706","706. 신정네거리역",13386,13.33%,22.16%,24.21%
"4425","4425. 하늘채코오롱아파트 앞",13364,13.24%,13.54%,30.75%
"1327","1327. 상월곡역 3번출구",13352,14.99%,18.74%,24.96%
"5078","5078. 왈도강서캠퍼스 앞",13311,23.87%,13.87%,24.20%
"2086","2086.삼일수영장 앞",13302,29.29%,8.25%,23.21%
"454","454. 종로2가 버스정류장 (종각방향)",13297,10.05%,20.95%,21.87%
"1520","1520. 수유중앙시장",13286,10.61%,12.90%,27.98%
"457","457. 종로꽃시장 입구 옆",13257,19.08%,21.93%,14.78%
"1743","1743.창동19단지아파트 관리사무소앞",13231,19.76%,13.09%,27.59%
"276","276. 영등포로터리2",13230,27.91%,17.35%,23.96%
"3204","3204.도림고가도로 밑",13220,19.43%,15.27%,25.48%
"2369","2369. KT선릉타워",13217,10.93%,26.19%,16.76%
"2504","2504. 신사역 4번출구 뒤",13208,5.28%,25.03%,26.19%
"5896","5896.영등포구청역 6번출구",13206,17.26%,20.88%,21.19%
"4145","4145.청량리동 주민센터",13184,9.44%,18.51%,24.46%
"4102","4102. 휘경1동주민센터 앞",13175,17.47%,16.24%,27.25%
"233","233. 양평1동 YP센터 앞",13122,10.33%,34.02%,16.36%
"1729","1729. 도봉한신아파트 버스정류장",13121,9.70%,15.20%,29.24%
"359","359. 원남동사거리",13118,9.15%,21.65%,20.91%
"1814","1814. 두산위브아파트 옆 상가건물 앞",13116,30.22%,12.44%,22.42%
"1318","1318. 길음역 3번출구 뒤",13093,9.43%,19.19%,26.14%
"4077","4077. 도봉제1교",13076,8.76%,13.36%,36.31%
"150","150. 서강대역 2번출구 앞",13064,14.83%,15.80%,27.21%
"1277","1277. 성내7교",13060,20.46%,12.21%,24.51%
"143","143. 공덕역 2번출구",13057,15.38%,25.19%,21.80%
"3220","3220.래미안에스티움 앞 (신풍로)",13054,20.79%,13.41%,25.83%
"3873","3873. 동서울우편집중국 앞",13036,12.60%,17.58%,22.13%
"4011","4011. 월계 센트럴 아이파크",13009,7.21%,18.16%,23.89%
"3102","3102. 연희삼거리",12997,17.31%,13.12%,29.00%
"3641","3641. 대청역",12978,16.66%,27.44%,20.19%
"674","674.고대앞사거리 교통섬",12977,8.10%,18.99%,23.09%
"908","908. 구산역 4번출구",12977,11.95%,16.01%,29.61%
"2703","2703.서울도시가스 앞",12969,11.81%,19.82%,27.08%
"2408","2408. 강남한양수자인아파트",12957,21.31%,14.06%,25.80%
"1444","1444. 면목4치안센터",12937,22.21%,11.68%,26.17%
"3411","3411.종묘",12914,14.23%,18.90%,16.77%
"1805","1805. 서울디지털운동장 앞",12908,20.79%,27.96%,14.63%
"241","241. 신길우성1차아파트 앞 공원",12907,27.16%,9.82%,24.23%
"1375","1375. 생명의 전화 종합복지관 앞 교차로",12903,23.96%,15.56%,20.74%
"2917","2917.신창중학교 후문 맞은편 버스정류장",12902,14.24%,11.12%,26.57%
"389","389. 을지로4가역 1번출구",12895,19.43%,23.41%,17.20%
"1809","1809. LG전자 별관동(호서대 벤처타워 맞은편)",12884,9.27%,45.54%,8.42%
"2303","2303. 논현역 10번출구",12864,14.46%,22.68%,22.56%
"1271","1271. 송파도서관",12839,7.07%,19.22%,29.13%
"3818","3818. 은천교회 앞",12836,23.76%,12.01%,27.97%
"958","958. 본 서부병원 버스정류장(은평 세무서 방면)",12835,15.00%,15.01%,25.38%
"5760","5760. 풍납사거리 성내유수지",12833,11.11%,20.94%,27.27%
"2189","2189. 봉천역 4번출구",12827,5.45%,19.41%,26.65%
"1808","1808. 에이스하이엔드타워8차 앞",12823,3.01%,52.68%,10.35%
"2540","2540.반포천 앞",12790,14.41%,21.83%,23.06%
"3987","3987. LG전자가산A와 가산테라타워 사이",12775,36.01%,14.77%,18.37%
"4873","4873. 개롱역사거리 2번 출구",12773,16.28%,19.26%,24.01%
"1431","1431. 중랑구청 사거리",12763,6.31%,18.99%,27.44%
"800","800. 목월공원 앞",12747,19.88%,18.52%,26.74%
"3221","3221.서울특별시 남부교육지원청",12732,17.50%,21.72%,19.55%
"5341","5341.공릉동효성아파트 앞",12728,14.97%,11.52%,27.29%
"2221","2221. 방일초교 마을버스 정류장",12727,10.30%,21.58%,26.12%
"4139","4139. 답십리 사거리",12724,17.93%,11.95%,26.12%
"3908","3908. 오류동 다숲오피스텔 앞",12723,20.23%,12.29%,26.67%
"3212","3212.신풍역 6번출구",12711,16.14%,13.88%,24.29%
"1473","1473.중랑역 1번 출구(중화문화복지센터)",12706,17.04%,20.23%,23.55%
"4074","4074. 도봉구육아종합지원센터(창동)",12706,22.52%,12.82%,25.85%
"4005","4005. 중계2차 한화꿈에그린 101동 인근",12692,8.75%,17.77%,28.62%
"1186","1186. 송정중학교",12691,23.91%,14.51%,22.38%
"4078","4078. 원당공원 앞",12676,19.19%,14.02%,25.39%
"199","199. 서울 월드컵 경기장",12670,8.69%,14.99%,34.29%
"472","472.삼일교(시그니쳐 타워)",12654,10.85%,31.77%,9.27%
"806","806. 전자랜드 본관 앞",12653,15.43%,22.52%,21.64%
"4411","4411. 동산어린이공원 앞",12632,22.79%,19.38%,17.74%
"736","736. 오솔길공원",12607,23.41%,14.33%,24.32%
"2523","2523.뉴코아 킴스클럽 앞",12604,12.03%,15.30%,32.54%
"1965","1965. 삼환로즈빌아파트 105동 옆",12586,13.85%,15.80%,27.59%
"1085","1085.래미안 솔베뉴(고덕로)",12581,15.34%,17.35%,24.35%
"5877","5877. 문래동 꽃밭정원",12558,13.44%,20.68%,26.84%
"4620","4620. 삼각지역 14번 출구 앞(교통섬)",12552,13.10%,16.08%,27.00%
"242","242. 신길선원가와인아파트 앞",12548,16.01%,15.56%,27.83%
"1937","1937. 한진아파트 입구",12538,18.38%,11.92%,25.80%
"3508","3508. 화양사거리",12538,17.57%,26.42%,20.05%
"3515","3515. 서울숲 관리사무소",12492,2.71%,16.70%,42.41%
"1408","1408. 먹골역 6번출구 앞",12483,13.63%,16.11%,25.72%
"354","354. 포르투갈 대사관 앞",12475,12.61%,18.91%,22.70%
"5332","5332. 마들역 4번출구",12455,17.68%,14.29%,25.19%
"1941","1941. 오류동역 2번출구",12450,19.57%,18.85%,23.01%
"249","249. 여의도중학교 옆",12449,6.76%,17.07%,40.77%
"1070","1070.(시립)고덕평생학습관",12432,8.61%,16.55%,24.83%
"932","932. 예일여중",12420,7.43%,15.72%,28.58%
"1127","1127. 화곡역 버스정류장",12410,11.87%,18.03%,25.28%
"1171","1171. 염창동 새마을금고 건너편",12401,20.11%,12.00%,24.63%
"4558","4558. 대영중고 후문",12390,21.98%,12.54%,21.88%
"2376","2376. 수서역 7번출구 앞",12379,11.09%,33.94%,21.18%
"450","450. 효자동 삼거리",12377,19.64%,16.13%,28.02%
"4823","4823. 방정환교육지원센터 옆",12377,11.46%,14.66%,27.19%
"511","511. 서울숲역 5번 출구 옆",12375,15.01%,22.87%,25.92%
"1430","1430. 중랑구청",12360,12.11%,22.24%,21.54%
"1461","1461.동양엔파트 앞",12358,5.65%,20.80%,26.88%
"1061","1061. 천호초교 입구 사거리(일주빌딩)",12353,18.30%,15.46%,26.31%
"2213","2213. 고속터미널역 5번출구 앞",12353,19.39%,23.58%,22.16%
"622","622. 전농사거리 교통섬",12344,12.90%,13.72%,26.74%
"5098","5098. LG사이언스파크 W4동",12338,41.64%,26.63%,6.78%
"544","544. 광남중학교",12333,19.93%,11.14%,34.67%
"1373","1373. 성북구보건소 건너편",12315,20.41%,17.56%,25.12%
"495","495.염리초등학교 앞",12314,13.32%,23.24%,20.81%
"4539","4539. 목동7단지아파트 A상가",12314,12.02%,19.34%,25.39%
"185","185. 마포 신수공원 앞",12295,16.34%,11.58%,32.59%
"2644","2644. 성내5교",12287,18.35%,14.29%,26.49%
"2003","2003. 사육신공원앞",12279,9.97%,14.85%,30.14%
"4507","4507. 신정제일시장",12278,15.63%,18.33%,26.60%
"175","175. 홍연2교옆",12266,20.73%,13.66%,27.76%
"1286","1286. 위례중앙푸르지오 1단지 앞",12255,10.89%,13.77%,28.00%
"1268","1268. 몽촌토성역 1번출구 옆",12250,12.10%,18.15%,34.56%
"2077","2077.노들역 3번출구",12249,21.60%,13.30%,30.26%
"832","832. 이촌1동 주민센터 뒤",12244,15.86%,18.53%,27.43%
"5761","5761. 버섯분수대",12230,13.19%,18.50%,24.55%
"401","401. 상암월드컵파크 10단지 앞",12226,22.26%,12.83%,25.22%
"1765","1765.쌍문역 1번출구 주변",12226,6.80%,19.91%,27.27%
"2411","2411. 세곡동 성당",12222,18.01%,14.16%,28.21%
"4016","4016. 노원 마들스타디움",12221,12.08%,13.43%,23.24%
"348","348. 독립문역 사거리",12220,27.25%,10.24%,21.46%
"846","846. 용산중학교",12192,14.47%,14.40%,27.31%
"2372","2372. 대치역 사거리",12182,13.09%,20.30%,28.71%
"3969","3969. 독산역 롯데캐슬 104동 앞",12164,23.62%,12.59%,25.12%
"248","248. 초원아파트 앞",12146,7.32%,24.16%,36.70%
"5059","5059. 화곡2동주민센터",12136,25.21%,12.50%,25.66%
"2103","2103. 신림동 우방아파트",12134,21.65%,14.67%,28.43%
"4659","4659. 신진과학기술고등학교 버스정류장(응암시장 방면)",12123,25.79%,11.29%,24.56%
"837","837. 한남나들목 입구",12118,8.48%,18.61%,33.78%
"579","579. 마장역 4번출구",12117,12.72%,14.55%,23.12%
"403","403. 부엉이공원 앞",12112,18.28%,17.49%,22.73%
"2503","2503. 반포1동 서초빌딩 앞",12111,17.10%,21.34%,22.02%
"1079","1079.강일동입구교차로",12108,25.53%,14.03%,25.01%
"1027","1027. 프라자 아파트 앞",12096,23.72%,12.06%,25.51%
"4886","4886. 배명고등학교 건너편",12095,22.92%,13.01%,24.51%
"2033","2033. 사당동 아르테스 웨딩앞",12094,14.35%,15.13%,25.37%
"307","307. 서울역사박물관 앞",12092,10.12%,25.83%,18.81%
"4042","4042. 상계문화정보도서관",12089,8.40%,21.42%,26.39%
"835","835. 남영역 건너편",12073,12.73%,18.78%,24.23%
"3683","3683. KT&G강동지사",12046,16.06%,17.34%,24.82%
"2387","2387. 래미안강남힐즈 사거리",12037,13.21%,15.07%,27.37%
"4828","4828. 신내동 한살림 중랑지구 앞",12029,24.59%,12.95%,24.30%
"2277","2277. 길마중4교 하부",12019,14.76%,17.44%,25.58%
"1706","1706. 방학동우체국 건너편",12018,11.73%,17.16%,23.77%
"4303","4303. 매헌역 2번출구앞광역버스 정류장앞(22-297)",12014,19.73%,22.91%,17.45%
"4718","4718. 광화문역 6번출구 옆 A",12010,14.42%,25.20%,16.54%
"4793","4793. 동대문역사문화공원역 5번출구",12010,10.63%,24.11%,20.25%
"2185","2185. 대학동 고시촌",11997,14.35%,13.40%,28.98%
"318","318. 광교사거리 남측",11992,9.53%,28.65%,17.30%
"3989","3989.가산디지털단지역 9번출구 앞",11985,29.75%,25.23%,11.36%
"4255","4255. 래미안 루센티아 아파트 108동 앞",11979,18.32%,12.14%,27.84%
"2538","2538.사평리근린공원",11950,10.54%,19.05%,32.31%
"1709","1709. 쌍문역4번출구 주변",11945,8.84%,28.77%,22.44%
"4880","4880. 송파청소년센터",11932,25.65%,11.88%,23.50%
"4039","4039. 서울시 북부여성발전센터",11916,11.48%,16.02%,22.00%
"4618","4618. 풍전아파트 건너편",11913,14.67%,31.27%,17.69%
"2195","2195.은천교회",11899,21.79%,11.56%,28.14%
"4843","4843. 봉화산역 4번 출구",11892,11.10%,17.03%,29.15%
"1187","1187. 강서수산물도매시장",11874,11.51%,22.79%,20.77%
"2302","2302. 교보타워 버스정류장(신논현역 3번출구 후면)",11872,9.28%,21.04%,23.80%
"2016","2016. 신대방삼거리역 3번출구쪽",11857,17.67%,13.27%,27.74%
"4002","4002. 상계주공 14단지 상가 앞",11857,19.38%,12.29%,28.21%
"1983","1983. 구로동롯데아파트",11853,19.19%,12.15%,25.45%
"341","341. 혜화역 3번출구 뒤",11841,15.62%,16.18%,22.87%
"321","321. KEB 하나금융그룹 명동사옥 옆",11834,10.77%,22.24%,17.74%
"437","437. 대흥역 1번출구",11831,9.20%,21.34%,26.26%
"510","510. 뚝도아리수정수센터 버스정류소 옆",11830,5.00%,20.26%,38.73%
"807","807. 서울역 12번 출구 앞",11821,17.45%,24.58%,21.76%
"4895","4895. 송파레이크힐 상가",11818,14.83%,18.67%,24.96%
"4591","4591. 신길자이아파트",11808,20.79%,12.34%,29.01%
"1036","1036. 고덕동 주양쇼핑",11788,8.68%,18.37%,29.25%
"1771","1771.성원APT버스정류소",11776,16.70%,12.79%,27.07%
"1506","1506. 강북문화예술회관",11770,17.17%,13.10%,24.26%
"740","740. 으뜸공원",11766,28.78%,11.54%,22.83%
"5756","5756. 극동아파트",11761,19.11%,19.34%,20.41%
"4914","4914. 도심공항타워 앞",11745,5.05%,32.41%,22.02%
"553","553. 중곡 성원아파트 앞",11744,14.83%,16.58%,26.96%
"4023","4023. 월계역 1번 출구",11736,12.38%,18.18%,24.14%
"656","656. 영휘원 교차로",11728,19.03%,18.47%,22.64%
"4360","4360. 르노삼성자동차 성수사업소 앞",11719,15.21%,41.08%,13.06%
"286","286. 우성아파트 교차로",11709,16.24%,22.26%,22.00%
"742","742. 등촌역 5번 출구 뒤",11708,12.62%,15.52%,27.49%
"3405","3405.파크팰리스",11694,25.64%,15.17%,22.08%
"2505","2505. 우성아파트사거리 (기업은행앞)",11693,6.56%,26.55%,19.61%
"4110","4110. 용두롯데캐슬리치아파트 앞",11686,12.43%,15.09%,25.72%
"2403","2403. 공무원연금매점 교차로 (개포주공9단지 입구)",11674,19.68%,16.59%,28.42%
"2104","2104. 사당역 5번출구",11670,6.00%,19.42%,28.29%
"1372","1372. KEB은행 고대점",11668,3.83%,19.17%,24.34%
"1775","1775.신원리베르텔 앞",11666,4.33%,19.75%,25.89%
"594","594. 중랑물재생센터(서울새활용플라자)",11656,5.09%,44.76%,11.94%
"2085","2085.강남중학교 앞",11651,19.43%,15.13%,25.57%
"2090","2090.기아자동차 사당점 앞",11640,23.87%,13.93%,26.13%
"3665","3665. 고덕센트럴 아이파크상가 앞",11621,16.60%,11.07%,26.31%
"4867","4867. 가락대림아파트 앞",11611,18.93%,16.60%,24.44%
"4549","4549.목동4단지아파트",11606,16.47%,14.30%,29.36%
"3925","3925. 중앙유통단지 앞 B",11597,3.47%,41.97%,6.36%
"4674","4674. 녹번역e편한세상 캐슬 정문 앞",11594,13.95%,17.16%,27.53%
"805","805. 문배어린이공원 앞",11571,19.69%,13.68%,24.39%
"4018","4018. 상계주공15단지 버스정류소",11559,16.73%,17.52%,25.33%
"2111","2111. 서울대입구역 1번출구",11556,8.10%,15.93%,27.80%
"2642","2642.마천동 성내천 쉼터",11554,17.23%,10.97%,27.32%
"2308","2308. 압구정파출소 앞",11530,8.66%,22.79%,25.57%
"5857","5857. U레지던스 앞",11526,31.09%,11.05%,25.47%
"4629","4629. 한강초교보도육교 앞",11521,4.98%,22.26%,30.56%
"5872","5872. 서경팰리스 앞",11505,14.82%,14.13%,23.78%
"1178","1178. 개화산역 2번 출구",11504,14.33%,18.93%,25.92%
"661","661. 경희대학교 청운관",11502,5.90%,24.87%,19.43%
"1396","1396.래미안장위퍼스트하이(513동)",11497,21.74%,14.48%,26.10%
"672","672.대광고등학교",11493,14.70%,14.04%,23.12%
"3988","3988. 엘아르베뉴 102동 앞",11476,24.90%,23.81%,18.02%
"962","962. 은평뉴타운엘크루 앞",11463,3.75%,17.46%,29.12%
"3980","3980. 금천현대홈타운 후문 서부샛길",11442,30.74%,13.04%,21.85%
"2914","2914.서울과학기술대학교(미래관)",11420,3.72%,29.55%,11.37%
"1361","1361. 홍익중고 입구",11409,20.48%,12.55%,25.51%
"181","181. 망원초록길 입구",11406,6.51%,14.92%,40.16%
"3959","3959. 시흥사거리(시흥동 994-3 앞)",11404,22.96%,17.67%,24.26%
"4825","4825. 신내동 벽산아파트 후문 앞",11392,24.45%,11.84%,23.85%
"2706","2706.강서공업고등학교 앞",11377,23.48%,14.60%,25.79%
"399","399. 서울역 센트럴 자이아파트",11371,28.58%,17.41%,22.36%
"4499","4499. 세양청마루 101동 앞",11364,23.00%,13.62%,25.18%
"1953","1953. 천왕역 4번출구 뒤",11356,15.64%,22.39%,21.81%
"1557","1557.신창교",11349,13.75%,15.57%,25.50%
"170","170. DMC파크뷰자이아파트 302동 앞",11341,25.52%,11.62%,29.13%
"4478","4478. 문정근린공원2",11338,19.10%,13.08%,22.23%
"4530","4530. 방아다리어린이공원",11328,13.44%,14.25%,26.99%
"5860","5860. 어울림병원 앞",11301,24.59%,11.93%,25.13%
"1565","1565.수유사거리",11298,9.47%,17.56%,26.67%
"2091","2091. 이수역9번출구",11298,7.89%,21.40%,25.28%
"552","552. 대림아크로리버 앞",11289,11.65%,14.08%,28.65%
"2012","2012. 대림사거리(동작상떼빌아파트)",11287,14.03%,18.75%,24.72%
"4208","4208. 스타벅스(동교동) 앞",11283,3.73%,28.06%,25.79%
"739","739. 신월사거리",11282,18.69%,14.20%,18.78%
"2511","2511. 이수역 6번출구 앞",11265,16.08%,20.28%,22.92%
"4887","4887. 호돌이상가",11260,18.09%,19.90%,23.66%
"4427","4427. 동일하이빌뉴시티",11259,11.49%,17.77%,27.15%
"762","762. 오목로 무중력지대 앞",11248,5.65%,20.22%,29.63%
"182","182. 망원2빗물펌프장 앞",11246,9.99%,15.55%,36.81%
"2324","2324. 천주교 대치 2동 교회 옆",11226,8.94%,20.72%,27.17%
"984","984.상신초등학교앞 버스정류장",11224,19.18%,12.25%,26.80%
"752","752. 성원2차 아파트",11184,25.02%,14.10%,25.04%
"4138","4138. 조일빌딩 앞",11177,22.53%,17.62%,23.04%
"2191","2191.대학동주민센터",11176,12.14%,14.48%,27.44%
"346","346. 맥스타일 앞",11168,5.05%,19.05%,21.01%
"2179","2179. 양녕로 입구",11162,8.90%,15.71%,30.44%
"1722","1722. 창동청소년수련관",11154,16.43%,14.63%,18.97%
"2409","2409. 역삼동 디오슈페리움 (우성아파트 사거리)",11139,9.63%,25.38%,19.78%
"3587","3587.우성식품 앞",11133,21.14%,12.40%,25.77%
"743","743. 현대6차아파트 101동 옆",11126,17.55%,14.26%,17.65%
"2603","2603. 송파 글마루 도서관",11110,16.54%,12.83%,25.38%
"4406","4406. 장곡초등학교 앞",11107,15.31%,12.57%,25.36%
"300","300. 정동사거리",11090,23.30%,20.26%,17.29%
"4643","4643. 한가람아파트 앞",11069,8.22%,15.36%,37.12%
"4062","4062. 평화도봉공원 주변",11042,13.07%,17.29%,26.62%
"4803","4803. 상봉2동 주민센터 앞",11038,16.02%,15.13%,24.23%
"2823","2823.중앙유통단지 앞",11029,7.43%,33.18%,12.02%
"519","519. 양지사거리",11022,15.86%,20.30%,23.28%
"5314","5314. 월계1동주민센터 앞",11017,12.38%,15.46%,24.57%
"4224","4224. 서부운전면허시험장",11013,19.73%,15.12%,21.26%
"6190","6190.마곡광장(마곡나루역 6번출구)",11011,30.66%,22.30%,18.50%
"3803","3803. 남서울중학교",11009,17.82%,14.08%,24.67%
"2819","2819.하늘숲초등학교 앞",11000,25.68%,14.01%,21.80%
"537","537. 한양대후문역 부근",10996,9.40%,14.65%,28.03%
"1961","1961. 신도림테크노근린공원",10996,12.88%,34.50%,21.51%
"852","852. 청암자이아파트 앞",10973,15.83%,16.79%,29.67%
"2415","2415.한티역 롯데백화점 앞",10961,7.74%,19.93%,27.69%
"1322","1322. 래미안라센트아파트 103동 앞",10956,23.10%,9.10%,25.59%
"3628","3628. 역삼1동 주민센터",10955,8.13%,25.26%,21.43%
"5076","5076. 메이필드호텔앞",10944,6.30%,53.51%,10.43%
"5876","5876. 에이스하이테크시티 4동 앞",10934,4.72%,41.28%,13.12%
"4520","4520. 대성유니드아파트",10927,20.86%,14.62%,24.67%
"3417","3417.창신3동주민센터",10906,18.67%,12.88%,23.25%
"2633","2633.송파학사 옆",10898,17.02%,14.25%,32.70%
"2410","2410. 포스코피앤에스타워 (역삼역 3번출구 부근)",10872,13.15%,28.61%,15.68%
"1068","1068.명일파출소",10866,10.58%,18.66%,24.94%
"2175","2175. 신림동걷고싶은문화의거리입구",10858,6.71%,13.80%,28.77%
"1806","1806. 에이스하이엔드타워9차 앞",10856,11.72%,48.25%,12.04%
"817","817. 삼각지역 4번출구 앞",10850,18.13%,13.63%,27.86%
"2920","2920.상계중학교(당현2교사거리)",10848,12.57%,15.59%,29.29%
"1016","1016. 해뜨는 주유소옆 리엔파크 109동앞",10841,16.18%,16.10%,25.62%
"2276","2276. 영동1교 (양재천근린공원)",10831,10.98%,19.27%,32.06%
"2206","2206. 언남초등학교 앞",10816,25.15%,15.67%,21.27%
"4084","4084. 도봉동실내스포츠센터",10806,14.83%,14.77%,24.25%
"1916","1916. 구로중학교앞",10796,20.18%,15.54%,25.26%
"485","485.서울역5번출구",10784,17.36%,26.47%,19.38%
"3812","3812. KT관악지점",10780,12.89%,12.80%,26.42%
"5090","5090. 대상연구소",10772,4.31%,52.27%,9.07%
"5329","5329. 상계주공15단지 1509동 앞",10750,21.74%,13.85%,22.74%
"3529","3529. 어린이대공원정문",10747,13.95%,17.97%,28.58%
"4226","4226. 마포프레스티지자이 1",10746,25.32%,13.81%,23.98%
"2912","2912.대진고등학교",10737,7.27%,15.00%,31.27%
"3516","3516. 구의아리수정수센터앞",10725,28.59%,11.29%,24.52%
"1639","1639. 희성오피앙",10723,14.51%,16.51%,27.53%
"4791","4791. 명동역9번 출구",10705,15.84%,19.50%,24.90%
"828","828. 숙대입구역 8번",10703,8.30%,17.80%,27.09%
"1395","1395.래미안장위포레카운티(102동)",10703,19.56%,13.31%,28.71%
"1514","1514. 강북구청 사거리 버스정류소 앞",10688,7.85%,17.18%,24.77%
"4211","4211. 시석빌딩 앞",10687,2.75%,18.30%,34.93%
"1196","1196. 서울식물원(문화센터) 건너편",10682,18.66%,37.47%,11.70%
"2082","2082.7호선 이수역7번출구",10674,10.31%,21.42%,23.78%
"836","836. 현대자동차서비스 앞",10669,6.21%,23.94%,32.23%
"1690","1690. 도봉운전면허시험장 버스정류장 옆",10666,12.39%,16.59%,21.84%
"673","673.안암골벽산아파트(후문)",10658,12.17%,16.16%,25.73%
"5335","5335. 하계역 1번 출구",10653,8.67%,23.05%,24.42%
"445","445.대한상공회의소",10651,8.64%,36.16%,11.57%
"301","301. 경복궁역 7번출구 앞",10633,20.61%,12.80%,22.46%
"5894","5894.영등포세무서",10628,9.06%,29.82%,18.48%
"3425","3425.광화문 풍림스페이스본 1단지앞",10620,25.39%,12.31%,22.82%
"5775","5775. 가락시장역 5번출구",10615,13.52%,23.01%,18.72%
"4008","4008. 하계 어린이 공원",10586,18.62%,14.53%,26.59%
"1526","1526. 강북종합시장 앞",10582,13.40%,12.69%,26.43%
"379","379. 서울역9번출구",10565,13.88%,23.99%,22.39%
"3985","3985. 디폴리스 지식산업센터",10542,7.69%,55.41%,11.34%
"464","464. 삼청동 골목",10526,14.54%,15.29%,21.60%
"586","586. 마장동 주민센터",10523,26.61%,8.82%,25.92%
"637","637. KAIST 경영대학 앞",10510,8.05%,20.58%,21.70%
"4636","4636. 용산구꿈나무종합타운 앞",10501,12.48%,17.30%,26.25%
"640","640. 동대문경찰서 교차로",10493,19.93%,15.87%,23.53%
"506","506. 금호 어울림 아파트 앞",10487,6.55%,40.87%,17.86%
"4350","4350.누리숲어린이공원 앞",10485,13.59%,19.12%,26.02%
"3547","3547.상왕십리역 6번 출입구",10469,8.70%,21.70%,26.34%
"2547","2547. 반포래미안 리오센트",10468,16.72%,17.50%,27.41%
"5328","5328.롯데캐슬시그니처아파트 앞",10466,18.79%,14.87%,24.07%
"441","441.염천교사거리",10454,13.87%,35.25%,9.61%
"1302","1302. 한성대입구역6번출구 뒤",10454,18.59%,14.63%,24.38%
"128","128. 신촌역(2호선) 1번출구 옆",10442,10.09%,22.66%,24.54%
"4576","4576.보라매sk뷰 108동 앞",10440,26.08%,12.09%,23.64%
"2105","2105. 미성동 신림체육센터",10436,17.09%,11.96%,25.21%
"4545","4545. 청소년음악센터",10422,13.91%,10.21%,23.79%
"3801","3801. 이랜드글로벌R&D센터",10415,3.46%,55.00%,8.29%
"1145","1145. 곰달래 문화복지센터 B",10410,12.28%,13.02%,28.12%
"1930","1930. 개봉지구대 개봉치안센터",10408,21.90%,12.77%,24.08%
"461","461. 서울경찰청",10395,23.50%,16.96%,18.86%
"3718","3718. 번동3단지 버스정류장",10377,9.61%,18.70%,27.55%
"1469","1469.먹골역 4번출구",10370,13.02%,18.14%,25.95%
"1540","1540. 가오리역",10362,12.43%,16.55%,27.52%
"1332","1332. 석계역 5번출구 건너편",10358,9.51%,16.71%,27.58%
"5318","5318. 극동의 푸른별 아파트 뒤(중계4동주민센터 앞)",10356,24.10%,9.96%,21.39%
"1339","1339. 삼성전자서비스 성북센터",10355,15.00%,15.01%,24.58%
"5506","5506. 월드컵참누리아파트",10353,23.59%,13.42%,26.18%
"3505","3505. 신양초교앞 교차로",10351,10.36%,14.72%,29.04%
"5764","5764. 한국체육대학교",10341,6.28%,21.51%,29.36%
"3786","3786. 강서힐스테이트 상가 앞",10332,12.85%,16.14%,26.46%
"1468","1468.먹골역 7번 출구",10327,10.72%,16.20%,26.58%
"6176","6176. 유광사 여성병원 앞",10313,15.22%,15.75%,26.18%
"526","526. 용답토속공원 앞",10309,17.40%,35.90%,11.14%
"2315","2315. 봉은사역 5번출구 옆",10303,13.24%,29.06%,21.32%
"1464","1464.중화역 4번출구",10298,10.21%,17.74%,27.52%
"4463","4463. 방이역 2번 출구",10239,18.32%,16.00%,25.25%
"6178","6178. 마스터밸류에이스 지식산업센터",10230,6.65%,31.05%,22.13%
"1869","1869.롯데캐슬골드파크3차 301동 앞",10226,31.28%,10.79%,19.37%
"2655","2655.송이공원",10223,17.38%,14.81%,28.01%
"115","115. 마스타 빌딩 앞",10221,11.30%,14.61%,27.25%
"440","440. 하늘공원 입구",10210,2.67%,17.00%,48.90%
"3558","3558.마장동 금호어울림APT앞",10192,14.06%,13.98%,28.39%
"4269","4269. 연희IC 남측",10190,10.45%,15.72%,28.52%
"4826","4826. 홈플러스 면목점",10181,15.98%,13.73%,25.16%
"782","782.서남병원 후문",10178,24.68%,16.62%,22.06%
"191","191. 서우빌딩",10164,19.51%,11.97%,24.95%
"3103","3103. 홍제삼거리 북측",10152,12.99%,15.34%,27.80%
"1217","1217. 송파파인타운 7단지",10147,12.92%,17.40%,26.87%
"3207","3207.양남사거리1",10140,13.93%,26.56%,17.41%
"3520","3520. 광진경찰서",10109,21.67%,13.37%,23.93%
"4860","4860. 가락쌍용2차아파트 103동",10107,13.61%,18.53%,28.39%
"3815","3815. 광일빌딩",10089,18.46%,11.01%,28.06%
"4123","4123. 배봉초교 교차로",10082,15.80%,22.22%,24.52%
"3123","3123.DMC파크뷰자이1단지 110동 앞",10077,20.39%,12.98%,29.02%
"353","353. 재동초교 앞 삼거리",10076,8.68%,21.70%,29.30%
"1828","1828. 독산동 한양수자인아파트 앞",10066,28.36%,12.64%,21.24%
"4320","4320. 비석공원",10056,12.20%,23.61%,27.40%
"925","925. 불광역 2번출구",10055,7.89%,21.76%,25.21%
"122","122. 신성기사식당 앞",10037,17.11%,15.15%,26.90%
"1719","1719. 신도봉사거리 버스정류장",10031,15.56%,17.91%,25.21%
"2606","2606. 위례동주민센터",10029,20.18%,18.93%,25.24%
"4133","4133.래미안허브리츠아파트 앞",10028,15.48%,17.60%,24.89%
"2390","2390. 구룡마을 입구 (래미안블레스티지 아파트)",10020,18.51%,12.39%,26.71%
"5342","5342. 상계공원 입구",10017,21.89%,12.43%,26.59%
"4367","4367. kt 행당빌딩 앞",10010,10.29%,15.77%,27.02%
"344","344. 성균관대 E하우스 앞",10002,17.60%,13.23%,23.54%
"2212","2212.서초현대4차아파트 201동 맞은편",9986,20.80%,12.77%,26.99%
"520","520. 상왕십리역 4번 출구 앞",9981,15.17%,19.17%,22.29%
"3311","3311.서울대입구역 4번 출구",9954,5.82%,20.86%,25.97%
"4146","4146.이삭어린이공원",9952,17.31%,18.86%,26.09%
"1429","1429. 장안중학교",9947,11.64%,15.86%,26.36%
"1734","1734. 쌍문현대1차아파트 108동 앞",9945,23.35%,10.87%,27.12%
"2089","2089.사당역10번출구(금강빌딩)",9939,10.80%,16.18%,25.98%
"387","387. 훈련원공원주차장 앞",9927,10.03%,22.25%,22.55%
"4025","4025. 한천교 동편",9920,10.75%,14.39%,33.36%
"4147","4147.청량리역광장",9912,12.31%,19.65%,27.39%
"4370","4370. 성동교 사거리",9904,4.99%,34.40%,19.98%
"2550","2550.양재동 꽃시장 건너편",9901,15.81%,25.12%,20.03%
"1403","1403. 중화빌딩 앞 (동부시장)",9897,6.92%,19.51%,29.07%
"4573","4573. 두산위브아파트",9880,30.45%,12.46%,26.83%
"4653","4653. 불광역 9번 출구 맞은편",9873,9.81%,16.58%,25.22%
"1170","1170. 강서구보건소",9850,12.06%,15.41%,25.09%
"4105","4105. 서울교통공사사거리 교통섬",9847,16.37%,25.99%,16.59%
"5753","5753. 호반써밋",9845,18.09%,16.96%,25.41%
"4603","4603. 한강GS에클라트 건너편 교통섬",9841,17.54%,22.16%,22.68%
"2241","2241.양재전화국 사거리",9826,13.97%,25.17%,24.38%
"2420","2420.학여울역 사거리(LG베스트샵 앞)",9816,31.18%,19.51%,23.31%
"4846","4846. 상봉동양엔파트 앞",9795,12.71%,12.69%,25.39%
"5759","5759. 풍납근린공원",9784,10.37%,21.39%,26.56%
"5330","5330. 구립수락노인종합복지관",9782,20.50%,16.14%,23.96%
"4212","4212. 한화오벨리스크 앞",9776,24.50%,12.84%,25.57%
"4117","4117. 휘경119안전센터 앞",9765,12.02%,18.38%,26.12%
"285","285. 콤텍시스템 앞",9747,12.15%,24.89%,22.37%
"408","408. LG CNS앞",9744,7.38%,35.32%,11.63%
"1553","1553.서울북부고용노동지청",9738,12.14%,15.60%,27.68%
"105","105. 합정역 5번출구 앞",9733,5.63%,21.18%,29.71%
"1340","1340. 광운초등학교 앞",9728,31.29%,11.52%,22.01%
"4710","4710. 자교교회 앞",9727,18.40%,14.26%,26.12%
"3420","3420. 성균관대입구 사거리 B",9725,9.19%,16.50%,26.70%
"4485","4485. 잠실나루역 고가하부",9718,8.07%,23.16%,27.11%
"617","617. 청솔우성아파트 앞",9715,24.99%,9.79%,25.16%
"4689","4689. 은평서해그랑블아파트앞",9707,22.23%,13.21%,25.89%
"4962","4962.고덕비즈밸리 디엠스퀘어 앞",9689,2.03%,48.08%,12.79%
"195","195. 모래내고가차도",9683,17.60%,12.99%,26.26%
"3552","3552.서울숲 공영주차장앞",9673,2.23%,15.49%,47.93%
"6180","6180.양천향교역 3번출구",9660,19.54%,18.37%,23.67%
"1833","1833. 독산역 1번출구 A",9657,31.42%,15.29%,18.29%
"5313","5313. 중계주공2단지 앞",9656,14.11%,12.79%,30.22%
"156","156. 서울서부지방법원 앞",9651,10.76%,24.56%,21.33%
"3707","3707. 드래곤타워 앞",9643,16.87%,14.94%,25.21%
"430","430. 장충동먹자골목 앞",9620,14.33%,19.14%,22.69%
"3963","3963. 에이스 하드웨어(시흥대로 396) 앞",9611,28.28%,13.73%,20.57%
"251","251. 서울지방병무청 버스정류장",9599,11.28%,17.44%,25.87%
"2514","2514.사평역 2번출구",9591,19.16%,19.03%,23.62%
"2654","2654.올림픽선수촌아파트 136동 앞",9591,16.03%,14.68%,25.58%
"394","394. 경희궁 자이 3단지",9589,29.27%,21.91%,16.68%
"5310","5310. 목련아파트",9588,25.39%,12.54%,20.21%
"2427","2427.개포고등학교 정문앞",9584,14.23%,16.59%,25.28%
"3816","3816. 관악 GSfresh",9580,21.56%,14.48%,24.33%
"982","982. 녹번초등학교(서오릉로)",9574,15.82%,15.87%,26.02%
"5758","5758. 올림픽선수기자촌아파트 123동 근처",9566,15.03%,12.80%,29.17%
"390","390. 충무로역 1번출구",9565,10.35%,24.15%,20.82%
"3551","3551.성동도로사업소",9564,6.89%,29.09%,12.19%
"4274","4274. 신촌 파랑고래 입구",9558,5.41%,15.82%,29.85%
"332","332. 을지로2가 사거리 남측",9537,17.26%,20.81%,14.09%
"4544","4544.경창시장",9529,24.50%,16.32%,22.99%
"4902","4902. 구역삼세무서 교차로",9528,14.11%,28.20%,15.53%
"4842","4842. 면목라온프라이빗 아파트",9522,25.64%,10.59%,26.69%
"1060","1060. 천일초교 사거리",9520,14.13%,17.55%,26.79%
"1659","1659. 중계동 을지중학교",9519,15.33%,11.32%,28.35%
"930","930. 구 서부경찰서 건너편",9508,16.56%,19.49%,25.40%
"1560","1560. 도봉세무서 앞",9499,8.46%,17.77%,25.93%
"813","813. 삼각지역 3번출구",9498,6.80%,14.49%,33.01%
"5067","5067. 주원 리젠트 앞",9497,23.60%,11.40%,23.26%
"3543","3543. 세종대학교(학술정보원)",9494,3.96%,23.29%,16.22%
"1247","1247. 문정 법조단지11",9491,10.83%,22.54%,27.03%
"2301","2301. 현대고등학교 건너편",9467,4.35%,20.72%,34.13%
"4216","4216. 망원정 앞",9464,22.77%,14.77%,29.60%
"2170","2170. 조원동 강남힐병원",9463,24.34%,11.20%,26.09%
"714","714. 한국SGI 양천문화회관 앞",9460,23.01%,16.33%,23.42%
"452","452. 동대문 종합시장 버스정류장",9452,12.53%,18.49%,21.52%
"4552","4552. 코레일유통본사",9434,19.42%,27.50%,9.70%
"4175","4175. 대방역2번출구",9432,11.58%,19.83%,23.46%
"2009","2009. 보라매역 8번출구",9423,9.44%,18.08%,26.65%
"1402","1402. 금란주차장 앞",9420,14.86%,12.78%,25.89%
"1976","1976. 남구로역 5번 출입구 앞",9419,21.78%,17.86%,17.17%
"3912","3912. 삼호아파트 앞",9413,10.85%,14.20%,27.04%
"4423","4423.현대백화점 미아점",9390,19.00%,11.73%,30.59%
"950","950. 구산역 2번 출구 예일여고 버스정류장",9349,13.64%,16.38%,28.57%
"1750","1750. 창포원 남쪽 입구",9348,6.56%,16.62%,32.86%
"4095","4095. 방학브라운스톤아파트",9336,14.60%,15.61%,24.51%
"3618","3618. 서울율현초교 삼거리",9317,18.04%,15.64%,25.10%
"750","750. 연의근린공원 건너편",9314,28.57%,12.10%,24.07%
"4518","4518. 청기와빌딩",9312,17.36%,17.31%,25.76%
"1239","1239. 문정 법조단지3",9309,22.45%,24.50%,20.08%
"4104","4104. 외대앞역 교차로",9308,10.27%,16.73%,28.67%
"720","720. 서울강월초등학교 앞",9294,16.02%,14.23%,25.92%
"1336","1336. 성북3교 위",9284,19.18%,12.71%,26.38%
"591","591. 건국대학교 (행정관)",9278,4.91%,20.79%,13.05%
"4800","4800. 필동 삼거리",9271,11.33%,21.85%,15.89%
"3008","3008.DMC역7번출구",9268,31.17%,24.08%,12.73%
"1437","1437. 늘푸른공원 앞",9265,18.32%,16.82%,24.53%
"1139","1139. 용문사 버스정류장",9264,23.24%,11.64%,21.66%
"1346","1346. 길음8골어린이공원 옆",9259,17.52%,11.29%,26.90%
"1754","1754. 창동시장입구 사거리",9259,8.81%,16.95%,27.27%
"4329","4329. SC제일은행 양재동지점 앞",9240,22.34%,22.41%,19.22%
"1289","1289. 풍납토성 서성벽터B",9227,17.06%,22.71%,21.60%
"665","665.이문동 쌍용아파트 정문",9226,22.56%,12.49%,28.08%
"2317","2317. 삼성도로공원",9213,5.64%,26.13%,30.17%
"1454","1454. 한국전력공사(동대문 중랑지사)",9207,14.64%,14.39%,24.86%
"2353","2353. 강남구청역 2번출구 뒤",9206,10.10%,26.90%,21.97%
"282","282. 신한은행 대림동지점",9204,14.96%,15.04%,25.09%
"4116","4116. 이문e편한세상아파트 앞",9167,16.64%,16.90%,25.31%
"4640","4640. 원효로2가 교차로",9166,14.17%,18.27%,26.64%
"3115","3115.북아현 치안센터 인근",9164,22.02%,10.89%,27.99%
"1214","1214. 오금역 7번 출구 인근",9156,21.44%,15.31%,21.31%
"391","391. 시립미술관",9137,16.21%,25.26%,18.57%
"2389","2389. 경기여자고등학교 후문 (삼성로3길 입구)",9128,20.90%,12.55%,25.92%
"4394","4394.서울시립24시간게스트하우스",9128,9.57%,34.91%,18.05%
"5152","5152.이스트폴 105동 방면 입구",9114,14.46%,15.73%,29.58%
"2237","2237.서울남부터미널 대합실 입구",9111,12.91%,26.61%,23.17%
"2652","2652.송파 레미니스1단지 102동 앞",9108,23.53%,17.75%,24.01%
"2325","2325. 대치삼성아파트 앞 교차로",9105,6.02%,18.86%,28.50%
"3956","3956. 대륭테크노타운21차 앞",9103,12.49%,34.16%,17.70%
"3104","3104. e편한세상 신촌4단지 앞",9099,13.73%,14.17%,26.23%
"1993","1993. 금강수목원아파트 앞",9097,20.52%,14.97%,24.03%
"1300","1300. 오륜사거리",9093,18.55%,17.35%,28.73%
"733","733. 신정이펜하우스314동",9088,20.74%,13.80%,26.14%
"2250","2250. 서초유치원 맞은편",9081,16.64%,16.04%,26.89%
"1532","1532. 번3동 주민센터 교차로",9072,16.18%,17.98%,25.78%
"4951","4951. 강동농협 버스정류소 앞(광채빌라)",9065,18.96%,15.79%,27.19%
"2271","2271. 내방역 8번출구 앞",9062,10.55%,21.08%,25.84%
"1425","1425. 신성미소지움아파트",9059,14.66%,13.37%,18.29%
"4035","4035. 휴플러스 수락한신아파트 101동 앞",9059,23.13%,12.32%,28.22%
"2242","2242.양재역 10번 출구 앞",9041,23.88%,22.49%,17.51%
"1159","1159. 서서울모터리움 앞",9038,8.10%,37.75%,13.04%
"3753","3753. 공항중학교 버스정류장",9033,27.33%,15.00%,21.50%
"2524","2524.반포쇼핑타운 8동 앞",9018,5.81%,20.03%,28.39%
"1391","1391.성북청소년센터",9017,16.67%,12.24%,28.20%
"2156","2156. 신림푸르지오아파트",9013,20.45%,14.04%,25.11%
"2215","2215. 반포종합운동장 입구",9002,9.68%,13.41%,29.29%
"3686","3686. 고덕 래미안 힐스테이트(101동)",8999,19.88%,12.52%,28.20%
"607","607. 신이문역 2번출구",8992,13.31%,22.53%,22.60%
"1862","1862.MD호텔 앞",8984,32.40%,15.33%,18.02%
"4923","4923.수협대치동지점",8982,13.73%,20.31%,27.12%
"4408","4408. 돌곶이역 앞",8978,7.91%,25.35%,21.05%
"5864","5864.장훈고 앞",8976,23.67%,9.80%,21.02%
"395","395. 경희궁 자이 2단지",8959,32.28%,13.93%,21.81%
"1527","1527. 미아역 1번 출구 뒤",8959,13.34%,15.77%,24.69%
"1727","1727. 서울도봉초등학교인근",8955,15.38%,12.26%,29.21%
"628","628. 휘봉고등학교 앞",8945,14.96%,13.47%,22.84%
"2529","2529.우리은행 방배동지점 앞",8930,11.84%,20.87%,26.39%
"948","948. 디지털미디어 시티역 4번출구(DMC역)",8913,12.68%,30.80%,20.40%
"3130","3130.가재울사거리",8912,23.95%,12.87%,25.22%
"2095","2095.경문고등학교 앞",8907,18.10%,12.80%,24.26%
"4341","4341. 영동1교 북단",8906,13.53%,20.09%,30.91%
"5782","5782. 오금현대 아파트 상가입구 앞",8897,12.73%,21.57%,23.75%
"4040","4040. 공릉로 26길",8893,13.68%,10.82%,30.96%
"126","126. 서강대 후문 옆",8883,7.93%,18.20%,18.88%
"2820","2820.신세기아파트 앞",8875,29.13%,13.52%,23.52%
"676","676.FITI시험연구원 앞",8872,18.58%,14.24%,21.33%
"2299","2299. 한전아트센터 앞",8868,23.34%,19.00%,17.75%
"713","713. 양서중학교 옆",8863,21.08%,14.31%,21.79%
"2266","2266. 서초역 3번출구",8862,16.05%,22.75%,24.31%
"3122","3122.북가좌삼거리2",8861,24.30%,12.09%,25.80%
"3412","3412.세운상가",8854,14.06%,20.61%,17.70%
"960","960. 구파발역 환승센터",8850,3.84%,28.19%,20.68%
"1228","1228. 마천사거리",8831,20.87%,14.58%,27.91%
"809","809. 한남 유수지 복개주차장",8820,7.59%,21.05%,29.44%
"652","652. 답십리 래미안엘파인아파트 입구",8782,27.36%,12.73%,25.34%
"4847","4847. 신내역시티프라디움 앞",8766,10.38%,13.91%,23.88%
"4639","4639. 동빙고근린공원",8758,6.22%,15.03%,45.22%
"1936","1936. 개봉역 1번 출구 자전거보관서쪽",8757,17.60%,22.78%,22.51%
"3129","3129.DMC래미안e편한세상203동옆",8749,26.01%,13.12%,25.26%
"2293","2293. SPC 앞",8738,11.27%,26.34%,20.84%
"820","820. 청파동입구 교차로",8737,15.03%,21.19%,21.96%
"4835","4835. 망우동 본죽 앞",8724,20.36%,11.33%,25.46%
"4202","4202. 프런트원(공덕역4번출구 앞)",8719,12.17%,22.56%,20.61%
"3903","3903. 현대아파트 앞",8714,23.05%,16.98%,24.12%
"903","903. 은평뉴타운 아이파크",8710,19.66%,12.88%,25.88%
"775","775.세종그랑시아 앞(102동)",8702,14.59%,13.48%,26.60%
"3986","3986.청년주택 독산동점",8700,39.62%,11.00%,21.70%
"1641","1641. 한내근린공원 남측",8688,14.55%,17.06%,29.28%
"2657","2657.송파 파인타운 11단지",8682,17.93%,10.82%,27.06%
"2712","2712.화곡터널입구교차로",8678,16.04%,13.42%,27.88%
"2394","2394. 개포래미안포레스트아파트 107동 앞",8675,27.44%,11.30%,24.54%
"2227","2227.방배열린문화센터 앞",8673,18.22%,21.05%,17.93%
"4918","4918. 매봉역 1번출구",8661,11.81%,24.40%,23.59%
"4797","4797. KG타워 앞",8656,16.28%,26.34%,15.84%
"1073","1073. SSTS 몰 앞",8644,15.98%,12.63%,28.46%
"1981","1981. 천왕지구삼거리 앞",8643,28.64%,12.51%,22.57%
"347","347. 동대문역사문화공원역 9번출구 앞",8639,7.21%,18.40%,24.41%
"4307","4307. 고투몰 gate 15옆",8638,15.63%,15.47%,27.25%
"3127","3127.홍은2파출소 옆",8637,13.58%,19.20%,26.05%
"1854","1854. 가산아네스트 오피스텔 앞",8633,35.54%,15.27%,20.75%
"1326","1326. 상월곡역 1번출구",8631,14.08%,13.82%,26.44%
"5509","5509.신석초교 앞",8626,17.81%,14.31%,28.53%
"518","518. 청계천 박물관 앞",8614,4.64%,38.63%,20.03%
"1628","1628. 노일초등학교 앞",8612,12.17%,17.23%,25.03%
"1671","1671. 인덕대학교",8606,16.77%,13.82%,20.10%
"476","476.광희문",8598,13.40%,13.08%,25.35%
"1564","1564.4.19민주묘지역 1번출구",8598,6.30%,18.45%,27.93%
"1290","1290. 위례송파꿈에그린아파트24단지 앞 성벽 다리 밑",8596,30.49%,8.15%,24.78%
"666","666.이문대성유니드아파트 앞",8590,9.60%,22.76%,30.08%
"1240","1240. 문정 법조단지4",8582,18.88%,18.19%,24.69%
"1420","1420. 신내어울공원 앞",8582,10.76%,22.20%,24.52%
"4857","4857. 올림픽공원 장미광장",8580,11.31%,19.78%,35.43%
"2631","2631.배명고등학교",8569,19.62%,14.20%,23.66%
"4054","4054. 창동한신아파트 버스정류소",8564,12.03%,13.37%,27.30%
"358","358. 성균관대입구 사거리 A",8562,5.48%,17.99%,28.07%
"2245","2245.양재초등학교 맞은편",8554,15.20%,23.07%,24.00%
"4414","4414. 안암역 3번 출구",8553,6.38%,17.99%,26.33%
"3642","3642. 강남자곡힐스테이트",8544,19.19%,8.03%,27.89%
"2418","2418.봉은사역 7번 출구",8540,14.11%,29.26%,19.92%
"1616","1616. 하계2동 공항버스정류장 옆",8522,11.01%,19.16%,25.06%
"2164","2164. 관악우체국",8511,11.19%,13.84%,25.88%
"324","324. 신세계백화점 본점 앞",8498,5.41%,28.47%,21.52%
"2172","2172. 나들목공원",8479,6.43%,18.82%,32.99%
"3643","3643. 더시그넘하우스 앞",8479,17.35%,17.82%,20.13%
"759","759. 보아스아파트 앞",8475,24.97%,13.30%,24.48%
"1839","1839. 수출의 다리 아래",8470,2.96%,41.38%,15.93%
"1536","1536. 번동 두산위브 101동 옆",8464,9.48%,15.70%,25.76%
"1065","1065.보훈병원 후문옆(더 원커피)",8458,12.59%,23.47%,20.52%
"3694","3694. 강동리엔파크 13단지(1303동 앞)",8452,27.46%,20.55%,17.57%
"4871","4871. 오금동 대림아파트 정문",8441,13.41%,16.49%,25.68%
"188","188. 홍은동 정원여중 입구",8440,16.98%,16.53%,27.43%
"767","767.신정숲속마을아파트",8438,35.48%,10.99%,22.23%
"1829","1829. 홈플러스 금천점 앞",8428,13.46%,19.70%,23.77%
"436","436. 이대역 5번출구",8426,7.79%,24.06%,25.80%
"5861","5861. 보라주유소 앞",8420,18.71%,16.41%,24.30%
"162","162. 봉원고가차도 밑",8405,15.86%,16.53%,24.85%
"4638","4638. 청파동삼거리 앞",8400,19.69%,10.39%,27.99%
"2251","2251. 더케이호텔 입구(양재2)",8399,13.49%,32.93%,17.30%
"811","811. 녹사평역1번출구",8397,9.16%,22.34%,29.24%
"2178","2178. 서울대학교 정문",8386,3.88%,26.75%,27.01%
"2239","2239.교대역 6번출구",8386,16.96%,21.17%,17.51%
"413","413. 상암월드컵파크 3단지 후문",8371,16.23%,15.29%,31.75%
"3007","3007.MBC 앞",8350,9.13%,35.04%,13.75%
"1089","1089.고덕 래미안힐스테이트(201동)",8347,24.40%,10.34%,24.28%
"2307","2307. 압구정 한양 3차 아파트",8346,7.24%,24.35%,29.61%
"3792","3792. 화곡본동시장 입구",8333,16.36%,15.82%,24.28%
"4931","4931. 디에이치퍼스티어아이파크 124동 앞",8332,19.92%,12.96%,24.81%
"4392","4392. 답십리역 6번출구",8327,14.48%,23.60%,20.25%
"2521","2521.서초 크로바타워 앞",8326,16.32%,16.75%,23.26%
"1256","1256. 문정현대아파트 교차로",8310,14.45%,18.76%,23.19%
"337","337. 창경궁 입구",8296,16.04%,16.83%,21.89%
"971","971. 역촌 센트레빌 아파트",8296,36.10%,7.51%,22.78%
"774","774.등촌역 4번 출구",8278,11.67%,18.19%,26.82%
"1870","1870.독산3동주민센터 앞",8252,25.70%,13.41%,21.69%
"4073","4073.방아골종합사회복지관",8246,21.50%,11.82%,25.50%
"979","979.원풍빌라앞",8245,23.29%,9.97%,22.67%
"1367","1367. 길음문화복합미디어센터",8242,17.52%,11.95%,26.03%
"1752","1752. 창동 주공 4단지 입구 옆",8239,18.13%,14.36%,26.37%
"4616","4616. 신용산지하차도 앞",8231,16.04%,19.05%,26.87%
"2634","2634.위례포레샤인아파트 정류장",8228,30.69%,9.56%,22.35%
"338","338. 세운스퀘어 앞",8226,10.05%,25.18%,15.84%
"2360","2360. 도곡1동 주민센터 교차로",8222,12.33%,24.05%,19.40%
"2405","2405. 청담공원앞 교차로",8221,25.28%,19.86%,18.72%
"654","654. 전농동 텃골공원",8217,16.79%,13.51%,28.22%
"1702","1702. 녹천역 1번출구 앞",8217,22.06%,15.30%,26.75%
"5322","5322.노원성당 앞",8216,23.50%,12.01%,28.21%
"1368","1368. 성신여대입구 교차로",8213,16.94%,16.17%,24.05%
"4221","4221. 솔리스타오피스텔(공덕동주민센터)",8194,33.46%,10.02%,25.14%
"4808","4808. 신내2동 주민센터 앞",8190,6.68%,23.10%,22.21%
"142","142. 아현역 4번출구 앞",8186,19.47%,17.96%,23.88%
"1109","1109. 공항시장역 4번출구",8186,17.05%,14.23%,26.56%
"3606","3606. 신사동주민센터 옆",8186,5.42%,26.15%,26.33%
"1086","1086.래미안 솔베뉴(구천면로)",8182,12.36%,15.52%,28.38%
"4874","4874. 탄천1교 하부보도",8181,24.23%,12.99%,27.16%
"639","639. 서울시립대 후문",8172,8.42%,17.08%,25.38%
"1364","1364. 성북동 치안센터 앞",8161,19.51%,13.26%,24.03%
"709","709. 신정3동 현장민원실 앞",8152,14.89%,14.71%,25.23%
"3655","3655. 둔촌신성미소지움아파트",8131,18.48%,14.45%,30.49%
"121","121. 마포소방서 앞",8118,16.26%,15.20%,25.20%
"3510","3510. 중곡SK아파트앞",8117,19.26%,12.25%,28.69%
"1457","1457. 동원사거리",8115,13.60%,17.49%,24.82%
"3545","3545.한양대역 1번출구",8100,7.10%,22.01%,23.41%
"3557","3557.서울숲리버뷰자이APT105동 앞",8096,18.63%,11.08%,27.93%
"2112","2112. 서울대입구역 마에스트로",8093,7.82%,14.22%,29.28%
"2430","2430.강남파이낸스센터앞(역삼역2번출구)",8092,16.40%,20.54%,19.25%
"2319","2319. 포스코사거리 서측(수협 삼성동 지점)",8087,7.89%,35.25%,13.71%
"2509","2509. 심산기념문화센터",8080,21.25%,23.18%,16.93%
"4563","4563. 여의도 은하아파트",8077,18.22%,16.94%,24.96%
"3110","3110.홍은 현대아이파크 아파트 202동 앞",8066,16.84%,14.88%,29.52%
"3880","3880. 홍련봉 공원",8066,20.08%,15.81%,29.73%
"4542","4542. 월정초 사거리",8054,25.56%,14.19%,25.42%
"406","406. 상암월드컵파크 7단지 앞",8043,13.05%,13.74%,29.16%
"1472","1472.영성빌딩(PAT)",8036,13.03%,16.40%,24.18%
"4316","4316. 고속터미널역 3번출구",8036,12.78%,25.31%,26.52%
"866","866.브라운스톤 남산아파트",8030,18.87%,14.68%,28.72%
"2328","2328. 르네상스 호텔 사거리 역삼지하보도 7번출구 앞",8030,10.90%,24.26%,19.99%
"5321","5321.불암아파트 앞",8023,14.33%,14.06%,28.27%
"4014","4014. 불암산역 3번 출구",8018,17.83%,13.87%,29.41%
"2297","2297. 남부터미널역 1번출구",8015,11.78%,22.81%,24.13%
"1751","1751. 창원초등학교 교차로",8008,16.86%,11.83%,27.11%
"1266","1266. 문정동 글샘 공원",8006,11.92%,23.93%,23.71%
"2362","2362. 신사동 가로수길 입구",8006,6.17%,23.17%,27.04%
"322","322. 명동성당 앞",8001,9.34%,23.05%,26.86%
"1257","1257. 가락시장역 사거리",8001,33.58%,17.31%,15.86%
"1394","1394.길음뉴타운 래미안9단지",7991,23.60%,12.63%,24.88%
"4246","4246. 상수역새마을금고",7967,7.95%,15.45%,30.66%
"4671","4671. 청구성심병원 앞",7956,9.90%,17.70%,27.85%
"4462","4462. 가락중학교 앞",7955,11.38%,13.19%,28.70%
"2048","2048. 삼일초등학교 인근",7938,20.36%,9.79%,22.99%
"2036","2036. 정금마을 마을버스정류장",7936,13.28%,12.85%,27.63%
"536","536. 행당역 2번출구 앞",7933,19.64%,12.69%,28.32%
"1715","1715. 서울특별시교육청도봉도서관",7925,7.86%,14.68%,33.20%
"1253","1253. 오금역 3번 출구 뒤",7923,17.90%,18.06%,21.52%
"402","402. 상암월드컵파크 9단지 앞",7921,27.71%,11.30%,24.05%
"1551","1551.4.19탑 앞",7912,14.13%,12.55%,29.92%
"4306","4306. 서래공원 앞",7906,12.29%,25.22%,20.45%
"1057","1057. 능골근린공원",7898,19.65%,17.33%,19.14%
"2263","2263. 바우뫼문화복지회관",7897,14.80%,20.01%,21.79%
"2119","2119. 중앙동 동진빌딩",7892,18.02%,14.55%,24.52%
"4345","4345. 반포역 4번출구",7892,18.35%,15.36%,29.51%
"4580","4580. 국회제2의원회관",7884,9.89%,48.86%,3.13%
"1474","1474.서울중랑우체국",7882,8.25%,15.05%,21.28%
"6188","6188.금호아파트",7874,15.61%,20.71%,22.85%
"1303","1303. 돈암초교 입구",7869,25.92%,14.86%,22.67%
"1654","1654. 당고개입구 오거리",7856,14.08%,14.71%,29.49%
"2320","2320. 도곡역 대치지구대 방향",7851,11.69%,17.13%,27.84%
"748","748. 목동운동장",7848,7.84%,24.24%,31.52%
"1821","1821. 홈플러스 시흥점 맞은편 다비치안경 앞",7830,24.29%,11.98%,26.77%
"3685","3685. 강동리엔파크14단지(1401동 앞)",7817,25.79%,19.20%,20.75%
"4960","4960.고덕비즈밸리 지식산업센터 A",7813,3.20%,45.81%,15.50%
"1768","1768.신동아타워 버스정류소",7811,12.70%,17.07%,26.42%
"1296","1296. 석촌호수교차로 (송파나루근린공원 앞)",7803,9.46%,16.83%,34.01%
"416","416. 상암월드컵파크 1단지 교차로",7799,9.50%,27.71%,22.14%
"309","309. 광화문역 6번출구 옆 B",7796,7.61%,35.34%,13.44%
"2716","2716.롯데 R&D 센터",7792,5.18%,58.48%,5.13%
"848","848. 삼각지12번 출구",7791,8.70%,22.08%,28.80%
"2145","2145. 은천초등학교 육교",7781,21.04%,11.50%,25.34%
"3113","3113. 독립문 앞",7766,26.73%,12.68%,31.44%
"904","904. 은평뉴타운 푸르지오",7762,30.13%,9.62%,28.28%
"1518","1518. 수유2동은행빌딩 앞",7753,14.14%,14.42%,26.38%
"3918","3918. 이좋은집오피스텔 앞",7752,13.98%,13.92%,27.81%
"349","349. 어린이도서관",7748,13.35%,16.51%,28.60%
"1299","1299. 송파소방서 (방이119안전센터)",7746,17.93%,14.58%,27.18%
"1713","1713. 쌍문동 이안아파트 앞",7736,11.66%,14.96%,26.03%
"3523","3523. 건국대학교 과학관(이과대) 앞",7720,3.91%,23.10%,10.31%
"1405","1405. 망우역 1번출구",7715,18.74%,18.51%,25.21%
"1642","1642. 서울여대 남문",7703,12.27%,15.24%,24.74%
"2365","2365. K+ 타워 앞",7696,3.03%,23.67%,26.78%
"4009","4009. 월계프라자",7680,14.09%,12.80%,24.75%
"4107","4107. 장안동근린공원 입구",7680,10.63%,17.28%,27.59%
"954","954. 은평뉴타운구파발9단지",7679,11.42%,11.34%,29.13%
"177","177. 북가좌 초등학교",7665,24.53%,13.76%,26.00%
"3797","3797. 마곡수명산파크7단지 710동 앞",7659,12.27%,14.45%,24.22%
"3211","3211.신길 래미안 프레비뉴",7639,21.67%,12.50%,27.52%
"1041","1041. 묘곡초등학교",7638,18.33%,14.89%,25.23%
"4811","4811. 한양수자인아파트 앞",7620,22.47%,9.83%,26.56%
"4273","4273. 홍연2교 사거리",7617,23.80%,16.07%,24.31%
"2243","2243.서울가정법원",7604,22.48%,23.37%,19.52%
"129","129. 신촌역(2호선) 6번출구 옆",7588,8.83%,15.66%,26.73%
"1772","1772.시립도봉노인복지관 버스정류소",7582,15.88%,12.33%,28.24%
"3675","3675. 강동리버스트8단지",7571,14.12%,12.01%,27.79%
"864","864.순천향대학병원(한남오거리)",7566,4.69%,25.88%,28.36%
"4621","4621. 남산도서관 앞",7553,7.43%,16.25%,28.33%
"180","180. 충정로역 7번출구 아래",7543,14.25%,23.32%,22.42%
"2034","2034. 사당역 7번출구쪽",7534,11.92%,18.78%,27.37%
"1732","1732. 방학역사거리",7528,14.41%,16.56%,24.95%
"6059","6059. 덕수중학교",7527,14.11%,22.03%,18.36%
"1666","1666. 노원소방서인근",7526,11.89%,15.23%,28.85%
"6057","6057. 을지로5가(방산시장)",7523,17.51%,20.16%,21.69%
"5305","5305. 대륜E&S 서울지사 앞",7512,14.02%,13.03%,24.89%
"4907","4907. 극동스포츠 앞",7510,11.73%,20.71%,26.87%
"1568","1568.4.19민주묘지 입구사거리",7500,11.12%,14.72%,28.16%
"2205","2205. 내곡3단지 어린이공원 앞",7486,30.84%,15.11%,23.06%
"776","776.목마공원",7477,10.34%,22.50%,24.41%
"660","660. 동의보감타워",7471,14.04%,17.59%,22.94%
"3132","3132.홍제교",7471,12.58%,15.58%,28.22%
"939","939. 은평구청 교차로",7445,10.68%,24.62%,21.16%
"2385","2385. 학동역",7443,19.17%,19.63%,20.72%
"3588","3588.세종대학교(영실관)",7424,6.24%,26.27%,14.55%
"372","372. 약수역 3번출구 뒤",7415,7.43%,16.36%,29.58%
"4128","4128.  종암초등학교 뒤(새울센스빌)",7411,16.22%,14.60%,24.11%
"4891","4891. 위례포레나송파",7395,22.10%,12.21%,26.91%
"3634","3634. 국악고교 앞 교차로",7387,19.22%,16.47%,23.62%
"118","118. 광흥창역 2번출구 앞",7383,12.33%,16.42%,26.20%
"2330","2330. 역삼월드메르디앙아파트 앞",7374,11.66%,22.39%,20.53%
"839","839. 보광동 삼성리버빌아파트 앞",7366,10.82%,11.73%,29.09%
"1388","1388. 돈암초교입구 버스정류장(한성대입구역 방면)",7366,13.73%,15.04%,26.51%
"4253","4253. 홍은도담도서관",7366,23.83%,11.02%,24.99%
"3006","3006. 상암월드컵파크5단지(상암중학교)",7362,7.53%,22.97%,18.36%
"2084","2084.e편한세상 상도노빌리티 앞",7348,6.61%,15.51%,26.80%
"2422","2422.수서동 성당 맞은편",7347,11.81%,12.13%,29.79%
"328","328. 탑골공원 앞",7344,5.19%,19.23%,26.14%
"3689","3689. 강일역 3번출구",7344,19.76%,23.22%,21.66%
"4045","4045. 은하수 공원",7328,25.98%,12.58%,24.56%
"3930","3930. 온수역 2번 출구 앞",7324,10.57%,26.26%,19.92%
"3676","3676. 강동리엔파크9단지",7310,19.73%,12.11%,23.83%
"2341","2341. 일원역 4~5번 출구 사이",7293,11.33%,17.77%,27.22%
"1759","1759.서울북부지방법원 앞",7282,13.44%,25.62%,21.45%
"1136","1136. 등촌2파출소",7281,17.87%,12.80%,24.94%
"4582","4582. 국회도서관",7256,4.95%,29.63%,13.59%
"134","134. 연세로 명물길",7251,5.13%,19.68%,28.09%
"1812","1812. 갑을그레이트밸리 앞",7239,10.95%,32.42%,18.15%
"1548","1548. 북서울 꿈의숲 서문",7232,4.62%,13.95%,43.51%
"810","810. 이태원지하보도",7230,10.37%,20.25%,30.94%
"4313","4313. 반포종합운동장",7228,9.84%,22.43%,29.26%
"140","140. 이화여대 후문",7227,8.40%,29.54%,17.56%
"6182","6182.오스템임플란트비전타워",7221,4.13%,53.94%,7.15%
"4775","4775. 을지로지하쇼핑센터",7215,9.34%,26.21%,20.47%
"3609","3609. 언주초등학교 입구",7200,12.19%,27.75%,19.28%
"737","737. 장수공원",7192,20.47%,16.77%,24.22%
"2148","2148. 낙성대역 3번출구 뒤",7187,12.11%,18.59%,23.14%
"2426","2426.강남한신휴플러스 6단지",7164,30.57%,8.56%,22.14%
"3906","3906. 천왕차량사업소 입구",7164,18.33%,25.81%,23.10%
"3525","3525. 금호스포츠센터앞",7154,12.11%,14.57%,32.63%
"621","621. 전농초등학교 건너편",7153,27.25%,14.40%,23.79%
"3553","3553.마장역3번출구",7142,16.28%,19.56%,22.86%
"3116","3116.신촌역 4번출구",7136,9.02%,16.66%,25.78%
"4678","4678. 백련산로 녹번센트레빌",7131,24.26%,11.12%,24.69%
"1083","1083.광문고교사거리(아이파크)",7120,12.68%,16.14%,25.29%
"1998","1998. 고척교 교차로",7112,10.73%,18.76%,30.88%
"900","900. 은평예술회관",7106,13.72%,20.01%,21.84%
"1516","1516. 우이동길마을마당",7103,17.61%,14.91%,25.58%
"5871","5871. 건영상가 앞",7095,26.61%,12.95%,22.85%
"4889","4889. 마천역 1번 출구 인근②",7087,12.53%,18.40%,26.19%
"4615","4615. 크라운호텔앞 버스정류소",7085,3.12%,20.20%,33.73%
"235","235. 신길동 우리은행 옆",7076,11.50%,16.45%,26.19%
"1682","1682. 중계종합사회복지관 교차로",7067,9.51%,14.55%,26.22%
"843","843. 이태원관광특구 입구(용산구청방향)",7061,3.75%,22.91%,30.82%
"2246","2246. 서울시 품질시험소 앞",7041,10.86%,25.72%,19.44%
"1241","1241. 문정 법조단지5",7020,18.39%,18.72%,25.20%
"3604","3604. 삼성중앙역 5번출구",7020,20.19%,22.91%,16.91%
"3761","3761. 나이아가라관광호텔",7020,18.42%,11.70%,28.39%
"271","271. 샛강생태공원방문자센터 앞",7002,18.41%,23.88%,23.01%
"250","250. 대림아파트 사거리",6993,21.15%,14.21%,28.19%
"3636","3636. 삼성중앙역·플래티넘아파트 정류소",6993,11.91%,18.40%,23.81%
"976","976.진관고등학교앞",6989,18.89%,11.80%,22.13%
"1031","1031. 올림픽로 836(아리수로)",6983,13.32%,20.49%,25.23%
"4838","4838.동원사거리 행복오피스텔 앞",6977,15.62%,13.07%,26.21%
"575","575. 대원중고교 입구(대하빌딩)",6968,13.69%,15.07%,26.77%
"1835","1835. STX V타워",6965,24.77%,33.02%,12.25%
"4206","4206. 광흥창역5번출구",6956,13.89%,21.03%,27.07%
"638","638. 서울시립대 정보기술관",6953,3.81%,24.77%,18.97%
"2038","2038. 동작역 7번출구",6951,10.04%,20.13%,33.23%
"745","745. 강서초등학교",6948,21.62%,15.18%,23.75%
"2020","2020. 장승배기역2번출구뒷편쪽",6945,13.88%,17.05%,24.20%
"405","405. DMC빌 앞",6944,9.65%,29.52%,13.55%
"1325","1325. 상월곡역 4번출구",6935,9.89%,20.81%,23.82%
"4420","4420. 성북구 한예종 캠퍼스 별관",6931,8.09%,20.18%,18.15%
"555","555. 구의3동주민센터",6919,9.39%,18.50%,25.41%
"845","845. 용산 선인상가",6915,7.32%,34.07%,12.61%
"1287","1287. 위례아이파크 101동 맞은편",6908,22.38%,15.40%,28.43%
"428","428. 명보사거리",6906,8.50%,29.37%,14.42%
"1441","1441. 신내능말공원",6882,28.81%,11.46%,22.46%
"1840","1840. 솔브레인이엔지 뒤편",6869,19.14%,36.47%,11.92%
"2614","2614. 가락고등학교 앞",6832,23.52%,10.44%,23.59%
"2273","2273. 일동제약 사거리",6831,8.81%,24.67%,26.79%
"1856","1856. 모두의학교",6823,29.62%,10.92%,24.89%
"2388","2388. 강남구 도시관리공단",6817,26.82%,20.07%,21.46%
"2339","2339. 현대아파트 정문 앞",6798,22.49%,13.65%,27.08%
"535","535. 응봉삼거리",6797,15.57%,13.40%,32.31%
"941","941. 은평뉴타운 도서관",6792,12.03%,17.24%,27.64%
"4836","4836. 양원역 1번 출구",6791,12.24%,21.72%,22.22%
"952","952. 서울연신중학교",6789,23.77%,10.83%,25.35%
"1421","1421. 신내역 4번출구",6788,16.93%,23.44%,21.15%
"4807","4807. 라코지스테이 앞",6786,20.65%,11.92%,27.03%
"1696","1696.수락리버시티4단지",6777,19.55%,11.76%,29.63%
"1480","1480. 용마지구대 B",6770,10.55%,16.32%,30.96%
"4264","4264. 홍남교 버스정류장",6766,24.24%,13.48%,28.81%
"4546","4546. 목동운동장 주경기장",6752,10.17%,15.67%,32.82%
"4362","4362. 행당중학교 후문",6749,7.39%,17.78%,31.75%
"298","298.KBS 연구동 건너편",6744,20.97%,29.76%,18.82%
"909","909. 백련산 힐스테이트 3차",6742,24.96%,11.64%,21.30%
"3922","3922. 서울남부교정시설 앞",6714,14.85%,38.71%,19.38%
"1758","1758.솔밭공원역 1번출구 주변",6713,11.40%,13.59%,30.34%
"2229","2229.로고스교회 맞은 편",6709,16.31%,16.72%,25.28%
"4958","4958. 고덕래미안힐스테이트 아파트 211동",6707,33.47%,6.65%,21.60%
"1025","1025. 상일초등학교",6700,10.97%,33.03%,17.57%
"963","963. 불광롯데캐슬아파트 앞",6684,13.36%,13.23%,27.65%
"1034","1034. 고덕동 래미안 힐스테이트",6673,27.42%,11.15%,24.73%
"712","712. 강월초교입구 사거리",6668,16.68%,14.29%,23.20%
"4774","4774. 을지로입구역 8번출구",6648,11.40%,23.86%,21.81%
"4312","4312. 반포미도2차아파트 옆",6644,14.75%,25.20%,19.64%
"2069","2069. 숭실대 입구역3번 출구 앞",6643,8.14%,15.85%,27.38%
"434","434. 신당 래미안 버스정류장",6641,17.59%,12.05%,31.61%
"965","965. 서울특별시 은평병원",6641,18.24%,13.49%,21.08%
"1825","1825. 한신아파트 앞 육교 아래",6637,22.57%,19.23%,25.16%
"1543","1543. 수유1동 주민센터",6625,11.98%,15.34%,26.20%
"4888","4888. 둔촌오륜역 2번출구",6623,17.92%,14.18%,27.22%
"1672","1672. 상계동수락리버시티",6618,13.34%,14.40%,28.77%
"2196","2196. 봉천역 3번출구",6617,9.60%,17.85%,27.29%
"3658","3658. 프라이어팰리스아파트",6615,21.41%,12.44%,29.12%
"2416","2416.한티역 6번 출구",6614,15.03%,22.13%,22.20%
"975","975.백련산 힐스테이트상가앞",6610,31.35%,9.35%,24.34%
"2174","2174. 삼성디지털프라자관악점",6599,7.86%,13.85%,29.22%
"4753","4753. 시청역 10번출구",6595,16.04%,23.76%,14.25%
"4715","4715. 돈의문 박물관 마을",6587,18.02%,28.02%,14.54%
"2198","2198.사랑의병원",6559,12.46%,11.47%,28.31%
"1207","1207. 마천중앙시장",6547,19.25%,12.22%,27.33%
"5072","5072. 김포공항입구 교통섬",6547,17.99%,16.85%,25.63%
"2826","2826.가마산지하보도 옆",6541,28.41%,19.06%,19.48%
"2358","2358. 구룡초사거리 (현대아파트10동 앞 )",6536,27.20%,14.98%,23.30%
"1032","1032. 선사고등학교",6523,17.71%,16.34%,24.87%
"2344","2344. 리엔파크 2단지 앞",6522,14.77%,10.56%,26.43%
"5777","5777. 호반써밋12단지",6477,23.30%,12.10%,23.39%
"4579","4579. 국회의사당 본관",6472,14.63%,32.69%,17.55%
"2502","2502. 서초역1번출구 앞",6466,11.61%,21.11%,24.59%
"2517","2517. 서초그랑자이 앞",6455,26.01%,21.77%,21.70%
"4234","4234. 에스테반",6454,29.80%,12.80%,24.00%
"299","299.여의도 순복음교회",6444,2.89%,18.42%,46.80%
"1519","1519. 장미원시장 건너편",6419,10.03%,15.80%,27.03%
"2822","2822.제니스스포츠 앞",6419,23.59%,19.24%,24.74%
"1733","1733. 방학사거리 (봄마당 앞)",6414,8.26%,16.95%,27.14%
"2116","2116. 에이스에이존빌딩",6413,4.24%,17.17%,27.62%
"710","710. 금옥여고보도육교",6411,17.49%,7.00%,16.27%
"4275","4275.농협생명본사빌딩 서관",6411,16.85%,26.36%,14.72%
"2331","2331. 동영문화센터앞",6408,14.50%,20.94%,19.63%
"1015","1015. 샛마을 근린공원",6407,14.44%,13.95%,29.81%
"4318","4318. 방배역 2번 출구",6402,11.67%,23.48%,21.96%
"1064","1064.중앙보훈병원역 1번출구",6396,11.96%,19.03%,27.08%
"4389","4389. 서울숲역3번출구",6374,3.98%,21.85%,40.79%
"1230","1230. 송파중학교 정문",6368,10.30%,15.22%,31.56%
"851","851.효창 푸르지오 앞",6363,16.69%,15.24%,29.66%
"2071","2071. 대림아파트 후문 상가 옆",6360,18.27%,10.55%,26.34%
"3776","3776. 김포공항사거리",6359,17.08%,17.72%,23.32%
"4935","4935. 도곡삼성래미안",6324,28.29%,13.49%,26.20%
"4585","4585. 국회6문",6318,2.14%,24.26%,33.67%
"2501","2501. 서초 포레스타5단지",6313,28.02%,12.12%,25.08%
"1859","1859. 대륭테크노타운 18차",6279,3.42%,56.24%,6.85%
"863","863.이촌역2번 출구",6274,9.04%,22.90%,35.81%
"163","163. 명지전문대학교 정문 앞",6262,20.46%,13.08%,19.88%
"1831","1831. 한국전력 구로금천지사 앞",6258,26.49%,17.24%,18.52%
"4686","4686. 우물골 근린공원",6234,18.69%,11.98%,27.43%
"2549","2549.호반써밋서초파크 403동",6233,30.68%,11.97%,22.85%
"3663","3663. 암사정수센터교차로(강동롯데캐슬퍼스트아파트)",6231,26.26%,9.69%,24.47%
"4863","4863. 잠실나들목5",6219,15.81%,14.09%,27.01%
"919","919. 서울혁신파크",6218,9.50%,18.56%,30.19%
"167","167. 연가초등학교 옆",6202,22.36%,13.06%,26.48%
"171","171. 임광빌딩 앞",6197,24.87%,23.17%,15.93%
"2396","2396. 영동3교 북단(우성캐릭터 앞 보도)",6194,14.00%,16.81%,31.58%
"2326","2326. 대치동 삼성로",6191,11.48%,21.90%,25.96%
"1528","1528. 삼각산동 주민센터",6189,13.10%,11.71%,27.08%
"636","636. 세종대왕기념관 교차로",6183,7.21%,32.22%,18.84%
"2337","2337. 대모산입구역 2번출구 앞",6181,13.67%,12.46%,30.43%
"471","471.회현사거리 남측",6170,15.36%,24.68%,17.84%
"1067","1067.한영중고앞사거리",6169,13.31%,15.25%,25.53%
"757","757. 신정이펜하우스 1단지아파트 입구 사거리",6158,25.84%,13.77%,24.93%
"3765","3765. 문소빌딩",6157,28.18%,11.61%,24.74%
"3537","3537. 아차산 휴먼시아 아파트 옆",6156,20.03%,14.05%,29.08%
"3770","3770. 남부순환로 205",6156,18.92%,15.95%,25.50%
"4134","4134. 제기동 현대아파트 앞",6155,11.31%,19.14%,24.29%
"4687","4687. 역촌센트레빌아파트 101동 앞",6149,26.56%,12.18%,23.76%
"1275","1275. 거여초등학교 옆",6142,21.85%,13.06%,26.20%
"4604","4604. 원효로다목적체육관 앞",6132,12.61%,32.08%,19.85%
"4555","4555. 대림우성2차아파트",6131,9.13%,17.78%,27.79%
"1849","1849. 대륭포스트타워5차",6116,15.86%,21.29%,19.20%
"4862","4862. 성내교 남단",6104,12.06%,19.04%,33.67%
"4954","4954. 신명초등학교 건너편",6104,31.36%,8.96%,23.00%
"5751","5751. 송파여성축구장",6098,8.25%,19.10%,34.62%
"2008","2008. 노량진근린공원 대방공원",6096,18.54%,10.71%,26.20%
"1426","1426. 면목도시개발아파트 1동 앞",6091,15.91%,17.94%,27.48%
"1736","1736. 버스정류장 앞",6086,8.15%,17.32%,25.42%
"667","667.청량차도 육교 밑",6072,22.76%,18.18%,22.97%
"1183","1183. 강서대학교",6070,28.70%,14.76%,20.10%
"477","477.앰배서더 호텔 주변",6066,13.52%,16.65%,26.48%
"4855","4855. 거여5단지 503동 앞",6055,11.21%,13.34%,29.41%
"2313","2313. 금원빌딩 앞",6051,3.35%,32.82%,24.76%
"351","351. 청운초교 앞 삼거리",6049,24.70%,12.37%,23.52%
"922","922. 연신내역 4번출구",6027,9.11%,18.80%,26.02%
"760","760. 잣절보도육교 아래",6025,18.87%,14.87%,24.66%
"2026","2026. 흑석역 4번출구",6015,16.28%,18.84%,21.61%
"1105","1105. 방화근린공원",6014,11.49%,11.62%,39.19%
"2903","2903.월계초안아파트 1단지",6014,17.13%,12.34%,29.25%
"1910","1910. 낙원교회 맞은편",6013,26.48%,15.68%,19.84%
"4785","4785. 롯데시티호텔",6009,9.52%,32.95%,12.81%
"4683","4683. 은평 성모병원 사거리",6008,14.55%,16.21%,25.22%
"371","371. 동대입구역 6번출구 뒤",6003,9.83%,18.56%,26.59%
"169","169. 북가좌 삼거리",6000,24.28%,14.43%,21.03%
"4658","4658. 녹번역1번출구앞",6000,8.32%,19.95%,26.15%
"2233","2233. 서초신동아1차아파트 옆",5982,16.88%,14.88%,20.61%
"4578","4578.보라매sk뷰",5972,17.72%,15.17%,27.16%
"1554","1554.번동사거리",5968,12.85%,14.39%,27.35%
"1042","1042. 강일리버파크 2~5단지",5967,21.59%,17.70%,24.90%
"923","923. 국민은행 연서지점",5964,13.72%,12.56%,26.78%
"2122","2122. 낙성대로 입구",5960,8.37%,15.17%,27.75%
"135","135. 명물길 원형무대 앞",5954,9.79%,24.71%,26.27%
"120","120. 신수동 사거리",5940,22.42%,11.73%,27.98%
"946","946. 독바위역",5903,11.91%,14.60%,30.90%
"4419","4419. 성북구 한예종 캠퍼스 본관",5902,8.44%,18.40%,14.59%
"1063","1063.강동롯데캐슬퍼스트 아파트(관리동)",5890,19.98%,12.90%,33.28%
"2381","2381. 언주역 4번출구",5889,9.56%,23.21%,19.90%
"2272","2272. 교대입구 교차로",5883,10.05%,26.70%,20.96%
"3726","3726.삼양동사거리",5883,9.57%,10.79%,28.81%
"6055","6055. 한국경제",5880,20.20%,26.09%,14.61%
"4458","4458. 가락2동주민센터 인근",5875,16.32%,16.46%,23.83%
"138","138. 신촌동 제1공영주차장 앞",5871,15.60%,13.63%,23.47%
"2139","2139. 서울신성초등학교",5870,19.51%,15.38%,26.41%
"2336","2336. 강남세브란스교차로  래미안그레이튼 104동 앞",5870,18.94%,19.44%,18.16%
"4599","4599. 대림우성아파트 사거리",5868,18.64%,15.30%,25.55%
"4058","4058. 다락원체육공원 전망대 입구",5865,3.92%,15.04%,34.77%
"4472","4472. 송파파크데일 1단지 115동 건너편",5855,10.13%,12.11%,27.41%
"4784","4784. 중부경찰서앞 사거리",5832,11.95%,28.55%,15.98%
"1693","1693. 원자력 병원",5827,14.54%,20.20%,23.05%
"4474","4474. 가락현대 1차 11동 앞",5820,13.28%,14.97%,28.97%
"4173","4173. 중대후문 마을버스정류장",5811,10.86%,15.56%,30.30%
"1130","1130. 화곡본동시장 버스정류장",5810,14.94%,16.87%,24.58%
"4281","4281.명지대사거리",5808,19.83%,13.60%,26.00%
"3638","3638. 신청담나들목",5806,7.18%,20.48%,30.95%
"840","840. 용산 파크타워 앞",5800,15.33%,16.02%,30.74%
"1056","1056. 강일리버파크 7~11단지",5798,28.92%,11.33%,24.56%
"4637","4637. 용산시티파크 101동 앞",5789,12.49%,15.18%,31.42%
"4064","4064. 신창아파트 입구 앞",5788,24.45%,11.70%,24.33%
"3933","3933. 오류동부골든아파트 후문 옆",5787,27.08%,9.80%,26.28%
"3623","3623. 일원에코파크 앞(개포로 방면)",5782,15.17%,16.79%,29.44%
"260","260. 여의도 마리나선착장 앞",5781,6.87%,21.55%,35.25%
"4548","4548.신목동역1번출구",5778,12.08%,17.95%,23.00%
"2650","2650.위례22단지 2208동 다리앞",5776,29.95%,9.25%,24.48%
"993","993.은평뉴타운 은뜨락아파트앞",5772,11.73%,19.02%,24.95%
"822","822. 이촌1동 마을공원",5764,16.79%,21.56%,24.01%
"4401","4401.뚝섬유수지 공영주차장",5741,11.27%,19.06%,27.78%
"1348","1348. 성북제일새마을금고 본점 앞",5732,15.77%,17.06%,25.96%
"4390","4390. 신답역 1번출구",5732,17.34%,31.63%,16.97%
"1049","1049. 강일리버파크 10단지",5731,23.47%,8.95%,25.49%
"1973","1973. 오리로와 서해안도로 교차로 앞",5731,18.50%,11.97%,25.11%
"160","160. 북아현동 가구거리",5730,12.39%,21.47%,24.45%
"3644","3644. 상록수아파트",5723,10.83%,14.10%,30.56%
"4634","4634. 이태원역 3번 출구",5723,3.84%,15.18%,39.68%
"902","902. 진관동 은빛초등학교",5718,25.32%,10.77%,27.00%
"2137","2137. KT&G 관악지점",5717,15.81%,13.84%,27.62%
"1999","1999. 수궁동 성당 주변",5715,10.59%,15.99%,21.56%
"2312","2312. 청담역 13번 출구 앞",5712,20.24%,20.90%,22.74%
"4801","4801. 충정로역 2호선(엘리베이터 앞)",5711,17.97%,21.80%,21.55%
"1436","1436. 동원베네스트 건물 앞",5709,20.53%,11.16%,24.52%
"4766","4766. 서소문성지역사박물관",5708,35.49%,13.75%,20.46%
"1843","1843. 독산고등학교",5689,24.64%,10.81%,24.26%
"4469","4469. 거여동 어울림아파트  102동앞",5688,12.25%,24.70%,22.38%
"4837","4837. 양원지구 힐데스하임 앞",5687,23.26%,14.30%,25.94%
"850","850.KCC용산웰츠(WELLTZ)타워",5669,20.64%,12.86%,28.59%
"869","869.노들섬 동측 앞",5662,6.11%,19.34%,40.34%
"4346","4346.장학재단빌딩 앞",5649,8.71%,29.95%,19.77%
"1360","1360. 정릉역",5646,15.18%,12.56%,26.14%
"3690","3690. 강일역 4번출구",5638,20.04%,29.82%,17.81%
"1537","1537. 북한산 우이역",5633,6.69%,11.98%,38.77%
"4834","4834. 용마복지센터 앞",5622,9.68%,15.08%,21.31%
"2280","2280. 서울서초고용센터앞",5611,18.62%,24.86%,19.98%
"4929","4929. 투썸플레이스 강남청담점 앞",5585,11.23%,31.75%,21.20%
"3647","3647. 구룡역 1번 출구",5565,23.13%,22.01%,16.30%
"2518","2518. 서초동 현대아파트 앞",5564,19.54%,19.93%,21.91%
"466","466.롯데호텔",5558,9.64%,22.78%,19.45%
"3646","3646. 선정릉역 4번 출구",5558,13.26%,27.08%,21.14%
"4152","4152. 상도효성해링턴플레이스",5545,12.35%,13.71%,26.42%
"164","164. 북가좌1동 주민센터",5543,27.62%,10.12%,25.60%
"2352","2352. 서울본부세관(건설회관 앞)",5536,7.17%,34.21%,13.28%
"4641","4641. 아메리칸센터",5535,9.30%,22.46%,25.91%
"2535","2535.신반포역 3번출구 뒤",5525,15.86%,15.17%,29.97%
"5778","5778. 북위례3",5523,11.61%,13.54%,30.65%
"2349","2349. 역삼빌딩 앞(하나은행 옆)",5520,11.47%,21.39%,21.36%
"3920","3920. 개봉역2번출구 B",5509,22.76%,14.83%,24.36%
"2643","2643.풍납중학교 측면",5496,12.35%,20.94%,25.75%
"4094","4094.도봉여성센터",5485,16.97%,13.78%,24.63%
"1967","1967. 참새공원(백곡경노당)",5484,20.71%,10.58%,25.40%
"4144","4144.시립대학교 박물관 앞",5480,5.33%,22.54%,16.42%
"1634","1634. 당고개공원 대여소",5478,15.77%,13.18%,28.48%
"1343","1343. 한성대7번출구 앞",5465,9.39%,12.53%,29.39%
"364","364. 창신역 1번출구 앞",5461,20.03%,9.06%,25.58%
"2083","2083.흑석롯데캐슬에듀포레(107동)",5455,20.48%,12.50%,27.20%
"4930","4930. 학여울역 1번출구",5452,26.21%,17.61%,25.39%
"2520","2520.서초1교 (진흥아파트 방면)",5451,14.27%,18.62%,23.72%
"2364","2364. 도산공원교차로",5448,8.44%,26.82%,21.18%
"3310","3310.영락고등학교",5434,17.67%,11.85%,26.11%
"4762","4762. 국제빌딩",5425,14.34%,22.86%,14.47%
"2127","2127. 난곡종점",5418,16.35%,9.38%,26.50%
"192","192. 연서어린이공원",5408,28.48%,15.14%,23.30%
"4684","4684. 응암2동주민센터 버스정류장(영락중학교 방면)",5398,22.82%,9.28%,23.16%
"4280","4280.북가좌2동 주민센터",5397,21.10%,13.38%,28.09%
"3799","3799. 국립항공박물관",5395,10.77%,37.09%,19.37%
"1547","1547. 꿈의숲 롯데캐슬",5394,22.84%,12.59%,27.66%
"1539","1539. 4.19민주묘지역",5385,6.33%,17.44%,30.19%
"446","446. 상명대입구",5379,9.35%,17.36%,29.22%
"3602","3602. 한국지역난방공사강남지사",5333,22.67%,33.04%,10.76%
"1509","1509. 서울북부수도사업소",5330,9.29%,15.18%,22.59%
"1285","1285. 위례별 유치원 뒤",5328,27.38%,14.41%,25.38%
"4840","4840. 서울시 북부병원 앞",5321,12.84%,13.57%,19.94%
"4033","4033. 녹천역 4번 출구 옆",5315,10.86%,18.53%,27.56%
"1725","1725. 창1동주민센터",5313,23.56%,8.98%,22.66%
"2617","2617. 가락삼환아파트 앞",5311,16.12%,15.95%,25.55%
"4475","4475. 송파파인타운 4단지 403동",5302,24.31%,13.07%,25.71%
"141","141. 연대 대운동장 옆",5300,7.26%,21.83%,21.55%
"2380","2380. 봉은사로68길 북측",5294,14.66%,15.43%,22.61%
"467","467.한국은행",5291,3.04%,40.16%,16.65%
"2616","2616. 거여동 사거리",5290,17.24%,13.88%,23.61%
"4017","4017. 월계 청백1단지 아파트 정류장",5276,17.99%,12.21%,30.08%
"3958","3958. 롯데캐슬2차 마을버스 정류장(18804) 뒤편",5275,23.85%,17.19%,21.82%
"6189","6189.데시앙플렉스 지식산업센터",5266,10.60%,27.23%,18.06%
"384","384. 중림동삼거리",5250,32.13%,12.97%,24.42%
"2190","2190.도원맨션",5245,8.52%,19.43%,28.79%
"2027","2027. 중앙대학교 정문 1",5230,5.79%,21.66%,24.49%
"468","468.웨스틴 조선호텔",5215,8.76%,28.51%,17.87%
"5783","5783.성내5교 2",5201,11.73%,17.94%,33.63%
"4396","4396. 마장축산물시장 서문 인근",5187,17.00%,14.02%,21.79%
"3820","3820. 은천삼거리",5182,11.29%,14.80%,26.77%
"2510","2510. JW타워",5167,22.14%,22.16%,16.88%
"1258","1258. 가락미륭아파트 앞",5166,14.52%,15.81%,28.05%
"4097","4097.숭미파출소 사거리",5161,21.99%,14.36%,23.43%
"664","664. 서울시립대 건설공학관",5160,6.09%,19.79%,21.16%
"964","964. 북한산힐스테이트 7차아파트",5158,17.56%,14.08%,27.69%
"1660","1660. 서울시립과학관",5158,12.00%,14.81%,25.24%
"4703","4703. 쌍용아파트2단지 정문",5154,16.16%,14.32%,28.73%
"4581","4581. 국회소통관",5146,12.59%,23.09%,14.79%
"4278","4278. 홍은2동주민센터",5116,25.49%,17.14%,17.73%
"4815","4815. 중랑데시앙플렉스 앞",5110,16.77%,34.70%,13.87%
"1349","1349. 월계2교 버스정류장 앞",5109,17.11%,13.25%,27.36%
"1515","1515. 송천동 주민센터",5084,15.15%,13.61%,24.78%
"1279","1279. 마천금호어울림 1차아파트 건너편",5076,19.03%,18.70%,25.22%
"424","424. 롯데하이마트 (상암월드컵점)",5067,8.31%,20.47%,26.84%
"198","198. 충정2교",5049,22.78%,19.96%,19.53%
"4941","4941.압구정로 11길",5034,5.92%,18.61%,36.91%
"1510","1510. 번동주공5단지 관리사무소 앞",5029,16.40%,19.47%,24.14%
"494","494.신수동주민센터",5013,24.68%,10.25%,21.62%
"1479","1479.면목 홈플러스 2",5013,7.04%,17.81%,29.04%
"3521","3521. 현대홈타운 뒷길",5012,18.81%,12.55%,29.05%
"2357","2357. 르네상스호텔사거리 역삼지하보도 3번출구 앞 (더 오번 빌딩 명동칼국수 앞)",4991,15.51%,25.11%,17.09%
"2907","2907. 월계중학교",4979,24.02%,12.43%,17.07%
"1574","1574.송중초등학교 옆",4974,10.88%,15.56%,25.33%
"3653","3653. 강동리버스트4단지아파트 404동 앞",4972,32.92%,10.38%,22.55%
"1358","1358. 정릉도서관 앞",4971,12.79%,16.05%,24.60%
"2356","2356. 강남구청",4970,12.68%,18.73%,21.73%
"959","959. 구파발10단지 인근",4955,7.31%,13.91%,32.01%
"6172","6172. 가양5단지아파트",4940,28.18%,12.89%,19.53%
"4315","4315. 이투스교육 앞",4938,8.53%,31.57%,19.87%
"1774","1774.정의여중고 버스정류소",4933,18.22%,16.10%,26.39%
"2548","2548.반포1동 자율방범초소 옆",4931,18.94%,17.12%,25.78%
"489","489.구룡근린공원",4925,19.96%,16.61%,24.83%
"1161","1161. 강서면허시험장 앞",4925,7.63%,18.15%,16.51%
"491","491.월드컵파크 4단지",4923,9.77%,25.47%,24.98%
"995","995.은평다목적체육관",4922,19.57%,12.47%,22.82%
"1652","1652. 파르코 앞",4909,9.64%,22.02%,26.79%
"741","741. 화곡로 입구 교차로",4901,12.28%,19.45%,22.04%
"3611","3611. 방죽마을 입구",4890,21.29%,15.62%,21.78%
"4642","4642. 용산더프라임아파트 101동 앞",4882,17.35%,18.13%,26.61%
"1714","1714. 도봉문화정보도서관 삼거리",4859,11.71%,20.19%,26.94%
"3402","3402.이화공영주차장",4847,24.37%,16.71%,18.16%
"2258","2258.구룡사 삼거리",4838,18.52%,21.64%,24.45%
"1571","1571.북서울 꿈의 숲 입구",4833,22.49%,12.62%,25.33%
"927","927. 연신내역 3번출구 인근",4822,9.42%,15.51%,25.88%
"3802","3802. 관악구민체육센터",4810,32.00%,9.79%,16.86%
"2024","2024. 상도역 1번출구",4804,15.70%,15.70%,26.50%
"2545","2545.국립중앙도서관(국제회의장옆)",4800,2.96%,30.33%,22.38%
"6063","6063.NH농협은행(신당역6번출구)",4793,7.24%,16.59%,25.02%
"1757","1757.솔밭공원역 1번출구 앞",4788,9.19%,15.35%,29.09%
"5780","5780. 송파세무서",4786,8.65%,33.60%,14.00%
"1992","1992. 구로구배드민턴실내체육관 앞",4784,11.10%,12.96%,20.38%
"2128","2128. 관악구청교차로",4770,10.90%,15.41%,25.39%
"2818","2818.천왕이펜하우스3단지 앞",4750,26.21%,11.26%,20.51%
"4761","4761. 중부경찰서앞사거리 건너편",4748,12.17%,28.58%,19.90%
"5763","5763. 세륜초등학교 건너편",4745,9.42%,16.80%,29.50%
"802","802. 한강진역 2번 출구 앞",4738,14.44%,18.95%,26.45%
"4148","4148.동대문구 장안동 씨젠의료재단",4738,10.07%,17.41%,26.28%
"4627","4627. 효창공원앞역 5번출구 옆",4736,22.87%,17.63%,23.08%
"3419","3419.국립어린이과학관",4723,14.95%,19.10%,24.16%
"4924","4924.논현동가구거리",4720,17.16%,23.62%,17.03%
"3649","3649. 구룡역 5번 출구",4715,28.48%,24.84%,17.48%
"2186","2186. 낙성대입구삼거리",4695,10.73%,15.29%,28.24%
"3967","3967. 혜명양로원 담장 옆(2)",4681,19.74%,16.09%,18.24%
"4086","4086. 도봉로 534",4678,21.46%,10.45%,22.23%
"2283","2283. 그룹한빌딩옆",4668,13.02%,21.38%,23.24%
"3917","3917. 성공회대학교",4662,10.51%,18.10%,19.35%
"671","671.대광빌딩",4653,9.71%,16.87%,27.17%
"4885","4885. 가든파이브 리빙관",4652,9.78%,25.28%,24.83%
"1868","1868.우리은행 시흥남자동화점 앞",4627,22.02%,11.87%,25.07%
"137","137. 신촌기차역입구 교차로",4603,4.95%,21.16%,29.63%
"2825","2825.초롱타운 앞",4602,26.16%,11.71%,21.47%
"1853","1853. 청년취업사관학교앞",4593,39.28%,11.54%,19.88%
"2815","2815.항동지구 7단지 정문",4579,10.26%,16.86%,24.39%
"2062","2062. 사당새마을금고",4577,23.42%,12.61%,26.41%
"4665","4665. 응암역3번 출구(서부경찰서 방면)",4572,8.51%,16.25%,30.12%
"425","425. DMC첨단산업센터",4566,18.24%,26.54%,11.63%
"4875","4875. 위례포레샤인13단지",4566,21.46%,13.80%,25.87%
"3101","3101. 서대문구청",4561,9.84%,14.87%,26.13%
"2368","2368. 도곡동 경남아파트 건너편",4559,11.98%,22.09%,26.61%
"533","533. 금남시장 교차로",4547,21.29%,10.27%,27.78%
"2429","2429.압구정로데오역 6번출구",4545,7.48%,26.38%,28.18%
"3673","3673. 강동리버스트6단지",4533,19.83%,14.10%,24.93%
"4622","4622. 한강중학교 앞 버스정류장",4531,9.84%,19.38%,30.21%
"2309","2309. 청담역(우리들병원 앞)",4529,25.35%,17.82%,19.72%
"4247","4247. 서울서부지방법원등기국앞",4529,19.14%,13.07%,23.58%
"2370","2370. 한티역 3번출구",4520,10.80%,18.32%,25.93%
"858","858.녹사평역3번 출구",4509,5.77%,22.04%,31.74%
"942","942. 상림마을 생태공원",4500,26.20%,7.89%,28.38%
"5766","5766. 북위례1",4499,17.69%,11.27%,27.98%
"3630","3630. 개포우성6차아파트 정문 앞",4491,30.48%,13.52%,25.07%
"3612","3612. 은곡마을",4490,11.45%,15.63%,32.49%
"2144","2144. 난우길입구",4473,11.56%,15.05%,24.93%
"4428","4428.돈암동부센트레빌상가",4472,7.60%,14.33%,30.88%
"422","422. 문화비축기지",4469,3.78%,12.91%,45.27%
"2057","2057. 상도 아이파크 아파트",4466,21.05%,9.67%,25.57%
"4632","4632. 용산 푸르지오 파크타운 1단지 앞",4446,16.76%,23.28%,25.39%
"388","388. 동성중학교 앞",4439,21.42%,13.16%,22.89%
"480","480.약수역 6번 출구",4439,8.00%,15.30%,26.06%
"3615","3615. 서울 논현동우체국 앞",4425,12.20%,30.78%,18.62%
"3725","3725. 강북 청소년 문화정보도서관 앞",4425,14.01%,13.79%,28.41%
"2167","2167. 낙성대역 1번출구",4423,6.26%,18.68%,29.23%
"3807","3807. 관악우체국 교차로",4417,22.16%,10.17%,27.94%
"397","397. 종묘공영주차장 건너편",4396,5.62%,18.31%,28.16%
"867","867.서빙고역 광장(1번출구)",4374,17.28%,20.55%,29.52%
"2321","2321. 학여울역 사거리",4373,15.73%,16.42%,33.11%
"4607","4607. 국립중앙박물관 -용산가족공원 앞",4361,2.89%,18.62%,44.92%
"953","953. 서울연신초등학교",4340,14.15%,13.62%,27.95%
"4909","4909. 노보텔 앰배서더 앞",4337,9.59%,24.19%,25.62%
"3105","3105. 홍은센트레빌 아파트 앞",4326,17.45%,13.13%,28.32%
"5336","5336. 월계 고등학교 앞",4324,10.43%,12.40%,14.69%
"469","469.회현역 1번출구",4322,14.65%,19.57%,18.39%
"3682","3682. 길동 동호빌딩",4321,20.11%,11.92%,26.34%
"4625","4625. 용산공원갤러리앞",4321,13.42%,28.37%,19.51%
"724","724. 계남공원 입구 주출입구 좌측",4302,19.85%,12.92%,24.94%
"4892","4892. 성내유수지 체육공원",4298,16.43%,20.59%,24.69%
"4493","4493. 마천사거리 2",4293,20.92%,18.57%,26.18%
"515","515. 광양중학교 앞",4292,15.38%,13.12%,30.82%
"823","823. 효창동주민센터 앞",4288,22.74%,12.73%,28.01%
"3556","3556.신금호파크자이APT앞",4270,10.09%,15.88%,31.64%
"2382","2382. 역삼동 sk뷰 501동앞",4250,8.28%,21.01%,26.45%
"382","382. 약수역 10번출구 앞",4245,9.63%,14.89%,24.22%
"2373","2373. 개포동역 사거리",4243,9.52%,15.15%,29.32%
"679","679.전농SK아파트 앞",4240,18.70%,14.50%,28.07%
"1200","1200. 개화광역환승센터",4238,8.02%,28.62%,21.73%
"4344","4344. 양재대로(구룡지하차도 앞)",4234,27.14%,12.31%,24.82%
"2812","2812.항동프라자",4232,14.25%,18.03%,24.98%
"4043","4043. 상계주공13단지 1301동",4223,23.77%,9.14%,24.91%
"1863","1863.위너스 스포츠클럽 골프연습장옆",4213,34.25%,9.68%,17.42%
"606","606. 서울반도체고 앞",4208,8.01%,16.56%,28.87%
"159","159. 이대역 4번 출구",4195,8.15%,22.84%,28.27%
"1213","1213. 백토공원 앞",4192,25.05%,13.65%,24.52%
"3724","3724. 삼양동주민센터 앞",4192,6.42%,13.84%,27.46%
"4340","4340. 방배래미안아트힐아파트 앞",4180,10.98%,34.00%,20.77%
"2094","2094.숭실대학교(중문)",4178,9.00%,14.36%,30.28%
"5602","5602.래미안신반포리오센트 후문",4175,12.29%,15.78%,37.37%
"4266","4266.국민연금공단충정로사옥",4174,22.02%,19.53%,18.59%
"4149","4149.제기동역 5번출구",4170,18.27%,15.49%,26.16%
"1137","1137. 등촌2동주민센터",4167,21.91%,11.66%,19.58%
"808","808. 서빙고동 금호맨션 앞",4161,7.86%,18.14%,40.83%
"1181","1181. 농수산식품공사 (강서지사)",4160,5.05%,35.14%,8.77%
"4162","4162. 노량진1동 청소년독서실",4152,24.08%,13.22%,23.60%
"2256","2256.양재동 꽃시장 입구",4151,17.49%,31.17%,18.31%
"2210","2210. 반포1동 주민센터 앞",4141,15.89%,17.05%,28.06%
"1826","1826. 한신코아 앞",4140,24.59%,15.70%,24.25%
"479","479.동대입구역 3번 출구",4139,11.79%,18.99%,31.89%
"4932","4932. 개포래미안포레스트 130동 맞은편",4139,21.12%,13.00%,24.96%
"2329","2329. 르네상스호텔사거리 역삼지하보도 2번출구",4136,15.69%,17.63%,17.82%
"2304","2304. 대현그린타워",4125,12.75%,32.63%,18.93%
"1865","1865.금천구청앞(M빌딩)",4109,20.13%,19.79%,18.06%
"3674","3674. 강동리버스트7단지",4087,23.24%,11.82%,22.98%
"3932","3932. 개봉센트레빌레우스아파트 앞",4081,24.68%,13.01%,22.98%
"4829","4829. 신내동 한살림 중랑지구 건너편",4081,30.78%,10.05%,21.91%
"2311","2311. 학동로 래미안 아파트 앞",4066,12.84%,25.45%,22.68%
"2285","2285. LH서초3단지 301동 맞은편",4065,20.10%,13.06%,29.35%
"2351","2351. 청소년수련관(수영장)앞",4065,11.81%,13.43%,26.49%
"4752","4752. 삼성사이버빌리지아파트",4061,15.17%,19.95%,25.71%
"3005","3005.마포구청 청사내",4044,13.30%,22.08%,12.98%
"1850","1850. 코오롱테크노밸리",4043,5.32%,31.81%,16.15%
"5315","5315. 불암산역 앞",4040,16.51%,15.32%,25.50%
"4913","4913. 레베쌍트 빌딩 앞",4039,6.24%,27.33%,18.84%
"2270","2270. 서초포레스타 7단지",4029,27.40%,13.95%,24.80%
"4776","4776. 신세계면세점",4025,6.43%,26.58%,21.61%
"4609","4609. 파크타워 104동 앞",4018,9.76%,16.90%,36.61%
"2347","2347. 두산건설 본사",4017,6.32%,35.90%,15.93%
"5779","5779. 나래교",4000,27.98%,13.63%,22.70%
"4610","4610. 한남나인원 105동 앞",3977,4.27%,23.11%,27.56%
"1728","1728. 서울북부지방법원",3975,10.16%,35.45%,15.97%
"1427","1427. 용마산역 1번출구",3965,7.64%,27.29%,26.05%
"3134","3134.SK리쳄블(서울아리수본부)",3957,30.05%,14.94%,22.72%
"3616","3616. 역삼중학교 앞(체육관 방향)",3954,14.37%,17.50%,24.63%
"2281","2281. 서울교통공사 사당별관 건너편",3950,23.62%,14.68%,21.06%
"3654","3654. 강동리버스트4단지아파트 405동 앞",3946,14.19%,10.62%,30.56%
"5773","5773. 송파시그니처롯데캐슬",3937,27.94%,12.14%,27.46%
"1864","1864.산호시티빌 옆",3931,23.17%,14.37%,24.04%
"3426","3426.독립문역 2번출구 뒤",3927,39.78%,10.70%,20.55%
"1263","1263. 장지공영차고지",3917,17.46%,12.36%,18.18%
"4098","4098.창동역 1번출구 인근",3899,7.77%,20.70%,27.85%
"4676","4676. 갈현1동 주민센터",3897,14.42%,13.29%,22.30%
"1546","1546. 송천동우체국",3896,7.01%,17.97%,22.95%
"4830","4830. 신내 우디안 111동 앞",3892,29.42%,9.48%,24.15%
"1366","1366. 일신초등학교 옆",3881,16.49%,12.21%,30.95%
"1646","1646. 삼육대 입구",3880,14.46%,11.60%,24.12%
"1347","1347. 길음래미안아파트817동 상가 앞",3853,15.57%,8.75%,27.49%
"4937","4937.개포래미안포레스트 126동 앞",3847,25.37%,11.54%,25.76%
"1542","1542. 삼양사거리역",3846,9.57%,11.52%,25.85%
"173","173. 서대문역 8번출구 앞",3840,17.60%,27.66%,14.48%
"1386","1386.동선고가차도 초입",3839,14.59%,11.83%,28.63%
"295","295.영등포공원 분수대 앞",3833,32.51%,12.50%,24.24%
"2092","2092.흑석한강푸르지오(110동)",3833,23.25%,10.15%,23.64%
"6187","6187.마곡119안전센터 맞은편",3832,31.50%,13.23%,15.61%
"1943","1943. 온수역 북측",3826,5.80%,20.62%,25.56%
"2609","2609. 보성중고등학교 후문 앞",3825,22.20%,12.55%,10.61%
"1679","1679. 삼육대 도서관",3821,3.59%,16.62%,22.40%
"3114","3114.충정로역 3번 출구",3815,16.78%,16.15%,24.69%
"2305","2305. MCM 본사 직영점 앞",3798,2.24%,50.24%,12.74%
"2363","2363. 강남 을지병원 교차로",3798,4.61%,26.04%,23.28%
"1188","1188. 롯데중앙연구소",3789,8.10%,45.82%,13.06%
"1038","1038. 강일 다솜 어린이 공원",3788,18.53%,13.25%,24.05%
"1525","1525. 미아동 복합청사",3779,17.73%,18.97%,20.93%
"1819","1819. 금천구청 앞 자전거거치대",3773,8.98%,20.54%,19.67%
"4908","4908. SB타워 앞",3761,3.11%,34.41%,19.81%
"2065","2065. 서울시여성가족재단",3748,17.88%,12.57%,22.81%
"857","857. 현대 안성타워",3740,2.59%,28.37%,27.46%
"3813","3813. 낙성대역 5번출구",3734,8.36%,17.49%,29.67%
"5100","5100. 강서도로사업소",3733,8.63%,40.32%,11.25%
"2406","2406. 논현동 광명빌딩 앞",3732,3.40%,28.64%,21.62%
"4277","4277. 서대문우체국 정류소 옆",3722,14.05%,15.96%,26.87%
"435","435. SK 남산빌딩",3705,15.09%,20.22%,19.62%
"4903","4903. 신사스퀘어",3704,3.78%,27.51%,25.51%
"442","442.서울역 서부",3698,25.77%,15.95%,24.55%
"1058","1058. 고덕숲 아이파크 1",3696,20.64%,12.18%,27.14%
"4882","4882. 위례포레샤인18단지 1802동",3694,18.44%,13.24%,23.90%
"1761","1761.방학중학교 앞",3693,20.99%,13.76%,24.05%
"4248","4248. 신촌 교보빌딩",3693,7.23%,17.52%,30.52%
"2398","2398. 더라움",3689,11.85%,22.80%,21.42%
"2371","2371. 한국우편사업진흥원",3688,9.57%,24.84%,22.07%
"3688","3688. 상일동산(동아아파트앞 교차로)",3686,18.83%,17.63%,22.98%
"3973","3973. 독산2동주민센터 앞",3683,27.59%,9.37%,23.30%
"4668","4668. 기자촌사거리 B",3682,11.49%,18.98%,28.03%
"1703","1703. 도봉산광역환승센터앞",3676,4.41%,27.53%,27.01%
"2203","2203. 청계산입구역 2번출구",3674,4.95%,23.27%,26.59%
"4490","4490. 송파파인타운 10단지 1005동",3667,20.81%,10.74%,27.11%
"1558","1558.강북문화정보도서관",3653,12.26%,17.22%,31.97%
"1466","1466.두산대림아파트 삼거리",3633,8.56%,16.49%,29.18%
"524","524. 래미안금호하이리버 아파트 102동 옆",3631,19.69%,12.64%,26.08%
"4827","4827. 신내SK V1센터 앞",3614,7.64%,52.74%,10.68%
"3661","3661. 명일동신동아아파트 앞",3607,16.38%,14.67%,22.71%
"2310","2310. 청담동 맥도날드 옆(위치)",3605,5.83%,26.38%,23.16%
"4153","4153. 흑석동효사정앞",3605,14.79%,15.26%,29.24%
"4132","4132. 이문삼익아파트 앞",3603,24.48%,8.88%,26.59%
"4103","4103. 휘경sk뷰아파트 앞",3601,12.44%,17.52%,29.66%
"470","470.회현역 7번출구",3598,14.79%,25.65%,21.60%
"4351","4351.서울AI허브 앞",3597,4.31%,32.22%,17.57%
"4768","4768. 서울도시건축전시관",3593,29.36%,20.62%,14.81%
"3910","3910. 목양전원교회 앞 로터리",3559,14.53%,12.28%,28.43%
"978","978.녹번 힐스테이트상가앞",3541,10.22%,21.10%,26.66%
"1951","1951. 천왕이펜하우스 4단지 후문",3541,24.37%,13.02%,26.89%
"5785","5785.한림연예예술고등학교",3541,19.88%,11.92%,22.28%
"1823","1823. W컨템포오피스텔앞",3517,21.18%,14.93%,19.22%
"139","139. 연세대 정문 건너편",3508,13.48%,20.24%,19.07%
"4667","4667. 폭포동입구 교차로",3504,12.81%,15.44%,25.40%
"608","608. 전농삼성아파트",3499,23.81%,11.95%,23.21%
"1756","1756.서울북부광역등기국",3499,9.52%,17.20%,24.58%
"3109","3109.북한산더샾 106동 앞",3493,10.31%,13.28%,27.05%
"616","616. 서울시립대 정문 앞 A",3468,8.04%,13.78%,22.09%
"3923","3923. 구로공구상가 앞",3463,6.90%,24.49%,17.21%
"1007","1007.암사동 선사유적지",3458,5.21%,11.22%,40.66%
"5504","5504.아현교회",3453,12.34%,25.95%,21.17%
"2235","2235.KT 서초지사 앞",3442,9.36%,27.63%,19.44%
"3974","3974.  안천중학교",3433,31.40%,8.83%,18.64%
"5507","5507. 아현래미안푸르지오아파트 104동 앞",3433,29.48%,7.89%,26.94%
"4781","4781. 브라운스위트레지던스",3430,28.51%,22.19%,19.24%
"2226","2226. 신동아럭스빌아파트 앞",3429,7.73%,38.06%,20.18%
"4240","4240. 아현문화건강센터",3428,24.07%,13.80%,23.10%
"2088","2088.상도중앙하이츠빌 입구",3427,25.01%,10.65%,25.04%
"3530","3530. 왕십리자이아파트 후문(삼거리)",3427,23.05%,8.70%,25.77%
"352","352. 중앙고입구 삼거리",3419,16.29%,19.25%,26.32%
"4956","4956. 암사역사공원역 1번출구",3419,18.31%,16.93%,29.83%
"6062","6062.서울역파출소",3419,32.79%,15.68%,24.31%
"1979","1979. 구로1동우체국 앞",3414,26.27%,8.85%,24.17%
"4925","4925. 청담백영빌딩 앞",3414,5.80%,27.09%,21.27%
"4177","4177. 롯데캐슬 101동 앞",3413,23.23%,8.76%,27.51%
"2143","2143. 서울산업정보학교",3412,12.66%,18.61%,28.87%
"2649","2649.오금공원사거리2",3402,12.79%,16.43%,29.16%
"3703","3703. 삼양입구사거리",3400,17.47%,11.91%,26.76%
"3622","3622. 은마아파트입구 사거리(1)",3394,5.92%,17.94%,29.14%
"4454","4454. 위례 포레샤인 1809동 부근",3332,17.59%,11.01%,27.94%
"1365","1365. 선잠단지 앞",3329,17.78%,9.07%,28.81%
"410","410. 상암중학교 옆",3321,8.94%,18.52%,27.04%
"2659","2659.서울친환경유통센터",3304,31.66%,9.14%,17.31%
"2817","2817.천왕이펜하우스5단지 앞",3292,11.82%,16.89%,22.42%
"830","830. 강변삼성스위트아파트 앞",3277,26.03%,17.82%,23.59%
"928","928. 은평역사한옥박물관",3275,12.18%,17.95%,36.58%
"6173","6173. 서울자동차운전전문학원",3263,7.02%,26.02%,18.36%
"5852","5852. 대림동현대2차 201동 앞",3261,16.31%,12.39%,26.31%
"3659","3659. 명일초등학교 옆",3251,12.46%,18.24%,24.55%
"4519","4519. 양원보도육교",3249,11.17%,8.09%,7.05%
"5879","5879. 국회도서관 2문 앞",3230,3.99%,35.42%,17.99%
"4802","4802. 새우개마을",3227,33.44%,23.43%,16.55%
"5892","5892.국회의사당본관 좌측",3227,7.25%,46.54%,7.90%
"5334","5334. 화랑대역 3번출구",3222,13.35%,21.29%,20.02%
"2533","2533.한가람미술관 앞",3215,4.23%,26.66%,27.90%
"4304","4304. 서울고앞",3211,17.75%,17.63%,26.81%
"2350","2350. 래미안그레이튼102동앞",3209,12.06%,21.69%,21.78%
"1379","1379.길음뉴타운푸르지오아파트 3단지",3196,37.17%,5.79%,25.81%
"3427","3427.인왕산 아이파크 정문",3195,35.34%,14.43%,19.22%
"827","827. 국군복지단",3187,4.11%,31.38%,6.84%
"4939","4939.도산공원",3186,6.09%,24.95%,23.26%
"1357","1357. 북한산보국문역",3184,11.56%,13.32%,28.64%
"1377","1377. 한국과학기술연구원 북문",3183,6.60%,38.42%,13.89%
"2401","2401. 밀알학교 입구 (삼성서울병원 입구)",3180,18.02%,13.40%,28.24%
"3652","3652. 한영외국어고등학교",3173,23.54%,15.03%,21.46%
"4319","4319. 삼성전자R&D어린이집 뒤",3159,11.93%,28.30%,14.94%
"6053","6053. 중부세무서 앞",3158,7.28%,20.96%,20.68%
"1376","1376. 한국과학기술연구원 중문",3151,1.11%,39.51%,9.52%
"2625","2625.가락종합 사회복지관",3145,30.21%,12.85%,23.15%
"2421","2421. 신논현역 4번출구",3144,10.78%,19.85%,28.44%
"534","534. 금호사거리",3142,17.00%,11.01%,31.70%
"3532","3532. 왕십리KCC스위첸아파트",3139,36.44%,7.23%,18.38%
"1314","1314. 정릉꿈에그린1단지 201동 앞",3112,18.70%,10.80%,25.39%
"1316","1316. 고려사대부속중고 건너편",3107,6.95%,16.90%,23.85%
"967","967. 서울혁신파크2",3101,4.06%,23.96%,26.51%
"1857","1857. 주공14단지",3098,38.80%,10.30%,21.40%
"4608","4608. 국립중앙박물관 정문 앞",3088,3.24%,23.64%,33.45%
"2129","2129. 낙성대 과학전시관",3087,6.90%,20.34%,26.82%
"4928","4928. 교수마을 입구",3083,13.98%,22.06%,22.51%
"5767","5767. 북위례2",3074,19.65%,10.57%,28.82%
"2383","2383. 보금자리정원",3066,16.60%,16.11%,27.43%
"2223","2223. 방배래미안 정문 앞",3060,6.37%,17.71%,28.30%
"1477","1477.면목삼익아파트 앞",3057,10.60%,15.77%,31.96%
"4333","4333. 서울고등학교 건너편",3041,22.72%,16.24%,24.27%
"2425","2425.세곡동 사거리(대왕초등학교 정류장)",3037,13.37%,16.46%,26.37%
"1731","1731. 도봉고등학교 맞은편",3030,10.83%,13.50%,30.13%
"4088","4088. 김근태도서관",3029,5.02%,14.56%,35.56%
"3637","3637. 세곡데이케어센터",3025,21.12%,11.80%,24.23%
"3624","3624. 대모산입구역 7번 출구 앞",3017,20.32%,11.47%,29.23%
"2037","2037. 동작역 5번출구 동작주차공원",3009,4.35%,19.08%,39.45%
"4327","4327. 몽마르뜨공원입구",3005,13.01%,21.80%,25.76%
"1053","1053. 동명근린공원 진입로 (아리수로)",2993,19.61%,15.14%,22.89%
"5889","5889.의원회관출입구 앞",2984,5.29%,30.06%,16.42%
"3111","3111.무악재역 4번 출구",2978,15.48%,18.37%,25.92%
"1039","1039. 고덕초등학교",2976,25.34%,12.77%,26.65%
"2159","2159. 인헌초교",2973,6.59%,11.00%,33.97%
"483","483.남산타운아파트 버스정류장",2971,10.64%,15.95%,33.39%
"1410","1410. 면목 대원칸타빌아파트",2965,16.96%,10.12%,30.89%
"2248","2248. 서초리슈빌S 글로벌 앞",2965,30.35%,13.63%,21.79%
"1842","1842. 한울중학교",2951,32.12%,6.03%,18.87%
"196","196. 연희교차로 인근",2937,15.63%,14.88%,26.05%
"2386","2386. 크린랩 본사",2936,16.01%,23.81%,23.77%
"1352","1352. e 편한세상 보문아파트 내",2933,22.50%,13.50%,26.56%
"4180","4180. 흑석동주민센터 입구",2931,18.76%,10.44%,29.82%
"4583","4583. 의정관",2930,11.43%,42.15%,9.04%
"3100","3100. 북성초교",2927,12.50%,16.13%,26.75%
"1675","1675. 월계문화체육센터",2924,18.16%,14.43%,13.17%
"2269","2269. 주홍교 하부",2924,13.37%,19.84%,27.39%
"4271","4271. 충정로역 1번 출구",2921,14.28%,24.92%,26.40%
"1504","1504. 삼양시장오거리",2915,9.71%,15.20%,26.86%
"522","522. 금호역 1번출구 앞",2909,7.22%,20.63%,25.99%
"4461","4461. 한양3차아파트 3동 앞",2906,17.34%,14.93%,30.35%
"3902","3902. 항동지구5단지 501동 앞",2902,21.61%,10.61%,27.84%
"947","947. 연신내 선일하이츠빌 정류소",2894,20.08%,12.75%,26.02%
"5331","5331. 공릉동 풍림아파트 112동 앞",2893,31.01%,15.38%,18.63%
"1820","1820. 신한은행 시흥대로금융센터지점",2890,17.20%,18.69%,19.86%
"3563","3563.구의7단지현대아파트",2879,29.35%,13.44%,28.41%
"994","994.북한산생태공원입구(교통섬)",2865,17.45%,15.29%,25.24%
"1037","1037. 강일리버파크 6단지",2847,18.26%,11.10%,27.12%
"3915","3915. 동선아파트 앞",2843,8.62%,11.43%,31.62%
"2249","2249. 우솔초등학교 맞은편",2837,31.44%,13.36%,23.72%
"2184","2184. 구암초등학교 버스정류장",2834,16.94%,10.90%,30.56%
"1620","1620. 중계구민체육센터",2828,9.30%,13.33%,29.67%
"3555","3555.양지사거리(센트라스APT 115동앞)",2815,23.30%,11.72%,24.55%
"3804","3804. 낙성대공원",2800,1.96%,13.00%,52.46%
"1393","1393.돈암육교 하단",2796,12.45%,11.09%,24.57%
"1304","1304. 만해공원",2777,17.07%,13.50%,28.92%
"3117","3117.이화여대 인문관 인근",2777,7.81%,21.50%,18.37%
"4915","4915. 영동중앙교회 버스정류장",2775,16.14%,24.58%,16.40%
"1424","1424. 양원역 2번출구",2770,8.70%,22.45%,23.07%
"600","600. 휘경2동 주민센터",2763,9.37%,12.05%,24.18%
"569","569. 응봉현대아파트 정류소",2761,15.36%,13.58%,33.14%
"3503","3503. 광진유진스웰",2761,12.35%,20.86%,28.25%
"4883","4883. 위례포레샤인18단지 1812동",2757,18.57%,12.08%,26.55%
"1353","1353. 금호어울림센터힐 내",2756,25.91%,8.42%,31.79%
"3561","3561.행당동 삼부APT후문",2752,4.47%,19.55%,28.52%
"432","432. 마포중앙도서관",2745,6.05%,23.06%,29.84%
"4310","4310. 염곡동(염통골) 입구",2741,18.35%,16.71%,18.83%
"4479","4479. 문정중학교",2722,26.05%,8.56%,26.60%
"1541","1541. 삼양역",2706,6.54%,14.82%,27.72%
"4672","4672. 준빌딩 앞",2694,13.25%,13.92%,27.28%
"3431","3431.로제우스 레포츠센터",2682,8.61%,21.22%,29.05%
"4324","4324. 세화고등학교",2676,2.50%,18.83%,26.68%
"4911","4911. 도곡동 골프 로데오거리",2672,17.81%,20.92%,20.13%
"2804","2804.항동지구 6단지 602동 앞",2671,10.33%,12.73%,34.37%
"2318","2318. 삼성중앙역4번출구(문화센터더 리빌)",2670,13.30%,22.85%,22.40%
"1344","1344. 아리랑시네센터 앞",2662,6.42%,16.68%,32.12%
"4919","4919. 학여울역사거리(은마아파트)",2645,19.66%,14.03%,30.25%
"1847","1847. 독산주공 14단지 버스정류소",2643,22.21%,28.76%,23.87%
"4959","4959. 암사역사공원역 3번출구",2642,33.50%,22.71%,14.35%
"1422","1422. 신내우디안아파트 1단지",2638,4.25%,24.30%,24.94%
"3766","3766. 강서문화센터",2622,33.68%,9.34%,22.81%
"3924","3924. 오류동 계림웨스트밸리 앞",2620,22.60%,12.98%,20.31%
"4613","4613. 서울갤러리아 앞",2617,2.75%,20.41%,36.45%
"1392","1392.돈암삼성풍림아파트",2609,21.77%,8.13%,25.83%
"1342","1342. 성북쉼터 앞",2604,21.16%,12.25%,24.73%
"1463","1463.중랑구민회관",2602,12.61%,12.30%,23.71%
"2516","2516.본마을 노인복지센터 앞",2574,12.12%,16.05%,32.79%
"3701","3701. 방아삼거리",2565,4.25%,12.36%,35.01%
"3806","3806. 낙성대 교수아파트",2562,9.48%,19.71%,26.97%
"977","977.신도중학교앞",2551,17.44%,15.80%,27.68%
"297","297.국회3문",2522,19.23%,27.00%,22.76%
"3531","3531. 논골사거리(금호도서관 입구)",2519,18.70%,10.40%,32.12%
"449","449. 일성아파트",2513,18.62%,13.65%,25.98%
"1467","1467.sk신내 주유소앞(용마산로)",2498,4.72%,16.41%,28.98%
"451","451. 청와대앞길",2497,7.85%,23.11%,31.32%
"443","443.호암아트홀",2477,24.02%,35.61%,8.16%
"4305","4305. 서일스포츠센터",2476,23.14%,14.82%,23.91%
"855","855.이촌역5번출구 앞",2475,9.98%,20.93%,33.94%
"1435","1435. 능산삼거리",2468,16.29%,11.63%,25.81%
"1315","1315. 고려사대부속중고 정문",2460,7.24%,15.12%,28.82%
"973","973.제각말푸르지오 5-1단지 아파트",2443,16.17%,14.20%,29.35%
"2334","2334. 삼호아파트 2동 ( 간선도로)",2433,14.76%,19.11%,14.10%
"1459","1459. 용마한신아파트사거리",2427,13.43%,10.01%,28.97%
"1006","1006. 롯데캐슬 115동앞",2423,15.93%,16.34%,26.00%
"3620","3620. 청담역 11번 출구",2422,33.73%,16.52%,18.91%
"5339","5339. 은빛1단지 아파트 앞",2422,10.49%,15.40%,25.56%
"859","859.남산공원 야외식물원 앞",2416,7.08%,17.88%,31.42%
"2519","2519.서초2교(사임당로 방면)",2416,23.10%,16.31%,22.68%
"4623","4623. 라인프랜즈이태원점 앞",2403,4.12%,19.39%,32.17%
"4845","4845. 신내역금강펜테리움센트럴파크",2398,20.98%,19.77%,21.64%
"4538","4538. 양천공영차고지",2390,6.82%,18.28%,20.17%
"4417","4417. 성북청소년문화의집",2367,15.46%,12.59%,24.12%
"2041","2041. 사당중학교 버스정류소",2360,17.58%,10.30%,29.24%
"2532","2532.국립국악원 앞",2339,10.73%,33.90%,20.91%
"161","161. 무악재역1번 출구",2338,14.67%,17.71%,30.71%
"4881","4881. 거여동사거리 송파둘레길 입구",2331,19.48%,15.27%,25.87%
"3970","3970. 시흥4동주민센터 앞",2329,35.77%,7.04%,20.01%
"3629","3629. 청담사거리(신한오피스텔빌딩 앞)",2326,3.53%,30.05%,21.37%
"4879","4879. 마천청소년센터",2322,19.68%,10.55%,27.82%
"4473","4473. 마천금호어울림 1차 102동앞",2311,18.82%,12.20%,29.90%
"5897","5897.여의도공작아파트",2292,5.67%,31.28%,32.29%
"2040","2040. 비계 버스정류소",2285,12.60%,10.37%,32.17%
"4611","4611. 국제루터교회 앞",2281,8.42%,20.43%,26.26%
"127","127. 현대벤처빌 앞",2265,9.98%,18.50%,26.31%
"4158","4158. 노량진근린공원",2265,18.32%,11.88%,26.67%
"1866","1866.서울안천초등학교 옆",2248,12.46%,19.53%,23.93%
"3418","3418.창신역2번 출구",2242,24.40%,10.84%,23.86%
"1101","1101. 상사마을 버스정류장(아라대교방면)",2236,18.02%,18.69%,21.51%
"2165","2165. JK장평타워",2223,5.49%,17.68%,29.51%
"4021","4021. 중계본동 입구",2216,20.08%,12.73%,25.81%
"1573","1573.현대성우아파트 옆",2202,17.80%,9.36%,30.15%
"1370","1370. 복자사랑 피정의 집",2198,18.38%,9.19%,34.08%
"938","938. 금암 문화공원",2190,10.23%,17.99%,31.00%
"2536","2536.서초AICT 우수기업센터 앞",2161,12.36%,24.85%,15.41%
"1861","1861.IBK기업은행 석수역 지점 앞",2155,7.42%,24.97%,28.31%
"4323","4323. 내곡도서관",2146,6.01%,16.96%,29.73%
"4584","4584. 국회2문",2131,9.71%,37.73%,14.36%
"681","681.서울특별시 동부교육지원청(육교)",2099,16.72%,17.01%,19.15%
"1418","1418. 새솔초등학교",2084,26.15%,8.78%,23.85%
"4916","4916. 청담역 1번출구",2082,14.55%,19.02%,26.22%
"2079","2079.중앙대학교 중앙광장",2073,13.84%,15.82%,25.76%
"992","992.북한산입구 정류장",2066,4.36%,11.81%,45.06%
"2807","2807.항동지구 1단지 105동 앞",2063,11.34%,15.90%,30.44%
"200","200. 국회의원회관",2060,12.28%,38.79%,5.05%
"974","974.연신초등학교옆 마을마당",2059,18.99%,13.36%,27.73%
"4421","4421. 롯데캐슬클라시아 입구 앞",2059,15.78%,19.82%,27.88%
"4681","4681.박석고개(은평소방서) 앞",2050,14.54%,15.56%,26.15%
"2257","2257. 청계산 입구 삼거리",2048,1.95%,38.82%,22.36%
"3401","3401.창신두산아파트",2039,39.23%,10.79%,22.90%
"3428","3428.서울미술관",2021,19.59%,13.51%,33.60%
"3911","3911. 항동하버리안2단지아파트 후문",2016,14.43%,13.14%,29.86%
"465","465. 삼청공원 앞",2007,18.63%,24.46%,21.97%
"2078","2078.흑석 아크로리버하임(103동)",1996,10.07%,18.59%,29.01%
"1730","1730. 도봉산역 교차로 앞",1993,2.11%,24.94%,28.00%
"4936","4936. SK텔레콤(T1) 인근",1992,11.40%,26.41%,21.94%
"3720","3720. 우이천 창번교",1991,16.42%,18.13%,29.18%
"2808","2808.항동지구 2단지 202동 앞",1988,14.08%,13.68%,27.62%
"2199","2199.신봉천주유소 A",1987,10.02%,15.25%,30.15%
"2093","2093.상도SH빌아파트 입구",1966,11.44%,12.92%,28.64%
"2225","2225.백석예술대학교 제3캠퍼스 앞",1964,10.18%,42.82%,17.97%
"2806","2806.항동지구 4단지 입구",1957,24.94%,12.31%,27.13%
"3539","3539. 서원마을",1943,13.59%,23.93%,33.56%
"1445","1445. 용마지구대 A",1940,15.31%,14.90%,25.57%
"2207","2207. 내곡파출소 뒤 정자",1940,17.06%,24.18%,20.67%
"1513","1513. 강북구청 뒷편",1939,6.45%,16.76%,27.80%
"1836","1836. 금천구립 독산도서관",1928,19.87%,17.01%,23.08%
"2814","2814.항동지구 10단지 1001동 앞",1927,40.94%,9.50%,25.74%
"1250","1250.문정2동 주민센터",1923,16.59%,11.28%,23.19%
"4336","4336. 서울교육청 교육연수원 앞",1919,6.46%,39.86%,12.56%
"1283","1283. 오금공원 사거리",1889,13.18%,16.78%,29.12%
"1453","1453. 중랑캠핑숲",1856,23.28%,12.98%,23.28%
"1971","1971. 오정초교 앞 보도육교",1848,5.63%,16.40%,22.35%
"921","921. 신도고등학교",1843,12.86%,19.26%,26.91%
"3429","3429.HW컨벤션센터 앞",1838,26.44%,10.45%,29.76%
"2354","2354. 청담역 2번출구",1815,12.67%,20.50%,30.52%
"3714","3714. 송천센트레빌",1803,17.53%,9.48%,27.90%
"5308","5308. 상계신동아아파트",1788,11.19%,10.96%,37.08%
"3610","3610. 윗반마을 입구",1777,8.67%,21.89%,34.44%
"4942","4942.율현삼거리",1765,4.14%,21.64%,26.97%
"4760","4760. 서울역 7번출구",1755,8.32%,28.72%,16.01%
"945","945. 기자촌 사거리 A",1752,16.84%,15.98%,27.85%
"2130","2130. 영어마을 관악캠프",1751,5.71%,18.05%,31.47%
"854","854.HID 유족동지회 앞",1734,3.17%,17.76%,37.02%
"1242","1242. 문정 법조단지6",1719,16.06%,29.20%,20.83%
"2068","2068. 총신대 앞(육교)",1702,16.33%,19.80%,22.21%
"2284","2284. CJ오쇼핑앞",1699,4.06%,33.73%,22.60%
"725","725. 양강중학교앞 교차로",1688,12.26%,14.93%,30.81%
"1538","1538. 솔밭공원역",1687,8.24%,12.39%,31.54%
"4772","4772. 중앙일보",1685,5.64%,42.55%,10.62%
"4617","4617. 동원베네스트 건너편",1681,19.45%,13.62%,23.80%
"1550","1550.삼각산아이원아파트(105동 옆)",1642,30.02%,7.80%,29.23%
"1572","1572. 우이동 먹거리마을",1623,8.75%,14.23%,39.56%
"5880","5880. 국회박물관",1616,2.10%,23.70%,7.80%
"3648","3648. 구룡역 4번 출구",1609,6.15%,21.01%,28.09%
"1855","1855. 성지아파트 옆 도로변",1608,14.55%,12.50%,23.57%
"5888","5888.여의도성당",1600,6.63%,40.25%,24.50%
"3003","3003.래미안신공덕3차아파트",1579,29.83%,8.80%,27.36%
"968","968. 은평뉴타운 상림마을 13단지",1577,23.84%,7.86%,25.43%
"564","564. 금호역 3번출구",1550,8.58%,10.26%,34.00%
"4178","4178. 이수성결교회 옆",1542,6.42%,17.64%,33.79%
"6185","6185.가양나들목",1526,14.61%,11.34%,34.86%
"4612","4612. 이태원로 255",1479,3.18%,16.50%,35.56%
"1969","1969. 궁동생태공원",1478,9.07%,13.19%,27.67%
"4309","4309. 서초케이타운앞",1476,7.52%,13.69%,26.63%
"3940","3940.삼각어린이공원 앞",1473,27.63%,11.88%,22.74%
"3404","3404.서울특별시 중부교육지원청",1466,16.10%,21.49%,12.69%
"2809","2809.항동지구 11단지 1103동 앞",1463,13.47%,14.42%,35.41%
"447","447. 신영동삼거리",1461,11.16%,14.99%,27.79%
"969","969. 은평 지웰테라스",1459,19.95%,7.54%,21.80%
"3937","3937. 개봉역 신영지웰에스테이트",1450,25.86%,17.31%,25.66%
"966","966. 서울혁신파크1",1448,7.11%,28.38%,28.31%
"1066","1066.생태공원앞 교차로(조명탑)",1447,18.31%,17.21%,30.13%
"486","486. 평창동주민센터 앞",1440,7.01%,17.92%,31.74%
"2805","2805.구로자원순환센터",1428,8.75%,12.75%,35.57%
"4690","4690.은평뉴타운폭포동 힐스테이트4단지",1408,16.26%,14.77%,35.65%
"4782","4782. 서소문역사공원",1406,18.28%,31.72%,15.43%
"5786","5786.문정로데오거리입구",1397,11.74%,21.12%,29.35%
"4896","4896. 송파레이크힐",1352,26.26%,18.34%,18.27%
"5601","5601.감정평가사회관앞",1343,8.94%,25.32%,27.92%
"4099","4099.창동역 이마트 건너편",1288,8.31%,16.30%,28.18%
"381","381. 장충체육관",1286,8.55%,20.22%,25.58%
"4044","4044. 공릉산 백세문 입구",1278,11.74%,11.89%,39.83%
"2506","2506. LG유플러스 (방배사옥)",1261,4.04%,28.95%,22.28%
"2508","2508. 양재이스타빌 앞",1256,14.09%,25.24%,24.28%
"937","937. 상림마을 롯데캐슬2단지 옆",1254,5.98%,13.64%,41.39%
"1723","1723. 방학동학마을도서관",1245,11.33%,21.29%,29.16%
"3972","3972. 산기슭공원 앞",1238,31.91%,7.19%,22.37%
"5898","5898.당산역 1번출구",1236,5.58%,28.32%,25.24%
"4348","4348. 사당역 1번출구",1207,16.32%,24.52%,18.48%
"991","991.흥국사 정류장",1195,8.87%,11.88%,35.90%
"2541","2541.옛골 입구",1173,17.48%,19.10%,32.57%
"5337","5337. 태강릉 앞",1169,5.30%,16.00%,40.55%
"4777","4777. 약수동 주민센터",1160,10.00%,14.14%,32.33%
"4334","4334. 인재개발원 데이터센터",1152,4.08%,24.13%,17.45%
"2096","2096.서울특별시 동작관악교육지원청",1132,31.45%,13.16%,21.47%
"2810","2810.항동지구 3단지 311동 앞",1128,15.60%,16.05%,36.26%
"429","429. 송도병원",1105,18.19%,9.32%,34.12%
"523","523. 옥수동성당 옆",1080,7.50%,14.72%,32.96%
"2392","2392. 구룡산 입구 (구룡산 서울둘레길 입구)",1072,22.85%,18.28%,22.48%
"3781","3781. 강서아동복지센터",1072,8.96%,20.34%,23.60%
"1822","1822. 서울 시흥동우체국 앞",1021,20.37%,16.75%,25.37%
"556","556. 달맞이공원",1019,4.91%,20.61%,38.08%
"2289","2289. 남태령역 2번출구",1017,14.85%,25.57%,19.86%
"4523","4523. 구립양천어르신요양센터",983,13.94%,15.46%,34.79%
"4337","4337. 우면산등산로 입구",978,9.82%,38.96%,19.12%
"3787","3787. 가양나들목",964,6.02%,17.74%,37.76%
"2813","2813.항동지구 3단지 302동 앞",928,37.82%,8.73%,25.43%
"2816","2816.항동지구 8단지 803동옆(주차장입구)",916,17.47%,16.48%,24.89%
"5320","5320. 국제 스케이트장",869,5.29%,16.92%,26.24%
"4644","4644.서울특별시교육청 앞",838,14.80%,11.58%,30.67%
"4944","4944.젠빌딩",807,17.72%,23.79%,20.69%
"1678","1678. 성서대학교 밀알관",774,16.02%,24.55%,10.34%
"3878","3878. 장로회신학대학교 주기철 기념관",762,2.76%,21.52%,27.82%
"4322","4322.서울추모공원 입구",743,6.06%,18.84%,24.09%
"2288","2288. 안골마을입구",673,14.86%,15.16%,28.53%
"4415","4415. 미아초교버스승강장",643,12.91%,14.15%,28.30%
"4968","4968.강동구 자원순환센터",634,3.00%,32.33%,30.60%
"2287","2287. 능안마을입구",606,4.62%,39.11%,8.25%
"3971","3971. 순흥안씨묘 건너편",598,23.58%,13.55%,22.74%
"2064","2064. 흑석한강푸르지오 106동앞",575,33.22%,5.57%,21.39%
"3968","3968. 독산동 현대홈타운 금천과선교 앞",572,24.48%,11.71%,25.17%
"5327","5327. 태릉선수촌 앞",555,3.78%,21.98%,27.39%
"4363","4363. 신금호역 2번출구 앞",540,6.30%,17.78%,30.37%
"1680","1680. 삼육대 제3과학관",504,2.18%,21.03%,18.45%
"1280","1280. 송파파크데일 2단지입구 앞 주차장",481,17.46%,11.64%,23.28%
"4343","4343. 헌인릉 입구",481,25.16%,16.01%,24.32%
"3527","3527. 왕십리 자이아파트(101동 앞)",406,18.72%,13.30%,28.08%
"4933","4933. 디에이치퍼스티어아이파크 159동 앞",343,19.53%,9.33%,31.49%
"3430","3430.구기치안센터 앞",330,7.58%,17.27%,36.06%
"4338","4338.새정이마을버스정류장 앞",330,9.39%,9.70%,39.09%
"2286","2286. 탑성마을입구",320,30.00%,12.81%,21.56%
"2391","2391. 구룡터널 입구(개포1단지아파트)",312,20.51%,29.17%,28.21%
"2314","2314. 청담나들목입구",260,11.15%,18.85%,25.00%
"2612","2612. 광평교사거리 인근",197,3.55%,12.18%,34.52%
"9980","AS센터",134,7.46%,22.39%,0.75%
"1362","1362. 보문역6번출구 앞",30,6.67%,10.00%,43.33%
"2007","2007. 유한양행앞",27,11.11%,25.93%,0.00%
"1845","1845. 롯데캐슬골드파크1차 서문",7,28.57%,14.29%,28.57%
"3605","3605. 봉은사역6번출구(현대아이파크타워앞)",5,0.00%,40.00%,0.00%
"1721","1721. 창동역 2번출구",4,0.00%,50.00%,0.00%
"2135","2135. 신림역 5번출구",4,0.00%,0.00%,0.00%
"3305","3305.낙성대역 8번 출구",4,0.00%,50.00%,0.00%
"3779","3779. 유광사여성병원",4,0.00%,75.00%,0.00%
"5855","5855. 하이투자증권 앞",4,0.00%,0.00%,50.00%
"211","211. 여의도역 4번출구 옆",3,0.00%,0.00%,66.67%
"2322","2322. 삼성역 3번 출구",3,0.00%,0.00%,100.00%
"5854","5854. 신한금융투자 앞",3,0.00%,0.00%,66.67%
"764","764. 목동청소년수련관",2,0.00%,0.00%,50.00%
"212","212. 여의도역 1번출구 옆",1,0.00%,0.00%,0.00%
"253","253. 신풍역 5번출구 인근",1,0.00%,0.00%,0.00%
"1026","1026. 대명초교 입구 교차로",1,100.00%,0.00%,0.00%
"2113","2113. 관악동작견인차량보관소",1,0.00%,100.00%,0.00%
"2355","2355. 삼성역 5~6번 출구 사이",1,0.00%,0.00%,0.00%
"3603","3603. 삼성역 2번출구",1,0.00%,0.00%,100.00%
"3621","3621. 휘문고교 사거리",1,0.00%,0.00%,100.00%
