대여소번호,대여소명,전체이용건수,평일출근건수,평일퇴근건수,주말이용건수,평일퇴근비중(%),주말비중(%),Cluster_4Counts,Cluster_Original4
102,102. 망원역 1번출구 앞,37930,4114.0,6742.0,10634.0,17.774848404956497,28.035855523332454,2,2
103,103. 망원역 2번출구 앞,28606,1709.0,5026.0,9560.0,17.56974061385723,33.41956232958121,3,1
104,104. 합정역 1번출구 앞,17065,1446.0,3826.0,4402.0,22.420158218576034,25.795487840609432,3,3
105,105. 합정역 5번출구 앞,9733,548.0,2061.0,2892.0,21.175382718586253,29.713346347477653,1,1
106,106. 합정역 7번출구 앞,25910,1267.0,4984.0,9416.0,19.23581628714782,36.34118101119259,3,1
107,107. 수협 연남동지점,16013,1509.0,3682.0,3812.0,22.99381752326235,23.80565790295385,3,3
108,108. 서교동 사거리,14995,367.0,3233.0,4796.0,21.560520173391133,31.983994664888293,3,1
111,111. 상수역 2번출구 앞,18851,852.0,3158.0,6324.0,16.752426926953476,33.547291920853006,3,1
113,113. 홍대입구역 2번출구 앞,59869,7195.0,16839.0,13647.0,28.126409327030682,22.7947685780621,4,2
114,114. 홍대입구역 8번출구 앞,18954,612.0,4058.0,5590.0,21.409728817136227,29.492455418381347,3,1
115,115. 마스타 빌딩 앞,10221,1155.0,1493.0,2785.0,14.607181293415517,27.24782310928481,1,1
117,117. 홍은사거리,34067,3960.0,6545.0,9860.0,19.212140781401356,28.942965333020226,2,2
118,118. 광흥창역 2번출구 앞,7383,910.0,1212.0,1934.0,16.416091019910606,26.19531355817418,1,1
119,119. 서강나루 공원,19457,2993.0,2884.0,5695.0,14.822428945880661,29.269671583491803,3,1
120,120. 신수동 사거리,5940,1332.0,697.0,1662.0,11.734006734006734,27.979797979797983,1,1
121,121. 마포소방서 앞,8118,1320.0,1234.0,2046.0,15.20078837152008,25.203252032520325,1,1
122,122. 신성기사식당 앞,10037,1717.0,1521.0,2700.0,15.15393045730796,26.90046826741058,1,1
123,123. 문화촌 공원,20119,4180.0,2308.0,5919.0,11.471743128386102,29.419951289825537,3,1
124,124. 서강대 정문 건너편,14395,1308.0,2437.0,4045.0,16.929489406043764,28.100034734282737,3,1
126,126. 서강대 후문 옆,8883,704.0,1617.0,1677.0,18.203309692671397,18.878757176629517,1,3
127,127. 현대벤처빌 앞,2265,226.0,419.0,596.0,18.49889624724062,26.31346578366446,1,1
128,128. 신촌역(2호선) 1번출구 옆,10442,1054.0,2366.0,2562.0,22.658494541275616,24.535529592032177,1,3
129,129. 신촌역(2호선) 6번출구 옆,7588,670.0,1188.0,2028.0,15.65629942013706,26.726410121244072,1,1
130,130. 신촌역(2호선) 7번출구 앞,21474,1375.0,4647.0,5916.0,21.64012293936854,27.549594858899134,3,1
131,131. 증산2교,21635,3032.0,3656.0,6453.0,16.898544025883986,29.826669748093366,3,1
133,133. 해담는다리,21843,3482.0,3445.0,6199.0,15.771643089319232,28.379801309343954,3,1
134,134. 연세로 명물길,7251,372.0,1427.0,2037.0,19.680044131843882,28.092676872155565,1,1
135,135. 명물길 원형무대 앞,5954,583.0,1471.0,1564.0,24.70607994625462,26.26805508901579,1,3
137,137. 신촌기차역입구 교차로,4603,228.0,974.0,1364.0,21.160112969802302,29.63284814251575,1,1
138,138. 신촌동 제1공영주차장 앞,5871,916.0,800.0,1378.0,13.626298756600239,23.47129960824391,1,1
139,139. 연세대 정문 건너편,3508,473.0,710.0,669.0,20.239452679589508,19.070695553021665,1,3
140,140. 이화여대 후문,7227,607.0,2135.0,1269.0,29.541995295419955,17.559153175591533,1,3
141,141. 연대 대운동장 옆,5300,385.0,1157.0,1142.0,21.830188679245282,21.547169811320753,1,3
142,142. 아현역 4번출구 앞,8186,1594.0,1470.0,1955.0,17.957488394820427,23.882237967261176,1,1
143,143. 공덕역 2번출구,13057,2008.0,3289.0,2846.0,25.189553496208926,21.79673738224707,3,3
145,145. 공덕역 5번출구,16559,2743.0,3355.0,3947.0,20.260885319161783,23.835980433601062,3,3
146,146. 마포역 2번출구 뒤,25262,2929.0,5402.0,6868.0,21.383896761934924,27.18707940780619,3,1
147,147. 마포역 4번출구 뒤,35286,4198.0,8451.0,9561.0,23.95000850195545,27.09573201836422,2,2
148,148. 용강동 주민센터 앞,14658,3192.0,2084.0,4307.0,14.217492154454906,29.3832719334152,3,1
150,150. 서강대역 2번출구 앞,13064,1937.0,2064.0,3555.0,15.799142682180037,27.212186160440904,3,1
153,153. 성산2교 사거리,25043,4191.0,4446.0,6307.0,17.753464041848023,25.18468234636425,3,2
154,154. 마포구청역 ,29409,2665.0,4885.0,9211.0,16.61056139277092,31.32034411234656,2,1
155,155. 가좌역1 번출구 앞,16933,3753.0,3415.0,3976.0,20.167719837004665,23.480777180653163,3,3
156,156. 서울서부지방법원 앞,9651,1038.0,2370.0,2059.0,24.55704072116879,21.33457672780023,1,3
157,157. 애오개역 4번출구 앞,18244,4423.0,2464.0,4411.0,13.505810129357599,24.177811883358913,3,1
159,159. 이대역 4번 출구,4195,342.0,958.0,1186.0,22.836710369487484,28.27175208581645,1,1
160,160. 북아현동 가구거리,5730,710.0,1230.0,1401.0,21.465968586387437,24.45026178010471,1,3
161,161. 무악재역1번 출구,2338,343.0,414.0,718.0,17.70744225834046,30.710008554319934,1,1
162,162. 봉원고가차도 밑,8405,1333.0,1389.0,2089.0,16.52587745389649,24.854253420582985,1,1
163,163. 명지전문대학교 정문 앞,6262,1281.0,819.0,1245.0,13.078888534014691,19.881826892366654,1,1
164,164. 북가좌1동 주민센터 ,5543,1531.0,561.0,1419.0,10.120873173371821,25.59985567382284,1,1
165,165. 중앙근린공원,13716,3679.0,1673.0,3700.0,12.197433654126568,26.975794692330123,3,1
166,166. 가재울 초등학교,18732,4966.0,2149.0,5163.0,11.472346786248131,27.5624599615631,3,1
167,167. 연가초등학교 옆,6202,1387.0,810.0,1642.0,13.060303128023218,26.475330538535957,1,1
169,169. 북가좌 삼거리,6000,1457.0,866.0,1262.0,14.433333333333334,21.033333333333335,1,1
170,170. DMC파크뷰자이아파트 302동 앞,11341,2894.0,1318.0,3304.0,11.621550127854686,29.13323340093466,3,1
171,171. 임광빌딩 앞,6197,1541.0,1436.0,987.0,23.17250282394707,15.927061481361948,1,3
173,173. 서대문역 8번출구 앞,3840,676.0,1062.0,556.0,27.65625,14.479166666666668,1,3
175,175. 홍연2교옆,12266,2543.0,1676.0,3405.0,13.663786075330181,27.759660851133212,3,1
176,176. 명지대학교 도서관,20627,3126.0,2644.0,5235.0,12.81815096717894,25.379357153245746,3,1
177,177. 북가좌 초등학교,7665,1880.0,1055.0,1993.0,13.763861709067188,26.00130463144162,1,1
178,178. 증산3교 앞,16847,3959.0,2176.0,4471.0,12.916246215943492,26.538849646821394,3,1
179,179. 가좌역 4번출구 앞,20929,5508.0,4381.0,4179.0,20.932677146543075,19.96750919776387,3,2
180,180. 충정로역 7번출구 아래,7543,1075.0,1759.0,1691.0,23.319634097839057,22.418136020151135,1,3
181,181. 망원초록길 입구,11406,743.0,1702.0,4581.0,14.921970892512713,40.16307206733298,1,1
182,182. 망원2빗물펌프장 앞,11246,1123.0,1749.0,4140.0,15.552196336475191,36.81308909834608,1,1
183,183. 하늘채코오롱아파트 건너편,32099,6686.0,5117.0,7955.0,15.941306582759587,24.782703511012805,2,2
184,184.망원우체국사거리 인근,28690,3415.0,4926.0,8464.0,17.169745555942836,29.50156849076333,2,1
185,185. 마포 신수공원 앞,12295,2009.0,1424.0,4007.0,11.581943879625864,32.59048393655958,3,1
186,186. 월드컵공원,30172,745.0,3426.0,16154.0,11.35489858146626,53.53970568739228,2,1
188,188. 홍은동 정원여중 입구,8440,1433.0,1395.0,2315.0,16.528436018957347,27.428909952606634,1,1
191,191. 서우빌딩,10164,1983.0,1217.0,2536.0,11.973632428177883,24.95080676898859,1,1
192,192. 연서어린이공원,5408,1540.0,819.0,1260.0,15.144230769230768,23.298816568047336,1,1
194,194. 증산교 앞,21318,2287.0,4696.0,6031.0,22.028332864246178,28.290646402101512,3,1
195,195. 모래내고가차도 ,9683,1704.0,1258.0,2543.0,12.991841371475783,26.262521945677992,1,1
196,196. 연희교차로 인근,2937,459.0,437.0,765.0,14.879128362274429,26.046986721144023,1,1
198,198. 충정2교,5049,1150.0,1008.0,986.0,19.964349376114082,19.52861952861953,1,3
199,199. 서울 월드컵 경기장,12670,1101.0,1899.0,4345.0,14.988161010260459,34.293606945540645,3,1
200,200. 국회의원회관,2060,253.0,799.0,104.0,38.786407766990294,5.048543689320388,1,4
201,201. 진미파라곤 앞,17858,1814.0,5164.0,4182.0,28.917011983424796,23.418075932355247,3,3
202,202. 국민일보 앞,44756,3946.0,16104.0,9553.0,35.98176780766825,21.344624184466888,2,2
203,203. 국회의사당역 3번출구 옆,27427,7273.0,8508.0,2830.0,31.02052721770518,10.318299485908048,2,2
204,204. 국회의사당역 5번출구 옆,18832,2831.0,5537.0,2935.0,29.402081563296516,15.58517417162277,3,3
205,205. 산업은행 앞,20165,1196.0,6913.0,5515.0,34.28217208033722,27.349367716340193,3,3
206,206. KBS 앞,33082,2444.0,11205.0,7233.0,33.87038268544828,21.863853455051085,2,3
207,207. 여의나루역 1번출구 앞,47872,4473.0,11375.0,15189.0,23.761280080213904,31.72835895721925,2,2
209,209. 유진투자증권빌딩 앞,47705,2420.0,17419.0,11453.0,36.51399224399958,24.007965622052197,2,2
211,211. 여의도역 4번출구 옆,3,0.0,0.0,2.0,0.0,66.66666666666666,1,1
212,212. 여의도역 1번출구 옆,1,0.0,0.0,0.0,0.0,0.0,1,3
213,213. KT앞,31572,8553.0,5738.0,4685.0,18.17433168630432,14.839097934879005,2,2
214,214. 금융감독원 앞,18556,594.0,8469.0,1484.0,45.64022418624704,7.9974132356111225,3,4
215,215. 여의도고교 앞,15292,2965.0,2646.0,3924.0,17.30316505362281,25.66047606591682,3,1
217,217. NH농협은행 앞,43039,4786.0,15917.0,5461.0,36.982736587746,12.688491832988685,2,4
219,219. 롯데캐슬엠파이어 옆,28617,4734.0,7829.0,4711.0,27.357864206590488,16.46224272285704,2,3
220,220. 미성아파트 A동 앞,18264,2320.0,5066.0,3586.0,27.737625930792813,19.63425317564608,3,3
221,221. 여의도초교 앞,19128,2782.0,3649.0,5403.0,19.076746131325805,28.2465495608532,3,1
222,222. 시범아파트버스정류장 옆,22529,3605.0,5220.0,4243.0,23.17013626880909,18.833503484397887,3,3
223,223. 진주아파트상가 앞,13903,2098.0,2551.0,3144.0,18.348557865208946,22.613824354455872,3,3
224,224. 롯데캐슬 앞,25168,2666.0,5768.0,5790.0,22.91799109980928,23.00540368722187,3,3
225,225. 앙카라공원 앞,21527,4505.0,4624.0,4381.0,21.480001858131647,20.35118688159056,3,3
226,226. 샛강역 1번출구 앞,27796,6114.0,6912.0,4735.0,24.866887321916824,17.034825154698517,2,2
227,227. 양평1나들목 보행통로 입구,25027,3010.0,3663.0,9346.0,14.636192911655414,37.34366883765533,3,1
228,228. 선유도역 3번출구 앞,41758,4745.0,8437.0,12291.0,20.204511710330955,29.433880932994878,2,2
229,229. 양평1 보행육교 앞,26527,1939.0,10176.0,5246.0,38.36091529385155,19.776077204357826,2,4
230,230. 영등포구청역 7번출구,90789,19004.0,19217.0,18943.0,21.166661159391555,20.86486248334049,4,2
231,231. 남부고용노동지청 남측,31541,5522.0,6660.0,5619.0,21.11537364065819,17.814907580609365,2,2
232,232. 양평우림 이비즈센타 앞,35725,6635.0,8978.0,6953.0,25.130860741777468,19.46256123163051,2,2
233,233. 양평1동 YP센터 앞,13122,1356.0,4464.0,2147.0,34.01920438957476,16.36183508611492,3,4
235,235. 신길동 우리은행 옆,7076,814.0,1164.0,1853.0,16.449971735443754,26.18711136235161,1,1
236,236. 문래동자이아파트 앞,38995,6058.0,5832.0,10406.0,14.955763559430697,26.685472496473906,2,2
237,237. 보라매 두산위브 건너편,21058,4678.0,3677.0,4962.0,17.46129736917086,23.56349130971602,3,2
238,238. 제2구민체육센타 앞,29452,6403.0,6523.0,4145.0,22.147901670514734,14.073747113948118,2,2
239,239. 유스호스텔 앞,15134,2838.0,3574.0,2647.0,23.61569974890974,17.49041892427646,3,3
240,240. 문래역 4번출구 앞,48986,10085.0,10930.0,10452.0,22.31249744825052,21.336708447311477,2,2
241,241. 신길우성1차아파트 앞 공원,12907,3505.0,1268.0,3127.0,9.824126443015418,24.22716355466026,3,1
242,242. 신길선원가와인아파트 앞,12548,2009.0,1952.0,3492.0,15.556263946445647,27.829136117309535,3,1
243,243. 이앤씨드림타워 앞,46132,5137.0,11640.0,10786.0,25.231943119743345,23.380733547212348,2,2
244,244. 영등포삼환아파트 앞,23949,3762.0,3925.0,6296.0,16.3889932773811,26.28919787882584,3,1
245,245. 삼성생명 당산사옥 앞,40168,6939.0,8782.0,8167.0,21.863174666401115,20.332105158334993,2,2
247,247. 당산역 10번출구 앞,67725,9277.0,16523.0,16637.0,24.39719453672942,24.565522332964193,4,2
248,248. 초원아파트 앞,12146,889.0,2934.0,4457.0,24.156100773917338,36.69520829902849,3,1
249,249. 여의도중학교 옆,12449,842.0,2125.0,5076.0,17.069644148124347,40.77435938629609,3,1
250,250. 대림아파트 사거리,6993,1479.0,994.0,1971.0,14.214214214214213,28.185328185328185,1,1
251,251. 서울지방병무청 버스정류장,9599,1083.0,1674.0,2483.0,17.439316595478697,25.867277841441815,1,1
252,252. 보라매역4번출구,17184,2237.0,3448.0,4153.0,20.065176908752328,24.167830540037244,3,3
253,253. 신풍역 5번출구 인근,1,0.0,0.0,0.0,0.0,0.0,1,3
254,254. 도림신협 앞,19752,3487.0,2709.0,4595.0,13.715066828675576,23.263466990684485,3,1
255,255. 도림사거리,16811,2204.0,2470.0,5124.0,14.692760692403784,30.480042829099997,3,1
256,256. 동아에코빌입구,16364,3276.0,2281.0,4246.0,13.939134685895867,25.94720117330726,3,1
258,258. 신길역3번출구,21326,7103.0,3645.0,4668.0,17.09181281065366,21.88877426615399,3,2
259,259. 대방역6번출구,36877,12647.0,4908.0,7783.0,13.309108658513436,21.105295983946633,2,2
260,260. 여의도 마리나선착장 앞,5781,397.0,1246.0,2038.0,21.553364469814912,35.253416363950876,1,1
263,263. 근로자회관 사거리,45137,5820.0,10434.0,10430.0,23.116290404767707,23.10742849546935,2,2
264,264. 교보생명보험 앞,22451,3593.0,5157.0,4657.0,22.970023606966283,20.742951316199722,3,3
265,265. 영등포유통상가 사거리,19014,3091.0,3742.0,4318.0,19.680235615861996,22.709582412958873,3,3
266,266. 영등포청과시장 사거리,18875,2204.0,4051.0,4219.0,21.46225165562914,22.352317880794704,3,3
267,267. 삼성화재 사옥 옆,25339,2934.0,5335.0,6118.0,21.054500966888988,24.144599234381783,3,3
268,268. 그랜드컨벤션센터 앞,31122,3170.0,6080.0,7797.0,19.536019536019538,25.053017158280316,2,2
270,270. 증권거래소후문교차로,16066,1638.0,5402.0,2517.0,33.6238018175028,15.666625171168928,3,4
271,271. 샛강생태공원방문자센터 앞,7002,1289.0,1672.0,1611.0,23.878891745215654,23.00771208226221,1,3
272,272. 당산육갑문,67379,6341.0,13233.0,21863.0,19.63965033615815,32.447795307143174,4,2
275,275. 신동아아파트,37953,7065.0,6768.0,8786.0,17.832582404552998,23.149685136879825,2,2
276,276. 영등포로터리2,13230,3693.0,2296.0,3170.0,17.354497354497354,23.960695389266817,3,1
278,278. 쌍용플레티넘오피스텔,34114,4717.0,5218.0,9860.0,15.295772996423757,28.90308964061676,2,2
279,279. 영등포 푸르지오 아파트 B,26944,3940.0,4456.0,6766.0,16.538004750593824,25.111342042755346,3,2
280,280. 양평동6차현대아파트 앞,39736,11105.0,4848.0,9347.0,12.200523454801692,23.522750150996576,2,2
281,281. 대림신동아아파트 앞,13941,1734.0,2190.0,3856.0,15.709059608349474,27.659421849221722,3,1
282,282. 신한은행 대림동지점,9204,1377.0,1384.0,2309.0,15.036940460669273,25.08691873098653,1,1
283,283. 아크로타워 스퀘어(영등포시장),34651,8580.0,4713.0,8239.0,13.601339066693601,23.777091570228855,2,2
284,284. 센트럴 푸르지오 시티 앞,30064,4714.0,6299.0,8078.0,20.951969132517295,26.869345396487493,2,2
285,285. 콤텍시스템 앞,9747,1184.0,2426.0,2180.0,24.88970965425259,22.365856160870013,1,3
286,286. 우성아파트 교차로,11709,1901.0,2606.0,2576.0,22.256383978136476,22.000170808779572,1,3
287,287. 영등포전화국사거리 (서강어린이공원),26074,5186.0,4173.0,6797.0,16.00444887627522,26.06811382986883,3,2
288,288. 쌍용예가(구청별관),18171,3685.0,3403.0,3944.0,18.727642947553793,21.70491442408233,3,3
289,289. 대림3동사거리,15207,2685.0,2470.0,3568.0,16.242519892154927,23.462878937331492,3,1
290,290. 새말소공원,35200,8414.0,5656.0,7016.0,16.068181818181817,19.93181818181818,2,2
291,291. 문래동 하이테크 시티,29495,1783.0,11209.0,4464.0,38.003051364638075,15.134768604848277,2,4
292,292. 영일 어린이공원,18838,4186.0,2606.0,4484.0,13.833740312135046,23.802951481048943,3,1
293,293. 충북 미래관,29033,8438.0,3732.0,7340.0,12.854338166913513,25.281576137498707,2,2
295,295.영등포공원 분수대 앞,3833,1246.0,479.0,929.0,12.496738846856248,24.23689016436212,1,1
296,296.KT플라자 영등포점,33379,6709.0,5403.0,8172.0,16.18682405105006,24.482459031127355,2,2
297,297.국회3문,2522,485.0,681.0,574.0,27.002379064234734,22.759714512291833,1,3
298,298.KBS 연구동 건너편,6744,1414.0,2007.0,1269.0,29.759786476868328,18.816725978647685,1,3
299,299.여의도 순복음교회,6444,186.0,1187.0,3016.0,18.420235878336435,46.8032278088144,1,1
300,300. 정동사거리,11090,2584.0,2247.0,1918.0,20.261496844003606,17.294860234445448,1,3
301,301. 경복궁역 7번출구 앞,10633,2191.0,1361.0,2388.0,12.799774287595223,22.458384275369134,1,1
302,302. 경복궁역 6번출구 뒤,29892,6324.0,5575.0,6827.0,18.650475043489898,22.838886658637765,2,2
303,303. 광화문역 1번출구 앞,31377,5568.0,7206.0,5270.0,22.965866717659434,16.79574210408898,2,2
305,305. 종로구청 옆,30136,4107.0,8244.0,5199.0,27.355986195911868,17.25179187682506,2,3
307,307. 서울역사박물관 앞,12092,1224.0,3123.0,2275.0,25.826993053258352,18.814091961627522,1,3
308,308. 광화문 S타워 앞,30610,2510.0,12703.0,3148.0,41.49950996406403,10.28422084286181,2,4
309,309. 광화문역 6번출구 옆 B,7796,593.0,2755.0,1048.0,35.3386351975372,13.442791174961519,1,4
310,310. 청계광장 옆,18389,2745.0,4785.0,3115.0,26.020990809723205,16.93947468595356,3,3
314,314. 국립현대미술관,14738,1058.0,2982.0,4377.0,20.233410232053195,29.698737956303432,3,1
316,316. 종각역 1번출구 앞,23243,4394.0,5196.0,3393.0,22.35511766983608,14.597943466850236,3,3
318,318. 광교사거리 남측,11992,1143.0,3436.0,2075.0,28.652434956637755,17.303202134756503,1,3
320,320. 을지로입구역 4번출구 앞,15406,2166.0,3684.0,2298.0,23.912761261846033,14.916266389718292,3,3
321,321. KEB 하나금융그룹 명동사옥 옆,11834,1275.0,2632.0,2099.0,22.241000507013688,17.737028899780295,1,3
322,322. 명동성당 앞,8001,747.0,1844.0,2149.0,23.047119110111236,26.859142607174103,1,3
324,324. 신세계백화점 본점 앞,8498,460.0,2419.0,1829.0,28.46552129912921,21.522711226170863,1,3
326,326. 안국역 5번출구 앞,16337,2412.0,3704.0,3384.0,22.672461284201507,20.713717328762932,3,3
327,327. 낙원상가 옆,14190,2047.0,2835.0,3187.0,19.978858350951374,22.459478505990134,3,3
328,328. 탑골공원 앞,7344,381.0,1412.0,1920.0,19.226579520697168,26.143790849673206,1,1
329,329. 청계2가 사거리 옆,16448,1271.0,4695.0,3803.0,28.54450389105058,23.12135214007782,3,3
331,331. 을지로2가 사거리 북측,13430,1472.0,4833.0,1353.0,35.986597170513775,10.07446016381236,3,4
332,332. 을지로2가 사거리 남측,9537,1646.0,1985.0,1344.0,20.81367306280801,14.092481912551117,1,3
334,334. 종로3가역 2번출구 뒤,15289,1744.0,3164.0,3296.0,20.694617044934265,21.55798286349663,3,3
335,335. 종로3가역 15번출구 뒤,14765,1738.0,3359.0,2860.0,22.749746020995598,19.37013206908229,3,3
336,336. 충무로역 6번출구 앞,14806,2669.0,2944.0,2593.0,19.883830879373228,17.51317033635013,3,3
337,337. 창경궁 입구,8296,1331.0,1396.0,1816.0,16.82738669238187,21.8900675024108,1,1
338,338. 세운스퀘어 앞,8226,827.0,2071.0,1303.0,25.176270362265985,15.840019450522732,1,3
339,339. 종로4가 사거리,14887,1061.0,3193.0,2730.0,21.448243433868473,18.338147376906026,3,3
340,340. 혜화동 로터리,14217,2041.0,2331.0,3611.0,16.395864106351553,25.399170007737215,3,1
341,341. 혜화역 3번출구 뒤,11841,1850.0,1916.0,2708.0,16.18106578836247,22.86969005996115,1,1
342,342. 대학로 마로니에공원,24850,3329.0,5059.0,6365.0,20.358148893360163,25.613682092555333,3,3
343,343. 힐스테이트창경궁 아파트 앞,14130,2464.0,2988.0,2860.0,21.146496815286625,20.240622788393487,3,3
344,344. 성균관대 E하우스 앞,10002,1760.0,1323.0,2354.0,13.227354529094182,23.53529294141172,1,1
345,345. 서울보증보험본사 앞,15988,3111.0,4119.0,1980.0,25.763072304228167,12.384288216162123,3,3
346,346. 맥스타일 앞,11168,564.0,2128.0,2346.0,19.054441260744987,21.00644699140401,1,3
347,347. 동대문역사문화공원역 9번출구 앞,8639,623.0,1590.0,2109.0,18.404907975460123,24.41254774858201,1,1
348,348. 독립문역 사거리,12220,3330.0,1251.0,2622.0,10.237315875613747,21.456628477905074,3,1
349,349. 어린이도서관,7748,1034.0,1279.0,2216.0,16.507485802787816,28.600929272070214,1,1
351,351. 청운초교 앞 삼거리,6049,1494.0,748.0,1423.0,12.365680277731856,23.524549512316085,1,1
352,352. 중앙고입구 삼거리,3419,557.0,658.0,900.0,19.245393389880082,26.323486399532026,1,1
353,353. 재동초교 앞 삼거리,10076,875.0,2186.0,2952.0,21.695117109964272,29.29734021437078,1,1
354,354. 포르투갈 대사관 앞,12475,1573.0,2359.0,2832.0,18.90981963927856,22.701402805611224,1,3
355,355. 서울사대부설초등학교 앞,15595,2216.0,3264.0,3099.0,20.929785187560114,19.871753767233088,3,3
356,356. KT혜화지사 앞,14444,2055.0,2641.0,3090.0,18.284408751038495,21.392965937413457,3,3
358,358. 성균관대입구 사거리 A,8562,469.0,1540.0,2403.0,17.986451763606635,28.065872459705677,1,1
359,359. 원남동사거리,13118,1200.0,2840.0,2743.0,21.649641713675866,20.91019972556792,1,3
361,361. 동묘앞역 1번출구 뒤,35677,4772.0,5362.0,9090.0,15.029290579364856,25.478599658043,2,2
362,362. 청계8가사거리 A,25792,5347.0,3573.0,7458.0,13.85313275434243,28.9159429280397,3,2
363,363. 신설동역 11번출구 뒤,21869,3422.0,3366.0,5542.0,15.391650281219993,25.34180803877635,3,1
364,364. 창신역 1번출구 앞,5461,1094.0,495.0,1397.0,9.064273942501373,25.581395348837212,1,1
367,367. 독립문역 3-1번출구 ,14510,6354.0,1788.0,2681.0,12.322536181943487,18.476912474155753,3,2
368,368. SK 서린빌딩 앞,20101,1003.0,7673.0,3485.0,38.172230237301626,17.337445898214018,3,4
370,370. 시청역(2호선) 9번출구 뒤,22712,2935.0,6489.0,2642.0,28.57079957731596,11.632617118703768,3,3
371,371. 동대입구역 6번출구 뒤,6003,590.0,1114.0,1596.0,18.557387972680324,26.58670664667666,1,1
372,372. 약수역 3번출구 뒤,7415,551.0,1213.0,2193.0,16.35873229939312,29.575185434929196,1,1
374,374. 신당동주민센터앞,13417,1449.0,2879.0,3050.0,21.457851978832824,22.7323544756652,3,3
379,379. 서울역9번출구,10565,1466.0,2535.0,2365.0,23.99432087079981,22.385234264079507,1,3
380,380. CJ제일제당 앞,15989,2408.0,3713.0,2614.0,23.222215273000188,16.348739758584028,3,3
381,381. 장충체육관,1286,110.0,260.0,329.0,20.21772939346812,25.58320373250389,1,1
382,382. 약수역 10번출구 앞,4245,409.0,632.0,1028.0,14.888103651354534,24.216725559481745,1,1
383,383. 신당역 12번 출구 뒤,34955,3693.0,5451.0,8438.0,15.594335574309829,24.13960806751538,2,2
384,384. 중림동삼거리,5250,1687.0,681.0,1282.0,12.971428571428573,24.419047619047618,1,1
385,385. 종각역 5번출구,19391,1694.0,5784.0,3770.0,29.828270847300292,19.44200917951627,3,3
387,387. 훈련원공원주차장 앞,9927,996.0,2209.0,2239.0,22.252442832678554,22.55464893724187,1,3
388,388. 동성중학교 앞,4439,951.0,584.0,1016.0,13.156116242396937,22.888037846361794,1,1
389,389. 을지로4가역 1번출구,12895,2506.0,3019.0,2218.0,23.412175261729352,17.2004652966266,3,3
390,390. 충무로역 1번출구,9565,990.0,2310.0,1991.0,24.15054887611082,20.815473078933614,1,3
391,391. 시립미술관,9137,1481.0,2308.0,1697.0,25.25993214402977,18.572835722884975,1,3
393,393. 동대문역 8번 출구,25228,1968.0,4546.0,4382.0,18.019660694466467,17.36958934517203,3,3
394,394. 경희궁 자이 3단지,9589,2807.0,2101.0,1599.0,21.910522473667747,16.675357180102203,1,3
395,395. 경희궁 자이 2단지,8959,2892.0,1248.0,1954.0,13.930126130148453,21.81046991851769,1,1
397,397. 종묘공영주차장 건너편,4396,247.0,805.0,1238.0,18.312101910828023,28.16196542311192,1,1
398,398. 을지로3가역 3번출구,22720,2201.0,5876.0,4985.0,25.86267605633803,21.941021126760564,3,3
399,399. 서울역 센트럴 자이아파트,11371,3250.0,1980.0,2542.0,17.412716559669335,22.355113886201742,3,3
400,400. 상암한화오벨리스크 1차 앞,14015,4627.0,1627.0,3196.0,11.60899036746343,22.804138423118086,3,1
401,401. 상암월드컵파크 10단지 앞,12226,2721.0,1568.0,3083.0,12.825126778995582,25.216751185997055,3,1
402,402. 상암월드컵파크 9단지 앞,7921,2195.0,895.0,1905.0,11.299078399192021,24.0499936876657,1,1
403,403. 부엉이공원 앞,12112,2214.0,2118.0,2753.0,17.48678996036988,22.729524438573314,1,1
405,405. DMC빌 앞,6944,670.0,2050.0,941.0,29.52188940092166,13.551267281105991,1,3
406,406. 상암월드컵파크 7단지 앞,8043,1050.0,1105.0,2345.0,13.738654730821834,29.155787641427327,1,1
407,407. 마포구 육아종합지원센터,14526,1905.0,2731.0,2851.0,18.8007710312543,19.626875946578547,3,3
408,408. LG CNS앞,9744,719.0,3442.0,1133.0,35.32430213464696,11.627668308702791,1,4
409,409. 누리꿈스퀘어 옆,22632,940.0,9476.0,3155.0,41.86991869918699,13.940438317426654,3,4
410,410. 상암중학교 옆,3321,297.0,615.0,898.0,18.51851851851852,27.040048178259564,1,1
411,411. DMC홍보관,14938,934.0,5451.0,2268.0,36.490828758869995,15.182755388940954,3,4
412,412. DMC산학협력연구센터 앞,17479,2349.0,5358.0,2835.0,30.65392757022713,16.219463356027234,3,3
413,413. 상암월드컵파크 3단지 후문,8371,1359.0,1280.0,2658.0,15.290885198900966,31.75247879584279,1,1
414,414. 상암동주민센터 옆,22818,2688.0,4836.0,4987.0,21.19379437286353,21.855552633885527,3,3
415,415. DMC역 9번출구 앞,33134,6802.0,8978.0,5342.0,27.096034285024444,16.12241202390294,2,2
416,416. 상암월드컵파크 1단지 교차로,7799,741.0,2161.0,1727.0,27.708680600076935,22.143864598025388,1,3
417,417. DMC역 2번출구 옆,18562,4516.0,5443.0,2984.0,29.323348777071434,16.07585389505441,3,3
418,418. 월드컵경기장역 3번출구 옆,17003,609.0,2630.0,6975.0,15.467858613185909,41.02217255778392,3,1
419,419. 홈플러스 마포점 앞,36010,1831.0,7013.0,12180.0,19.475145792835324,33.82393779505693,2,1
420,420. 서울시 공공자전거 상암센터,15596,563.0,2221.0,7732.0,14.240830982303155,49.57681456783791,3,1
421,421. 마포구청 앞,24668,3760.0,4673.0,4882.0,18.943570617804443,19.790822117723366,3,3
422,422. 문화비축기지,4469,169.0,577.0,2023.0,12.911165808905794,45.267397628104725,1,1
424,424. 롯데하이마트 (상암월드컵점) ,5067,421.0,1037.0,1360.0,20.465758831655812,26.840339451351884,1,1
425,425. DMC첨단산업센터,4566,833.0,1212.0,531.0,26.544021024967147,11.629434954007884,1,3
426,426. 서울신용보증재단,14777,2256.0,3417.0,3091.0,23.123773431684373,20.91764228192461,3,3
427,427. 성산시영아파트,16200,3232.0,2092.0,4319.0,12.91358024691358,26.660493827160494,3,1
428,428. 명보사거리,6906,587.0,2028.0,996.0,29.365768896611645,14.422241529105126,1,3
429,429. 송도병원,1105,201.0,103.0,377.0,9.321266968325792,34.11764705882353,1,1
430,430. 장충동먹자골목 앞,9620,1379.0,1841.0,2183.0,19.137214137214137,22.692307692307693,1,3
431,431. 청계천 영도교,42101,6271.0,5941.0,10367.0,14.11130376950666,24.624118191966936,2,2
432,432. 마포중앙도서관,2745,166.0,633.0,819.0,23.060109289617486,29.836065573770494,1,1
433,433. 을지로입구역 2번출구,22220,4445.0,5353.0,3688.0,24.09090909090909,16.597659765976598,3,3
434,434. 신당 래미안 버스정류장,6641,1168.0,800.0,2099.0,12.046378557446168,31.606685740099383,1,1
435,435. SK 남산빌딩,3705,559.0,749.0,727.0,20.215924426450744,19.6221322537112,1,3
436,436. 이대역 5번출구,8426,656.0,2027.0,2174.0,24.056491811061,25.80109185853311,1,3
437,437. 대흥역 1번출구,11831,1089.0,2525.0,3107.0,21.342236497337502,26.261516355337672,1,1
438,438. 성산2-1 공영주차장,17587,2361.0,2915.0,4978.0,16.57474270768181,28.304998009893673,3,1
440,440. 하늘공원 입구,10210,273.0,1736.0,4993.0,17.002938295788443,48.90303623898139,1,1
441,441.염천교사거리,10454,1450.0,3685.0,1005.0,35.24966519992348,9.613545054524584,1,4
442,442.서울역 서부,3698,953.0,590.0,908.0,15.954570037858302,24.553812871822604,1,1
443,443.호암아트홀,2477,595.0,882.0,202.0,35.60758982640291,8.155026241421073,1,4
445,445.대한상공회의소,10651,920.0,3851.0,1232.0,36.156229462022345,11.56698901511595,1,4
446,446. 상명대입구,5379,503.0,934.0,1572.0,17.363822271797734,29.224762967094254,1,1
447,447. 신영동삼거리,1461,163.0,219.0,406.0,14.989733059548255,27.789185489390828,1,1
449,449. 일성아파트,2513,468.0,343.0,653.0,13.649025069637883,25.984878631118185,1,1
450,450. 효자동 삼거리,12377,2431.0,1996.0,3468.0,16.12668659610568,28.019713985618488,3,1
451,451. 청와대앞길,2497,196.0,577.0,782.0,23.107729275130158,31.317581097316783,1,1
452,452. 동대문 종합시장 버스정류장,9452,1184.0,1748.0,2034.0,18.4934405416843,21.519255184088024,1,3
453,453. 종로오가 지하쇼핑센터 14번출구,14658,1655.0,2982.0,3142.0,20.34383954154728,21.435393641697367,3,3
454,454. 종로2가 버스정류장 (종각방향),13297,1337.0,2786.0,2908.0,20.952094457396406,21.86959464540874,3,3
455,455. 종로6가역 버스정류장(동대문 방향),15205,1721.0,2740.0,1651.0,18.020388030253205,10.858270305820454,1,3
456,456. 숭인2동 주민센터 입구,16478,2855.0,2318.0,3795.0,14.067241170044909,23.030707610146862,3,1
457,457. 종로꽃시장 입구 옆,13257,2529.0,2907.0,1959.0,21.92803801765105,14.777098891151844,3,3
458,458. 광화문역 5번출구,30185,3262.0,8130.0,6798.0,26.933907569985095,22.521119761470928,2,3
461,461. 서울경찰청,10395,2443.0,1763.0,1960.0,16.96007696007696,18.855218855218855,1,3
464,464. 삼청동 골목,10526,1531.0,1609.0,2274.0,15.285958578757363,21.60364810944328,1,1
465,465. 삼청공원 앞,2007,374.0,491.0,441.0,24.464374688589935,21.973094170403588,1,3
466,466.롯데호텔,5558,536.0,1266.0,1081.0,22.77797768981648,19.44944224541202,1,3
467,467.한국은행,5291,161.0,2125.0,881.0,40.16254016254016,16.65091665091665,1,4
468,468.웨스틴 조선호텔,5215,457.0,1487.0,932.0,28.51390220517737,17.871524448705657,1,3
469,469.회현역 1번출구,4322,633.0,846.0,795.0,19.574271170754283,18.39426191577973,1,3
470,470.회현역 7번출구,3598,532.0,923.0,777.0,25.65314063368538,21.595330739299612,1,3
471,471.회현사거리 남측,6170,948.0,1523.0,1101.0,24.683954619124798,17.84440842787682,1,3
472,472.삼일교(시그니쳐 타워),12654,1373.0,4020.0,1173.0,31.76861071597914,9.269796111901375,1,4
473,473.을지로4가역 9번출구,23066,4568.0,5045.0,3971.0,21.872019422526662,17.215815485996703,3,3
474,474.동대문역사문화공원역 1번출구 뒤편,26164,1950.0,5907.0,6503.0,22.57682311573154,24.854762268766244,3,3
475,475.DDP 패션몰,15807,885.0,2321.0,2289.0,14.683368128044538,14.480926171949138,1,3
476,476.광희문,8598,1152.0,1125.0,2180.0,13.084438241451501,25.354733658990465,1,1
477,477.앰배서더 호텔 주변,6066,820.0,1010.0,1606.0,16.65018133860864,26.475436861193536,1,1
479,479.동대입구역 3번 출구,4139,488.0,786.0,1320.0,18.99009422565837,31.891761294998794,1,1
480,480.약수역 6번 출구,4439,355.0,679.0,1157.0,15.296237891416986,26.06442892543366,1,1
483,483.남산타운아파트 버스정류장,2971,316.0,474.0,992.0,15.954224166947157,33.389431167956914,1,1
485,485.서울역5번출구,10784,1872.0,2855.0,2090.0,26.47440652818991,19.380563798219587,1,3
486,486. 평창동주민센터 앞,1440,101.0,258.0,457.0,17.916666666666668,31.73611111111111,1,1
488,488.푸르메병원,17238,3478.0,3226.0,3477.0,18.714468035735006,20.17055342847198,3,3
489,489.구룡근린공원,4925,983.0,818.0,1223.0,16.609137055837564,24.832487309644673,1,1
490,490.가온문화공원,17420,884.0,5846.0,3195.0,33.559127439724456,18.340987370838118,3,3
491,491.월드컵파크 4단지,4923,481.0,1254.0,1230.0,25.472273004265695,24.98476538695917,1,3
493,493.홍대입구역 6번출구,16941,1397.0,3399.0,4698.0,20.063750664069417,27.731538870196566,3,1
494,494.신수동주민센터,5013,1237.0,514.0,1084.0,10.253341312587274,21.623778176740473,1,1
495,495.염리초등학교 앞,12314,1640.0,2862.0,2562.0,23.241838557739158,20.805587136592496,1,3
497,497.합정동주민센터 앞,27548,1260.0,5812.0,8749.0,21.097720342674602,31.759111369246405,3,1
498,498.연남동주민센터 앞,25464,3388.0,4830.0,6403.0,18.967954759660696,25.14530317310713,3,1
500,500. 어린이대공원역 3번출구 앞,25711,2971.0,4642.0,6367.0,18.054529189840924,24.763719808642215,3,1
501,501. 광진문화예술회관 앞,26329,5164.0,3187.0,6170.0,12.104523529188347,23.43423601352121,3,2
502,502. 자양(뚝섬한강공원)역 1번출구 앞,88882,10099.0,17484.0,28850.0,19.67102450439909,32.45876555433046,4,2
505,505. 자양사거리 광진아크로텔 앞,24600,2170.0,4299.0,6466.0,17.47560975609756,26.284552845528452,3,1
506,506. 금호 어울림 아파트 앞,10487,687.0,4286.0,1873.0,40.869648135787166,17.860207876418425,1,4
508,508. 성수아카데미타워 앞,57587,14798.0,14242.0,9182.0,24.73127615607689,15.944570823276086,4,2
510,510. 뚝도아리수정수센터 버스정류소 옆,11830,592.0,2397.0,4582.0,20.26204564666103,38.73203719357565,3,1
511,511. 서울숲역 5번 출구 옆,12375,1857.0,2830.0,3207.0,22.86868686868687,25.915151515151514,3,3
512,512. 뚝섬역 1번 출구 옆,30925,3827.0,7682.0,8112.0,24.84074373484236,26.231204527081648,2,2
513,513. 뚝섬역 5번 출구 정류소 옆,14739,1904.0,3790.0,2567.0,25.714091865119748,17.416378316032297,3,3
514,514. 성수사거리 버스정류장 앞,32316,4476.0,7590.0,6318.0,23.486817675454883,19.550686966208687,2,2
515,515. 광양중학교 앞,4292,660.0,563.0,1323.0,13.117427772600188,30.824790307548927,1,1
516,516. 광진메디칼 앞,21142,4825.0,3352.0,4999.0,15.85469681203292,23.644877495033583,3,2
518,518. 청계천 박물관 앞,8614,400.0,3328.0,1725.0,38.63478058973764,20.025539818899464,1,4
519,519. 양지사거리,11022,1748.0,2238.0,2566.0,20.30484485574306,23.280711304663402,1,3
520,520. 상왕십리역 4번 출구 앞,9981,1514.0,1913.0,2225.0,19.166416190762448,22.292355475403266,1,3
521,521. 왕십리역 11번 출구 앞,16857,1148.0,2679.0,4466.0,15.89250756362342,26.493444859702205,3,1
522,522. 금호역 1번출구 앞,2909,210.0,600.0,756.0,20.62564455139223,25.98831213475421,1,1
523,523. 옥수동성당 옆,1080,81.0,159.0,356.0,14.722222222222223,32.96296296296296,1,1
524,524. 래미안금호하이리버 아파트 102동 옆,3631,715.0,459.0,947.0,12.641145689892591,26.080969429909118,1,1
525,525. 한양대병원사거리,16075,862.0,2690.0,4865.0,16.734059097978225,30.26438569206843,3,1
526,526. 용답토속공원 앞,10309,1794.0,3701.0,1148.0,35.900669318071586,11.135900669318072,1,4
529,529. 장한평역 8번 출구 앞,60925,15391.0,13523.0,10446.0,22.196142798522775,17.145670906852686,4,2
530,530. 청계벽산아파트 앞,18882,4727.0,2966.0,4351.0,15.708081770998836,23.043109840059316,3,1
533,533. 금남시장 교차로,4547,968.0,467.0,1263.0,10.270508027270727,27.77655597096987,1,1
534,534. 금호사거리,3142,534.0,346.0,996.0,11.012094207511138,31.6995544239338,1,1
535,535. 응봉삼거리,6797,1058.0,911.0,2196.0,13.402971899367369,32.308371340297185,1,1
536,536. 행당역 2번출구 앞,7933,1558.0,1007.0,2247.0,12.693810664313625,28.324719526030506,1,1
537,537. 한양대후문역 부근,10996,1034.0,1611.0,3082.0,14.650782102582758,28.028373954165154,1,1
539,539. 군자교교차로,21546,2470.0,3465.0,6173.0,16.08187134502924,28.650329527522512,3,1
540,540. 군자역 7번출구 베스트샵 앞,26528,3232.0,4060.0,6887.0,15.304583835946925,25.96124849215923,3,1
542,542. 강변역 4번출구 뒤,17891,1113.0,4332.0,5474.0,24.213291599128052,30.596389245989602,3,1
543,543. 구의공원(테크노마트 앞),29895,2497.0,7181.0,8132.0,24.02073925405586,27.201873222946983,2,3
544,544. 광남중학교,12333,2458.0,1374.0,4276.0,11.140841644368766,34.67120732992783,3,1
546,546. 잠실대교북단 교차로,22226,3263.0,3320.0,6011.0,14.937460631692613,27.04490236659768,3,1
548,548. 자양나들목,29111,6958.0,3578.0,8390.0,12.290886606437429,28.820720689773626,2,2
549,549. 아차산역 3번출구,25681,3487.0,4527.0,7112.0,17.627818231377283,27.69362563763093,3,1
550,550. 서울시설공단 앞,16677,1529.0,7018.0,1953.0,42.0819092162859,11.710739341608203,3,4
551,551. 구의삼성쉐르빌 앞,23039,3146.0,3536.0,6008.0,15.347888363210208,26.077520725725943,3,1
552,552. 대림아크로리버 앞,11289,1315.0,1589.0,3234.0,14.075648861723803,28.647355833111877,1,1
553,553. 중곡 성원아파트 앞,11744,1742.0,1947.0,3166.0,16.57867847411444,26.958446866485016,1,1
555,555. 구의3동주민센터,6919,650.0,1280.0,1758.0,18.49978320566556,25.408295996531287,1,1
556,556. 달맞이공원,1019,50.0,210.0,388.0,20.608439646712462,38.0765456329735,1,1
557,557. 도선동 주민센터 앞,15573,2922.0,3185.0,3333.0,20.452064470558017,21.402427277981122,3,3
558,558. 성동광진 교육지원청 앞,17914,1784.0,3338.0,4123.0,18.633471028246067,23.01551858881322,3,3
559,559. 왕십리역 4번 출구 건너편,22022,1512.0,4672.0,5944.0,21.21514848787576,26.99119062755426,3,1
560,560. 비전교회 앞,27924,7527.0,4253.0,6693.0,15.23062598481593,23.9686291362269,2,2
561,561. 서울숲역 2번출구 앞,20880,3825.0,4423.0,4511.0,21.18295019157088,21.6044061302682,3,3
563,563. 성동세무서 건너편,19101,2155.0,8430.0,1927.0,44.13381498350872,10.08847704308675,3,4
564,564. 금호역 3번출구,1550,133.0,159.0,527.0,10.258064516129032,34.0,1,1
565,565. 옥수역 3번출구,37283,3520.0,7710.0,11514.0,20.67966633586353,30.882707936593086,2,2
568,568. 청계8가 사거리 B,29551,4605.0,5223.0,8066.0,17.67452878075192,27.295184596121956,2,2
569,569. 응봉현대아파트 정류소,2761,424.0,375.0,915.0,13.58203549438609,33.14016660630206,1,1
571,571. 세종대학교 대양AI센터,17633,2610.0,3180.0,3214.0,18.034367379345547,18.22718765950207,3,3
573,573. 구의문주차장 앞,27707,5902.0,4783.0,6826.0,17.262785577651858,24.636373479626087,2,2
574,574. 아차산역4번출구,27663,4545.0,4356.0,7473.0,15.746665220691899,27.014423598308205,2,2
575,575. 대원중고교 입구(대하빌딩),6968,954.0,1050.0,1865.0,15.068886337543052,26.765212399540754,1,1
576,576. 광나루역 3번 출구,26032,3265.0,4256.0,7466.0,16.349108789182544,28.680086047940996,3,1
577,577. 광진청소년수련관,20060,2054.0,3200.0,6006.0,15.952143569292124,29.94017946161516,3,1
578,578. 성동세무서 부근,17969,4585.0,4163.0,2685.0,23.16767766709333,14.942400801380154,3,3
579,579. 마장역 4번출구,12117,1541.0,1763.0,2801.0,14.549806057605016,23.116282908310637,1,1
582,582. 경일중학교 앞,21732,3523.0,4755.0,4642.0,21.88017669795693,21.360206147616417,3,3
583,583. 청계천 생태교실 앞,62641,5237.0,10310.0,22958.0,16.458868792005234,36.65011733529158,4,2
584,584. 광진광장 교통섬,40596,9982.0,5922.0,8180.0,14.587644102867278,20.149768450093607,2,2
585,585. 성수2가1동 공영주차장 인근,52416,8506.0,9680.0,14369.0,18.46764346764347,27.41338522588523,2,2
586,586. 마장동 주민센터,10523,2800.0,928.0,2728.0,8.818777915043238,25.92416611232538,1,1
587,587. 유니베라 앞,18985,1078.0,6357.0,4218.0,33.484329734000525,22.217540163286806,3,3
588,588. 뚝섬 유원지역,24470,1658.0,4697.0,7685.0,19.194932570494483,31.405803024111158,3,1
589,589. 성수역3번출구,26867,3695.0,5946.0,6384.0,22.131239066512823,23.761491792905794,3,3
590,590. 건국대학교 (입학정보관),21907,3497.0,3103.0,2993.0,14.164422330761859,13.66229972155019,3,3
591,591. 건국대학교 (행정관),9278,456.0,1929.0,1211.0,20.79111877559819,13.052381978874758,1,3
592,592. 건국대학교 학생회관,29050,1205.0,6372.0,4128.0,21.934595524956972,14.209982788296042,3,3
593,593.자양중앙나들목,22936,5012.0,2763.0,7409.0,12.04656435298221,32.30292989187304,3,1
594,594. 중랑물재생센터(서울새활용플라자),11656,593.0,5217.0,1392.0,44.75806451612903,11.942347288949898,1,4
600,600. 휘경2동 주민센터,2763,259.0,333.0,668.0,12.052117263843648,24.17661961635903,1,1
602,602. 장안동 사거리,35880,3393.0,6241.0,9385.0,17.394091415830545,26.156633221850612,2,2
605,605. 신설동역8번출구,15643,2023.0,3033.0,3873.0,19.38886402863901,24.758678002940613,3,1
606,606. 서울반도체고 앞,4208,337.0,697.0,1215.0,16.563688212927758,28.873574144486692,1,1
607,607. 신이문역 2번출구,8992,1197.0,2026.0,2032.0,22.531138790035588,22.597864768683273,1,3
608,608. 전농삼성아파트,3499,833.0,418.0,812.0,11.946270362960847,23.206630465847386,1,1
609,609. 제기2교,16879,2816.0,2502.0,4614.0,14.823153030392797,27.33574263878192,3,1
610,610. 동대문중 교차로,14388,3311.0,2093.0,3441.0,14.546844592716152,23.915763135946623,3,1
612,612. 시립동부병원 앞 사거리,29252,5785.0,5453.0,6645.0,18.641460412963216,22.716395460139477,2,2
613,613. 신설동역 10번출구 앞,20827,3344.0,4120.0,4623.0,19.78201373217458,22.19714793297162,3,3
614,614. 용두동 사거리,28744,3849.0,4730.0,6708.0,16.455608126913443,23.33704425271361,3,2
615,615. 용두동 래미안허브리츠아파트 앞,25735,3768.0,4637.0,6512.0,18.01826306586361,25.30406061783563,3,2
616,616. 서울시립대 정문 앞 A,3468,279.0,478.0,766.0,13.783160322952712,22.087658592848904,1,1
617,617. 청솔우성아파트 앞,9715,2428.0,951.0,2444.0,9.788986103962943,25.156973751930007,1,1
621,621. 전농초등학교 건너편,7153,1949.0,1030.0,1702.0,14.399552635257933,23.79421221864952,1,1
622,622. 전농사거리 교통섬,12344,1592.0,1694.0,3301.0,13.723266364225534,26.741736876215167,1,1
623,623. 서울시립대 정문 앞 B,18738,2064.0,3018.0,4807.0,16.106308037143773,25.653751734443375,3,1
624,624. 전농동 동아아파트 앞,20736,6185.0,2098.0,4826.0,10.11766975308642,23.273533950617285,3,2
626,626. 군자교 서측 녹지대,23664,3941.0,4914.0,5964.0,20.765720081135903,25.202839756592294,3,3
627,627. 장안동삼거리 교통섬,14280,2066.0,1948.0,3875.0,13.641456582633053,27.135854341736692,3,1
628,628. 휘봉고등학교 앞,8945,1338.0,1205.0,2043.0,13.471212968138623,22.839575181665737,1,1
630,630. 동대문구 보건소,28621,6025.0,5616.0,5128.0,19.62195590650222,17.91691415394291,2,2
631,631. 답십리역 1번출구,39342,7321.0,8872.0,7824.0,22.55096334705912,19.887143510751866,2,2
633,633. 청량리 기업은행 앞,21744,2433.0,3880.0,6193.0,17.84400294334069,28.481420161883737,3,1
634,634. 외국어대 정문 앞,23775,2264.0,3802.0,5970.0,15.991587802313353,25.110410094637224,3,1
635,635. 시조사 앞,16379,2757.0,2067.0,3840.0,12.619818059710605,23.444654740826667,3,1
636,636. 세종대왕기념관 교차로,6183,446.0,1992.0,1165.0,32.21737020863659,18.841986090894387,1,3
637,637. KAIST 경영대학 앞,10510,846.0,2163.0,2281.0,20.580399619410088,21.70313986679353,1,3
638,638. 서울시립대 정보기술관,6953,265.0,1722.0,1319.0,24.766287933266216,18.970228678268374,1,3
639,639. 서울시립대 후문,8172,688.0,1396.0,2074.0,17.08272148800783,25.379344101811064,1,1
640,640. 동대문경찰서 교차로,10493,2091.0,1665.0,2469.0,15.86772133803488,23.5299723625274,1,1
641,641. 용두역 4번출구,21628,2257.0,4223.0,5923.0,19.52561494359164,27.385796190123912,3,1
642,642. 신답역 사거리,23848,5864.0,4254.0,5368.0,17.837973834283797,22.509225092250922,3,2
643,643. 동대문구민체육센터 (육교아래),24254,6152.0,2851.0,6217.0,11.754762101096725,25.63288529727055,3,2
648,648. 장안동위더스빌옆,33994,7870.0,5309.0,7853.0,15.617461905042065,23.10113549449903,2,2
650,650. 중랑교사거리,16470,1148.0,2347.0,4998.0,14.250151791135398,30.34608378870674,3,1
652,652. 답십리 래미안엘파인아파트 입구,8782,2403.0,1118.0,2225.0,12.730585288089275,25.33591437030289,1,1
654,654. 전농동 텃골공원,8217,1380.0,1110.0,2319.0,13.508579773640013,28.22197882438846,1,1
656,656. 영휘원 교차로,11728,2232.0,2166.0,2655.0,18.468622100954978,22.6381309686221,1,3
657,657. 동대문롯데캐슬아파트 앞,19439,4823.0,2363.0,4748.0,12.155975101599877,24.42512474921549,3,1
660,660. 동의보감타워,7471,1049.0,1314.0,1714.0,17.588006960246286,22.942042564583055,1,1
661,661. 경희대학교 청운관,11502,679.0,2860.0,2235.0,24.865240827682143,19.431403234220134,1,3
663,663. 외대앞역 3번출구,25599,2833.0,5201.0,6380.0,20.317199890620728,24.922848548771437,3,3
664,664. 서울시립대 건설공학관,5160,314.0,1021.0,1092.0,19.78682170542636,21.16279069767442,1,3
665,665.이문동 쌍용아파트 정문,9226,2081.0,1152.0,2591.0,12.486451333188814,28.083676566225886,1,1
666,666.이문대성유니드아파트 앞,8590,825.0,1955.0,2584.0,22.759022118742724,30.08149010477299,1,1
667,667.청량차도 육교 밑,6072,1382.0,1104.0,1395.0,18.181818181818183,22.974308300395258,1,1
669,669.청계한신휴플러스앞 삼거리,17787,5043.0,2371.0,3798.0,13.329960083206839,21.35267330072525,3,1
670,670.삼육서울병원 버스정류장,36218,3201.0,6615.0,9352.0,18.26439891766525,25.821414766138385,2,2
671,671.대광빌딩,4653,452.0,785.0,1264.0,16.870836019772188,27.16526971846121,1,1
672,672.대광고등학교,11493,1689.0,1614.0,2657.0,14.043330723048813,23.118419907769947,1,1
673,673.안암골벽산아파트(후문),10658,1297.0,1722.0,2742.0,16.15687746293864,25.727153312066054,1,1
674,674.고대앞사거리 교통섬,12977,1051.0,2464.0,2997.0,18.987439315712415,23.09470601834014,1,3
676,676.FITI시험연구원 앞,8872,1648.0,1263.0,1892.0,14.235798016230838,21.32551848512173,1,1
678,678.장안힐스테이트(아) 앞,19419,2968.0,3531.0,4609.0,18.183222617024562,23.734486842782843,3,1
679,679.전농SK아파트 앞,4240,793.0,615.0,1190.0,14.504716981132077,28.066037735849058,1,1
680,680.꿈마루어린이도서관 앞,17109,1586.0,2425.0,4663.0,14.173826640949208,27.25466128937986,3,1
681,681.서울특별시 동부교육지원청(육교),2099,351.0,357.0,402.0,17.00809909480705,19.151977131967605,1,3
700,700. KB국민은행 염창역 지점 앞,15263,1766.0,2786.0,4060.0,18.25329227543733,26.600275175260435,3,1
701,701. 목동사거리 부근,20756,4454.0,2760.0,5295.0,13.297359799576025,25.510695702447485,3,1
702,702. 목4동주민센터 옆,23750,5445.0,3221.0,5480.0,13.562105263157894,23.073684210526316,3,2
703,703. 오목교역 7번출구 앞,42528,5887.0,10858.0,9724.0,25.53141459744169,22.864936042136947,2,2
704,704. 남부법원검찰청 교차로,30572,3908.0,6276.0,6605.0,20.5285882506869,21.604736360068035,2,2
706,706. 신정네거리역,13386,1784.0,2967.0,3241.0,22.164948453608247,24.21186314059465,3,3
708,708. 서울출입국관리사무소 앞,52154,7270.0,10462.0,12530.0,20.059822832381023,24.025002876097712,2,2
709,709. 신정3동 현장민원실 앞,8152,1214.0,1199.0,2057.0,14.708047105004907,25.23307163886163,1,1
710,710. 금옥여고보도육교,6411,1121.0,449.0,1043.0,7.003587583840274,16.268912806114493,1,1
711,711. 신일해피트리아파트 앞,14135,3494.0,1966.0,3296.0,13.908737177219669,23.318004952246195,3,1
712,712. 강월초교입구 사거리,6668,1112.0,953.0,1547.0,14.292141571685663,23.200359928014397,1,1
713,713. 양서중학교 옆,8863,1868.0,1268.0,1931.0,14.306668171048178,21.787205235247658,1,1
714,714. 한국SGI 양천문화회관 앞,9460,2177.0,1545.0,2216.0,16.331923890063425,23.42494714587738,1,1
716,716.신정6동 주민센터 인근,18448,2200.0,3097.0,4704.0,16.787727666955767,25.498699045967044,3,1
719,719. 홍익병원앞 교차로,18375,3862.0,2634.0,4462.0,14.334693877551018,24.282993197278913,3,1
720,720. 서울강월초등학교 앞,9294,1489.0,1323.0,2409.0,14.234990316333118,25.91994835377663,1,1
722,722. 경서농협 버스정류장(우리은행신정동지점방향),13991,2668.0,2201.0,3867.0,15.731541705382032,27.63919662640269,3,1
723,723. SBS방송국,23146,2284.0,7053.0,4362.0,30.471787781906162,18.845588870647195,3,3
724,724. 계남공원 입구 주출입구 좌측,4302,854.0,556.0,1073.0,12.92422129242213,24.941887494188748,1,1
725,725. 양강중학교앞 교차로,1688,207.0,252.0,520.0,14.928909952606634,30.80568720379147,1,1
726,726. 목동3단지 시내버스정류장,52964,11717.0,7617.0,13247.0,14.381466656596933,25.011328449512877,2,2
729,729. 서부식자재마트 건너편,19690,5502.0,2969.0,4807.0,15.078720162519046,24.41340782122905,3,2
731,731. 서울시 도로환경관리센터,38340,3459.0,8243.0,11593.0,21.49973917579551,30.23735002608242,2,2
733,733. 신정이펜하우스314동,9088,1885.0,1254.0,2376.0,13.798415492957746,26.1443661971831,1,1
734,734. 신트리공원 입구,36220,8924.0,5418.0,9127.0,14.958586416344561,25.19878520154611,2,2
735,735. 영도초등학교,32826,7144.0,4220.0,9052.0,12.855663193809786,27.575702187290563,2,2
736,736. 오솔길공원,12607,2951.0,1806.0,3066.0,14.325374791782345,24.319822320932815,3,1
737,737. 장수공원,7192,1472.0,1206.0,1742.0,16.768631813125694,24.22135706340378,1,1
739,739. 신월사거리,11282,2109.0,1602.0,2119.0,14.199609998227263,18.782130827867398,1,3
740,740. 으뜸공원,11766,3386.0,1358.0,2686.0,11.541730409654939,22.828488866224717,3,1
741,741. 화곡로 입구 교차로,4901,602.0,953.0,1080.0,19.44501122219955,22.036319118547233,1,3
742,742. 등촌역 5번 출구 뒤,11708,1478.0,1817.0,3219.0,15.519303040655963,27.49402118209771,1,1
743,743. 현대6차아파트 101동 옆,11126,1953.0,1587.0,1964.0,14.263886392234406,17.65234585655222,1,3
744,744. 신목동역 2번 출구,40741,7620.0,10020.0,8030.0,24.594388944797625,19.70987457352544,2,2
745,745. 강서초등학교,6948,1502.0,1055.0,1650.0,15.184225676453655,23.74784110535406,1,1
746,746. 목동2단지 상가,46240,2667.0,8333.0,14832.0,18.021193771626297,32.07612456747405,2,2
747,747. 목동3단지 상가,31970,3353.0,5323.0,10113.0,16.649984360337815,31.63278073193619,2,2
748,748. 목동운동장,7848,615.0,1902.0,2474.0,24.23547400611621,31.52395514780836,1,1
749,749. 이대목동병원보도육교,21750,1723.0,5798.0,4326.0,26.657471264367814,19.889655172413793,3,3
750,750. 연의근린공원 건너편,9314,2661.0,1127.0,2242.0,12.100064419153963,24.071290530384367,1,1
752,752. 성원2차 아파트,11184,2798.0,1577.0,2800.0,14.100500715307582,25.035765379113016,1,1
754,754. 목동1단지아파트 118동 앞,28044,7986.0,3452.0,7671.0,12.30922835544145,27.35344458707745,2,2
755,755. 목동1단지아파트 상가 앞,36836,3820.0,6916.0,9945.0,18.775111304158976,26.998045390378977,2,2
756,756. 목동주차장,19075,940.0,3411.0,6268.0,17.882044560943644,32.85976408912188,3,1
757,757. 신정이펜하우스 1단지아파트 입구 사거리,6158,1591.0,848.0,1535.0,13.770704774277363,24.926924326079895,1,1
758,758. 한사랑교회 앞,15815,3391.0,2100.0,4483.0,13.278533038254823,28.346506481188744,3,1
759,759. 보아스아파트 앞,8475,2116.0,1127.0,2075.0,13.297935103244837,24.48377581120944,1,1
760,760. 잣절보도육교 아래,6025,1137.0,896.0,1486.0,14.87136929460581,24.66390041493776,1,1
762,762. 오목로 무중력지대 앞,11248,636.0,2274.0,3333.0,20.21692745376956,29.63193456614509,1,1
763,763. 목동11단지 아파트,16773,2946.0,2373.0,4487.0,14.147737435163657,26.75132653669588,3,1
764,764. 목동청소년수련관,2,0.0,0.0,1.0,0.0,50.0,1,1
765,765. 오목교역 3번출구,66480,5130.0,13856.0,19363.0,20.84235860409146,29.126052948255115,4,2
766,766. 신목동역 3번출구,16691,1606.0,3983.0,4959.0,23.863159786711403,29.7106224911629,3,1
767,767.신정숲속마을아파트,8438,2994.0,927.0,1876.0,10.986015643517423,22.232756577388006,1,1
768,768.목동5단지아파트 501동,27897,2585.0,4726.0,8133.0,16.940889701401584,29.15367243789655,3,1
769,769.CBS방송국 앞,69556,3096.0,17054.0,21890.0,24.518373684513197,31.47104491345103,4,2
770,770.목동역5번출구,50444,7563.0,11630.0,9877.0,23.05526920942035,19.58012845928158,2,2
771,771.목동아파트 703동 앞,31256,3736.0,6043.0,7965.0,19.333887893524444,25.483107243409265,2,2
773,"773.염창역 3, 4번 출구 사이",16840,1249.0,3404.0,4674.0,20.213776722090262,27.755344418052257,3,1
774,774.등촌역 4번 출구 ,8278,966.0,1506.0,2220.0,18.1928001932834,26.81807199806717,1,1
775,775.세종그랑시아 앞(102동),8702,1270.0,1173.0,2315.0,13.479659848310732,26.603079751781202,1,1
776,776.목마공원,7477,773.0,1682.0,1825.0,22.495653336899828,24.408185100976326,1,3
777,777.신월6차보람아파트 앞,13688,3485.0,1707.0,3334.0,12.470777323202805,24.357101110461716,3,1
779,779. 신정1동 주민센터 앞,43270,6530.0,7640.0,11639.0,17.656574994222325,26.898544025883986,2,2
780,780.신정교 하부,37098,4926.0,4942.0,12905.0,13.32147285567955,34.78624184592161,2,2
781,781.신정보도육교 아래,55742,15176.0,7785.0,13542.0,13.966129668831401,24.294069104086685,4,2
782,782.서남병원 후문,10178,2512.0,1692.0,2245.0,16.624091177048538,22.05737865985459,1,1
785,"785.양천구청, 보건소 사잇길",67616,4734.0,16311.0,16048.0,24.1229886417416,23.73402744912447,4,2
786,786.목동아파트 8단지 상가동 앞,29591,5169.0,4584.0,8371.0,15.491196647629346,28.289006792605857,2,2
787,787.양천아파트 입구,46086,13055.0,6548.0,10702.0,14.208219415874668,23.221802716660157,2,2
788,788.양천구청역 2번출구 옆,38130,5207.0,11643.0,7433.0,30.53501180173092,19.49383687385261,2,2
791,791.현대하이페리온,38084,3192.0,6570.0,10586.0,17.25133914504779,27.796449952736058,2,2
792,792.목동트라팰리스 웨스턴에비뉴,70074,2476.0,14179.0,20140.0,20.234323714929932,28.74104518080886,4,2
793,793.목동5단지아파트 534동,38209,3997.0,6114.0,11117.0,16.001465623282474,29.0952393415164,2,2
794,794.양천문화회관,37435,6755.0,5365.0,10238.0,14.33150794710832,27.34873781220783,2,2
795,795.양천 해누리타운,44085,5297.0,8938.0,9763.0,20.274469774299646,22.145854599069978,2,2
796,796.목동아파트 14단지 B상가 앞,31297,7059.0,4475.0,8162.0,14.29849506342461,26.079176917915454,2,2
797,797.목동아파트 1422동 1434동 사잇길,52209,11270.0,8009.0,13515.0,15.340267003773295,25.8863414353847,2,2
800,800. 목월공원 앞,12747,2534.0,2361.0,3408.0,18.522005177688868,26.735702518239584,3,1
802,802. 한강진역 2번 출구 앞,4738,684.0,898.0,1253.0,18.95314478682989,26.445757703672435,1,1
805,805. 문배어린이공원 앞,11571,2278.0,1583.0,2822.0,13.680753608158328,24.3885576008988,1,1
806,806. 전자랜드 본관 앞,12653,1952.0,2849.0,2738.0,22.516399272899708,21.639136963565953,3,3
807,807. 서울역 12번 출구 앞,11821,2063.0,2906.0,2572.0,24.5833685813383,21.7578885035107,3,3
808,808. 서빙고동 금호맨션 앞,4161,327.0,755.0,1699.0,18.144676760394134,40.83153088199952,1,1
809,809. 한남 유수지 복개주차장,8820,669.0,1857.0,2597.0,21.05442176870748,29.444444444444446,1,1
810,810. 이태원지하보도,7230,750.0,1464.0,2237.0,20.24896265560166,30.940525587828493,1,1
811,811. 녹사평역1번출구,8397,769.0,1876.0,2455.0,22.341312373466714,29.236632130522803,1,1
813,813. 삼각지역 3번출구,9498,646.0,1376.0,3135.0,14.48726047588966,33.00694883133291,1,1
815,815. LIG강촌아파트 103동앞,14162,1614.0,2394.0,4331.0,16.904392035023303,30.581838723344163,3,1
816,816. 신용산역 6번출구 앞,21603,2823.0,4783.0,5698.0,22.14044345692728,26.375966300976717,3,3
817,817. 삼각지역 4번출구 앞,10850,1967.0,1479.0,3023.0,13.631336405529954,27.861751152073733,1,1
818,818. 숙명여대 입구 교차로,14942,2688.0,1886.0,3819.0,12.622138937223932,25.55882746620265,3,1
819,819. 선린인터넷 고등학교,15300,2618.0,2152.0,4368.0,14.065359477124185,28.549019607843135,3,1
820,820. 청파동입구 교차로,8737,1313.0,1851.0,1919.0,21.18576170310175,21.964060890465838,1,3
822,822. 이촌1동 마을공원,5764,968.0,1243.0,1384.0,21.564885496183205,24.011103400416378,1,3
823,823. 효창동주민센터 앞,4288,975.0,546.0,1201.0,12.733208955223882,28.008395522388057,1,1
825,825. 서빙고동 주민센터 앞,26519,1714.0,4489.0,10335.0,16.927485953467325,38.97205776990083,3,1
826,826. 서울역 서부교차로2,13492,3517.0,1994.0,3200.0,14.77912837236881,23.717758671805512,3,1
827,827. 국군복지단,3187,131.0,1000.0,218.0,31.37747097583935,6.840288672732978,1,4
828,828. 숙대입구역 8번,10703,888.0,1905.0,2899.0,17.798748014575352,27.08586377651126,1,1
829,829. 한강대교 북단 교차로,23975,2148.0,4435.0,8502.0,18.498435870698646,35.46193952033368,3,1
830,830. 강변삼성스위트아파트 앞,3277,853.0,584.0,773.0,17.82117790662191,23.58864815379921,1,1
832,832. 이촌1동 주민센터 뒤,12244,1942.0,2269.0,3359.0,18.531525645213982,27.43384514864423,3,1
834,834. 효창공원앞역 3번출구 앞,17130,5375.0,2203.0,3868.0,12.860478692352597,22.580268534734387,3,1
835,835. 남영역 건너편,12073,1537.0,2267.0,2925.0,18.77743725668848,24.22761534001491,1,1
836,836. 현대자동차서비스 앞,10669,663.0,2554.0,3439.0,23.93851345018277,32.23357390570813,1,1
837,837. 한남나들목 입구,12118,1028.0,2255.0,4093.0,18.608681300544642,33.776200693183696,3,1
838,838. 숙대입구역 4번출구,15260,1784.0,2718.0,3913.0,17.81127129750983,25.642201834862384,3,1
839,839. 보광동 삼성리버빌아파트 앞,7366,797.0,864.0,2143.0,11.729568286722781,29.0931306000543,1,1
840,840. 용산 파크타워 앞,5800,889.0,929.0,1783.0,16.017241379310345,30.74137931034483,1,1
841,841. 신용산역 1번 출구,19280,728.0,5057.0,5500.0,26.229253112033195,28.526970954356845,3,3
843,843. 이태원관광특구 입구(용산구청방향),7061,265.0,1618.0,2176.0,22.914601331256197,30.817164707548507,1,1
844,844. 이촌2동 동원베네스트 아파트 앞,14322,3101.0,1921.0,3750.0,13.412931154866639,26.183493925429406,3,1
845,845. 용산 선인상가,6915,506.0,2356.0,872.0,34.07086044830079,12.610267534345626,1,4
846,846. 용산중학교,12192,1764.0,1756.0,3330.0,14.402887139107612,27.312992125984252,1,1
848,848. 삼각지12번 출구,7791,678.0,1720.0,2244.0,22.076755230394042,28.80246438197921,1,1
849,849. 삼각지 자이아파트,13871,2720.0,2004.0,4103.0,14.447408261841252,29.579698651863602,3,1
850,850.KCC용산웰츠(WELLTZ)타워,5669,1170.0,729.0,1621.0,12.859410830834362,28.594108308343625,1,1
851,851.효창 푸르지오 앞,6363,1062.0,970.0,1887.0,15.244381581015245,29.655822725129653,1,1
852,852. 청암자이아파트 앞,10973,1737.0,1842.0,3256.0,16.78665816094049,29.672833318144537,1,1
853,853.용산역 맞은편,40797,2377.0,7857.0,14407.0,19.25876902713435,35.31387111797436,2,2
854,854.HID 유족동지회 앞,1734,55.0,308.0,642.0,17.762399077277973,37.0242214532872,1,1
855,855.이촌역5번출구 앞,2475,247.0,518.0,840.0,20.929292929292927,33.939393939393945,1,1
857,857. 현대 안성타워,3740,97.0,1061.0,1027.0,28.36898395721925,27.459893048128343,1,3
858,858.녹사평역3번 출구,4509,260.0,994.0,1431.0,22.044799290308273,31.736526946107784,1,1
859,859.남산공원 야외식물원 앞,2416,171.0,432.0,759.0,17.880794701986755,31.415562913907287,1,1
860,860.LG한강 자이아파트 앞,15992,1794.0,2685.0,5520.0,16.789644822411205,34.517258629314654,3,1
863,863.이촌역2번 출구,6274,567.0,1437.0,2247.0,22.90404845393688,35.8144724258846,1,1
864,864.순천향대학병원(한남오거리),7566,355.0,1958.0,2146.0,25.87893206449908,28.363732487443826,1,3
866,866.브라운스톤 남산아파트,8030,1515.0,1179.0,2306.0,14.682440846824408,28.717310087173104,1,1
867,867.서빙고역 광장(1번출구),4374,756.0,899.0,1291.0,20.553269318701417,29.515317786922722,1,1
869,869.노들섬 동측 앞,5662,346.0,1095.0,2284.0,19.339456022606853,40.33910279053338,1,1
870,870.노들섬 서측 앞,25568,332.0,5135.0,11051.0,20.083698372966207,43.221996245306634,3,1
900,900. 은평예술회관,7106,975.0,1422.0,1552.0,20.011258091753447,21.840698001688715,1,3
902,902. 진관동 은빛초등학교,5718,1448.0,616.0,1544.0,10.772997551591464,27.002448408534452,1,1
903,903. 은평뉴타운 아이파크,8710,1712.0,1122.0,2254.0,12.881745120551091,25.878300803673937,1,1
904,904. 은평뉴타운 푸르지오,7762,2339.0,747.0,2195.0,9.623808296830713,28.27879412522546,1,1
905,905. 구파발역 2번출구,24509,1466.0,5725.0,7052.0,23.358766167530295,28.773103757803252,3,1
906,906. 연신내역 5번출구,27990,1748.0,5236.0,8043.0,18.706680957484817,28.735262593783496,3,1
907,907. CJ 드림시티,41059,3839.0,6792.0,12417.0,16.542049246206677,30.241847098078374,2,2
908,908. 구산역 4번출구,12977,1551.0,2077.0,3843.0,16.005240040070895,29.613932341835554,3,1
909,909. 백련산 힐스테이트 3차,6742,1683.0,785.0,1436.0,11.643429249480866,21.299317709878373,1,1
911,911. 은평평화공원(역촌역4번출구),21498,3271.0,3726.0,5458.0,17.33184482277421,25.388408224020836,3,1
912,912. 응암오거리,23391,4162.0,3639.0,6187.0,15.557265614980121,26.45034414945919,3,1
913,913. 이마트 버스정류장(서부경찰서 방면),22761,1623.0,4540.0,6139.0,19.946399543078073,26.971574183911073,3,1
914,914. 새절역 2번출구,27913,2271.0,4208.0,8318.0,15.075412890051233,29.799734890552788,3,1
915,915. 증산역 4번출구,15088,2002.0,2452.0,3984.0,16.25132555673383,26.4050901378579,3,1
916,916. 평생학습관 앞,13460,1430.0,2152.0,3754.0,15.988112927191677,27.89004457652303,3,1
917,917. 녹번역 3번출구,16534,3725.0,3162.0,3429.0,19.124228861739446,20.739083101487843,3,3
919,919. 서울혁신파크,6218,591.0,1154.0,1877.0,18.559022193631392,30.18655516243165,1,1
921,921. 신도고등학교,1843,237.0,355.0,496.0,19.262072707542053,26.912642430819318,1,1
922,922. 연신내역 4번출구,6027,549.0,1133.0,1568.0,18.79873900779824,26.01626016260163,1,1
923,923. 국민은행 연서지점,5964,818.0,749.0,1597.0,12.55868544600939,26.777330650570086,1,1
925,925. 불광역 2번출구,10055,793.0,2188.0,2535.0,21.76031824962705,25.2113376429637,1,3
927,927. 연신내역 3번출구 인근,4822,454.0,748.0,1248.0,15.512235586893405,25.881377021982583,1,1
928,928. 은평역사한옥박물관,3275,399.0,588.0,1198.0,17.954198473282442,36.58015267175573,1,1
930,930. 구 서부경찰서 건너편,9508,1575.0,1853.0,2415.0,19.488851493479174,25.39966344131258,1,1
931,931. 역촌파출소,37199,8359.0,5317.0,9052.0,14.293394983736121,24.333987472781526,2,2
932,932. 예일여중,12420,923.0,1952.0,3550.0,15.71658615136876,28.5829307568438,1,1
933,933. 역촌종합시장 버스정류장(예일여고 방면),20045,2732.0,3299.0,5292.0,16.45796956847094,26.400598653030684,3,1
937,937. 상림마을 롯데캐슬2단지 옆,1254,75.0,171.0,519.0,13.636363636363635,41.38755980861244,1,1
938,938. 금암 문화공원,2190,224.0,394.0,679.0,17.990867579908677,31.004566210045663,1,1
939,939. 은평구청 교차로,7445,795.0,1833.0,1575.0,24.620550705171258,21.155137676292814,1,3
941,941. 은평뉴타운 도서관,6792,817.0,1171.0,1877.0,17.240871613663135,27.63545347467609,1,1
942,942. 상림마을 생태공원,4500,1179.0,355.0,1277.0,7.888888888888888,28.37777777777778,1,1
943,943. 은평구청 보건소,19079,2435.0,3937.0,3538.0,20.635253419990566,18.54394884427905,3,3
945,945. 기자촌 사거리 A,1752,295.0,280.0,488.0,15.981735159817351,27.85388127853881,1,1
946,946. 독바위역 ,5903,703.0,862.0,1824.0,14.602744367270878,30.899542605454855,1,1
947,947. 연신내 선일하이츠빌 정류소,2894,581.0,369.0,753.0,12.750518313752593,26.01935038009675,1,1
948,948. 디지털미디어 시티역 4번출구(DMC역),8913,1130.0,2745.0,1818.0,30.797711208347355,20.39717266913497,1,3
949,949. 연신내역 1번 출구 ,14092,1336.0,2779.0,3759.0,19.720408742548965,26.67470905478286,3,1
950,950. 구산역 2번 출구 예일여고 버스정류장,9349,1275.0,1531.0,2671.0,16.37608300352979,28.56990052412023,1,1
952,952. 서울연신중학교,6789,1614.0,735.0,1721.0,10.826336721166593,25.349830608337015,1,1
953,953. 서울연신초등학교,4340,614.0,591.0,1213.0,13.617511520737327,27.94930875576037,1,1
954,954. 은평뉴타운구파발9단지,7679,877.0,871.0,2237.0,11.34262273733559,29.13139731735903,1,1
956,956. 응암시장교차로,24670,5580.0,3311.0,6150.0,13.42115930279692,24.929063640048643,3,2
958,958. 본 서부병원 버스정류장(은평 세무서 방면),12835,1925.0,1926.0,3258.0,15.005843396961433,25.38371640046747,3,1
959,959. 구파발10단지 인근,4955,362.0,689.0,1586.0,13.905146316851665,32.008072653884966,1,1
960,960. 구파발역 환승센터,8850,340.0,2495.0,1830.0,28.192090395480225,20.677966101694913,1,3
962,962. 은평뉴타운엘크루 앞,11463,430.0,2001.0,3338.0,17.456163308034544,29.119776672773273,1,1
963,963. 불광롯데캐슬아파트 앞,6684,893.0,884.0,1848.0,13.22561340514662,27.648114901256733,1,1
964,964. 북한산힐스테이트 7차아파트,5158,906.0,726.0,1428.0,14.07522295463358,27.685149282667698,1,1
965,965. 서울특별시 은평병원,6641,1211.0,896.0,1400.0,13.491943984339708,21.081162475530792,1,1
966,966. 서울혁신파크1,1448,103.0,411.0,410.0,28.383977900552487,28.314917127071826,1,3
967,967. 서울혁신파크2,3101,126.0,743.0,822.0,23.960012899064818,26.507578200580458,1,3
968,968. 은평뉴타운 상림마을 13단지,1577,376.0,124.0,401.0,7.863031071655041,25.428027901078,1,1
969,969. 은평 지웰테라스,1459,291.0,110.0,318.0,7.539410555174777,21.79575051405072,1,1
971,971. 역촌 센트레빌 아파트,8296,2995.0,623.0,1890.0,7.509643201542912,22.782063645130183,1,1
973,973.제각말푸르지오 5-1단지 아파트,2443,395.0,347.0,717.0,14.203847728203028,29.34916086778551,1,1
974,974.연신초등학교옆 마을마당,2059,391.0,275.0,571.0,13.355998057309373,27.731908693540554,1,1
975,975.백련산 힐스테이트상가앞,6610,2072.0,618.0,1609.0,9.34947049924357,24.341906202723145,1,1
976,976.진관고등학교앞,6989,1320.0,825.0,1547.0,11.804263843182143,22.134783230791243,1,1
977,977.신도중학교앞,2551,445.0,403.0,706.0,15.797726381811056,27.675421403371224,1,1
978,978.녹번 힐스테이트상가앞,3541,362.0,747.0,944.0,21.095735667890423,26.659135837334087,1,1
979,979.원풍빌라앞,8245,1920.0,822.0,1869.0,9.96967859308672,22.66828380836871,1,1
982,982. 녹번초등학교(서오릉로),9574,1515.0,1519.0,2491.0,15.86588677668686,26.01838312095258,1,1
984,984.상신초등학교앞 버스정류장,11224,2153.0,1375.0,3008.0,12.250534568781184,26.799714896650034,1,1
985,985. 은평세무서 버스정류장(은평구청 방면),13562,2079.0,2198.0,3190.0,16.207049107801208,23.521604483114587,3,1
989,989. 신응교(가좌로) 앞,15728,1931.0,2369.0,4829.0,15.06230925737538,30.703204476093592,3,1
991,991.흥국사 정류장,1195,106.0,142.0,429.0,11.882845188284518,35.89958158995816,1,1
992,992.북한산입구 정류장,2066,90.0,244.0,931.0,11.81026137463698,45.06292352371733,1,1
993,993.은평뉴타운 은뜨락아파트앞,5772,677.0,1098.0,1440.0,19.022869022869024,24.94802494802495,1,1
994,994.북한산생태공원입구(교통섬),2865,500.0,438.0,723.0,15.287958115183246,25.23560209424084,1,1
995,995.은평다목적체육관,4922,963.0,614.0,1123.0,12.474603819585536,22.81592848435595,1,1
996,996.응암역2번출구 국민은행 앞,41248,3683.0,8275.0,11451.0,20.06157874321179,27.76134600465477,2,2
1001,1001. 광진교 남단 사거리(천호공원 방면),18948,1872.0,2950.0,5823.0,15.56892548026177,30.731475617479415,3,1
1002,1002. 해공공원(천호동),23082,4366.0,2788.0,6658.0,12.078676024607919,28.84498743609739,3,1
1003,1003. 해공도서관앞,15571,2519.0,2440.0,4254.0,15.670156059341084,27.3200179821463,3,1
1004,1004. 삼성광나루아파트 버스정류장,17732,2330.0,2745.0,5433.0,15.480487254680803,30.63952176855403,3,1
1006,1006. 롯데캐슬 115동앞,2423,386.0,396.0,630.0,16.343375980189847,26.0008254230293,1,1
1007,1007.암사동 선사유적지,3458,180.0,388.0,1406.0,11.220358588779641,40.65934065934066,1,1
1008,1008. 암사역 3번출구(국민은행앞),37812,5471.0,6171.0,10141.0,16.320215804506503,26.819528192108326,2,2
1009,1009. 천호역4번출구(현대백화점),57506,4566.0,14003.0,16393.0,24.350502556254998,28.506590616631307,4,2
1010,1010. 강동세무서,39256,5086.0,7531.0,9513.0,19.184328510291422,24.23323823109843,2,2
1011,1011. LIGA 아파트 앞,44309,7658.0,7111.0,10755.0,16.048658286126972,24.272721117605904,2,2
1012,1012. 천호역효성해링턴타워 앞,34325,3775.0,6419.0,8662.0,18.7006554989075,25.23525127458121,2,2
1013,1013. 강동구청역 1번 출입구,31786,5276.0,7048.0,6811.0,22.173283835650913,21.42767256024665,2,2
1015,1015. 샛마을 근린공원,6407,925.0,894.0,1910.0,13.953488372093023,29.811144061183082,1,1
1016,1016. 해뜨는 주유소옆 리엔파크 109동앞,10841,1754.0,1745.0,2778.0,16.096301079236234,25.624942348491835,1,1
1017,1017. 둔촌고교입구 교차로(길동주민센터 방면),19702,3143.0,3256.0,5423.0,16.526240990762357,27.525124352857578,3,1
1018,1018. 둔촌 주공 GS 맞은편,30598,5151.0,4412.0,8331.0,14.419243087783515,27.227269756193216,2,2
1019,1019. 다성이즈빌아파트(호원대 대각선 맞은편),51646,10806.0,8355.0,12228.0,16.17743871742245,23.67656740115401,2,2
1020,1020. 강동경찰서,48978,9883.0,7768.0,9830.0,15.86018212258565,20.070235615990853,2,2
1021,1021. 강일동 리슈빌 빌딩앞,20989,4749.0,2818.0,4352.0,13.426080327790748,20.734670541712326,3,2
1022,1022. 길동 사거리(초소앞),20648,3452.0,3705.0,4776.0,17.943626501356064,23.13056954668733,3,3
1023,1023. 한국종합기술사옥 앞,27040,1547.0,11342.0,2824.0,41.94526627218934,10.44378698224852,3,4
1024,1024.  강동구청 앞,42209,5775.0,9272.0,9592.0,21.9668791016134,22.72501125352413,2,2
1025,1025. 상일초등학교,6700,735.0,2213.0,1177.0,33.02985074626866,17.567164179104477,1,3
1026,1026. 대명초교 입구 교차로,1,1.0,0.0,0.0,0.0,0.0,1,3
1027,1027. 프라자 아파트 앞,12096,2869.0,1459.0,3086.0,12.061838624338625,25.51256613756614,3,1
1028,1028. 포레스 주상복합 빌딩,23016,3488.0,3765.0,5800.0,16.358185610010427,25.199860966284326,3,1
1029,1029. 성내어울터,38449,2279.0,7437.0,11443.0,19.342505656844132,29.76150224973341,2,2
1030,1030. 미호 플랜트 앞,18118,3250.0,3250.0,4870.0,17.937962247488684,26.87934650623689,3,1
1031,1031. 올림픽로 836(아리수로),6983,930.0,1431.0,1762.0,20.49262494629815,25.23270800515538,1,1
1032,1032. 선사고등학교,6523,1155.0,1066.0,1622.0,16.3421738463897,24.86585926720834,1,1
1033,1033. 고덕동 아남아파트,20081,5292.0,2118.0,4870.0,10.547283501817638,24.251780289826204,3,2
1034,1034. 고덕동 래미안 힐스테이트,6673,1830.0,744.0,1650.0,11.149408062340777,24.726509815675108,1,1
1036,1036. 고덕동 주양쇼핑,11788,1023.0,2165.0,3448.0,18.36613505259586,29.250084832032574,1,1
1037,1037. 강일리버파크 6단지,2847,520.0,316.0,772.0,11.0994028802248,27.11626273270109,1,1
1038,1038. 강일 다솜 어린이 공원,3788,702.0,502.0,911.0,13.252375923970433,24.049630411826822,1,1
1039,1039. 고덕초등학교,2976,754.0,380.0,793.0,12.768817204301076,26.646505376344088,1,1
1041,1041. 묘곡초등학교,7638,1400.0,1137.0,1927.0,14.886095836606442,25.22911757004451,1,1
1042,1042. 강일리버파크 2~5단지,5967,1288.0,1056.0,1486.0,17.69733534439417,24.903636668342553,1,1
1044,1044. 굽은다리역,46104,5723.0,7899.0,12428.0,17.133003643935453,26.95644629533229,2,2
1048,1048. 둔촌어린이공원,25500,4943.0,3689.0,6641.0,14.466666666666667,26.04313725490196,3,2
1049,1049. 강일리버파크 10단지,5731,1345.0,513.0,1461.0,8.9513173966149,25.492933170476356,1,1
1050,1050.  둔촌역 3번 출입구,60119,8242.0,10510.0,15189.0,17.481994045143797,25.264891298923803,4,2
1051,"1051. 강일중,선사고 버스정류장(신암중학교 방면)",8783,870.0,1284.0,2468.0,14.619150631902539,28.099738130479334,1,1
1053,1053. 동명근린공원 진입로 (아리수로),2993,587.0,453.0,685.0,15.13531573671901,22.886735716672234,1,1
1056,1056. 강일리버파크 7~11단지,5798,1677.0,657.0,1424.0,11.331493618489134,24.560193170058643,1,1
1057,1057. 능골근린공원,7898,1552.0,1369.0,1512.0,17.333502152443657,19.144087110660926,1,3
1058,1058. 고덕숲 아이파크 1,3696,763.0,450.0,1003.0,12.175324675324676,27.13744588744589,1,1
1059,1059. 래미안 강동팰리스(102동),19758,3268.0,2987.0,5400.0,15.117926915679725,27.33070148800486,3,1
1060,1060. 천일초교 사거리,9520,1345.0,1671.0,2550.0,17.55252100840336,26.785714285714285,1,1
1061,1061. 천호초교 입구 사거리(일주빌딩),12353,2261.0,1910.0,3250.0,15.461831134137457,26.309398526673682,3,1
1063,1063.강동롯데캐슬퍼스트 아파트(관리동),5890,1177.0,760.0,1960.0,12.903225806451612,33.276740237691,1,1
1064,1064.중앙보훈병원역 1번출구,6396,765.0,1217.0,1732.0,19.027517198248905,27.07942464040025,1,1
1065,1065.보훈병원 후문옆(더 원커피),8458,1065.0,1985.0,1736.0,23.468905178529205,20.524946795932845,1,3
1066,1066.생태공원앞 교차로(조명탑),1447,265.0,249.0,436.0,17.208016586040085,30.131306150656528,1,1
1067,1067.한영중고앞사거리,6169,821.0,941.0,1575.0,15.25368779380775,25.53088020748906,1,1
1068,1068.명일파출소,10866,1150.0,2028.0,2710.0,18.663721700717836,24.940180379164367,1,1
1070,1070.(시립)고덕평생학습관,12432,1071.0,2058.0,3087.0,16.554054054054053,24.83108108108108,1,1
1072,1072.고덕역 5번출구,22238,1747.0,4584.0,6353.0,20.613364511197048,28.568216566237968,3,1
1073,1073. SSTS 몰 앞,8644,1381.0,1092.0,2460.0,12.633040259139289,28.459046737621474,1,1
1074,1074.대명초교입구 사거리,15505,2939.0,1793.0,4277.0,11.564011609158337,27.584650112866814,3,1
1075,1075.천동초교 삼거리,22446,5805.0,2920.0,5444.0,13.008999376280853,24.253764590572928,3,2
1076,1076. 천동초교입구사거리 버스정류장(십자성마을 방면),24714,3835.0,4014.0,6873.0,16.241806263656226,27.810148094197622,3,1
1077,1077.강동역 1번출구 앞,31858,6170.0,5355.0,7248.0,16.80896478121665,22.750957373344217,2,2
1078,1078.둔촌사거리,49945,7191.0,7127.0,15458.0,14.269696666332965,30.950045049554507,2,2
1079,1079.강일동입구교차로,12108,3091.0,1699.0,3028.0,14.032044928972581,25.00825900231252,3,1
1080,1080.천호지하주차장 5번 출입구,20552,2772.0,3271.0,5394.0,15.915725963409887,26.245620864149476,3,1
1081,1081.트레빌빌딩,20366,2458.0,3405.0,5550.0,16.71904153982127,27.251301188254935,3,1
1083,1083.광문고교사거리(아이파크),7120,903.0,1149.0,1801.0,16.1376404494382,25.29494382022472,1,1
1084,1084. 윤선생빌딩(JYP사옥),46577,5376.0,11627.0,11353.0,24.962964553320308,24.374691371277667,2,2
1085,1085.래미안 솔베뉴(고덕로),12581,1930.0,2183.0,3064.0,17.351561879023926,24.35418488196487,3,1
1086,1086.래미안 솔베뉴(구천면로),8182,1011.0,1270.0,2322.0,15.521877291615743,28.37936934734784,1,1
1088,1088.풍납사거리(강동),19793,2859.0,4262.0,4713.0,21.532865154347498,23.81144849189107,3,3
1089,1089.고덕 래미안힐스테이트(201동),8347,2037.0,863.0,2027.0,10.339043967892655,24.28417395471427,1,1
1090,1090.상일동역 2번출구 앞,23384,3785.0,5759.0,4883.0,24.627950735545674,20.88179952104003,3,3
1101,1101. 상사마을 버스정류장(아라대교방면),2236,403.0,418.0,481.0,18.694096601073344,21.511627906976745,1,3
1102,1102. 방화사거리 마을버스 버스정류장,28997,3175.0,4816.0,7623.0,16.608614684277683,26.288926440666277,3,1
1103,1103. 방화역 4번출구앞,36427,5298.0,6145.0,9211.0,16.869355148653472,25.28618881598814,2,2
1105,1105. 방화근린공원,6014,691.0,699.0,2357.0,11.622879946790823,39.19188560026605,1,1
1106,1106. 신방화사거리,39587,7492.0,6839.0,9917.0,17.275873392780458,25.0511531563392,2,2
1108,1108. 공항시장역 2번출구 뒤,16891,3165.0,2272.0,4577.0,13.450950210171097,27.097270735894856,3,1
1109,1109. 공항시장역 4번출구,8186,1396.0,1165.0,2174.0,14.231614952357685,26.557537258734428,1,1
1110,1110. 공항중학교앞,13531,4120.0,1263.0,2979.0,9.334121646589313,22.016111152169092,3,1
1111,1111. 마곡엠밸리6_7단지 마곡중학교,32457,4876.0,4888.0,8886.0,15.059925439812675,27.37776134578057,2,2
1112,1112. 마곡엠밸리4단지 정문,54666,7179.0,11168.0,13018.0,20.42951743313943,23.81370504518348,2,2
1113,1113. 서남환경공원 버스정류장,35265,9048.0,4635.0,8900.0,13.143343258188006,25.23748759393166,2,2
1117,1117. 등촌5단지아파트 버스정류장,45000,6543.0,8904.0,9777.0,19.786666666666665,21.726666666666667,2,2
1118,1118. 증미역 3번출구뒤(등촌두산위브센티움오피스텔),39073,5942.0,10216.0,7939.0,26.145931973485524,20.318378419880737,2,2
1119,1119. 염창동 한마음아파트 앞,14981,2403.0,2347.0,4241.0,15.666510913824178,28.30919164274748,3,1
1120,1120. 대림경동아파트앞,26199,6890.0,3287.0,6476.0,12.546280392381389,24.718500706133824,2,2
1121,1121. 가양레포츠센터 앞,20015,1936.0,3788.0,5765.0,18.925805645765674,28.803397451911067,3,1
1124,1124. 발산역 6번 출구 뒤,72977,8440.0,16093.0,18731.0,22.052153418200255,25.6669909697576,4,2
1126,1126. 우장산역 1번출구옆(우장산아이파크105동앞),23199,1690.0,4415.0,6315.0,19.03099271520324,27.22100090521143,3,1
1127,1127. 화곡역 버스정류장,12410,1473.0,2237.0,3137.0,18.025785656728445,25.278001611603546,1,1
1128,1128. 화곡역 6번출구,17611,2800.0,3311.0,4292.0,18.800749531542785,24.37113167906422,3,1
1129,1129. 화곡역 1번 출구 앞,16581,1937.0,3361.0,3971.0,20.270188770279233,23.94909836559918,3,3
1130,1130. 화곡본동시장 버스정류장,5810,868.0,980.0,1428.0,16.867469879518072,24.57831325301205,1,1
1132,1132. 등촌역 7번출구,24986,5138.0,3868.0,5630.0,15.480669174737855,22.532618266229086,3,2
1135,1135. 강서구의회,25868,6358.0,3343.0,6043.0,12.923302922529768,23.360909231482914,3,2
1136,1136. 등촌2파출소,7281,1301.0,932.0,1816.0,12.800439500068672,24.941628897129515,1,1
1137,1137. 등촌2동주민센터,4167,913.0,486.0,816.0,11.663066954643629,19.582433405327574,1,1
1139,1139. 용문사 버스정류장,9264,2153.0,1078.0,2007.0,11.636442141623489,21.664507772020723,1,1
1140,1140. 목동사거리 버스정류장,28378,5850.0,4318.0,6601.0,15.21601240397491,23.260976813024172,2,2
1141,1141. 곰달래 문화복지센터 A,18050,3284.0,2861.0,4672.0,15.850415512465373,25.883656509695292,3,1
1145,1145. 곰달래 문화복지센터 B,10410,1278.0,1355.0,2927.0,13.016330451488953,28.117195004803076,1,1
1148,1148. 볏골공원,13638,4078.0,1595.0,3382.0,11.695263235078457,24.798357530429683,3,1
1149,1149. 신방화역환승주차장,44051,5484.0,9549.0,10568.0,21.6771469433157,23.99037479285374,2,2
1150,1150. 송정역 1번출구,34775,5832.0,6910.0,7868.0,19.8705966930266,22.6254493170381,2,2
1151,1151. 마곡역1번출구,59399,10580.0,14417.0,12449.0,24.27145238135322,20.95826529066146,4,2
1152,1152. 마곡역교차로,54446,7831.0,14814.0,10355.0,27.20861036623443,19.01884435954891,4,2
1153,"1153. 발산역 1번, 9번 인근 대여소",96067,11272.0,18663.0,21977.0,19.427066526486723,22.876742273621534,4,2
1155,1155. 기쁜우리복지관,29225,6954.0,3950.0,6402.0,13.515825491873395,21.905902480752783,2,2
1157,1157. 강서구청,46181,13367.0,7786.0,9111.0,16.859747515211883,19.728892834715577,2,2
1158,1158. 가양역 8번출구,51228,7541.0,11021.0,11453.0,21.513625361130632,22.35691418755368,2,2
1159,1159. 서서울모터리움 앞,9038,732.0,3412.0,1179.0,37.751714981190524,13.044921442797078,1,4
1160,1160. 양천향교역 7번출구앞,67279,11227.0,13835.0,14595.0,20.563623121627845,21.693247521514884,4,2
1161,1161. 강서면허시험장 앞,4925,376.0,894.0,813.0,18.15228426395939,16.507614213197968,1,3
1162,1162. 공항초등학교건너편,31900,7710.0,4469.0,8382.0,14.009404388714733,26.275862068965516,2,2
1163,1163. 방화동강서기동대앞,32744,7729.0,4229.0,7724.0,12.915343268995846,23.58905448326411,2,2
1165,1165. 마곡중학교 후문,19708,3853.0,2517.0,4991.0,12.771463365130911,25.32474122183885,3,1
1166,1166. 강서구립등빛도서관,67255,14860.0,10681.0,16184.0,15.881347111738906,24.06363839119768,4,2
1167,1167. 마곡수명산파크3단지 교차로,48269,11927.0,7364.0,11482.0,15.256168555387518,23.787524083780482,2,2
1168,1168. 마곡엠밸리10단지 앞,23417,5497.0,3185.0,5069.0,13.601229875731304,21.64666695136012,3,2
1169,1169. 염창역 1번 출구,26184,3054.0,7040.0,6243.0,26.886648334860986,23.842804766269477,3,3
1170,1170. 강서구보건소,9850,1188.0,1518.0,2471.0,15.411167512690355,25.086294416243653,1,1
1171,1171. 염창동 새마을금고 건너편,12401,2494.0,1488.0,3054.0,11.999032336101926,24.627046205951135,3,1
1172,1172. 가양3동 주민센터,21301,3861.0,4221.0,4813.0,19.8159710811699,22.595183324726538,3,3
1173,1173. 강서구청사거리(SH타워),44097,11201.0,6257.0,10478.0,14.18917386670295,23.761253600018144,2,2
1174,1174. 강서구청사거리(부민병원),21059,6213.0,2725.0,4035.0,12.939835699700842,19.16045396267629,3,2
1175,1175. 대한항공 인력개발센터,14828,2496.0,2690.0,3226.0,18.141354194766656,21.756137038036147,3,3
1177,1177. 수명중?고교,24259,7808.0,2623.0,4276.0,10.812481965456119,17.62644791623727,3,2
1178,1178. 개화산역 2번 출구,11504,1649.0,2178.0,2982.0,18.932545201668987,25.92141863699583,1,1
1180,1180. 마곡엠밸리 15단지(1502동) 건너편,34233,6032.0,6864.0,6853.0,20.050828148277976,20.018695410860865,2,2
1181,1181. 농수산식품공사 (강서지사),4160,210.0,1462.0,365.0,35.14423076923077,8.774038461538462,1,4
1182,1182. KBS 스포츠월드,43259,9550.0,7102.0,8005.0,16.417392912457522,18.504819806283084,2,2
1183,1183. 강서대학교,6070,1742.0,896.0,1220.0,14.761120263591435,20.098846787479406,1,1
1184,1184. 마곡13단지,47319,15621.0,5526.0,10976.0,11.67818423888924,23.19575646146368,2,2
1185,1185. 등촌9단지,22847,5261.0,3829.0,4878.0,16.75931194467545,21.350724383945376,3,2
1186,1186. 송정중학교,12691,3035.0,1842.0,2840.0,14.514222677487984,22.378063194389725,3,1
1187,1187. 강서수산물도매시장,11874,1367.0,2706.0,2466.0,22.789287518948964,20.768064679130873,1,3
1188,1188. 롯데중앙연구소,3789,307.0,1736.0,495.0,45.8168382158881,13.064133016627078,1,4
1190,1190. 마곡역 교차로(2번출구),51145,6189.0,13143.0,11983.0,25.697526639945256,23.429465245869586,2,2
1191,"1191. 마곡역 버스정류장(마곡나루역1번출구, 웰튼병원 방면)",43710,4392.0,9555.0,11050.0,21.859986273164036,25.28025623427133,2,2
1192,1192. 마곡수명산파크 209동 건너편,36331,10577.0,4596.0,8223.0,12.650353692438966,22.633563623351957,2,2
1193,1193. 마곡센트럴타워 1차,32767,1045.0,10278.0,5738.0,31.366924039429918,17.51152073732719,2,3
1195,1195. 코오롱One&Only타워,25022,903.0,11958.0,1576.0,47.78994484853329,6.298457357525377,3,4
1196,1196. 서울식물원(문화센터) 건너편,10682,1993.0,4003.0,1250.0,37.474255757348814,11.701928477813144,1,4
1197,1197. 엠펠리체 호텔 건너편,24163,1940.0,5673.0,5823.0,23.478044944750238,24.098828787816082,3,3
1198,1198. LG 사이언스파크,29807,6771.0,10230.0,3018.0,34.320797128191366,10.125138390311001,2,4
1199,1199. 우장산역 3번출구,17291,2081.0,2965.0,4395.0,17.147649065988084,25.417847435081836,3,1
1200,1200. 개화광역환승센터,4238,340.0,1213.0,921.0,28.621991505427086,21.731949032562532,1,3
1201,1201. 가락시장역 3번 출구,20652,3141.0,4550.0,3900.0,22.031764478016658,18.884369552585706,3,3
1203,1203. 밀리아나2빌딩 앞,13404,915.0,3304.0,2642.0,24.64935840047747,19.710534168904807,1,3
1204,1204. 거여역 3번출구,16652,1766.0,3168.0,4079.0,19.024741772760027,24.495556089358637,3,1
1205,1205. 종합운동장역 4번출구,17176,1835.0,4754.0,4631.0,27.678155565905914,26.962040055891944,3,3
1206,1206. 9호선종합운동장역 9번출구,16023,2482.0,3700.0,3741.0,23.09180552955127,23.347687698932784,3,3
1207,1207. 마천중앙시장,6547,1260.0,800.0,1789.0,12.219337100962273,27.325492592026883,1,1
1208,1208. 풍납현대아파트쉼터,31931,5758.0,5669.0,7770.0,17.753906861670476,24.33371958285052,2,2
1209,1209. 잠실나루역 (2번 출구 쪽),41960,8354.0,10266.0,8895.0,24.46615824594852,21.198760724499525,2,2
1210,1210. 롯데월드타워(잠실역2번출구 쪽),122673,15850.0,36630.0,31317.0,29.859871365337114,25.52884497811254,4,2
1212,1212. 송파역 2번 출구앞,18188,3002.0,4054.0,3898.0,22.289421596657135,21.431713217506047,3,3
1213,1213. 백토공원 앞,4192,1050.0,572.0,1028.0,13.64503816793893,24.52290076335878,1,1
1214,1214. 오금역 7번 출구 인근,9156,1963.0,1402.0,1951.0,15.312363477501092,21.30843162953255,1,1
1215,1215. 올림픽공원역 1번출구 앞,24511,2731.0,4934.0,6313.0,20.129737668801763,25.755783117783853,3,1
1217,1217. 송파파인타운 7단지,10147,1311.0,1766.0,2726.0,17.40415886468907,26.865083275845077,1,1
1218,1218. 방이역 4번출구,31988,2691.0,6270.0,9586.0,19.601100412654745,29.967487807927974,2,1
1220,1220. 잠실근린공원,29528,6316.0,4416.0,7976.0,14.955296667569765,27.011649959360607,2,2
1221,1221. 삼전역 4번출구,22465,3849.0,3491.0,6125.0,15.53972846650345,27.264633874916537,3,1
1222,1222. 잠실새내역 5번 출구 뒤,55811,5087.0,10775.0,15798.0,19.306229954668435,28.30624787228324,2,2
1224,1224. 아시아지하보도 2번 출구,20358,2592.0,3638.0,5704.0,17.87012476667649,28.018469397779743,3,1
1226,1226. 잠실4동 주민센터 옆,31070,6694.0,5396.0,7628.0,17.367235275185067,24.551013839716767,2,2
1227,1227. 거여역 8번출구 뒤,14850,3251.0,3210.0,2960.0,21.616161616161616,19.93265993265993,3,3
1228,1228. 마천사거리 ,8831,1843.0,1288.0,2465.0,14.584984712943042,27.91303363152531,1,1
1229,1229. 송파체육문화회관 앞,13731,2667.0,2296.0,2141.0,16.72128759740733,15.592455028767024,3,3
1230,1230. 송파중학교 정문,6368,656.0,969.0,2010.0,15.216708542713567,31.564070351758794,1,1
1231,1231. 잠실역 6번출구,37792,3130.0,9340.0,10498.0,24.714225232853515,27.778365791701948,2,2
1232,1232. 잠실주공 521동 건너편,35111,2186.0,7841.0,10875.0,22.332032696306,30.97319928227621,2,2
1233,1233. 잠실3거리(갤러리아팰리스),14047,1605.0,2389.0,3756.0,17.007190147362426,26.738805438883745,3,1
1235,1235. 잠실트리지움310동 옆,27863,2727.0,4725.0,8253.0,16.957972939023076,29.619926066826974,3,1
1239,1239. 문정 법조단지3,9309,2090.0,2281.0,1869.0,24.503168976259534,20.077344505317434,1,3
1240,1240. 문정 법조단지4,8582,1620.0,1561.0,2119.0,18.189233278955953,24.69121416919133,1,1
1241,1241. 문정 법조단지5,7020,1291.0,1314.0,1769.0,18.71794871794872,25.1994301994302,1,1
1242,1242. 문정 법조단지6,1719,276.0,502.0,358.0,29.20302501454334,20.826061663758,1,3
1243,1243. 문정 법조단지7,28726,2518.0,9964.0,4354.0,34.686346863468636,15.15700062661004,2,4
1244,1244. 문정 법조단지8,31879,3549.0,5473.0,9480.0,17.168041657517488,29.737444712820356,2,2
1245,1245. 문정 법조단지9,17754,2632.0,3582.0,5187.0,20.175735045623522,29.215951334910446,3,1
1246,1246. 문정 법조단지10,22990,2927.0,6980.0,4904.0,30.361026533275336,21.33101348412353,3,3
1247,1247. 문정 법조단지11,9491,1028.0,2139.0,2565.0,22.537140448846277,27.025603203034454,1,1
1248,1248. 방이초등학교,28818,3809.0,5331.0,7968.0,18.498854882365187,27.649385800541324,2,2
1250,1250.문정2동 주민센터,1923,319.0,217.0,446.0,11.284451378055122,23.192927717108685,1,1
1251,1251. 석촌역 2번출구,34142,3435.0,6368.0,9909.0,18.651514263956418,29.022904340694744,2,2
1253,1253. 오금역 3번 출구 뒤,7923,1418.0,1431.0,1705.0,18.061340401363122,21.519626404139846,1,3
1256,1256. 문정현대아파트 교차로,8310,1201.0,1559.0,1927.0,18.760529482551146,23.18892900120337,1,3
1257,1257. 가락시장역 사거리,8001,2687.0,1385.0,1269.0,17.310336207974004,15.860517435320585,1,3
1258,1258. 가락미륭아파트 앞,5166,750.0,817.0,1449.0,15.814943863724352,28.04878048780488,1,1
1259,1259. 방이역 1번출구,20861,2359.0,3718.0,5598.0,17.822731412683957,26.834763434159438,3,1
1260,1260. 방이동 한양3차아파트 옆,16971,2520.0,3051.0,4427.0,17.97772671027046,26.085675564197746,3,1
1262,1262. 송파여성문화회관 앞,28612,4530.0,4873.0,7077.0,17.03131553194464,24.734377184398156,2,2
1263,1263. 장지공영차고지,3917,684.0,484.0,712.0,12.356395200408476,18.177176410518253,1,1
1264,1264. 천호역 10번 출구 앞,40738,6028.0,9776.0,10032.0,23.997250724139622,24.625656635082724,2,2
1265,1265. 문정동 근린공원,16751,3169.0,2724.0,3790.0,16.26171571846457,22.625514894633156,3,1
1266,1266. 문정동 글샘 공원,8006,954.0,1916.0,1898.0,23.932050961778668,23.70721958531102,1,3
1267,1267. 올림픽공원 남2문 앞,16131,2474.0,2582.0,5269.0,16.006447213439962,32.66381501456822,3,1
1268,1268. 몽촌토성역 1번출구 옆,12250,1482.0,2223.0,4234.0,18.146938775510204,34.563265306122446,3,1
1269,1269. 리센츠아파트 ,22859,2838.0,3601.0,6610.0,15.753095061026293,28.91640054245593,3,1
1271,1271. 송파도서관,12839,908.0,2468.0,3740.0,19.222680894150635,29.129994547861983,1,1
1274,1274. 영파여고 앞,18025,2531.0,2658.0,3739.0,14.746185852981968,20.743411927877947,3,1
1275,1275. 거여초등학교 옆,6142,1342.0,802.0,1609.0,13.057635949202215,26.196678606317157,1,1
1277,1277. 성내7교,13060,2672.0,1594.0,3201.0,12.205206738131698,24.509954058192957,3,1
1278,1278. 송파구청 교차로,20702,2499.0,4895.0,5538.0,23.645058448459086,26.751038547000288,3,3
1279,1279. 마천금호어울림 1차아파트 건너편,5076,966.0,949.0,1280.0,18.695823483057524,25.216706067769895,1,1
1280,1280. 송파파크데일 2단지입구 앞 주차장,481,84.0,56.0,112.0,11.642411642411643,23.284823284823286,1,1
1282,1282. 송파소방서 맞은편(성내4교),16968,3970.0,2345.0,4426.0,13.82013201320132,26.084394153701083,3,1
1283,1283. 오금공원 사거리,1889,249.0,317.0,550.0,16.781365802011646,29.11593435680254,1,1
1285,1285. 위례별 유치원 뒤,5328,1459.0,768.0,1352.0,14.414414414414415,25.375375375375377,1,1
1286,1286. 위례중앙푸르지오 1단지 앞,12255,1335.0,1687.0,3431.0,13.765809873521013,27.99673602611179,1,1
1287,1287. 위례아이파크 101동 맞은편,6908,1546.0,1064.0,1964.0,15.402431962941519,28.430804863925886,1,1
1288,1288. 문정중교 사거리,15705,2045.0,2593.0,4071.0,16.510665393186883,25.921680993314233,3,1
1289,1289. 풍납토성 서성벽터B,9227,1574.0,2095.0,1993.0,22.705104584371952,21.599653191719952,1,3
1290,1290. 위례송파꿈에그린아파트24단지 앞 성벽 다리 밑,8596,2621.0,701.0,2130.0,8.154955793392276,24.778966961377385,1,1
1291,1291. 서울체육고등학교 앞,25600,1312.0,6653.0,3699.0,25.98828125,14.44921875,3,3
1293,1293. 석촌호수 서호 사거리,38081,6027.0,6324.0,10282.0,16.606706756650297,27.000341377589876,2,2
1295,1295. 잠실역 8번출구,44519,3004.0,10696.0,12601.0,24.02569689346122,28.304768750421168,2,2
1296,1296. 석촌호수교차로 (송파나루근린공원 앞),7803,738.0,1313.0,2654.0,16.826861463539664,34.012559272074846,1,1
1297,1297. 석촌호수교차로(동호 팔각정 앞),37867,4468.0,6265.0,11580.0,16.544748725803473,30.580716719042968,2,2
1299,1299. 송파소방서 (방이119안전센터),7746,1389.0,1129.0,2105.0,14.575264652723988,27.175316292279888,1,1
1300,1300. 오륜사거리,9093,1687.0,1578.0,2612.0,17.354008578027052,28.725393159573297,1,1
1302,1302. 한성대입구역6번출구 뒤,10454,1943.0,1529.0,2549.0,14.625980485938397,24.383011287545436,1,1
1303,1303. 돈암초교 입구,7869,2040.0,1169.0,1784.0,14.855763121108145,22.671241580887024,1,1
1304,1304. 만해공원,2777,474.0,375.0,803.0,13.503781058696434,28.916096507021965,1,1
1305,1305. 성북구청,17718,2363.0,2706.0,4648.0,15.272604131391804,26.23320916582007,3,1
1306,1306. 한성대입구역2번출구,15770,1259.0,2569.0,4686.0,16.29042485732403,29.714648065948,3,1
1308,1308. 안암로터리 버스정류장 앞,33562,1404.0,7339.0,8313.0,21.866992431917048,24.769084083189323,2,3
1314,1314. 정릉꿈에그린1단지 201동 앞,3112,582.0,336.0,790.0,10.796915167095115,25.38560411311054,1,1
1315,1315. 고려사대부속중고 정문,2460,178.0,372.0,709.0,15.121951219512194,28.821138211382113,1,1
1316,1316. 고려사대부속중고 건너편 ,3107,216.0,525.0,741.0,16.897328612809783,23.84937238493724,1,1
1318,1318. 길음역 3번출구 뒤,13093,1235.0,2513.0,3422.0,19.19346215535019,26.136103261284653,3,1
1319,1319. 종암박스파크,19868,3960.0,2899.0,5666.0,14.591302597141132,28.518220253674247,3,1
1321,1321. 국민은행 종암동지점 앞,20310,2767.0,3139.0,5126.0,15.455440669620875,25.238798621368787,3,1
1322,1322. 래미안라센트아파트 103동 앞,10956,2531.0,997.0,2804.0,9.100036509675064,25.593282219788243,1,1
1325,1325. 상월곡역 4번출구,6935,686.0,1443.0,1652.0,20.807498197548664,23.821196827685654,1,3
1326,1326. 상월곡역 1번출구,8631,1215.0,1193.0,2282.0,13.822268566794113,26.43957826439578,1,1
1327,1327. 상월곡역 3번출구,13352,2001.0,2502.0,3333.0,18.738765727980827,24.962552426602755,3,1
1328,1328. 월곡역 3번출구,27259,4196.0,5901.0,5936.0,21.647896107707545,21.776294068014234,3,2
1332,1332. 석계역 5번출구 건너편,10358,985.0,1731.0,2857.0,16.711720409345435,27.582544892836452,1,1
1333,1333. 석관초등학교 앞,20958,2445.0,3836.0,4824.0,18.30327321309285,23.01746349842542,3,3
1334,1334. 석관동주민센터 앞,16012,1915.0,2585.0,3516.0,16.144141893579818,21.958531101673746,3,1
1336,1336. 성북3교 위,9284,1781.0,1180.0,2449.0,12.710038776389487,26.3787160706592,1,1
1337,1337. 돈암성당 옆,21240,1372.0,2862.0,7061.0,13.474576271186441,33.24387947269303,3,1
1338,1338. 용문2교 옆,24088,3572.0,3624.0,6049.0,15.044835602789771,25.112089006974426,3,1
1339,1339. 삼성전자서비스 성북센터,10355,1553.0,1554.0,2545.0,15.007242877836793,24.577498792853696,1,1
1340,1340. 광운초등학교 앞,9728,3044.0,1121.0,2141.0,11.5234375,22.008634868421055,1,1
1342,1342. 성북쉼터 앞,2604,551.0,319.0,644.0,12.250384024577574,24.731182795698924,1,1
1343,1343. 한성대7번출구 앞,5465,513.0,685.0,1606.0,12.534309240622141,29.38700823421775,1,1
1344,1344. 아리랑시네센터 앞,2662,171.0,444.0,855.0,16.679188580015026,32.118707738542454,1,1
1346,1346. 길음8골어린이공원 옆,9259,1622.0,1045.0,2491.0,11.286316016848472,26.903553299492383,1,1
1347,1347. 길음래미안아파트817동 상가 앞,3853,600.0,337.0,1059.0,8.746431352193095,27.485076563716586,1,1
1348,1348. 성북제일새마을금고 본점 앞,5732,904.0,978.0,1488.0,17.06210746685276,25.95952547103978,1,1
1349,1349. 월계2교 버스정류장 앞,5109,874.0,677.0,1398.0,13.251125464865924,27.36347621843805,1,1
1351,1351. 안암2교 옆,18652,2739.0,3385.0,4392.0,18.148187861891486,23.547072699978557,3,1
1352,1352. e 편한세상 보문아파트 내,2933,660.0,396.0,779.0,13.501534265257414,26.559836345039212,1,1
1353,1353. 금호어울림센터힐 내,2756,714.0,232.0,876.0,8.417997097242381,31.78519593613933,1,1
1354,1354. 고려대학교 2번출구,18184,2108.0,3844.0,3630.0,21.13946326440827,19.962604487461505,3,3
1357,1357. 북한산보국문역,3184,368.0,424.0,912.0,13.316582914572864,28.643216080402013,1,1
1358,1358. 정릉도서관 앞,4971,636.0,798.0,1223.0,16.053108026554014,24.60269563468115,1,1
1360,1360. 정릉역,5646,857.0,709.0,1476.0,12.557562876372652,26.142401700318814,1,1
1361,1361. 홍익중고 입구,11409,2337.0,1432.0,2911.0,12.551494434218599,25.51494434218599,1,1
1362,1362. 보문역6번출구 앞,30,2.0,3.0,13.0,10.0,43.333333333333336,1,1
1363,1363. 보문4교 인근,28064,4654.0,4377.0,7616.0,15.596493728620297,27.137970353477765,2,2
1364,1364. 성북동 치안센터 앞,8161,1592.0,1082.0,1961.0,13.25817914471266,24.02891802475187,1,1
1365,1365. 선잠단지 앞,3329,592.0,302.0,959.0,9.07179333133073,28.80744968458997,1,1
1366,1366. 일신초등학교 옆,3881,640.0,474.0,1201.0,12.213347075496007,30.945632568925536,1,1
1367,1367. 길음문화복합미디어센터,8242,1444.0,985.0,2145.0,11.950982771172045,26.025236593059937,1,1
1368,1368. 성신여대입구 교차로,8213,1391.0,1328.0,1975.0,16.169487398027517,24.047242177036406,1,1
1370,1370. 복자사랑 피정의 집,2198,404.0,202.0,749.0,9.1901728844404,34.07643312101911,1,1
1372,1372. KEB은행 고대점,11668,447.0,2237.0,2840.0,19.17209461775797,24.340075419952008,1,1
1373,1373. 성북구보건소 건너편,12315,2514.0,2163.0,3094.0,17.56394640682095,25.123832724319932,3,1
1375,1375. 생명의 전화 종합복지관 앞 교차로,12903,3092.0,2008.0,2676.0,15.562272339765945,20.73936293885143,3,3
1376,1376. 한국과학기술연구원 중문,3151,35.0,1245.0,300.0,39.51126626467788,9.52078705172961,1,4
1377,1377. 한국과학기술연구원 북문,3183,210.0,1223.0,442.0,38.42287150486962,13.886270813697768,1,4
1379,1379.길음뉴타운푸르지오아파트 3단지,3196,1188.0,185.0,825.0,5.788485607008761,25.81351689612015,1,1
1380,1380.월곡역 5번출구 앞,18274,2972.0,3041.0,4588.0,16.641129473569006,25.1067089854438,3,1
1381,1381.석계역 4번출구 뒤,25257,2467.0,4884.0,6974.0,19.337213445777408,27.612147127529003,3,1
1382,1382.래미안월곡아파트 입구,13776,3492.0,1586.0,3370.0,11.512775842044135,24.462833914053427,3,1
1384,1384.성신여대입구역 5번출구,13700,2424.0,1837.0,3654.0,13.408759124087592,26.67153284671533,3,1
1385,1385.성신여대입구역 3번출구 앞,17565,1989.0,2456.0,4679.0,13.982351266723597,26.638200967833757,3,1
1386,1386.동선고가차도 초입,3839,560.0,454.0,1099.0,11.825996353216983,28.62724667882261,1,1
1388,1388. 돈암초교입구 버스정류장(한성대입구역 방면),7366,1011.0,1108.0,1953.0,15.042085256584306,26.513711648112952,1,1
1390,1390.석관래미안아트리치,16813,2708.0,2424.0,4698.0,14.417415095461845,27.94266341521442,3,1
1391,1391.성북청소년센터,9017,1503.0,1104.0,2543.0,12.243539980037706,28.20228457358323,1,1
1392,1392.돈암삼성풍림아파트,2609,568.0,212.0,674.0,8.125718666155615,25.833652740513607,1,1
1393,1393.돈암육교 하단,2796,348.0,310.0,687.0,11.087267525035765,24.570815450643778,1,1
1394,1394.길음뉴타운 래미안9단지,7991,1886.0,1009.0,1988.0,12.626705043173569,24.877987736203227,1,1
1395,1395.래미안장위포레카운티(102동),10703,2094.0,1425.0,3073.0,13.314024105391011,28.71157619359058,1,1
1396,1396.래미안장위퍼스트하이(513동),11497,2500.0,1665.0,3001.0,14.482038792728538,26.102461511698706,1,1
1401,1401. 극동늘푸른아파트,17062,1469.0,2373.0,5366.0,13.908099871058493,31.45000586097761,3,1
1402,1402. 금란주차장 앞,9420,1400.0,1204.0,2439.0,12.781316348195329,25.89171974522293,1,1
1403,1403. 중화빌딩 앞 (동부시장),9897,685.0,1931.0,2877.0,19.510962918055977,29.069414974234615,1,1
1404,1404. 동일로 지하차도,16120,3011.0,2069.0,3128.0,12.834987593052109,19.404466501240694,3,1
1405,1405. 망우역 1번출구,7715,1446.0,1428.0,1945.0,18.509397278029812,25.210628645495785,1,1
1407,1407. 먹골역 1번출구 뒤,14727,1645.0,2348.0,3914.0,15.943505126638147,26.577035377198342,3,1
1408,1408. 먹골역 6번출구 앞,12483,1702.0,2011.0,3211.0,16.109909476888568,25.72298325722983,1,1
1410,1410. 면목 대원칸타빌아파트,2965,503.0,300.0,916.0,10.118043844856661,30.893760539629007,1,1
1411,1411. 상봉시장앞 교차로 한성빌딩 앞,14438,1629.0,1927.0,4000.0,13.346723922981022,27.70466823659787,3,1
1414,1414. 사가정역 2번출구,23009,2216.0,5015.0,5752.0,21.795819027337128,24.998913468642705,3,3
1416,1416. 상봉역 3번출구,21180,2589.0,4204.0,5400.0,19.848914069877242,25.495750708215297,3,1
1418,1418. 새솔초등학교,2084,545.0,183.0,497.0,8.781190019193858,23.84836852207294,1,1
1420,1420. 신내어울공원 앞,8582,923.0,1905.0,2104.0,22.197622931717547,24.51642973665812,1,3
1421,1421. 신내역 4번출구,6788,1149.0,1591.0,1436.0,23.43842074248674,21.154979375368296,1,3
1422,1422. 신내우디안아파트 1단지,2638,112.0,641.0,658.0,24.298711144806674,24.94313874147081,1,3
1424,1424. 양원역 2번출구,2770,241.0,622.0,639.0,22.454873646209386,23.068592057761734,1,3
1425,1425. 신성미소지움아파트,9059,1328.0,1211.0,1657.0,13.367921404128492,18.29120211943923,1,3
1426,1426. 면목도시개발아파트 1동 앞,6091,969.0,1093.0,1674.0,17.944508290921032,27.483171892956822,1,1
1427,1427. 용마산역 1번출구,3965,303.0,1082.0,1033.0,27.28877679697352,26.05296343001261,1,3
1428,1428. 원묵고등학교,14037,1732.0,2081.0,3738.0,14.825105079432927,26.629621714041463,3,1
1429,1429. 장안중학교,9947,1158.0,1578.0,2622.0,15.864079621996583,26.359706444154018,1,1
1430,1430. 중랑구청,12360,1497.0,2749.0,2662.0,22.241100323624597,21.537216828478964,1,3
1431,1431. 중랑구청 사거리,12763,805.0,2424.0,3502.0,18.992399905978218,27.438689963174802,1,1
1433,1433. 중화역 2번출구,16078,1110.0,2777.0,4127.0,17.272048762283866,25.66861549944023,3,1
1435,1435. 능산삼거리,2468,402.0,287.0,637.0,11.628849270664505,25.810372771474878,1,1
1436,1436. 동원베네스트 건물 앞,5709,1172.0,637.0,1400.0,11.157820984410579,24.522683482221055,1,1
1437,1437. 늘푸른공원 앞,9265,1697.0,1558.0,2273.0,16.815974096060444,24.533189422558014,1,1
1438,1438. 홈플러스 신내점 앞,21298,2972.0,4422.0,5108.0,20.762512912010518,23.9834726265377,3,3
1440,1440. 면목2동 사거리,15430,2118.0,2692.0,4169.0,17.446532728451068,27.01879455605962,3,1
1441,1441. 신내능말공원,6882,1983.0,789.0,1546.0,11.464690496948561,22.464399883754723,1,1
1442,1442. 중랑구청 중화동 별관 앞,23884,2913.0,4165.0,5578.0,17.438452520515828,23.354546977055772,3,1
1444,1444. 면목4치안센터,12937,2873.0,1511.0,3385.0,11.679678441678904,26.16526242560099,3,1
1445,1445. 용마지구대 A,1940,297.0,289.0,496.0,14.896907216494846,25.56701030927835,1,1
1446,1446. 중랑전화국 교차로,20905,3843.0,3224.0,4855.0,15.422147811528342,23.224109064817032,3,1
1447,1447. 면목역 3번출구,28022,3085.0,5480.0,7383.0,19.55606309328385,26.347155806152312,3,1
1448,1448. 코스트코 상봉점,25103,1776.0,3949.0,7416.0,15.731187507469228,29.54228578257579,3,1
1449,1449. 상봉역 1번출구,29010,3630.0,7639.0,6545.0,26.33229920716994,22.56118579800069,2,3
1450,1450. 화랑대역 7번출구,18444,1718.0,2363.0,4149.0,12.811754500108435,22.49512036434613,3,1
1451,1451. 중랑세무서,31195,3417.0,5971.0,8616.0,19.140887962814553,27.619810867126144,2,2
1452,1452. 겸재교 진입부,25767,3207.0,3671.0,7881.0,14.246904955951411,30.585632786121785,3,1
1453,1453. 중랑캠핑숲,1856,432.0,241.0,432.0,12.984913793103448,23.275862068965516,1,1
1454,1454. 한국전력공사(동대문 중랑지사),9207,1348.0,1325.0,2289.0,14.391224068643425,24.861518409905507,1,1
1455,1455. 상봉역 2번 출구,27597,1871.0,5822.0,6948.0,21.096495995941588,25.176649635829985,3,3
1456,1456. 상아빌딩(우림시장 교차로),13668,1735.0,1784.0,3636.0,13.05238513315774,26.602282704126427,3,1
1457,1457. 동원사거리,8115,1104.0,1419.0,2014.0,17.486136783733826,24.818237831176834,1,1
1458,1458. 상봉터미널2,22080,5250.0,2909.0,5453.0,13.17481884057971,24.696557971014492,3,2
1459,1459. 용마한신아파트사거리,2427,326.0,243.0,703.0,10.012360939431398,28.96580140090647,1,1
1461,1461.동양엔파트 앞,12358,698.0,2571.0,3322.0,20.80433727140314,26.881372390354425,1,1
1462,1462.동부시장 북문 앞,22493,1545.0,4217.0,6501.0,18.748054950429022,28.90232516782999,3,1
1463,1463.중랑구민회관,2602,328.0,320.0,617.0,12.298232129131437,23.71252882398155,1,1
1464,1464.중화역 4번출구,10298,1051.0,1827.0,2834.0,17.74130899203729,27.519906778015148,1,1
1466,1466.두산대림아파트 삼거리,3633,311.0,599.0,1060.0,16.487751169832094,29.17698871456097,1,1
1467,1467.sk신내 주유소앞(용마산로),2498,118.0,410.0,724.0,16.413130504403522,28.98318654923939,1,1
1468,1468.먹골역 7번 출구,10327,1107.0,1673.0,2745.0,16.200251767212162,26.58080759174978,1,1
1469,1469.먹골역 4번출구,10370,1350.0,1881.0,2691.0,18.13886210221794,25.949855351976858,1,1
1470,1470.중화동 우리은행 앞,13737,2006.0,2371.0,3619.0,17.25995486641916,26.344907912935867,3,1
1471,1471.동양쇼핑 정류소 앞,17214,3167.0,2245.0,4509.0,13.041710235854536,26.193795747647265,3,1
1472,1472.영성빌딩(PAT),8036,1047.0,1318.0,1943.0,16.40119462419114,24.178695868591337,1,1
1473,1473.중랑역 1번 출구(중화문화복지센터),12706,2165.0,2570.0,2992.0,20.22666456792067,23.547930111758227,3,3
1474,1474.서울중랑우체국,7882,650.0,1186.0,1677.0,15.046942400405989,21.276325805633086,1,1
1477,1477.면목삼익아파트 앞,3057,324.0,482.0,977.0,15.767091920183185,31.959437356885832,1,1
1478,1478.홈플러스 상봉점 앞,17230,1778.0,3311.0,4816.0,19.216482878699942,27.951247823563552,3,1
1479,1479.면목 홈플러스 2 ,5013,353.0,893.0,1456.0,17.813684420506682,29.044484340714146,1,1
1480,1480. 용마지구대 B,6770,714.0,1105.0,2096.0,16.322008862629247,30.960118168389954,1,1
1501,"1501. 미아역 3번,4번 출구 사이",13223,1125.0,2364.0,3269.0,17.877939953112,24.7220751720487,1,1
1503,1503. 강북구청사거리(수유역 8번출구),24948,1514.0,5052.0,6598.0,20.250120250120247,26.447009780343112,3,1
1504,1504. 삼양시장오거리,2915,283.0,443.0,783.0,15.197255574614065,26.86106346483705,1,1
1506,1506. 강북문화예술회관,11770,2021.0,1542.0,2855.0,13.101104502973662,24.25658453695837,1,1
1509,1509. 서울북부수도사업소,5330,495.0,809.0,1204.0,15.178236397748593,22.589118198874296,1,1
1510,1510. 번동주공5단지 관리사무소 앞,5029,825.0,979.0,1214.0,19.467090872936964,24.139988069198647,1,1
1512,1512. 강북중학교 앞,20628,3216.0,3028.0,6099.0,14.679076982741904,29.566608493310063,3,1
1513,1513. 강북구청 뒷편,1939,125.0,325.0,539.0,16.761217122227954,27.79783393501805,1,1
1514,1514. 강북구청 사거리 버스정류소 앞,10688,839.0,1836.0,2647.0,17.17814371257485,24.76609281437126,1,1
1515,1515. 송천동 주민센터,5084,770.0,692.0,1260.0,13.611329661683714,24.783634933123526,1,1
1516,1516. 우이동길마을마당,7103,1251.0,1059.0,1817.0,14.90919329860622,25.580740532169504,1,1
1518,1518. 수유2동은행빌딩 앞,7753,1096.0,1118.0,2045.0,14.420224429253192,26.37688636656778,1,1
1519,1519. 장미원시장 건너편,6419,644.0,1014.0,1735.0,15.79685309238199,27.02913226359246,1,1
1520,1520. 수유중앙시장,13286,1410.0,1714.0,3717.0,12.900797832304681,27.976817702845103,1,1
1525,1525. 미아동 복합청사,3779,670.0,717.0,791.0,18.973273352738822,20.931463350092617,1,3
1526,1526. 강북종합시장 앞,10582,1418.0,1343.0,2797.0,12.691362691362693,26.431676431676433,1,1
1527,1527. 미아역 1번 출구 뒤,8959,1195.0,1413.0,2212.0,15.77184953677866,24.69025560888492,1,1
1528,1528. 삼각산동 주민센터,6189,811.0,725.0,1676.0,11.71433187914041,27.080303764743903,1,1
1529,1529. 미아동 한국전력공사,15419,1434.0,3005.0,3807.0,19.488942214151372,24.690317141189443,3,1
1530,1530. 광산사거리,17965,1594.0,2698.0,4985.0,15.018090731978848,27.748399666017253,3,1
1531,1531. 미아사거리 1번 출구,24478,1652.0,4499.0,6656.0,18.37976958901871,27.191764033009232,3,1
1532,1532. 번3동 주민센터 교차로,9072,1468.0,1631.0,2339.0,17.978395061728396,25.7826278659612,1,1
1533,"1533. 번동 주공3, 4단지 교차로",11161,1292.0,1863.0,2921.0,16.6920526834513,26.171490009855745,1,1
1535,1535. 효성인텔리안 앞,21962,1870.0,3923.0,5903.0,17.86267188780621,26.878244240050996,3,1
1536,1536. 번동 두산위브 101동 옆,8464,802.0,1329.0,2180.0,15.701795841209828,25.756143667296787,1,1
1537,1537. 북한산 우이역,5633,377.0,675.0,2184.0,11.982957571453932,38.77152494230428,1,1
1538,1538. 솔밭공원역,1687,139.0,209.0,532.0,12.388855957320688,31.535269709543567,1,1
1539,1539. 4.19민주묘지역,5385,341.0,939.0,1626.0,17.43732590529248,30.194986072423397,1,1
1540,1540. 가오리역,10362,1288.0,1715.0,2852.0,16.550858907546807,27.523644084153638,1,1
1541,1541. 삼양역,2706,177.0,401.0,750.0,14.818920916481893,27.716186252771617,1,1
1542,1542. 삼양사거리역,3846,368.0,443.0,994.0,11.518460738429537,25.845033801352052,1,1
1543,1543. 수유1동 주민센터,6625,794.0,1016.0,1736.0,15.335849056603774,26.203773584905658,1,1
1546,1546. 송천동우체국,3896,273.0,700.0,894.0,17.967145790554415,22.946611909650922,1,1
1547,1547. 꿈의숲 롯데캐슬,5394,1232.0,679.0,1492.0,12.588060808305524,27.660363366703745,1,1
1548,1548. 북서울 꿈의숲 서문,7232,334.0,1009.0,3147.0,13.951880530973451,43.51493362831859,1,1
1550,1550.삼각산아이원아파트(105동 옆),1642,493.0,128.0,480.0,7.795371498172959,29.232643118148598,1,1
1551,1551.4.19탑 앞,7912,1118.0,993.0,2367.0,12.550556117290194,29.916582406471182,1,1
1552,1552. 강북구청사거리,16256,864.0,3605.0,4270.0,22.176427165354333,26.26722440944882,3,3
1553,1553.서울북부고용노동지청,9738,1182.0,1519.0,2695.0,15.598685561716986,27.675087286917233,1,1
1554,1554.번동사거리,5968,767.0,859.0,1632.0,14.39343163538874,27.34584450402145,1,1
1557,1557.신창교,11349,1561.0,1767.0,2894.0,15.56965371398361,25.500044056745086,1,1
1558,1558.강북문화정보도서관,3653,448.0,629.0,1168.0,17.218724336162058,31.97372022994799,1,1
1560,1560. 도봉세무서 앞,9499,804.0,1688.0,2463.0,17.77029160964312,25.929045162648702,1,1
1564,1564.4.19민주묘지역 1번출구,8598,542.0,1586.0,2401.0,18.446150267504073,27.92509886020005,1,1
1565,1565.수유사거리,11298,1070.0,1984.0,3013.0,17.560630200035405,26.66843689148522,1,1
1568,1568.4.19민주묘지 입구사거리,7500,834.0,1104.0,2112.0,14.719999999999999,28.16,1,1
1569,1569.수유역2번출구,31453,3054.0,6351.0,8488.0,20.192032556512892,26.9862970145932,2,2
1571,1571.북서울 꿈의 숲 입구,4833,1087.0,610.0,1224.0,12.621560107593627,25.32588454376164,1,1
1572,1572. 우이동 먹거리마을,1623,142.0,231.0,642.0,14.232902033271719,39.55637707948244,1,1
1573,1573.현대성우아파트 옆,2202,392.0,206.0,664.0,9.35513169845595,30.154405086285195,1,1
1574,1574.송중초등학교 옆,4974,541.0,774.0,1260.0,15.560916767189385,25.331724969843183,1,1
1601,1601. 석계역 문화광장 내 자전거 보관소,48192,4709.0,10508.0,11461.0,21.80444887118194,23.78195551128818,2,2
1602,1602. 광운대역 앞,19639,1808.0,3425.0,4906.0,17.439788176587403,24.980905341412495,3,1
1605,1605. 헬스케어,13795,1507.0,2704.0,3427.0,19.60130482058717,24.84233417905038,3,1
1606,1606. 태릉입구역 3번출구 ,17726,1528.0,2949.0,4838.0,16.636579036443642,27.293241566061155,3,1
1608,1608. 공릉역 1번 출구 앞,46131,5835.0,9464.0,10178.0,20.5154885001409,22.0632546443823,2,2
1610,1610. 화랑대역 2번출구 앞,24088,3094.0,3913.0,6788.0,16.244603121886417,28.180006642311522,3,1
1611,1611. 과기대 입구(우),35973,2629.0,6671.0,8795.0,18.54446390348317,24.448892224724098,2,2
1616,1616. 하계2동 공항버스정류장 옆,8522,938.0,1633.0,2136.0,19.162168505045766,25.06453884064774,1,1
1617,1617. 하계동 중평어린이공원 앞,31500,8986.0,3910.0,8172.0,12.412698412698413,25.942857142857147,2,2
1619,1619. 중계동 하나프라자빌딩 앞(중1-1),22546,1370.0,3864.0,6832.0,17.138295041249002,30.302492681628667,3,1
1620,1620. 중계구민체육센터,2828,263.0,377.0,839.0,13.33097595473833,29.667609618104667,1,1
1625,1625. 상계역 3번출구,55091,8151.0,9421.0,13974.0,17.10079686337151,25.365304677715056,2,2
1627,1627. 수락산역 4번출구,14492,1653.0,3160.0,3693.0,21.805133866961082,25.483025117306102,3,3
1628,1628. 노일초등학교 앞,8612,1048.0,1484.0,2156.0,17.23176962378077,25.034835113794706,1,1
1630,1630. 수연빌딩 앞,13884,1084.0,2509.0,4067.0,18.071161048689138,29.292711034284068,3,1
1634,1634. 당고개공원 대여소,5478,864.0,722.0,1560.0,13.179992698064988,28.477546549835708,1,1
1635,"1635. 상계3,4동 주민센터 대여소",3349,427.0,460.0,818.0,13.73544341594506,24.4252015527023,1,1
1636,1636. 상계주공2단지 버스정류장 옆,24558,2984.0,4753.0,5810.0,19.35418193663979,23.658278361430085,3,3
1637,1637. KT 전화국 버스정류장 옆,42925,2563.0,9189.0,12266.0,21.407105416423995,28.575422248107163,2,2
1639,1639. 희성오피앙,10723,1556.0,1770.0,2952.0,16.50657465261587,27.529609251142407,1,1
1640,1640. 한내근린공원 북측,15016,1726.0,2160.0,4757.0,14.384656366542355,31.67954182205647,3,1
1641,1641. 한내근린공원 남측,8688,1264.0,1482.0,2544.0,17.058011049723756,29.2817679558011,1,1
1642,1642. 서울여대 남문,7703,945.0,1174.0,1906.0,15.240815266779176,24.7436063871219,1,1
1643,1643. 태릉입구역 8번출구,24810,1643.0,5179.0,7016.0,20.87464731962918,28.27891979040709,3,1
1646,1646. 삼육대 입구,3880,561.0,450.0,936.0,11.597938144329897,24.123711340206185,1,1
1650,1650. 중계근린공원내,39150,5245.0,6256.0,10852.0,15.979565772669222,27.71902937420179,2,2
1651,1651. 상계동 우방유쉘아파트 앞,13585,1878.0,1938.0,3733.0,14.265734265734265,27.478836952521164,3,1
1652,1652. 파르코 앞,4909,473.0,1081.0,1315.0,22.020778162558567,26.78753310246486,1,1
1653,1653. 노원역1번출구,39830,2847.0,9292.0,11088.0,23.329148882751692,27.838312829525485,2,2
1654,1654. 당고개입구 오거리,7856,1106.0,1156.0,2317.0,14.714867617107943,29.49338085539715,1,1
1655,1655. 공릉1단지아파트,32689,6022.0,4251.0,8396.0,13.004374560249627,25.684481018079474,2,2
1656,1656. 중앙하이츠 아파트 입구,28111,2188.0,4191.0,8581.0,14.908754580057629,30.525417096510267,3,1
1657,1657. 노원구청 ,26055,1379.0,8494.0,4191.0,32.600268662444826,16.085204375359815,3,4
1659,1659. 중계동 을지중학교,9519,1459.0,1078.0,2699.0,11.32471898308646,28.353818678432607,1,1
1660,1660. 서울시립과학관,5158,619.0,764.0,1302.0,14.81194261341605,25.24234199302055,1,1
1661,1661. 당현천근린공원,21453,3634.0,3337.0,5038.0,15.554934041858948,23.483895026336643,3,1
1662,1662. 노원역7번출구,33003,1426.0,8775.0,8606.0,26.588491955276794,26.076417295397388,2,3
1663,1663. 동해문화예술관앞,29993,2552.0,5472.0,6311.0,18.244256993298436,21.04157636781916,3,3
1664,1664. 노해근린공원내,13839,2189.0,1777.0,4073.0,12.840523159187804,29.431317291711828,3,1
1665,1665. 양지근린공원앞,14452,1854.0,2040.0,3990.0,14.115693329642957,27.608635482978134,3,1
1666,1666. 노원소방서인근,7526,895.0,1146.0,2171.0,15.227212330587298,28.84666489503056,1,1
1667,1667. 중계중학교,21781,3240.0,2975.0,5463.0,13.658693356595197,25.081493044396492,3,1
1668,1668. 중계역 6번출구,36659,4240.0,7800.0,9505.0,21.27717613682861,25.92814861289179,2,2
1669,1669. 중계역 3번출구,29939,3136.0,6150.0,7182.0,20.541768262133004,23.988777180266542,2,2
1670,1670. 노원경찰서교차로,15622,3195.0,1871.0,3122.0,11.976699526309051,19.984637050313662,3,1
1671,1671. 인덕대학교,8606,1443.0,1189.0,1730.0,13.815942365791308,20.10225424122705,1,1
1672,1672. 상계동수락리버시티,6618,883.0,953.0,1904.0,14.400120882441826,28.770021154427322,1,1
1674,1674. 서울북부고용센터앞,37530,2787.0,7993.0,8190.0,21.297628563815614,21.822541966426858,2,2
1675,1675. 월계문화체육센터,2924,531.0,422.0,385.0,14.432284541723666,13.166894664842681,1,3
1677,1677. 육군사관학교  앞,15567,1911.0,3097.0,4305.0,19.894648936853603,27.65465407592985,3,1
1678,1678. 성서대학교 밀알관,774,124.0,190.0,80.0,24.54780361757106,10.335917312661499,1,3
1679,1679. 삼육대 도서관,3821,137.0,635.0,856.0,16.618686207799005,22.402512431300707,1,1
1680,1680. 삼육대 제3과학관,504,11.0,106.0,93.0,21.03174603174603,18.452380952380953,1,3
1681,1681. 현대6차 아파트,17034,2469.0,2566.0,4984.0,15.063989667723376,29.259128801221085,3,1
1682,1682. 중계종합사회복지관 교차로,7067,672.0,1028.0,1853.0,14.5464836564313,26.22046129899533,1,1
1683,1683. 노원문화예술회관,21535,4245.0,2880.0,5294.0,13.373577896447644,24.583236591595078,3,1
1684,1684. 태릉입구역 5번출구,41679,2780.0,8696.0,10888.0,20.864224189639867,26.123467453633726,2,2
1685,1685. 불암고등학교 앞 횡단보도,15028,2430.0,2322.0,3923.0,15.451157838701091,26.10460473782273,3,1
1686,1686. 상계주공10단지 종합상가 앞,23543,2546.0,3416.0,6563.0,14.509620694049186,27.876651233912416,3,1
1688,1688. 마들역 7번출구,28696,4259.0,6182.0,6662.0,21.543072205185393,23.21577920267633,2,2
1689,1689. 마들역 3번출구,20446,2561.0,3556.0,5180.0,17.392154944732464,25.335028856500045,3,1
1690,1690. 도봉운전면허시험장 버스정류장 옆,10666,1322.0,1770.0,2329.0,16.594787174198387,21.83573973373336,1,1
1691,1691. 노원정보도서관,19870,1823.0,3278.0,5538.0,16.49723200805234,27.871162556618017,3,1
1692,1692. 온곡초교 교차로,19524,1875.0,3423.0,5204.0,17.532267977873385,26.654374103667283,3,1
1693,1693. 원자력 병원,5827,847.0,1177.0,1343.0,20.19907327956067,23.04788055603226,1,3
1696,1696.수락리버시티4단지,6777,1325.0,797.0,2008.0,11.760365943632877,29.629629629629626,1,1
1697,1697.상계주공2단지 219동,21402,4061.0,2675.0,5795.0,12.498831884870572,27.076908700121482,3,1
1702,1702. 녹천역 1번출구 앞,8217,1813.0,1257.0,2198.0,15.29755385177072,26.749421930144823,1,1
1703,1703. 도봉산광역환승센터앞 ,3676,162.0,1012.0,993.0,27.529923830250276,27.013057671381937,1,3
1705,1705. 도봉구청 정문앞,18333,1423.0,3671.0,4005.0,20.02400043637157,21.84585174275896,3,3
1706,1706. 방학동우체국 건너편,12018,1410.0,2062.0,2857.0,17.157596937926446,23.772674321850555,1,1
1707,1707. 도봉구민회관,15037,1769.0,2036.0,3497.0,13.539934827425684,23.255968610760124,3,1
1708,1708. 도봉보건소사거리,19190,2513.0,3132.0,4572.0,16.321000521104743,23.82490880667014,3,1
1709,1709. 쌍문역4번출구 주변,11945,1056.0,3437.0,2681.0,28.773545416492258,22.444537463373795,1,3
1713,1713. 쌍문동 이안아파트 앞,7736,902.0,1157.0,2014.0,14.956049638055843,26.034126163391935,1,1
1714,1714. 도봉문화정보도서관 삼거리,4859,569.0,981.0,1309.0,20.18933937024079,26.939699526651573,1,1
1715,1715. 서울특별시교육청도봉도서관,7925,623.0,1163.0,2631.0,14.675078864353313,33.198738170347006,1,1
1716,1716. 창동역 1번출구 건너편,24886,1828.0,6063.0,6547.0,24.36309571646709,26.30796431728683,3,3
1719,1719. 신도봉사거리 버스정류장,10031,1561.0,1797.0,2529.0,17.914465158010167,25.211843285813977,1,1
1720,1720. 도봉구청 옆(중랑천변),22747,2331.0,4821.0,6236.0,21.19400360487097,27.414604123620695,3,1
1721,1721. 창동역 2번출구 ,4,0.0,2.0,0.0,50.0,0.0,1,4
1722,1722. 창동청소년수련관,11154,1833.0,1632.0,2116.0,14.631522323830016,18.97077281692666,1,3
1723,1723. 방학동학마을도서관,1245,141.0,265.0,363.0,21.285140562248998,29.156626506024097,1,1
1725,1725. 창1동주민센터,5313,1252.0,477.0,1204.0,8.977978543195935,22.66139657444005,1,1
1726,1726. 삼익세라믹아파트교차로,14062,2128.0,1976.0,3937.0,14.052055184184326,27.997439908974542,3,1
1727,1727. 서울도봉초등학교인근,8955,1377.0,1098.0,2616.0,12.261306532663317,29.212730318257957,1,1
1728,1728. 서울북부지방법원,3975,404.0,1409.0,635.0,35.44654088050315,15.974842767295597,1,4
1729,1729. 도봉한신아파트 버스정류장,13121,1273.0,1994.0,3837.0,15.197012422833625,29.243197926987275,3,1
1730,1730. 도봉산역 교차로 앞,1993,42.0,497.0,558.0,24.9372804816859,27.99799297541395,1,3
1731,1731. 도봉고등학교 맞은편,3030,328.0,409.0,913.0,13.498349834983497,30.132013201320134,1,1
1732,1732. 방학역사거리,7528,1085.0,1247.0,1878.0,16.564824654622743,24.946865037194474,1,1
1733,1733. 방학사거리 (봄마당 앞),6414,530.0,1087.0,1741.0,16.947302775179296,27.143748051138132,1,1
1734,1734. 쌍문현대1차아파트 108동 앞,9945,2322.0,1081.0,2697.0,10.869783810960282,27.11915535444947,1,1
1735,"1735. 도봉역 1,2번 출구사이 건너편",9878,1628.0,1747.0,2490.0,17.685766349463456,25.207531889046365,1,1
1736,1736. 버스정류장 앞,6086,496.0,1054.0,1547.0,17.318435754189945,25.41899441340782,1,1
1737,1737. 신창시장,21538,3379.0,3259.0,5576.0,15.131395672764416,25.889126195561335,3,1
1738,1738. 창동주공17단지 상가앞,17785,3128.0,3207.0,4463.0,18.03204947989879,25.09418048917627,3,1
1741,1741. 제일강산수산입구,13641,1304.0,2083.0,3805.0,15.270141485228356,27.893849424528995,3,1
1742,1742. 북한산 코오롱 하늘채,18781,3223.0,2104.0,4757.0,11.202811351898195,25.328789734305946,3,1
1743,1743.창동19단지아파트 관리사무소앞,13231,2615.0,1732.0,3651.0,13.090469352278738,27.59428614617187,3,1
1744,1744.도봉소방서 옆,23531,1297.0,4875.0,6643.0,20.717351578768433,28.230844418001784,3,1
1749,1749. ESA아파트 상가 앞,14198,1102.0,2032.0,3986.0,14.31187491195943,28.07437667277081,3,1
1750,1750. 창포원 남쪽 입구,9348,613.0,1554.0,3072.0,16.62387676508344,32.86264441591784,1,1
1751,1751. 창원초등학교 교차로,8008,1350.0,947.0,2171.0,11.825674325674326,27.110389610389614,1,1
1752,1752. 창동 주공 4단지 입구 옆,8239,1494.0,1183.0,2173.0,14.358538657604077,26.374560019419835,1,1
1754,1754. 창동시장입구 사거리,9259,816.0,1569.0,2525.0,16.945674478885408,27.27076358138028,1,1
1756,1756.서울북부광역등기국,3499,333.0,602.0,860.0,17.2049156901972,24.578450985995996,1,1
1757,1757.솔밭공원역 1번출구 앞,4788,440.0,735.0,1393.0,15.350877192982457,29.093567251461987,1,1
1758,1758.솔밭공원역 1번출구 주변,6713,765.0,912.0,2037.0,13.585580217488454,30.34410844629823,1,1
1759,1759.서울북부지방법원 앞,7282,979.0,1866.0,1562.0,25.624828343861576,21.45015105740181,1,3
1761,1761.방학중학교 앞,3693,775.0,508.0,888.0,13.755754129434065,24.045491470349308,1,1
1762,1762.북한산 한신휴플러스APT앞,21031,4474.0,2609.0,5416.0,12.40549664780562,25.752460653321286,3,1
1765,1765.쌍문역 1번출구 주변,12226,831.0,2434.0,3334.0,19.9083919515786,27.269752985440864,1,1
1767,1767.방학초등학교 앞,15011,2947.0,1898.0,3632.0,12.64406102191726,24.19558990073946,3,1
1768,1768.신동아타워 버스정류소,7811,992.0,1333.0,2064.0,17.065676609909104,26.424273460504416,1,1
1770,1770.도봉한신아파트 주변,13996,1577.0,2060.0,2754.0,14.718490997427836,19.67705058588168,1,3
1771,1771.성원APT버스정류소,11776,1967.0,1506.0,3188.0,12.788722826086957,27.072010869565215,1,1
1772,1772.시립도봉노인복지관 버스정류소,7582,1204.0,935.0,2141.0,12.331838565022421,28.23793194407808,1,1
1774,1774.정의여중고 버스정류소,4933,899.0,794.0,1302.0,16.09568214068518,26.393675248327593,1,1
1775,1775.신원리베르텔 앞,11666,505.0,2304.0,3020.0,19.749699982856164,25.887193553917363,1,1
1804,1804. 독산역 2번출구 자전거주차장,17246,4545.0,4346.0,3114.0,25.200046387568133,18.056360895280065,3,3
1805,1805. 서울디지털운동장 앞,12908,2684.0,3609.0,1889.0,27.959405020142547,14.6343352959405,3,3
1806,1806. 에이스하이엔드타워9차 앞,10856,1272.0,5238.0,1307.0,48.249815770081064,12.039425202652911,3,4
1808,1808. 에이스하이엔드타워8차 앞,12823,386.0,6755.0,1327.0,52.67878031661858,10.348592373079622,3,4
1809,1809. LG전자 별관동(호서대 벤처타워 맞은편),12884,1194.0,5867.0,1085.0,45.53710027941633,8.421297733623097,3,4
1812,1812. 갑을그레이트밸리 앞,7239,793.0,2347.0,1314.0,32.42160519408758,18.151678408619976,1,3
1814,1814. 두산위브아파트 옆 상가건물 앞,13116,3963.0,1631.0,2941.0,12.435193656602623,22.42299481549253,3,1
1819,1819. 금천구청 앞 자전거거치대,3773,339.0,775.0,742.0,20.54068380598993,19.666048237476808,1,3
1820,1820. 신한은행 시흥대로금융센터지점,2890,497.0,540.0,574.0,18.685121107266436,19.86159169550173,1,3
1821,1821. 홈플러스 시흥점 맞은편 다비치안경 앞,7830,1902.0,938.0,2096.0,11.97956577266922,26.76883780332056,1,1
1822,1822. 서울 시흥동우체국 앞,1021,208.0,171.0,259.0,16.748285994123407,25.367286973555338,1,1
1823,1823. W컨템포오피스텔앞,3517,745.0,525.0,676.0,14.927495024168325,19.22092692635769,1,3
1824,1824. 독산근린공원 입구,18601,4529.0,2401.0,5168.0,12.907908176979731,27.783452502553622,3,1
1825,1825. 한신아파트 앞 육교 아래,6637,1498.0,1276.0,1670.0,19.22555371402742,25.161970769926175,1,1
1826,1826. 한신코아 앞,4140,1018.0,650.0,1004.0,15.70048309178744,24.2512077294686,1,1
1827,1827. 독산보도육교 앞 자전거 보관소,17244,2145.0,4191.0,5055.0,24.30410577592206,29.314544189283232,3,1
1828,1828. 독산동 한양수자인아파트 앞,10066,2855.0,1272.0,2138.0,12.636598450228492,21.23981720643751,1,1
1829,1829. 홈플러스 금천점 앞,8428,1134.0,1660.0,2003.0,19.69625059326056,23.766018035121025,1,3
1830,1830. 빅마켓 금천점 앞,18014,4643.0,4207.0,3394.0,23.35405795492395,18.840901521039193,3,3
1831,1831. 한국전력 구로금천지사 앞,6258,1658.0,1079.0,1159.0,17.24193032917865,18.52029402364973,1,3
1833,1833. 독산역 1번출구 A,9657,3034.0,1477.0,1766.0,15.294604949777362,18.287252770011392,1,3
1834,1834. 월드메르디앙 벤처센터 2차,14257,658.0,7093.0,2166.0,49.75099950901311,15.19253699936873,3,4
1835,1835. STX V타워,6965,1725.0,2300.0,853.0,33.022254127781764,12.24694903086863,1,4
1836,1836. 금천구립 독산도서관,1928,383.0,328.0,445.0,17.012448132780083,23.08091286307054,1,1
1839,1839. 수출의 다리 아래,8470,251.0,3505.0,1349.0,41.38134592680047,15.926800472255017,1,4
1840,1840. 솔브레인이엔지 뒤편,6869,1315.0,2505.0,819.0,36.46819042073082,11.923132915999417,1,4
1841,1841. 가산동 주민센터,17068,6416.0,1863.0,3259.0,10.915162877900164,19.09421138973518,3,2
1842,1842. 한울중학교,2951,948.0,178.0,557.0,6.03185360894612,18.874957641477465,1,1
1843,1843. 독산고등학교,5689,1402.0,615.0,1380.0,10.810335735630163,24.25733872385305,1,1
1845,1845. 롯데캐슬골드파크1차 서문,7,2.0,1.0,2.0,14.285714285714285,28.57142857142857,1,1
1846,1846. 롯데캐슬골드파크1차 동문,13507,6123.0,1082.0,2644.0,8.010661138668839,19.575035166950467,3,1
1847,1847. 독산주공 14단지 버스정류소,2643,587.0,760.0,631.0,28.75520242149073,23.874385168369276,1,3
1848,1848. 벽산 디지털밸리 5차,13908,790.0,7729.0,1238.0,55.57233247052057,8.901351740005751,3,4
1849,1849. 대륭포스트타워5차,6116,970.0,1302.0,1174.0,21.28842380640942,19.19555264879006,1,3
1850,1850. 코오롱테크노밸리,4043,215.0,1286.0,653.0,31.808063319317338,16.151372743012615,1,3
1851,1851. 가산디지털단지 9번출구 인근,27458,8079.0,7187.0,4016.0,26.174521086750673,14.62597421516498,2,2
1853,1853. 청년취업사관학교앞,4593,1804.0,530.0,913.0,11.539298933159154,19.878075332027,1,1
1854,1854. 가산아네스트 오피스텔 앞,8633,3068.0,1318.0,1791.0,15.26699872581953,20.74597474805977,1,1
1855,1855. 성지아파트 옆 도로변,1608,234.0,201.0,379.0,12.5,23.569651741293534,1,1
1856,1856. 모두의학교,6823,2021.0,745.0,1698.0,10.918950608236846,24.886413601055253,1,1
1857,1857. 주공14단지,3098,1202.0,319.0,663.0,10.296965784377017,21.400903808908975,1,1
1858,"1858. 500번,507번 버스 종점 앞",2920,222.0,851.0,860.0,29.143835616438356,29.45205479452055,1,3
1859,1859. 대륭테크노타운 18차,6279,215.0,3531.0,430.0,56.23506927854754,6.848224239528587,1,4
1861,1861.IBK기업은행 석수역 지점 앞,2155,160.0,538.0,610.0,24.965197215777263,28.306264501160094,1,3
1862,1862.MD호텔 앞,8984,2911.0,1377.0,1619.0,15.327248441674088,18.020926090828137,1,3
1863,1863.위너스 스포츠클럽 골프연습장옆,4213,1443.0,408.0,734.0,9.684310467600286,17.422264419653455,1,1
1864,1864.산호시티빌 옆,3931,911.0,565.0,945.0,14.37293309590435,24.03968455863648,1,1
1865,1865.금천구청앞(M빌딩),4109,827.0,813.0,742.0,19.78583596982234,18.05792163543441,1,3
1866,1866.서울안천초등학교 옆,2248,280.0,439.0,538.0,19.52846975088968,23.93238434163701,1,1
1867,1867.대륭포스트타워6차 앞,56544,10846.0,20542.0,7516.0,36.32923033389927,13.292303338992642,4,2
1868,1868.우리은행 시흥남자동화점 앞,4627,1019.0,549.0,1160.0,11.865139399178734,25.070239896261075,1,1
1869,1869.롯데캐슬골드파크3차 301동 앞,10226,3199.0,1103.0,1981.0,10.786231175435166,19.37218853901819,1,1
1870,1870.독산3동주민센터 앞,8252,2121.0,1107.0,1790.0,13.414929714008725,21.69171110033931,1,1
1901,1901. 신도림동주민센터 앞,24615,5327.0,4149.0,5667.0,16.855575868372945,23.02254722730043,3,2
1904,1904. 도림천역 1번 출구 앞,26783,6158.0,3606.0,5872.0,13.463764328118582,21.9243550013068,3,2
1906,1906. 신도림역 1번 출구 앞,59498,13084.0,15252.0,13357.0,25.634475108407006,22.44949410064204,4,2
1907,1907. 구일우성(아) 육교 밑,17998,4975.0,2504.0,3963.0,13.912656961884654,22.019113234803868,3,1
1908,1908. 해원리바파크 육교 밑,35460,8933.0,6834.0,8707.0,19.272419627749578,24.55442752397067,2,2
1910,1910. 낙원교회 맞은편,6013,1592.0,943.0,1193.0,15.682687510394148,19.840345917179445,1,3
1911,1911. 구로디지털단지역 앞,70484,12588.0,17379.0,15256.0,24.656659667442256,21.644628568185688,4,2
1912,1912. 한신휴아파트 앞,26443,5622.0,4664.0,6434.0,17.63793820670877,24.331581136784784,2,2
1914,1914. 대림역4번출구,33618,6140.0,6989.0,7405.0,20.789458028437146,22.026890356356713,2,2
1916,1916. 구로중학교앞,10796,2179.0,1678.0,2727.0,15.542793627269358,25.259355316783992,1,1
1920,1920. 서울미래초등학교 사거리,15960,2890.0,2347.0,3938.0,14.705513784461152,24.67418546365915,3,1
1924,1924. 삼부르네상스파크빌,16945,4522.0,3564.0,3200.0,21.032753024491,18.88462673354972,3,3
1925,1925. 동양미래대학교 정문 옆,48965,6598.0,7521.0,13120.0,15.359950985397733,26.79464923925253,2,2
1928,1928. 고척스카이돔구장 광장,17336,2604.0,2741.0,3864.0,15.811029072450392,22.2888786340563,3,1
1929,1929. 고척근린공원 고척도서관 앞,15522,1806.0,2210.0,4120.0,14.237855946398659,26.542971266589355,3,1
1930,1930. 개봉지구대 개봉치안센터,10408,2279.0,1329.0,2506.0,12.76902382782475,24.077632590315144,1,1
1931,1931. 개봉역2번출구 A,16824,3495.0,3853.0,3379.0,22.90180694246315,20.084403233475985,3,3
1933,1933. 개봉푸르지오아파트 상가,21481,5207.0,2947.0,5277.0,13.719100600530702,24.565895442484056,3,2
1936,1936. 개봉역 1번 출구 자전거보관서쪽,8757,1541.0,1995.0,1971.0,22.781774580335732,22.50770811921891,1,3
1937,1937. 한진아파트 입구,12538,2305.0,1495.0,3235.0,11.923751794544584,25.80156324772691,3,1
1941,1941. 오류동역 2번출구,12450,2437.0,2347.0,2865.0,18.85140562248996,23.012048192771083,3,3
1943,1943. 온수역 북측,3826,222.0,789.0,978.0,20.62205959226346,25.561944589649766,1,1
1946,1946. 구로역 광장,33888,6815.0,8994.0,6033.0,26.540368271954673,17.802762039660056,2,2
1951,1951. 천왕이펜하우스 4단지 후문,3541,863.0,461.0,952.0,13.018921208698108,26.885060717311493,1,1
1952,1952. 천왕연지타운2단지 앞,16713,3355.0,2527.0,4429.0,15.119966493149045,26.500329085143303,3,1
1953,1953. 천왕역 4번출구 뒤,11356,1776.0,2543.0,2477.0,22.393448397323002,21.812257837266642,1,3
1955,1955. 디지털입구 교차로,26631,1734.0,6024.0,6531.0,22.62025459051481,24.52405091810296,3,3
1956,1956. 동아1차APT105동 버스정류장(신도림중학교 방면),22959,6010.0,3919.0,5035.0,17.06955877869245,21.930397665403547,3,2
1957,1957. 구일고등학교 정문 ,25828,7936.0,2802.0,5459.0,10.84869134272882,21.135976459656185,2,2
1958,1958. 강서수도사업소민원센터,20189,3854.0,3623.0,4608.0,17.94541582049631,22.824310267967704,3,3
1959,1959. 구로구의회 앞,19397,3532.0,4083.0,4128.0,21.049646852606074,21.281641490952207,3,3
1960,1960. 구로거리공원 동측(신도림역 방면),14123,3305.0,2095.0,3500.0,14.833958790625221,24.782270055937126,3,1
1961,1961. 신도림테크노근린공원,10996,1416.0,3794.0,2365.0,34.503455802109855,21.50782102582757,3,3
1962,1962. 가리봉동주민센터,19322,3701.0,5738.0,2443.0,29.696718766173273,12.643618673015217,3,3
1964,1964. 원메디타운 앞,28359,4128.0,4322.0,6653.0,15.240311717620509,23.45992453894707,3,2
1965,1965. 삼환로즈빌아파트 105동 옆,12586,1743.0,1988.0,3473.0,15.795328142380422,27.59415223263944,3,1
1966,1966. 한마을아파트 정문상가,18769,4856.0,2172.0,4361.0,11.572273429591347,23.235121743300123,3,1
1967,1967. 참새공원(백곡경노당),5484,1136.0,580.0,1393.0,10.576221735959153,25.40116703136397,1,1
1969,1969. 궁동생태공원,1478,134.0,195.0,409.0,13.193504736129904,27.67253044654939,1,1
1971,1971. 오정초교 앞 보도육교,1848,104.0,303.0,413.0,16.3961038961039,22.348484848484848,1,1
1973,1973. 오리로와 서해안도로 교차로 앞,5731,1060.0,686.0,1439.0,11.96998778572675,25.109056011167336,1,1
1974,1974. 신도림2차e편한세상아파트 203동 앞,13961,2639.0,2066.0,3573.0,14.798366879163382,25.5927225843421,3,1
1975,1975. 대림역 1번 출입구 밑,20420,3284.0,4161.0,4933.0,20.377081292850146,24.157688540646426,3,3
1976,1976. 남구로역 5번 출입구 앞,9419,2051.0,1682.0,1617.0,17.857522029939485,17.167427540078563,1,3
1977,1977. 천왕역 1번 출입구 앞,21428,3228.0,4877.0,4713.0,22.759940265073737,21.994586522307262,3,3
1979,1979. 구로1동우체국 앞,3414,897.0,302.0,825.0,8.845928529584066,24.165202108963094,1,1
1981,1981. 천왕지구삼거리 앞,8643,2475.0,1081.0,1951.0,12.5072312854333,22.573180608584984,1,1
1983,1983. 구로동롯데아파트,11853,2274.0,1440.0,3017.0,12.148823082763856,25.453471694929554,1,1
1985,1985. 구로도서관,43317,7373.0,6960.0,10797.0,16.067594708774845,24.92554886072443,2,2
1986,1986. 태평양물산,31892,1150.0,14820.0,4255.0,46.46933400225762,13.341903925749405,2,4
1987,1987. 개봉아이파크아파트 앞,15885,4713.0,1688.0,4476.0,10.626377085300598,28.17752596789424,3,1
1988,1988. 고척LIGA아파트 앞,24321,6741.0,3159.0,5913.0,12.988775132601454,24.31232268410016,3,2
1991,1991. 오류동역 맞은편,16632,2177.0,2394.0,4648.0,14.393939393939394,27.946127946127948,3,1
1992,1992. 구로구배드민턴실내체육관 앞,4784,531.0,620.0,975.0,12.959866220735785,20.380434782608695,1,1
1993,1993. 금강수목원아파트 앞,9097,1867.0,1362.0,2186.0,14.971968780916786,24.029899967022097,1,1
1994,1994. 삼성전자 물류센터 앞,19630,6081.0,3060.0,4719.0,15.588385124808966,24.039735099337747,3,2
1996,1996. 구일역 1번 출입구 앞,25188,4022.0,4661.0,7485.0,18.504843576306175,29.716531681753217,3,1
1998,1998. 고척교 교차로,7112,763.0,1334.0,2196.0,18.7570303712036,30.877390326209227,1,1
1999,1999. 수궁동 성당 주변,5715,605.0,914.0,1232.0,15.99300087489064,21.557305336832897,1,1
2000,2000. 신도림4차 e편한세상 아파트 1109동 앞,20073,2656.0,3127.0,5593.0,15.578139789767349,27.86329895880038,3,1
2002,2002. 노들역 1번출구,35169,3801.0,5524.0,12506.0,15.707014700446416,35.559725894964316,2,2
2003,2003. 사육신공원앞,12279,1224.0,1823.0,3701.0,14.84648587018487,30.140890952031924,1,1
2007,2007. 유한양행앞,27,3.0,7.0,0.0,25.925925925925924,0.0,1,4
2008,2008. 노량진근린공원 대방공원,6096,1130.0,653.0,1597.0,10.711942257217848,26.19750656167979,1,1
2009,2009. 보라매역 8번출구,9423,890.0,1704.0,2511.0,18.083412925819804,26.64756446991404,1,1
2012,2012. 대림사거리(동작상떼빌아파트),11287,1584.0,2116.0,2790.0,18.74723132807655,24.7187029325773,1,1
2013,2013. 장승배기역 5번출구,14007,1832.0,2308.0,3828.0,16.477475547940315,27.32919254658385,3,1
2015,2015. 신대방삼거리역 6번출구쪽,21314,3905.0,2604.0,5752.0,12.217321948015389,26.986956929717554,3,1
2016,2016. 신대방삼거리역 3번출구쪽,11857,2095.0,1574.0,3289.0,13.27485873323775,27.738888420342413,1,1
2020,2020. 장승배기역2번출구뒷편쪽,6945,964.0,1184.0,1681.0,17.04823614110871,24.204463642908568,1,1
2024,2024. 상도역 1번출구,4804,754.0,754.0,1273.0,15.695253955037469,26.498751040799334,1,1
2025,2025. 흑석역 1번출구,23316,2271.0,4679.0,6890.0,20.06776462515011,29.550523245839766,3,1
2026,2026. 흑석역 4번출구,6015,979.0,1133.0,1300.0,18.836242726517042,21.612635078969245,1,3
2027,2027. 중앙대학교 정문 1,5230,303.0,1133.0,1281.0,21.663479923518164,24.493307839388144,1,3
2032,2032. 이수역 11번출구쪽,20173,2244.0,4024.0,5176.0,19.947454518415704,25.658057800029745,3,1
2033,2033. 사당동 아르테스 웨딩앞,12094,1736.0,1830.0,3068.0,15.131470150487845,25.36795105010749,1,1
2034,2034. 사당역 7번출구쪽,7534,898.0,1415.0,2062.0,18.781523758959384,27.369259357578972,1,1
2036,2036. 정금마을 마을버스정류장,7936,1054.0,1020.0,2193.0,12.852822580645162,27.633568548387093,1,1
2037,2037. 동작역 5번출구 동작주차공원,3009,131.0,574.0,1187.0,19.076105018278497,39.44832170156198,1,1
2038,2038. 동작역 7번출구,6951,698.0,1399.0,2310.0,20.12660048913825,33.23262839879154,1,1
2040,2040. 비계 버스정류소,2285,288.0,237.0,735.0,10.37199124726477,32.16630196936542,1,1
2041,2041. 사당중학교 버스정류소,2360,415.0,243.0,690.0,10.296610169491526,29.23728813559322,1,1
2048,2048. 삼일초등학교 인근,7938,1616.0,777.0,1825.0,9.788359788359788,22.990677752582513,1,1
2050,2050. 노량진역 5번출구,23492,2234.0,3742.0,6261.0,15.92882683466712,26.651626085475904,3,1
2054,2054. 삼익아파트,15481,3387.0,1559.0,4202.0,10.070408888314708,27.142949421871972,3,1
2056,2056. 동작구민 체육센터,15180,3564.0,2394.0,2866.0,15.770750988142293,18.88010540184453,3,3
2057,2057. 상도 아이파크 아파트,4466,940.0,432.0,1142.0,9.6730855351545,25.57098074339454,1,1
2058,2058. 동작경찰서,18562,1429.0,2756.0,6004.0,14.847537980821032,32.345652408145675,3,1
2059,2059. 보라매공원 정문,16690,1596.0,4098.0,4118.0,24.553624925104852,24.673457159976035,3,3
2060,2060. 남성역3번출구 뒤,17220,4144.0,1935.0,4664.0,11.236933797909408,27.08478513356562,3,1
2062,2062. 사당새마을금고,4577,1072.0,577.0,1209.0,12.606510814944286,26.41468210618309,1,1
2064,2064. 흑석한강푸르지오 106동앞,575,191.0,32.0,123.0,5.565217391304348,21.391304347826086,1,1
2065,2065. 서울시여성가족재단,3748,670.0,471.0,855.0,12.566702241195305,22.812166488794023,1,1
2066,2066. 양문교회 앞,15323,2451.0,2075.0,4167.0,13.541734647262285,27.19441362657443,3,1
2067,2067. 보라매역?동작세무서 버스정류장(강남중학교방면),18277,1964.0,3490.0,5040.0,19.095037478798492,27.575641516660284,3,1
2068,2068. 총신대 앞(육교),1702,278.0,337.0,378.0,19.80023501762632,22.20916568742656,1,3
2069,2069. 숭실대 입구역3번 출구 앞,6643,541.0,1053.0,1819.0,15.851272015655576,27.38220683426163,1,1
2070,2070. 노량진역 2번 출구 앞,14628,1035.0,2732.0,4753.0,18.67651080120317,32.49248017500684,3,1
2071,2071. 대림아파트 후문 상가 옆,6360,1162.0,671.0,1675.0,10.550314465408805,26.336477987421386,1,1
2077,2077.노들역 3번출구,12249,2646.0,1629.0,3707.0,13.299044819985307,30.263694995509837,3,1
2078,2078.흑석 아크로리버하임(103동),1996,201.0,371.0,579.0,18.587174348697395,29.008016032064127,1,1
2079,2079.중앙대학교 중앙광장,2073,287.0,328.0,534.0,15.822479498311626,25.759768451519538,1,1
2080,2080. 대방지하보도(대방동경남아너스빌아파트),13656,1949.0,2949.0,3287.0,21.594903339191564,24.070005858230815,3,3
2082,2082.7호선 이수역7번출구,10674,1100.0,2286.0,2538.0,21.41652613827993,23.77740303541315,1,3
2083,2083.흑석롯데캐슬에듀포레(107동),5455,1117.0,682.0,1484.0,12.502291475710358,27.204399633363884,1,1
2084,2084.e편한세상 상도노빌리티 앞,7348,486.0,1140.0,1969.0,15.514425694066414,26.79640718562874,1,1
2085,2085.강남중학교 앞,11651,2264.0,1763.0,2979.0,15.131748347781308,25.568620719251566,1,1
2086,2086.삼일수영장 앞,13302,3896.0,1098.0,3087.0,8.254397834912043,23.207036535859267,3,1
2088,2088.상도중앙하이츠빌 입구,3427,857.0,365.0,858.0,10.650714911000875,25.03647505106507,1,1
2089,2089.사당역10번출구(금강빌딩),9939,1073.0,1608.0,2582.0,16.178690009055238,25.978468658818795,1,1
2090,2090.기아자동차 사당점 앞,11640,2779.0,1622.0,3041.0,13.934707903780069,26.125429553264606,3,1
2091,2091. 이수역9번출구,11298,891.0,2418.0,2856.0,21.402018056293148,25.27881040892193,1,3
2092,2092.흑석한강푸르지오(110동),3833,891.0,389.0,906.0,10.148708583355075,23.636837985911818,1,1
2093,2093.상도SH빌아파트 입구,1966,225.0,254.0,563.0,12.919633774160733,28.636826042726348,1,1
2094,2094.숭실대학교(중문) ,4178,376.0,600.0,1265.0,14.360938247965535,30.277644806127334,1,1
2095,2095.경문고등학교 앞,8907,1612.0,1140.0,2161.0,12.798922196025597,24.261816548781855,1,1
2096,2096.서울특별시 동작관악교육지원청,1132,356.0,149.0,243.0,13.162544169611307,21.46643109540636,1,1
2102,2102. 봉림교 교통섬,65867,4385.0,11018.0,20677.0,16.727648139432493,31.392047611095087,4,2
2103,2103. 신림동 우방아파트,12134,2627.0,1780.0,3450.0,14.669523652546562,28.432503708587443,3,1
2104,2104. 사당역 5번출구,11670,700.0,2266.0,3301.0,19.417309340188517,28.286203941730935,1,1
2105,2105. 미성동 신림체육센터,10436,1783.0,1248.0,2631.0,11.958604829436565,25.21080873898045,1,1
2106,2106. 세이브마트,14588,2095.0,1705.0,3752.0,11.687688511105017,25.719769673704413,3,1
2108,2108. 은천치안센터,13973,2165.0,2115.0,3856.0,15.136334359121161,27.596078150719244,3,1
2109,2109. 은천로입구 가로공원,29384,7312.0,3583.0,7932.0,12.193710863054724,26.99428260277702,2,2
2110,2110. 조원동 미성아파트,15916,1894.0,3109.0,4069.0,19.533802462930385,25.565468710731338,3,1
2111,2111. 서울대입구역 1번출구,11556,936.0,1841.0,3212.0,15.931118033921774,27.795084804430598,1,1
2112,2112. 서울대입구역 마에스트로,8093,633.0,1151.0,2370.0,14.222167305078463,29.284566909675032,1,1
2113,2113. 관악동작견인차량보관소,1,0.0,1.0,0.0,100.0,0.0,1,4
2115,2115. 관악구시설관리공단,15727,3903.0,2081.0,3861.0,13.232021364532335,24.550136707572964,3,1
2116,2116. 에이스에이존빌딩,6413,272.0,1101.0,1771.0,17.168251988149073,27.615780445969122,1,1
2119,2119. 중앙동 동진빌딩,7892,1422.0,1148.0,1935.0,14.54637607704004,24.518499746578815,1,1
2122,2122. 낙성대로 입구,5960,499.0,904.0,1654.0,15.167785234899329,27.751677852348994,1,1
2127,2127. 난곡종점,5418,886.0,508.0,1436.0,9.376153562200074,26.504245108896274,1,1
2128,2128. 관악구청교차로,4770,520.0,735.0,1211.0,15.40880503144654,25.38784067085954,1,1
2129,2129. 낙성대 과학전시관,3087,213.0,628.0,828.0,20.34337544541626,26.82215743440233,1,1
2130,2130. 영어마을 관악캠프,1751,100.0,316.0,551.0,18.046830382638493,31.467732724157628,1,1
2135,2135. 신림역 5번출구,4,0.0,0.0,0.0,0.0,0.0,1,3
2136,2136. 신림역 8번출구,41976,3443.0,6650.0,12118.0,15.842386125404994,28.868877453783114,2,2
2137,2137. KT&G 관악지점,5717,904.0,791.0,1579.0,13.83592793423124,27.619380794122794,1,1
2139,2139. 서울신성초등학교,5870,1145.0,903.0,1550.0,15.383304940374787,26.405451448040886,1,1
2140,2140. 신림1교 교차로,20962,3693.0,2730.0,6033.0,13.023566453582674,28.78065070126896,3,1
2143,2143. 서울산업정보학교,3412,432.0,635.0,985.0,18.610785463071515,28.868698710433765,1,1
2144,2144. 난우길입구,4473,517.0,673.0,1115.0,15.045830538788286,24.92734182875028,1,1
2145,2145. 은천초등학교 육교,7781,1637.0,895.0,1972.0,11.502377586428478,25.34378614573962,1,1
2148,2148. 낙성대역 3번출구 뒤,7187,870.0,1336.0,1663.0,18.58911924307778,23.1390009739808,1,3
2156,2156. 신림푸르지오아파트,9013,1843.0,1265.0,2263.0,14.03528236991013,25.108177077554643,1,1
2159,2159. 인헌초교,2973,196.0,327.0,1010.0,10.99899091826438,33.97241843255971,1,1
2164,2164. 관악우체국,8511,952.0,1178.0,2203.0,13.840911761250146,25.884149923628247,1,1
2165,2165. JK장평타워,2223,122.0,393.0,656.0,17.67881241565452,29.509671614934774,1,1
2167,2167. 낙성대역 1번출구,4423,277.0,826.0,1293.0,18.675107393172055,29.233551887858923,1,1
2169,2169. 봉천역 2번출구,14456,1569.0,2308.0,3790.0,15.96568898727172,26.217487548422802,3,1
2170,2170. 조원동 강남힐병원,9463,2303.0,1060.0,2469.0,11.201521716157666,26.091091619993662,1,1
2171,2171. 서울대입구역 5번출구,13601,1027.0,2698.0,3718.0,19.836776707595032,27.336225277553122,3,1
2172,2172. 나들목공원,8479,545.0,1596.0,2797.0,18.822974407359357,32.98738058733341,1,1
2173,2173. 당곡사거리,27808,2382.0,5001.0,7839.0,17.9840333716916,28.189729574223243,3,1
2174,2174. 삼성디지털프라자관악점,6599,519.0,914.0,1928.0,13.850583421730564,29.216547961812395,1,1
2175,2175. 신림동걷고싶은문화의거리입구,10858,729.0,1498.0,3124.0,13.796279241112543,28.771412783201328,1,1
2176,2176. 보라매공원 보도육교,35163,6099.0,4834.0,10261.0,13.747404942695447,29.181241646048406,2,2
2177,2177. 신대방역 2번 출구,14652,1748.0,2794.0,4149.0,19.06906906906907,28.31695331695332,3,1
2178,2178. 서울대학교 정문,8386,325.0,2243.0,2265.0,26.74695921774386,27.009301216312902,1,3
2179,2179. 양녕로 입구,11162,993.0,1754.0,3398.0,15.714029743773516,30.442573015588604,1,1
2184,2184. 구암초등학교 버스정류장,2834,480.0,309.0,866.0,10.903316866619619,30.557515878616798,1,1
2185,2185. 대학동 고시촌,11997,1721.0,1607.0,3477.0,13.395015420521798,28.982245561390346,1,1
2186,2186. 낙성대입구삼거리,4695,504.0,718.0,1326.0,15.29286474973376,28.242811501597444,1,1
2187,2187. 현대시장사거리,14485,2410.0,1937.0,3860.0,13.372454263030722,26.64825681739731,3,1
2189,2189. 봉천역 4번출구,12827,699.0,2490.0,3418.0,19.412177438216265,26.646916660169957,1,1
2190,2190.도원맨션,5245,447.0,1019.0,1510.0,19.428026692087702,28.789323164918972,1,1
2191,2191.대학동주민센터 ,11176,1357.0,1618.0,3067.0,14.477451682176094,27.44273443092341,1,1
2195,2195.은천교회,11899,2593.0,1375.0,3348.0,11.555592906966972,28.13681822001849,3,1
2196,2196. 봉천역 3번출구,6617,635.0,1181.0,1806.0,17.847967356808223,27.29333534834517,1,1
2198,2198.사랑의병원,6559,817.0,752.0,1857.0,11.465162372312852,28.312242719926818,1,1
2199,2199.신봉천주유소 A,1987,199.0,303.0,599.0,15.249119275289381,30.14594866633115,1,1
2202,2202.청계산입구역 1번출구,16748,3535.0,4416.0,3139.0,26.36732744208264,18.742536422259374,3,3
2203,2203. 청계산입구역 2번출구,3674,182.0,855.0,977.0,23.27163854109962,26.59227000544366,1,3
2205,2205. 내곡3단지 어린이공원 앞,7486,2309.0,1131.0,1726.0,15.108201977023777,23.056371894202513,1,1
2206,2206. 언남초등학교 앞,10816,2720.0,1695.0,2301.0,15.671227810650887,21.27403846153846,1,1
2207,2207. 내곡파출소 뒤 정자,1940,331.0,469.0,401.0,24.175257731958762,20.670103092783503,1,3
2210,2210. 반포1동 주민센터 앞,4141,658.0,706.0,1162.0,17.04902197536827,28.060854865974406,1,1
2211,2211. 서초구립반포도서관 앞,16040,1709.0,3707.0,4057.0,23.110972568578553,25.293017456359102,3,3
2212,2212.서초현대4차아파트 201동 맞은편,9986,2077.0,1275.0,2695.0,12.76787502503505,26.987782896054473,1,1
2213,2213. 고속터미널역 5번출구 앞,12353,2395.0,2913.0,2737.0,23.581316279446288,22.156561159232574,3,3
2214,2214. 신반포역 2번출구 앞,16556,1072.0,2633.0,6789.0,15.903599903358298,41.006281710558106,3,1
2215,2215. 반포종합운동장 입구,9002,871.0,1207.0,2637.0,13.408131526327482,29.293490335481003,1,1
2217,2217.아크로리버뷰 부지 앞,31263,3103.0,4928.0,11857.0,15.763042574289097,37.926622525029586,2,1
2219,"2219. 고속터미널역 8-1번, 8-2번 출구 사이",41028,2305.0,9076.0,13373.0,22.121478015014137,32.59481329823535,2,2
2221,2221. 방일초교 마을버스 정류장,12727,1311.0,2746.0,3324.0,21.576176632356407,26.117702522196907,3,1
2222,2222.사당역 12번출구 뒤,20410,2741.0,3763.0,5038.0,18.437040666340028,24.683978441940223,3,1
2223,2223. 방배래미안 정문 앞,3060,195.0,542.0,866.0,17.712418300653596,28.30065359477124,1,1
2225,2225.백석예술대학교 제3캠퍼스 앞,1964,200.0,841.0,353.0,42.82077393075356,17.973523421588595,1,4
2226,2226. 신동아럭스빌아파트 앞,3429,265.0,1305.0,692.0,38.05774278215223,20.180810731991837,1,4
2227,2227.방배열린문화센터 앞,8673,1580.0,1826.0,1555.0,21.053845266920327,17.9292055805373,1,3
2228,2228.뒷벌공원 옆,19876,4011.0,3823.0,4669.0,19.234252364660897,23.490641980277722,3,3
2229,2229.로고스교회 맞은 편,6709,1094.0,1122.0,1696.0,16.723803845580562,25.279475331644058,1,1
2230,2230.이수역 4번 출구,19188,2466.0,3990.0,4467.0,20.7942464040025,23.2801751094434,3,3
2231,2231. 삼성타운(삼성생명) A동 맞은편,17837,1115.0,6750.0,2689.0,37.84268655042888,15.075405056904186,3,4
2233,2233. 서초신동아1차아파트 옆,5982,1010.0,890.0,1233.0,14.877967235038447,20.611835506519558,1,1
2235,2235.KT 서초지사 앞,3442,322.0,951.0,669.0,27.62928529924463,19.436374201045904,1,3
2237,2237.서울남부터미널 대합실 입구,9111,1176.0,2424.0,2111.0,26.605202502469545,23.169794753594555,1,3
2239,2239.교대역 6번출구,8386,1422.0,1775.0,1468.0,21.166229430002385,17.505366086334366,1,3
2241,2241.양재전화국 사거리,9826,1373.0,2473.0,2396.0,25.167921840016284,24.38428658660696,1,3
2242,2242.양재역 10번 출구 앞,9041,2159.0,2033.0,1583.0,22.486450613870147,17.509125096781332,1,3
2243,2243.서울가정법원,7604,1709.0,1777.0,1484.0,23.369279326670174,19.516044187269856,1,3
2244,2244. 말죽거리공원 사거리,14130,1133.0,3262.0,3771.0,23.08563340410474,26.687898089171973,3,3
2245,2245.양재초등학교 맞은편,8554,1300.0,1973.0,2053.0,23.065232639700724,24.000467617488894,1,3
2246,2246. 서울시 품질시험소 앞,7041,765.0,1811.0,1369.0,25.72077829853714,19.44326090044028,1,3
2247,2247.섬들근린공원,13587,2778.0,2017.0,3477.0,14.845072495768013,25.590638109958046,3,1
2248,2248. 서초리슈빌S 글로벌 앞,2965,900.0,404.0,646.0,13.625632377740304,21.78752107925801,1,1
2249,2249. 우솔초등학교 맞은편,2837,892.0,379.0,673.0,13.359182234755023,23.7222418047233,1,1
2250,2250. 서초유치원 맞은편,9081,1511.0,1457.0,2442.0,16.044488492456775,26.89131152956723,1,1
2251,2251. 더케이호텔 입구(양재2) ,8399,1133.0,2766.0,1453.0,32.93249196332897,17.299678533158712,1,3
2252,2252. 잔디마을 마을버스 정류장,16424,923.0,4560.0,3630.0,27.76424744276668,22.101802240623478,3,3
2255,2255. 양재시민의숲역 1번출구,24789,5795.0,5675.0,5062.0,22.89321876638832,20.42034773488241,2,2
2256,2256.양재동 꽃시장 입구,4151,726.0,1294.0,760.0,31.173211274391715,18.30884124307396,1,3
2257,2257. 청계산 입구 삼거리,2048,40.0,795.0,458.0,38.818359375,22.36328125,1,4
2258,2258.구룡사 삼거리,4838,896.0,1047.0,1183.0,21.64117403885903,24.452252997106243,1,3
2259,2259. 잠원역 3번-4번 출구사이 ,19036,2045.0,4315.0,5042.0,22.667577222105486,26.48665686068502,3,3
2263,2263. 바우뫼문화복지회관,7897,1169.0,1580.0,1721.0,20.007597821957706,21.793085982018486,1,3
2264,2264. 이수역 1번출구,27504,4349.0,5388.0,7076.0,19.589877835951132,25.72716695753345,2,2
2265,2265. 이수고가차도 남단,16746,2081.0,3538.0,4323.0,21.127433416935386,25.815120028663564,3,3
2266,2266. 서초역 3번출구,8862,1422.0,2016.0,2154.0,22.748815165876778,24.306025727826675,1,3
2269,2269. 주홍교 하부,2924,391.0,580.0,801.0,19.835841313269494,27.393980848153216,1,1
2270,2270. 서초포레스타 7단지,4029,1104.0,562.0,999.0,13.948870687515512,24.79523454951601,1,1
2271,2271. 내방역 8번출구 앞,9062,956.0,1910.0,2342.0,21.077024939306995,25.844184506731406,1,1
2272,2272. 교대입구 교차로,5883,591.0,1571.0,1233.0,26.704062553119158,20.958694543600203,1,3
2273,2273. 일동제약 사거리,6831,602.0,1685.0,1830.0,24.666959449568147,26.78963548528766,1,3
2274,2274. 양재시민의숲역 3번출구,20330,4056.0,5123.0,3796.0,25.199212985735365,18.67191342843089,3,3
2276,2276. 영동1교 (양재천근린공원),10831,1189.0,2087.0,3472.0,19.268765580278828,32.05613516757456,1,1
2277,2277. 길마중4교 하부,12019,1774.0,2096.0,3075.0,17.439054829852733,25.584491222231463,1,1
2279,2279. 교대역 5번출구뒤,16206,2495.0,3134.0,3302.0,19.338516598790573,20.375169690238184,3,3
2280,2280. 서울서초고용센터앞,5611,1045.0,1395.0,1121.0,24.861878453038674,19.97861343788986,1,3
2281,2281. 서울교통공사 사당별관 건너편,3950,933.0,580.0,832.0,14.683544303797468,21.063291139240505,1,1
2283,2283. 그룹한빌딩옆,4668,608.0,998.0,1085.0,21.379605826906598,23.243359040274207,1,3
2284,2284. CJ오쇼핑앞,1699,69.0,573.0,384.0,33.72572101236021,22.601530311948203,1,3
2285,2285. LH서초3단지 301동 맞은편,4065,817.0,531.0,1193.0,13.062730627306273,29.34809348093481,1,1
2286,2286. 탑성마을입구,320,96.0,41.0,69.0,12.812499999999998,21.5625,1,1
2287,2287. 능안마을입구,606,28.0,237.0,50.0,39.10891089108911,8.25082508250825,1,4
2288,2288. 안골마을입구,673,100.0,102.0,192.0,15.156017830609212,28.52897473997028,1,1
2289,2289. 남태령역 2번출구,1017,151.0,260.0,202.0,25.565388397246803,19.862340216322515,1,3
2293,2293. SPC 앞,8738,985.0,2302.0,1821.0,26.344701304646374,20.84000915541314,1,3
2294,2294. 두상빌딩 앞,16049,3918.0,3225.0,3059.0,20.094709950775748,19.060377593619542,3,3
2297,2297. 남부터미널역 1번출구,8015,944.0,1828.0,1934.0,22.80723643169058,24.129756706175918,1,3
2299,2299. 한전아트센터 앞,8868,2070.0,1685.0,1574.0,19.00090211998196,17.749210645015786,1,3
2301,2301. 현대고등학교 건너편,9467,412.0,1962.0,3231.0,20.724622372451673,34.12907996197317,1,1
2302,2302. 교보타워 버스정류장(신논현역 3번출구 후면),11872,1102.0,2498.0,2825.0,21.041105121293803,23.795485175202156,1,3
2303,2303. 논현역 10번출구,12864,1860.0,2918.0,2902.0,22.683457711442788,22.55907960199005,3,3
2304,2304. 대현그린타워,4125,526.0,1346.0,781.0,32.63030303030303,18.933333333333334,1,3
2305,2305. MCM 본사 직영점 앞,3798,85.0,1908.0,484.0,50.23696682464455,12.743549236440233,1,4
2306,2306. 압구정역 2번 출구 옆,21115,2567.0,5000.0,4986.0,23.679848448969924,23.61354487331281,3,3
2307,2307. 압구정 한양 3차 아파트,8346,604.0,2032.0,2471.0,24.346992571291636,29.60699736400671,1,1
2308,2308. 압구정파출소 앞,11530,999.0,2628.0,2948.0,22.792714657415438,25.56808326105811,1,3
2309,2309. 청담역(우리들병원 앞),4529,1148.0,807.0,893.0,17.818502980790463,19.717376904393905,1,3
2310,2310. 청담동 맥도날드 옆(위치),3605,210.0,951.0,835.0,26.380027739251037,23.1622746185853,1,3
2311,2311. 학동로 래미안 아파트 앞,4066,522.0,1035.0,922.0,25.45499262174127,22.67584849975406,1,3
2312,2312. 청담역 13번 출구 앞,5712,1156.0,1194.0,1299.0,20.903361344537817,22.741596638655462,1,3
2313,2313. 금원빌딩 앞,6051,203.0,1986.0,1498.0,32.82102131879029,24.756238638241612,1,3
2314,2314. 청담나들목입구,260,29.0,49.0,65.0,18.846153846153847,25.0,1,1
2315,2315. 봉은사역 5번출구 옆,10303,1364.0,2994.0,2197.0,29.059497233815396,21.323886246724257,1,3
2317,2317. 삼성도로공원,9213,520.0,2407.0,2780.0,26.126126126126124,30.174753066319333,1,1
2318,2318. 삼성중앙역4번출구(문화센터더 리빌),2670,355.0,610.0,598.0,22.846441947565545,22.397003745318354,1,3
2319,2319. 포스코사거리 서측(수협 삼성동 지점),8087,638.0,2851.0,1109.0,35.254111537034746,13.713367132434772,1,4
2320,2320. 도곡역 대치지구대 방향,7851,918.0,1345.0,2186.0,17.131575595465545,27.84358680422876,1,1
2321,2321. 학여울역 사거리,4373,688.0,718.0,1448.0,16.41893436999771,33.11227989938257,1,1
2322,2322. 삼성역 3번 출구,3,0.0,0.0,3.0,0.0,100.0,1,1
2324,2324. 천주교 대치 2동 교회 옆,11226,1004.0,2326.0,3050.0,20.71975770532692,27.169071797612688,1,1
2325,2325. 대치삼성아파트 앞 교차로,9105,548.0,1717.0,2595.0,18.85777045579352,28.500823723228997,1,1
2326,2326. 대치동 삼성로,6191,711.0,1356.0,1607.0,21.902762073978355,25.957034404781133,1,3
2327,2327. 뱅뱅사거리 랜드마크타워 앞,13825,1442.0,4140.0,2202.0,29.945750452079565,15.927667269439421,3,3
2328,2328. 르네상스 호텔 사거리 역삼지하보도 7번출구 앞,8030,875.0,1948.0,1605.0,24.259028642590287,19.987546699875466,1,3
2329,2329. 르네상스호텔사거리 역삼지하보도 2번출구,4136,649.0,729.0,737.0,17.625725338491296,17.819148936170212,1,3
2330,2330. 역삼월드메르디앙아파트 앞,7374,860.0,1651.0,1514.0,22.389476539191755,20.531597504746408,1,3
2331,2331. 동영문화센터앞,6408,929.0,1342.0,1258.0,20.942571785268417,19.631710362047443,1,3
2332,2332. 선릉역3번출구,17683,2404.0,4466.0,3155.0,25.255895492846236,17.841995136571846,3,3
2333,2333. 양재역 3번출구 주변,13629,1877.0,3566.0,2789.0,26.164795656321083,20.463717073886563,3,3
2334,2334. 삼호아파트 2동 ( 간선도로),2433,359.0,465.0,343.0,19.112207151664613,14.097821619399916,1,3
2335,2335. 3호선 매봉역 3번출구앞,23871,4807.0,5651.0,4964.0,23.673076117464706,20.795107033639145,3,3
2336,2336. 강남세브란스교차로  래미안그레이튼 104동 앞,5870,1112.0,1141.0,1066.0,19.437819420783644,18.160136286201023,1,3
2337,2337. 대모산입구역 2번출구 앞,6181,845.0,770.0,1881.0,12.457531143827861,30.4319689370652,1,1
2339,2339. 현대아파트 정문 앞,6798,1529.0,928.0,1841.0,13.651073845248602,27.08149455722271,1,1
2340,2340. 삼호물산버스정류장(23370) 옆,26889,4196.0,6255.0,6039.0,23.262300569005916,22.458998103313625,2,2
2341,2341. 일원역 4~5번 출구 사이,7293,826.0,1296.0,1985.0,17.77046482928836,27.21788015905663,1,1
2342,2342. 대청역 1번출구  뒤,16219,2111.0,3553.0,4062.0,21.906406066958507,25.044700659720082,3,3
2344,2344. 리엔파크 2단지 앞,6522,963.0,689.0,1724.0,10.56424409690279,26.433609322293776,1,1
2347,2347. 두산건설 본사,4017,254.0,1442.0,640.0,35.8974358974359,15.93228777694797,1,4
2348,2348. 포스코사거리(기업은행),20409,1467.0,9155.0,2134.0,44.857660835905726,10.456171296976823,3,4
2349,2349. 역삼빌딩 앞(하나은행 옆),5520,633.0,1181.0,1179.0,21.394927536231883,21.35869565217391,1,3
2350,2350. 래미안그레이튼102동앞,3209,387.0,696.0,699.0,21.68899968837644,21.782486755998754,1,3
2351,2351. 청소년수련관(수영장)앞,4065,480.0,546.0,1077.0,13.431734317343174,26.494464944649447,1,1
2352,2352. 서울본부세관(건설회관 앞),5536,397.0,1894.0,735.0,34.21242774566474,13.276734104046243,1,4
2353,2353. 강남구청역 2번출구 뒤,9206,930.0,2476.0,2023.0,26.89550293286987,21.974799044101673,1,3
2354,2354. 청담역 2번출구,1815,230.0,372.0,554.0,20.49586776859504,30.52341597796143,1,1
2355,2355. 삼성역 5~6번 출구 사이,1,0.0,0.0,0.0,0.0,0.0,1,3
2356,2356. 강남구청,4970,630.0,931.0,1080.0,18.732394366197184,21.730382293762577,1,3
2357,2357. 르네상스호텔사거리 역삼지하보도 3번출구 앞 (더 오번 빌딩 명동칼국수 앞),4991,774.0,1253.0,853.0,25.105189340813467,17.09076337407333,1,3
2358,2358. 구룡초사거리 (현대아파트10동 앞 ),6536,1778.0,979.0,1523.0,14.97858017135863,23.30171358629131,1,1
2359,"2359. 국립국악중,고교 정문 맞은편",13005,3020.0,1847.0,2796.0,14.202229911572473,21.49942329873126,3,1
2360,2360. 도곡1동 주민센터 교차로,8222,1014.0,1977.0,1595.0,24.045244466066652,19.399172950620287,1,3
2362,2362. 신사동 가로수길 입구,8006,494.0,1855.0,2165.0,23.170122408193855,27.042218336247814,1,3
2363,2363. 강남 을지병원 교차로,3798,175.0,989.0,884.0,26.040021063717745,23.27540810953133,1,3
2364,2364. 도산공원교차로,5448,460.0,1461.0,1154.0,26.81718061674009,21.18208516886931,1,3
2365,2365. K+ 타워 앞,7696,233.0,1822.0,2061.0,23.674636174636174,26.780145530145532,1,3
2368,2368. 도곡동 경남아파트 건너편,4559,546.0,1007.0,1213.0,22.08817723184909,26.60671199824523,1,1
2369,2369. KT선릉타워,13217,1444.0,3461.0,2215.0,26.18597261103125,16.758719830521297,3,3
2370,2370. 한티역 3번출구,4520,488.0,828.0,1172.0,18.318584070796458,25.92920353982301,1,1
2371,2371. 한국우편사업진흥원,3688,353.0,916.0,814.0,24.837310195227765,22.071583514099782,1,3
2372,2372. 대치역 사거리,12182,1595.0,2473.0,3497.0,20.300443276966014,28.706287965851256,3,1
2373,2373. 개포동역 사거리,4243,404.0,643.0,1244.0,15.154371906669809,29.318878152250765,1,1
2375,2375. 수서역 1번출구 앞,14610,2520.0,3708.0,2877.0,25.37987679671458,19.691991786447637,3,3
2376,2376. 수서역 7번출구 앞,12379,1373.0,4202.0,2622.0,33.944583568947415,21.181032393569755,3,3
2377,2377. 수서역 5번출구,35048,3918.0,9503.0,8271.0,27.11424332344214,23.59906414060717,2,2
2380,2380. 봉은사로68길 북측,5294,776.0,817.0,1197.0,15.432565168114849,22.610502455610124,1,1
2381,2381. 언주역 4번출구,5889,563.0,1367.0,1172.0,23.212769570385465,19.901511292239768,1,3
2382,2382. 역삼동 sk뷰 501동앞,4250,352.0,893.0,1124.0,21.011764705882353,26.447058823529414,1,1
2383,2383. 보금자리정원,3066,509.0,494.0,841.0,16.112198303979124,27.429876060013047,1,1
2384,2384. 자곡사거리,19400,5138.0,2943.0,4594.0,15.170103092783505,23.68041237113402,3,2
2385,2385. 학동역,7443,1427.0,1461.0,1542.0,19.6291817815397,20.71745264006449,1,3
2386,2386. 크린랩 본사,2936,470.0,699.0,698.0,23.80790190735695,23.773841961852863,1,3
2387,2387. 래미안강남힐즈 사거리,12037,1590.0,1814.0,3294.0,15.070200216000664,27.365622663454346,1,1
2388,2388. 강남구 도시관리공단,6817,1828.0,1368.0,1463.0,20.067478362916237,21.461053249229867,1,3
2389,2389. 경기여자고등학교 후문 (삼성로3길 입구),9128,1908.0,1146.0,2366.0,12.554776511831728,25.920245398773005,1,1
2390,2390. 구룡마을 입구 (래미안블레스티지 아파트),10020,1855.0,1241.0,2676.0,12.385229540918164,26.706586826347305,1,1
2391,2391. 구룡터널 입구(개포1단지아파트),312,64.0,91.0,88.0,29.166666666666668,28.205128205128204,1,3
2392,2392. 구룡산 입구 (구룡산 서울둘레길 입구),1072,245.0,196.0,241.0,18.28358208955224,22.48134328358209,1,3
2394,2394. 개포래미안포레스트아파트 107동 앞,8675,2380.0,980.0,2129.0,11.296829971181555,24.54178674351585,1,1
2396,2396. 영동3교 북단(우성캐릭터 앞 보도),6194,867.0,1041.0,1956.0,16.80658701969648,31.57894736842105,1,1
2398,2398. 더라움,3689,437.0,841.0,790.0,22.79750609921388,21.415017619951207,1,3
2401,2401. 밀알학교 입구 (삼성서울병원 입구),3180,573.0,426.0,898.0,13.39622641509434,28.238993710691823,1,1
2403,2403. 공무원연금매점 교차로 (개포주공9단지 입구),11674,2298.0,1937.0,3318.0,16.592427616926503,28.422134658214837,3,1
2404,2404. 대모산입구역 4번 출구 앞,18785,3718.0,2951.0,5107.0,15.709342560553633,27.186585041256322,3,1
2405,2405. 청담공원앞 교차로,8221,2078.0,1633.0,1539.0,19.863763532416982,18.720350322345215,1,3
2406,2406. 논현동 광명빌딩 앞,3732,127.0,1069.0,807.0,28.644158628081456,21.623794212218648,1,3
2407,2407. 역삼서초삼성 세무서 앞 (역삼빌딩 앞),16713,1817.0,3858.0,3324.0,23.08382696104829,19.888709387901635,3,3
2408,2408. 강남한양수자인아파트,12957,2761.0,1822.0,3343.0,14.061897044068845,25.800725476576368,3,1
2409,2409. 역삼동 디오슈페리움 (우성아파트 사거리),11139,1073.0,2827.0,2203.0,25.379297962115093,19.77735882933836,1,3
2410,2410. 포스코피앤에스타워 (역삼역 3번출구 부근),10872,1430.0,3111.0,1705.0,28.614790286975715,15.682487122884472,1,3
2411,2411. 세곡동 성당,12222,2201.0,1731.0,3448.0,14.162984781541482,28.211422025855015,3,1
2413,2413.도곡역 1번 출구,14580,2013.0,2784.0,4047.0,19.09465020576132,27.757201646090536,3,1
2414,2414. 도곡역 아카데미스위트 앞,17139,2143.0,4263.0,3365.0,24.873096446700508,19.633584223116866,3,3
2415,2415.한티역 롯데백화점 앞,10961,848.0,2185.0,3035.0,19.93431256272238,27.689079463552595,1,1
2416,2416.한티역 6번 출구,6614,994.0,1464.0,1468.0,22.13486543695192,22.195343211369824,1,3
2417,"2417.선정릉 디캠프(D,CAMP)앞",2869,572.0,569.0,518.0,19.8326943185779,18.05507145346811,1,3
2418,2418.봉은사역 7번 출구 ,8540,1205.0,2499.0,1701.0,29.262295081967217,19.918032786885245,1,3
2419,"2419.봉은사역 1,2번 출구 ",7840,1012.0,1768.0,2060.0,22.551020408163268,26.27551020408163,1,3
2420,2420.학여울역 사거리(LG베스트샵 앞),9816,3061.0,1915.0,2288.0,19.508964955175223,23.30888345558272,1,3
2421,2421. 신논현역 4번출구,3144,339.0,624.0,894.0,19.84732824427481,28.435114503816795,1,1
2422,2422.수서동 성당 맞은편,7347,868.0,891.0,2189.0,12.12739893834218,29.79447393493943,1,1
2423,2423.영희초교 사거리(래미안개포루체하임),13690,1863.0,1849.0,3938.0,13.506208911614317,28.765522279035793,3,1
2425,2425.세곡동 사거리(대왕초등학교 정류장),3037,406.0,500.0,801.0,16.463615409944023,26.374711886730328,1,1
2426,2426.강남한신휴플러스 6단지,7164,2190.0,613.0,1586.0,8.556672250139586,22.138470128419875,1,1
2427,2427.개포고등학교 정문앞,9584,1364.0,1590.0,2423.0,16.590150250417363,25.28171953255426,1,1
2429,2429.압구정로데오역 6번출구,4545,340.0,1199.0,1281.0,26.380638063806384,28.184818481848183,1,3
2430,2430.강남파이낸스센터앞(역삼역2번출구),8092,1327.0,1662.0,1558.0,20.538803756796835,19.253583786455756,1,3
2431,2431.대치역 7번출구,15567,2133.0,2594.0,4596.0,16.663454744009766,29.52399306224706,3,1
2501,2501. 서초 포레스타5단지,6313,1769.0,765.0,1583.0,12.117852051322668,25.07524156502455,1,1
2502,2502. 서초역1번출구 앞,6466,751.0,1365.0,1590.0,21.110423755026293,24.59016393442623,1,3
2503,2503. 반포1동 서초빌딩 앞,12111,2071.0,2585.0,2667.0,21.34423251589464,22.021302947733464,3,3
2504,2504. 신사역 4번출구 뒤,13208,698.0,3306.0,3459.0,25.03028467595397,26.188673531193217,3,3
2505,2505. 우성아파트사거리 (기업은행앞),11693,767.0,3104.0,2293.0,26.54579663046267,19.61002309073805,1,3
2506,2506. LG유플러스 (방배사옥),1261,51.0,365.0,281.0,28.945281522601114,22.283901665344967,1,3
2508,2508. 양재이스타빌 앞,1256,177.0,317.0,305.0,25.238853503184718,24.28343949044586,1,3
2509,2509. 심산기념문화센터,8080,1717.0,1873.0,1368.0,23.180693069306933,16.930693069306933,1,3
2510,2510. JW타워,5167,1144.0,1145.0,872.0,22.159860654151345,16.876330559318752,1,3
2511,2511. 이수역 6번출구 앞,11265,1811.0,2285.0,2582.0,20.284065690190857,22.920550377274747,1,3
2514,2514.사평역 2번출구,9591,1838.0,1825.0,2265.0,19.028255656344488,23.61588989677823,1,3
2515,2515.서초초등학교 후문,14438,929.0,3796.0,3546.0,26.291730156531372,24.56018839174401,3,3
2516,2516.본마을 노인복지센터 앞,2574,312.0,413.0,844.0,16.045066045066044,32.78943278943279,1,1
2517,2517. 서초그랑자이 앞,6455,1679.0,1405.0,1401.0,21.766072811773817,21.704105344694035,1,3
2518,2518. 서초동 현대아파트 앞,5564,1087.0,1109.0,1219.0,19.931703810208486,21.90869877785766,1,3
2519,2519.서초2교(사임당로 방면),2416,558.0,394.0,548.0,16.307947019867548,22.68211920529801,1,1
2520,2520.서초1교 (진흥아파트 방면),5451,778.0,1015.0,1293.0,18.62043661713447,23.72041827187672,1,1
2521,2521.서초 크로바타워 앞,8326,1359.0,1395.0,1937.0,16.75474417487389,23.264472736007686,1,1
2523,2523.뉴코아 킴스클럽 앞,12604,1516.0,1928.0,4101.0,15.296731196445574,32.53728974928594,3,1
2524,2524.반포쇼핑타운 8동 앞,9018,524.0,1806.0,2560.0,20.02661343978709,28.387669106231982,1,1
2525,2525.반포쇼핑타운 2동 앞,30447,1549.0,5797.0,11019.0,19.03964265773311,36.19075771011923,2,1
2529,2529.우리은행 방배동지점 앞,8930,1057.0,1864.0,2357.0,20.87346024636058,26.39417693169093,1,1
2530,2530.삼호3차아파트 앞,13993,1784.0,2712.0,3809.0,19.38111913099407,27.220753233759737,3,1
2531,2531.멤피스아파트 앞,20875,3443.0,4619.0,4576.0,22.12694610778443,21.920958083832335,3,3
2532,2532.국립국악원 앞,2339,251.0,793.0,489.0,33.90337751175716,20.906370243693885,1,3
2533,2533.한가람미술관 앞,3215,136.0,857.0,897.0,26.65629860031104,27.900466562986004,1,3
2535,2535.신반포역 3번출구 뒤,5525,876.0,838.0,1656.0,15.167420814479637,29.97285067873303,1,1
2536,2536.서초AICT 우수기업센터 앞,2161,267.0,537.0,333.0,24.849606663581675,15.409532623785285,1,3
2537,2537.양재역 8번출구 앞,15542,2113.0,4321.0,3454.0,27.80208467378716,22.22365203963454,3,3
2538,2538.사평리근린공원,11950,1259.0,2276.0,3861.0,19.04602510460251,32.30962343096234,3,1
2539,2539.대한무역투자진흥공사 KOTRA 앞,14084,685.0,6508.0,880.0,46.20846350468617,6.248224936097699,3,4
2540,2540.반포천 앞,12790,1843.0,2792.0,2949.0,21.8295543393276,23.057075840500392,3,3
2541,2541.옛골 입구,1173,205.0,224.0,382.0,19.096334185848253,32.56606990622336,1,1
2542,2542.신논현타워 앞,13520,1657.0,3025.0,3247.0,22.374260355029584,24.016272189349113,3,3
2545,2545.국립중앙도서관(국제회의장옆),4800,142.0,1456.0,1074.0,30.333333333333336,22.375,1,3
2547,2547. 반포래미안 리오센트,10468,1750.0,1832.0,2869.0,17.50095529231945,27.407336645013373,1,1
2548,2548.반포1동 자율방범초소 옆,4931,934.0,844.0,1271.0,17.116203609815454,25.77570472520787,1,1
2549,2549.호반써밋서초파크 403동,6233,1912.0,746.0,1424.0,11.968554468153378,22.84614150489331,1,1
2550,2550.양재동 꽃시장 건너편,9901,1565.0,2487.0,1983.0,25.11867488132512,20.02827997172003,1,3
2601,2601. 석촌호수 아뜰리에,28707,4551.0,4685.0,8067.0,16.320061309088377,28.101159995819835,2,2
2603,2603. 송파 글마루 도서관,11110,1838.0,1425.0,2820.0,12.826282628262826,25.38253825382538,1,1
2604,2604. 풍납토성 서성벽터A,18673,4345.0,3258.0,4738.0,17.447651689605312,25.373533979542657,3,1
2605,2605. 복정역 1번 출구 앞,15742,1713.0,5456.0,2787.0,34.65887434887562,17.7042307203659,3,4
2606,2606. 위례동주민센터,10029,2024.0,1898.0,2531.0,18.925117160235317,25.23681324159936,1,1
2608,2608. 송파구청,79455,8444.0,18790.0,22675.0,23.648606129255555,28.538166257630103,4,2
2609,2609. 보성중고등학교 후문 앞,3825,849.0,480.0,406.0,12.549019607843137,10.614379084967322,1,3
2611,2611. 송파지역자활센터 뒤,32011,10121.0,3927.0,7678.0,12.267657992565056,23.98550498266221,2,2
2612,2612. 광평교사거리 인근,197,7.0,24.0,68.0,12.18274111675127,34.51776649746193,1,1
2613,2613. 잠실나들목,22950,2257.0,2970.0,9002.0,12.941176470588237,39.2244008714597,3,1
2614,2614. 가락고등학교 앞,6832,1607.0,713.0,1612.0,10.436182669789227,23.594847775175644,1,1
2615,2615. 테라타워2,31739,7074.0,7910.0,4513.0,24.922020227480388,14.219099530546018,2,2
2616,2616. 거여동 사거리,5290,912.0,734.0,1249.0,13.875236294896029,23.610586011342154,1,1
2617,2617. 가락삼환아파트 앞,5311,856.0,847.0,1357.0,15.948032385614761,25.550743739408777,1,1
2618,2618. 삼전역 1번출구,24351,3889.0,4335.0,6290.0,17.80214364913145,25.830561373249562,3,1
2619,2619. 석촌고분역 4번출구,24098,3938.0,3803.0,6604.0,15.781392646692671,27.40476388081999,3,1
2620,2620. 송파나루역 4번 출구옆,61183,8321.0,10639.0,17390.0,17.388817155092102,28.422927937498976,4,2
2621,2621. 한성백제역 2번 출구,40094,4357.0,6535.0,14507.0,16.29919688731481,36.182471192697164,2,2
2622,2622. 올림픽공원역 3번출구,79556,10549.0,16141.0,24539.0,20.288853134898687,30.844939413746292,4,2
2623,2623.석촌동 주민센터,40120,7462.0,6318.0,10805.0,15.747756729810568,26.931704885343965,2,2
2625,2625.가락종합 사회복지관,3145,950.0,404.0,728.0,12.845786963434023,23.14785373608903,1,1
2626,"2626.경찰병원역 1,2번 출구 사이",6641,1531.0,1134.0,1361.0,17.075741605179942,20.493901520855292,1,3
2627,2627.문정시영아파트 5동 앞 공원,16317,3638.0,2587.0,4038.0,15.854630140344424,24.747196175767606,3,1
2628,2628.문정역 1번출구,43514,6904.0,9285.0,8971.0,21.3379601967183,20.616353357540103,2,2
2630,2630.서울방이동 고분군,23355,2943.0,4088.0,6071.0,17.503746521087564,25.994433740098483,3,1
2631,2631.배명고등학교,8569,1681.0,1217.0,2027.0,14.202357334578132,23.655035593418138,1,1
2632,2632.석촌고분역 2번 출구,31895,5039.0,5046.0,9019.0,15.820661545696819,28.277159429377647,2,2
2633,2633.송파학사 옆,10898,1855.0,1553.0,3564.0,14.250321159845845,32.70324830244081,1,1
2634,2634.위례포레샤인아파트 정류장,8228,2525.0,787.0,1839.0,9.56490034030141,22.35051045211473,1,1
2635,2635.잠실새내역 1번출구,30924,3237.0,6393.0,8765.0,20.6732634846721,28.343681283145777,2,2
2637,2637. 아시아지하보도 14번 출구,33792,2774.0,6724.0,9491.0,19.898200757575758,28.08652935606061,2,2
2639,2639.석촌역 8번출구,45582,7550.0,9230.0,10914.0,20.24922118380062,23.943661971830984,2,2
2641,2641.송파역 4번출구,35803,3903.0,6934.0,9232.0,19.367092143116498,25.78554869703656,2,2
2642,2642.마천동 성내천 쉼터,11554,1991.0,1268.0,3157.0,10.974554266920547,27.32387052103168,1,1
2643,2643.풍납중학교 측면,5496,679.0,1151.0,1415.0,20.94250363901019,25.74599708879185,1,1
2644,2644. 성내5교,12287,2255.0,1756.0,3255.0,14.291527630829332,26.491413689265077,3,1
2645,2645.잠실나들목2(엘스아파트136동),14794,2224.0,1980.0,4917.0,13.383804244964177,33.236447208327704,3,1
2646,2646.레이크펠리스101동앞,43374,5874.0,6531.0,12555.0,15.057407663577257,28.94591229768986,2,2
2647,2647.잠실 자전거 수리센터 앞,20299,3165.0,4966.0,4907.0,24.464259323119368,24.173604611064583,3,3
2648,2648.헬리오시티 112동 앞,14219,2663.0,1963.0,4265.0,13.805471552148536,29.995077009634997,3,1
2649,2649.오금공원사거리2,3402,435.0,559.0,992.0,16.431510875955322,29.159318048206938,1,1
2650,2650.위례22단지 2208동 다리앞,5776,1730.0,534.0,1414.0,9.245152354570637,24.480609418282548,1,1
2651,2651.경찰병원역 3번출구 앞,16254,3245.0,2868.0,3623.0,17.644887412329272,22.28989787129322,3,3
2652,2652.송파 레미니스1단지 102동 앞,9108,2143.0,1617.0,2187.0,17.753623188405797,24.011857707509883,1,1
2653,2653.올림픽공원사거리(선수촌아파트),17564,2251.0,2929.0,5204.0,16.6761557731724,29.628786153495785,3,1
2654,2654.올림픽선수촌아파트 136동 앞,9591,1537.0,1408.0,2453.0,14.680429569387968,25.576060890418102,1,1
2655,2655.송이공원,10223,1777.0,1514.0,2863.0,14.809742736965667,28.00547784407708,1,1
2656,2656.풍납동 아이파크 107동 앞,18420,2852.0,4035.0,3677.0,21.905537459283387,19.961997828447338,3,3
2657,2657.송파 파인타운 11단지 ,8682,1557.0,939.0,2349.0,10.815480304077402,27.05597788527989,1,1
2658,2658.가락몰 업무동,18476,1782.0,4001.0,3559.0,21.655120155877896,19.262827451829402,3,3
2659,2659.서울친환경유통센터,3304,1046.0,302.0,572.0,9.14043583535109,17.312348668280872,1,1
2701,2701. 마곡나루역 5번출구 뒤편,114953,41240.0,26959.0,16553.0,23.452193505171678,14.39979817838595,4,2
2702,2702. 마곡 엠밸리2단지,25177,7298.0,3091.0,5435.0,12.277078285736982,21.58716288676173,3,2
2703,2703.서울도시가스 앞 ,12969,1531.0,2570.0,3512.0,19.816485465340428,27.079959904387387,3,1
2704,2704.홈플러스(강서점),36599,6843.0,7171.0,7354.0,19.593431514522255,20.093445176097706,2,2
2706,2706.강서공업고등학교 앞,11377,2671.0,1661.0,2934.0,14.599630834139052,25.788872286191438,3,1
2707,2707.한강아파트,34342,8602.0,4545.0,8160.0,13.234523324209423,23.760992370857842,2,2
2708,2708.강서한강자이타워 앞,36216,3932.0,9881.0,7444.0,27.283521095648332,20.554451071349682,2,2
2709,2709.강변아파트 310동 앞,14432,2349.0,1899.0,4568.0,13.158259423503328,31.65188470066519,3,1
2710,2710.라이품 공영주차장 앞,15719,3516.0,2573.0,3735.0,16.36872574591259,23.76105350213118,3,1
2711,2711.가로공원공영주차장 1번 출구,14186,2835.0,1686.0,3762.0,11.884956999859016,26.51910334132243,3,1
2712,2712.화곡터널입구교차로,8678,1392.0,1165.0,2419.0,13.424752247061535,27.87508642544365,1,1
2713,2713.우장초등학교 앞,22432,8011.0,2397.0,5139.0,10.685627674750357,22.90923680456491,3,2
2715,2715.마곡나루역 2번 출구 ,173645,37531.0,42945.0,35006.0,24.731492412681042,20.15952086152783,4,2
2716,2716.롯데 R&D 센터,7792,404.0,4557.0,400.0,58.48305954825462,5.133470225872689,1,4
2717,2717.LG유플러스 마곡사옥,56514,4110.0,27175.0,4611.0,48.08543015889868,8.159040237817178,4,4
2718,2718.마곡수명산파크1단지,33237,9943.0,3745.0,7148.0,11.267563257815086,21.506152781538646,2,2
2719,2719.마곡문화공원,44848,4498.0,18468.0,5859.0,41.17909382804139,13.064127720299679,2,4
2720,2720.힐스테이트에코,38052,5442.0,8577.0,7885.0,22.540208136234625,20.721644066014928,2,2
2721,2721.등촌1-10단지 교차로,62188,15675.0,13075.0,11807.0,21.024956583263652,18.98597800218692,4,2
2723,2723.마곡 필네이처,39086,7238.0,9251.0,7472.0,23.668321138003375,19.116819321496187,2,2
2724,2724.(재)FITI시험연구원,23311,8204.0,5758.0,2750.0,24.700785037106947,11.797005705460942,2,2
2725,2725.서울식물원 식물문화센터,16257,1476.0,3153.0,5206.0,19.39472227348219,32.02312849849296,3,1
2727,2727.서울식물원 잔디마당 앞,28994,3319.0,13386.0,2489.0,46.16817272539146,8.584534731323721,2,4
2728,2728.마곡나루역 3번 출구,121698,24221.0,30696.0,19691.0,25.2230932307844,16.18021660175188,4,2
2729,2729.넥센 유니버시티 앞,23110,1877.0,8510.0,3292.0,36.82388576373864,14.244915620943315,3,4
2730,2730.마곡메가박스 앞,27894,2758.0,5544.0,6848.0,19.8752419875242,24.550082455008244,3,3
2731,2731.명덕고교,20881,5152.0,3102.0,3781.0,14.855610363488339,18.1073703366697,3,2
2732,2732.마곡수명산 1-2단지 ,29865,9186.0,3409.0,6799.0,11.414699480997823,22.765779340364976,2,2
2733,2733.마곡13단지 정문 앞,63937,19670.0,7147.0,14560.0,11.178191031796924,22.77241659758825,4,2
2737,2737.까치산역 3번 출구,15786,1650.0,2706.0,4281.0,17.141771189661725,27.11896617255796,3,1
2739,2739.수명산파크1단지교차로,53373,15205.0,6973.0,11926.0,13.064658160493133,22.34463118055946,2,2
2740,2740.마곡레포츠센터,19564,2974.0,3949.0,2997.0,20.185033735432427,15.318953179308933,3,3
2741,2741.마곡수명산파크5-6단지,24452,6385.0,2790.0,5379.0,11.410109602486504,21.998200556191723,3,2
2742,2742.강서구민올림픽체육센터,31599,7597.0,4321.0,4493.0,13.67448336972689,14.218804392544069,2,2
2744,2744.강서세무서 앞,34944,8443.0,5579.0,7489.0,15.96554487179487,21.43143315018315,2,2
2745,2745.수명초등학교,32843,10857.0,3387.0,6085.0,10.312699814267882,18.527540115093018,2,2
2746,2746.수명산파크 4단지 411동 앞,24711,7850.0,2572.0,5630.0,10.40832018129578,22.783375824531586,2,2
2801,2801. 대륭포스트타워1차,22097,488.0,11283.0,2579.0,51.06123003122596,11.671267592885911,3,4
2804,2804.항동지구 6단지 602동 앞,2671,276.0,340.0,918.0,12.72931486334706,34.36915013103706,1,1
2805,2805.구로자원순환센터 ,1428,125.0,182.0,508.0,12.745098039215685,35.57422969187675,1,1
2806,2806.항동지구 4단지 입구,1957,488.0,241.0,531.0,12.314767501277466,27.133367399080228,1,1
2807,2807.항동지구 1단지 105동 앞,2063,234.0,328.0,628.0,15.899175957343676,30.441105186621424,1,1
2808,2808.항동지구 2단지 202동 앞,1988,280.0,272.0,549.0,13.682092555331993,27.61569416498994,1,1
2809,2809.항동지구 11단지 1103동 앞,1463,197.0,211.0,518.0,14.42241968557758,35.406698564593306,1,1
2810,2810.항동지구 3단지 311동 앞,1128,176.0,181.0,409.0,16.04609929078014,36.258865248226954,1,1
2812,2812.항동프라자,4232,603.0,763.0,1057.0,18.02930056710775,24.976370510396976,1,1
2813,2813.항동지구 3단지 302동 앞,928,351.0,81.0,236.0,8.72844827586207,25.43103448275862,1,1
2814,2814.항동지구 10단지 1001동 앞,1927,789.0,183.0,496.0,9.49662688116243,25.739491437467564,1,1
2815,2815.항동지구 7단지 정문,4579,470.0,772.0,1117.0,16.85957632670889,24.393972483074908,1,1
2816,2816.항동지구 8단지 803동옆(주차장입구),916,160.0,151.0,228.0,16.48471615720524,24.890829694323145,1,1
2817,2817.천왕이펜하우스5단지 앞,3292,389.0,556.0,738.0,16.889428918590525,22.4179829890644,1,1
2818,2818.천왕이펜하우스3단지 앞,4750,1245.0,535.0,974.0,11.263157894736842,20.50526315789474,1,1
2819,2819.하늘숲초등학교 앞,11000,2825.0,1541.0,2398.0,14.00909090909091,21.8,1,1
2820,2820.신세기아파트 앞,8875,2585.0,1200.0,2087.0,13.521126760563378,23.515492957746478,1,1
2821,2821.청구아파트 앞,15370,3648.0,2243.0,3442.0,14.593363695510735,22.39427456083279,3,1
2822,2822.제니스스포츠 앞,6419,1514.0,1235.0,1588.0,19.239756971490888,24.7390559277146,1,1
2823,2823.중앙유통단지 앞,11029,820.0,3659.0,1326.0,33.17617191041799,12.022848853023845,1,4
2824,2824.미래사랑어린이공원 앞,41804,5142.0,10703.0,10337.0,25.60281312793034,24.72729882307913,2,2
2825,2825.초롱타운 앞,4602,1204.0,539.0,988.0,11.712299000434594,21.468926553672315,1,1
2826,2826.가마산지하보도 옆,6541,1858.0,1247.0,1274.0,19.064363247209908,19.477144167558478,1,3
2901,2901.공릉동풍림아파트 101동,18304,5264.0,1810.0,4775.0,9.88854895104895,26.087194055944057,3,1
2902,2902.공릉풍림아파트 108동,15335,5016.0,1598.0,3452.0,10.42060645582002,22.510596674274534,3,1
2903,2903.월계초안아파트 1단지,6014,1030.0,742.0,1759.0,12.33787828400399,29.248420352510806,1,1
2904,2904.중계3차청구아파트,15449,1082.0,2304.0,3958.0,14.91358663991197,25.619781215612665,3,1
2907,2907. 월계중학교,4979,1196.0,619.0,850.0,12.432215304277968,17.071701144808195,1,3
2908,2908. 광운대학교 중앙도서관,21318,1588.0,3777.0,4744.0,17.717421896988462,22.253494699315134,3,3
2909,2909. 석계역 3번 출구,17736,1969.0,3185.0,5047.0,17.95782589084348,28.456247180875057,3,1
2910,2910.도깨비시장,18933,1944.0,3175.0,5075.0,16.76966143770137,26.805049384672262,3,1
2911,2911.상계역중앙시장,15019,1195.0,2769.0,4316.0,18.43664691390905,28.736933217923966,3,1
2912,2912.대진고등학교,10737,781.0,1611.0,3357.0,15.004191114836546,31.265716680637052,1,1
2913,2913.상계8동 주민센터,22735,4974.0,3261.0,6134.0,14.343523202111284,26.98042665493732,3,2
2914,2914.서울과학기술대학교(미래관),11420,425.0,3375.0,1298.0,29.553415061295972,11.366024518388791,1,4
2915,2915.서울과학기술대학교(어학교육원),26750,2871.0,4775.0,5128.0,17.850467289719628,19.170093457943928,3,3
2917,2917.신창중학교 후문 맞은편 버스정류장,12902,1837.0,1435.0,3428.0,11.122306619128818,26.569524104789956,1,1
2919,2919.등나무 근린공원(시립북서울미술관 앞) ,38293,2559.0,7149.0,11180.0,18.66920847152221,29.19593659415559,2,2
2920,2920.상계중학교(당현2교사거리),10848,1364.0,1691.0,3177.0,15.588126843657818,29.28650442477876,1,1
2921,2921.중계역 2번출구,28909,4022.0,5584.0,6558.0,19.31578401189941,22.68497699678301,2,2
3002,3002.벽산상암스마트큐브 ,30128,3132.0,5546.0,8981.0,18.40812533191715,29.809479553903344,2,1
3003,3003.래미안신공덕3차아파트,1579,471.0,139.0,432.0,8.803039898670043,27.359088030398986,1,1
3005,3005.마포구청 청사내,4044,538.0,893.0,525.0,22.08209693372898,12.98219584569733,1,3
3006,3006. 상암월드컵파크5단지(상암중학교),7362,554.0,1691.0,1352.0,22.96930182015757,18.364574843792447,1,3
3007,3007.MBC 앞,8350,762.0,2926.0,1148.0,35.041916167664674,13.748502994011977,1,4
3008,3008.DMC역7번출구,9268,2889.0,2232.0,1180.0,24.082865774708676,12.73198100992663,1,3
3009,3009. 홍대입구역 사거리,17659,634.0,4313.0,4814.0,24.423806557562717,27.260886799932045,3,3
3010,3010.홍대입구역 3번출구,38015,4638.0,8159.0,10178.0,21.462580560305142,26.77364198342759,2,2
3013,3013.서울지방고용노동청 앞,18597,1012.0,7483.0,2000.0,40.23767274291553,10.754422756358553,3,4
3100,3100. 북성초교,2927,366.0,472.0,783.0,16.125725999316707,26.7509395285275,1,1
3101,3101. 서대문구청,4561,449.0,678.0,1192.0,14.865161148870861,26.134619600964697,1,1
3102,3102. 연희삼거리,12997,2250.0,1705.0,3769.0,13.118411941217204,28.9989997691775,3,1
3103,3103. 홍제삼거리 북측,10152,1319.0,1557.0,2822.0,15.336879432624114,27.797478329393222,1,1
3104,3104. e편한세상 신촌4단지 앞,9099,1249.0,1289.0,2387.0,14.166391911199034,26.233652049675786,1,1
3105,3105. 홍은센트레빌 아파트 앞,4326,755.0,568.0,1225.0,13.129912159038373,28.317152103559874,1,1
3109,3109.북한산더샾 106동 앞,3493,360.0,464.0,945.0,13.283710277698255,27.054108216432866,1,1
3110,3110.홍은 현대아이파크 아파트 202동 앞,8066,1358.0,1200.0,2381.0,14.877262583684603,29.518968509794195,1,1
3111,3111.무악재역 4번 출구,2978,461.0,547.0,772.0,18.36803223640027,25.92343854936199,1,1
3113,3113. 독립문 앞,7766,2076.0,985.0,2442.0,12.68349214524852,31.444759206798867,1,1
3114,3114.충정로역 3번 출구,3815,640.0,616.0,942.0,16.14678899082569,24.692005242463956,1,1
3115,3115.북아현 치안센터 인근,9164,2018.0,998.0,2565.0,10.890440855521605,27.98996071584461,1,1
3116,3116.신촌역 4번출구,7136,644.0,1189.0,1840.0,16.661995515695065,25.784753363228702,1,1
3117,3117.이화여대 인문관 인근,2777,217.0,597.0,510.0,21.498019445444726,18.36514223982715,1,3
3119,3119.연희 브라운스톤 아파트 앞,13689,2256.0,2122.0,3999.0,15.501497552779602,29.213236905544598,3,1
3120,3120.DMC엘가아파트 앞,14082,2204.0,2395.0,3503.0,17.007527339866495,24.87572787956256,3,1
3121,3121.가좌삼거리,14899,1712.0,2734.0,4067.0,18.35022484730519,27.29713403584133,3,1
3122,3122.북가좌삼거리2,8861,2153.0,1071.0,2286.0,12.086671933190384,25.798442613700484,1,1
3123,3123.DMC파크뷰자이1단지 110동 앞,10077,2055.0,1308.0,2924.0,12.980053587377197,29.016572392577157,1,1
3125,3125.연희파크푸르지오아파트 앞,14950,3257.0,2141.0,4287.0,14.321070234113712,28.675585284280935,3,1
3127,3127.홍은2파출소 옆,8637,1173.0,1658.0,2250.0,19.19648025934931,26.05071205279611,1,1
3128,3128.동신병원 맞은편,15903,1549.0,2557.0,4960.0,16.078727284160223,31.189083820662766,3,1
3129,3129.DMC래미안e편한세상203동옆,8749,2276.0,1148.0,2210.0,13.121499599954282,25.26002971768202,1,1
3130,3130.가재울사거리,8912,2134.0,1147.0,2248.0,12.870287253141832,25.224416517055655,1,1
3131,3131.연가교 교차로,13506,4017.0,1454.0,3694.0,10.76558566563009,27.35080704871909,3,1
3132,3132.홍제교,7471,940.0,1164.0,2108.0,15.580243608619998,28.21576763485477,1,1
3134,3134.SK리쳄블(서울아리수본부),3957,1189.0,591.0,899.0,14.935557240333585,22.719231741218092,1,1
3201,3201.당산skv1센터,21058,3288.0,4959.0,3833.0,23.54924494253965,18.202108462342103,3,3
3202,3202.당산롯데캐슬프레스티지,38309,8168.0,6006.0,9989.0,15.677778067816961,26.07481270719674,2,2
3203,3203.도림동배드민턴체육관,15762,3970.0,1960.0,3616.0,12.434970181449055,22.941251110265195,3,1
3204,3204.도림고가도로 밑,13220,2569.0,2019.0,3369.0,15.272314674735249,25.484114977307108,3,1
3205,3205.문래현대2차,26729,6226.0,3322.0,7672.0,12.428448501627445,28.702906954992702,2,2
3206,3206.문래동 주민센터,16089,2054.0,4209.0,2973.0,26.160730934178634,18.47846354652247,3,3
3207,3207.양남사거리1,10140,1412.0,2693.0,1765.0,26.558185404339252,17.40631163708087,1,3
3211,3211.신길 래미안 프레비뉴,7639,1655.0,955.0,2102.0,12.501636339835057,27.51669066631758,1,1
3212,3212.신풍역 6번출구,12711,2051.0,1764.0,3088.0,13.877743686570687,24.29391865313508,1,1
3214,3214.영등포 푸르지오 아파트 A,24260,7365.0,2701.0,6074.0,11.133553173948888,25.03709810387469,3,2
3215,3215.강변삼성래미안,20525,6535.0,2224.0,5055.0,10.835566382460414,24.628501827040196,3,2
3219,3219.영등포역 1번출구,43185,7528.0,9706.0,11046.0,22.475396549727915,25.57832580757207,2,2
3220,3220.래미안에스티움 앞 (신풍로),13054,2714.0,1751.0,3372.0,13.413513099433125,25.831162861958017,3,1
3221,3221.서울특별시 남부교육지원청,12732,2228.0,2766.0,2489.0,21.72478793590952,19.549167452089225,3,3
3305,3305.낙성대역 8번 출구,4,0.0,2.0,0.0,50.0,0.0,1,4
3310,3310.영락고등학교,5434,960.0,644.0,1419.0,11.851306588148693,26.113360323886642,1,1
3311,3311.서울대입구역 4번 출구,9954,579.0,2076.0,2585.0,20.855937311633514,25.96945951376331,1,1
3401,3401.창신두산아파트,2039,800.0,220.0,467.0,10.789602746444334,22.903384011770473,1,1
3402,3402.이화공영주차장,4847,1181.0,810.0,880.0,16.711367856406024,18.155560140292966,1,3
3404,3404.서울특별시 중부교육지원청,1466,236.0,315.0,186.0,21.487039563437925,12.687585266030013,1,3
3405,3405.파크팰리스,11694,2998.0,1774.0,2582.0,15.170172738156321,22.079698990935523,3,1
3407,3407.안국동사거리(신),18481,2320.0,3847.0,4937.0,20.815973161625454,26.71392240679617,3,1
3408,3408.종로타워빌딩,14681,1547.0,3778.0,2291.0,25.73394182957564,15.605204005176759,3,3
3410,3410.종로3가역 8번출구,32846,4513.0,7212.0,5406.0,21.957011508250623,16.458625098946598,2,2
3411,3411.종묘,12914,1838.0,2441.0,2166.0,18.901966857673845,16.7724949667028,1,3
3412,3412.세운상가,8854,1245.0,1825.0,1567.0,20.61215269934493,17.6982154958211,1,3
3413,3413.종로플레이스,31664,5061.0,6154.0,4347.0,19.43532086912582,13.728524507326934,2,2
3414,3414.종로5가역 4번출구,15845,2547.0,3197.0,3488.0,20.176711896497316,22.013253392237296,3,3
3415,3415.동대문역6번출구,17512,1827.0,3442.0,4619.0,19.655093650068526,26.376199177706717,3,1
3416,3416.동묘앞역 6번출구,23423,2553.0,3084.0,5317.0,13.166545702941553,22.69991034453315,3,1
3417,3417.창신3동주민센터,10906,2036.0,1405.0,2536.0,12.882816798092794,23.253255088941867,1,1
3418,3418.창신역2번 출구,2242,547.0,243.0,535.0,10.838537020517396,23.86262265834077,1,1
3419,3419.국립어린이과학관,4723,706.0,902.0,1141.0,19.09803091255558,24.158373914884606,1,1
3420,3420. 성균관대입구 사거리 B,9725,894.0,1605.0,2597.0,16.503856041131105,26.70437017994859,1,1
3421,3421.혜화역 1번출구,21698,2101.0,3666.0,5330.0,16.895566411650844,24.564475988570376,3,1
3422,3422.성균관대 정문,19576,3229.0,2764.0,4615.0,14.119329791581528,23.574785451573355,3,1
3425,3425.광화문 풍림스페이스본 1단지앞,10620,2696.0,1307.0,2423.0,12.306967984934087,22.815442561205273,1,1
3426,3426.독립문역 2번출구 뒤,3927,1562.0,420.0,807.0,10.695187165775401,20.55003819709702,1,1
3427,3427.인왕산 아이파크 정문,3195,1129.0,461.0,614.0,14.428794992175273,19.217527386541473,1,3
3428,3428.서울미술관,2021,396.0,273.0,679.0,13.508164275111332,33.59722909450767,1,1
3429,3429.HW컨벤션센터 앞,1838,486.0,192.0,547.0,10.44613710554951,29.760609357997826,1,1
3430,3430.구기치안센터 앞,330,25.0,57.0,119.0,17.272727272727273,36.06060606060606,1,1
3431,3431.로제우스 레포츠센터,2682,231.0,569.0,779.0,21.21551081282625,29.045488441461597,1,1
3432,3432.종로2가 사거리,15035,1346.0,3117.0,3061.0,20.731626205520453,20.35916195543731,3,3
3500,3500. 군자역2번출구,30828,5561.0,6277.0,7059.0,20.361359802776697,22.898014791747762,2,2
3501,3501. K&S빌딩 앞,21941,3624.0,3114.0,5596.0,14.192607447244884,25.50476277289093,3,1
3502,3502. 중곡역 1번출구,13943,1830.0,2639.0,3293.0,18.927060173563795,23.61758588539052,3,3
3503,3503. 광진유진스웰,2761,341.0,576.0,780.0,20.862006519377037,28.250633828323075,1,1
3504,3504. 원일교회,32489,4552.0,4519.0,9216.0,13.909323155529563,28.3665240542953,2,2
3505,3505. 신양초교앞 교차로,10351,1072.0,1524.0,3006.0,14.723215148294852,29.040672398802048,1,1
3506,3506. 영동대교 북단,17608,2341.0,3327.0,4401.0,18.894820536119948,24.994320763289412,3,1
3507,3507. 어린이회관,14377,2950.0,1821.0,3291.0,12.66606385198581,22.890728246504835,3,1
3508,3508. 화양사거리,12538,2203.0,3313.0,2514.0,26.423672037007496,20.051044823735843,3,3
3509,3509. 세종사이버대학교,37980,8436.0,5868.0,8573.0,15.450236966824646,22.572406529752502,2,2
3510,3510. 중곡SK아파트앞,8117,1563.0,994.0,2329.0,12.24590365898731,28.692866822717754,1,1
3511,3511. 응봉역 1번출구,41189,4961.0,5598.0,14719.0,13.591007307776348,35.73526912525189,2,2
3513,3513. 상왕십리역 1번출구,26825,2916.0,5782.0,6594.0,21.554520037278657,24.581547064305685,3,3
3514,3514. 왕십리교회옆,30422,4459.0,4748.0,7931.0,15.60712642166853,26.06994937873907,2,2
3515,3515. 서울숲 관리사무소,12492,339.0,2086.0,5298.0,16.69868715978226,42.41114313160423,3,1
3516,3516. 구의아리수정수센터앞,10725,3066.0,1211.0,2630.0,11.29137529137529,24.522144522144522,1,1
3517,3517. 용마사거리,20390,3495.0,3471.0,5167.0,17.023050514958314,25.340853359489945,3,1
3518,3518. 군자역 7번출구뒤,55695,10080.0,11586.0,12530.0,20.802585510368974,22.49753119669629,4,2
3520,3520. 광진경찰서,10109,2191.0,1352.0,2419.0,13.374220991195966,23.929172024928285,1,1
3521,3521. 현대홈타운 뒷길,5012,943.0,629.0,1456.0,12.549880287310454,29.05027932960894,1,1
3523,3523. 건국대학교 과학관(이과대) 앞,7720,302.0,1783.0,796.0,23.095854922279795,10.310880829015543,1,3
3525,3525. 금호스포츠센터앞,7154,866.0,1042.0,2334.0,14.565278166060944,32.62510483645513,1,1
3527,3527. 왕십리 자이아파트(101동 앞),406,76.0,54.0,114.0,13.30049261083744,28.078817733990146,1,1
3528,3528. 광진정보도서관,13699,523.0,2860.0,5034.0,20.87743630921965,36.74720782538871,3,1
3529,3529. 어린이대공원정문,10747,1499.0,1931.0,3072.0,17.96780496882851,28.584721317577,1,1
3530,3530. 왕십리자이아파트 후문(삼거리),3427,790.0,298.0,883.0,8.695652173913043,25.765976072366502,1,1
3531,3531. 논골사거리(금호도서관 입구),2519,471.0,262.0,809.0,10.400952759031362,32.11591901548233,1,1
3532,3532. 왕십리KCC스위첸아파트,3139,1144.0,227.0,577.0,7.231602421153234,18.381650207072315,1,1
3533,3533. 건대입구역 사거리(롯데백화점),68937,6295.0,13138.0,20609.0,19.05798047492638,29.895411752759767,4,2
3534,3534. 건대입구역 5번출구 뒤,58808,6405.0,10722.0,15939.0,18.23221330431234,27.103455312202424,4,2
3536,3536. 중앙농협(자양동),32978,6604.0,4514.0,8978.0,13.687913154224027,27.2242100794469,2,2
3537,3537. 아차산 휴먼시아 아파트 옆,6156,1233.0,865.0,1790.0,14.051332033788174,29.07732293697206,1,1
3539,3539. 서원마을,1943,264.0,465.0,652.0,23.93206381883685,33.556356150283065,1,1
3542,3542. 래미안 구의파크 스위트,29482,7187.0,4582.0,7664.0,15.541686452750831,25.99552269181195,2,2
3543,3543. 세종대학교(학술정보원),9494,376.0,2211.0,1540.0,23.28839266905414,16.22077101327154,1,3
3544,3544.한양대역 3번 출구,17733,2480.0,3917.0,3577.0,22.088761066937348,20.17143179383071,3,3
3545,3545.한양대역 1번출구,8100,575.0,1783.0,1896.0,22.012345679012345,23.40740740740741,1,3
3547,3547.상왕십리역 6번 출입구,10469,911.0,2272.0,2758.0,21.702168306428504,26.344445505778967,1,1
3548,3548.뚝섬역 6번출구,27519,4397.0,6079.0,6339.0,22.090192230822343,23.034994004142593,2,2
3549,3549.건영아파트 앞,23181,6381.0,3331.0,5644.0,14.369526767611408,24.34752599111341,3,2
3550,3550.금호나들목,15531,2116.0,2299.0,5641.0,14.802652758998134,36.320906573948875,3,1
3551,3551.성동도로사업소,9564,659.0,2782.0,1166.0,29.088247595148474,12.19155165202844,1,3
3552,3552.서울숲 공영주차장앞,9673,216.0,1498.0,4636.0,15.48640545849271,47.92722009717771,1,1
3553,3553.마장역3번출구,7142,1163.0,1397.0,1633.0,19.560347241669003,22.86474376925231,1,3
3555,3555.양지사거리(센트라스APT 115동앞),2815,656.0,330.0,691.0,11.72291296625222,24.54706927175844,1,1
3556,3556.신금호파크자이APT앞,4270,431.0,678.0,1351.0,15.878220140515223,31.639344262295083,1,1
3557,3557.서울숲리버뷰자이APT105동 앞,8096,1508.0,897.0,2261.0,11.079545454545455,27.927371541501977,1,1
3558,3558.마장동 금호어울림APT앞,10192,1433.0,1425.0,2894.0,13.98155416012559,28.394819466248038,1,1
3559,3559.성동구민종합체육센터 앞,21828,1814.0,4793.0,6722.0,21.958035550668868,30.795308777716695,3,1
3560,3560.성동구 견인차량 보관소 앞,18829,3126.0,3573.0,4279.0,18.97604758617027,22.72558287747623,3,3
3561,3561.행당동 삼부APT후문,2752,123.0,538.0,785.0,19.549418604651162,28.52470930232558,1,1
3563,3563.구의7단지현대아파트,2879,845.0,387.0,818.0,13.442167419242793,28.41264327891629,1,1
3566,3566.우성4차아파트,21500,5687.0,2691.0,5582.0,12.51627906976744,25.96279069767442,3,2
3569,3569.건대병원후문,51584,7456.0,9348.0,11168.0,18.121898263027294,21.650124069478906,2,2
3570,3570.구의역 리버비스타 오피스텔,33180,3043.0,5782.0,9421.0,17.426160337552744,28.393610608800486,2,2
3571,3571.화양 APT(횡단보도 옆),45986,8639.0,8236.0,10310.0,17.90979863436698,22.41986691601792,2,2
3573,3573.광나루안전체험관,16382,3221.0,2748.0,4116.0,16.77450860700769,25.125137345867415,3,1
3575,3575. 자양사거리(서원빌딩),41602,4735.0,7063.0,10859.0,16.977549156290564,26.102110475457913,2,2
3579,3579.광진 캠퍼스시티,28963,5750.0,5823.0,6721.0,20.104961502606773,23.205469046714775,2,2
3581,3581.광진광장,27984,5788.0,6137.0,5817.0,21.930388793596343,20.7868782161235,2,2
3582,3582.화양동 우체국,31740,6722.0,4560.0,7272.0,14.366729678638942,22.911153119092628,2,2
3586,3586.군자역 비채온 오피스텔,23325,3607.0,3803.0,6331.0,16.30439442658092,27.14255091103966,3,1
3587,3587.우성식품 앞,11133,2354.0,1381.0,2869.0,12.40456301086859,25.770232641695863,1,1
3588,3588.세종대학교(영실관),7424,463.0,1950.0,1080.0,26.26616379310345,14.547413793103448,1,3
3600,3600.사근빗물펌프장 건너편,35283,3731.0,5869.0,9886.0,16.634073066349234,28.019159368534424,2,2
3602,3602. 한국지역난방공사강남지사,5333,1209.0,1762.0,574.0,33.0395649728108,10.763172698293644,1,4
3603,3603. 삼성역 2번출구,1,0.0,0.0,1.0,0.0,100.0,1,1
3604,3604. 삼성중앙역 5번출구,7020,1417.0,1608.0,1187.0,22.905982905982906,16.90883190883191,1,3
3605,3605. 봉은사역6번출구(현대아이파크타워앞),5,0.0,2.0,0.0,40.0,0.0,1,4
3606,3606. 신사동주민센터 옆,8186,444.0,2141.0,2155.0,26.154409968238458,26.325433667236748,1,3
3609,3609. 언주초등학교 입구,7200,878.0,1998.0,1388.0,27.750000000000004,19.27777777777778,1,3
3610,3610. 윗반마을 입구,1777,154.0,389.0,612.0,21.890827236916152,34.44006752954418,1,1
3611,3611. 방죽마을 입구,4890,1041.0,764.0,1065.0,15.623721881390592,21.779141104294478,1,1
3612,3612. 은곡마을,4490,514.0,702.0,1459.0,15.634743875278396,32.494432071269486,1,1
3614,3614. 은마아파트 입구 사거리,14334,1183.0,2602.0,3925.0,18.152644063066834,27.382447328031255,3,1
3615,3615. 서울 논현동우체국 앞,4425,540.0,1362.0,824.0,30.77966101694915,18.62146892655367,1,3
3616,3616. 역삼중학교 앞(체육관 방향),3954,568.0,692.0,974.0,17.501264542235713,24.633282751643907,1,1
3618,3618. 서울율현초교 삼거리,9317,1681.0,1457.0,2339.0,15.638080927337125,25.104647418697006,1,1
3620,3620. 청담역 11번 출구,2422,817.0,400.0,458.0,16.51527663088357,18.909991742361683,1,3
3621,3621. 휘문고교 사거리,1,0.0,0.0,1.0,0.0,100.0,1,1
3622,3622. 은마아파트입구 사거리(1),3394,201.0,609.0,989.0,17.943429581614616,29.13965822038892,1,1
3623,3623. 일원에코파크 앞(개포로 방면),5782,877.0,971.0,1702.0,16.793497059840888,29.43618125216188,1,1
3624,3624. 대모산입구역 7번 출구 앞,3017,613.0,346.0,882.0,11.468346039111701,29.23433874709977,1,1
3627,3627. 압구정나들목,19632,798.0,3686.0,7882.0,18.775468622656888,40.14873675631622,3,1
3628,3628. 역삼1동 주민센터,10955,891.0,2767.0,2348.0,25.257873117298036,21.433135554541305,1,3
3629,3629. 청담사거리(신한오피스텔빌딩 앞),2326,82.0,699.0,497.0,30.051590713671537,21.367153912295787,1,3
3630,3630. 개포우성6차아파트 정문 앞,4491,1369.0,607.0,1126.0,13.515920730349587,25.07236695613449,1,1
3634,3634. 국악고교 앞 교차로,7387,1420.0,1217.0,1745.0,16.4748883173142,23.622580208474346,1,1
3636,3636. 삼성중앙역·플래티넘아파트 정류소,6993,833.0,1287.0,1665.0,18.404118404118407,23.809523809523807,1,1
3637,3637. 세곡데이케어센터,3025,639.0,357.0,733.0,11.801652892561984,24.231404958677686,1,1
3638,3638. 신청담나들목,5806,417.0,1189.0,1797.0,20.478815018945916,30.9507406131588,1,1
3640,3640. 일원1동주민센터앞 사거리,14295,2405.0,3560.0,2604.0,24.90381252186079,18.216159496327386,3,3
3641,3641. 대청역,12978,2162.0,3561.0,2620.0,27.438742487286177,20.188010479272613,3,3
3642,3642. 강남자곡힐스테이트,8544,1640.0,686.0,2383.0,8.029026217228465,27.890917602996257,1,1
3643,3643. 더시그넘하우스 앞,8479,1471.0,1511.0,1707.0,17.820497700200498,20.1320910484727,1,3
3644,3644. 상록수아파트,5723,620.0,807.0,1749.0,14.100995981128778,30.560894635680587,1,1
3646,3646. 선정릉역 4번 출구,5558,737.0,1505.0,1175.0,27.07808564231738,21.14069809283915,1,3
3647,3647. 구룡역 1번 출구,5565,1287.0,1225.0,907.0,22.0125786163522,16.298292902066486,1,3
3648,3648. 구룡역 4번 출구,1609,99.0,338.0,452.0,21.006836544437537,28.09198259788689,1,1
3649,3649. 구룡역 5번 출구,4715,1343.0,1171.0,824.0,24.8356309650053,17.476139978791092,1,3
3651,3651. 개포동역 4번출구,14101,1756.0,2107.0,4454.0,14.942202680660946,31.586412311183604,3,1
3652,3652. 한영외국어고등학교,3173,747.0,477.0,681.0,15.033091711314214,21.46233848093287,1,1
3653,3653. 강동리버스트4단지아파트 404동 앞,4972,1637.0,516.0,1121.0,10.378117457763475,22.54625905068383,1,1
3654,3654. 강동리버스트4단지아파트 405동 앞,3946,560.0,419.0,1206.0,10.618347693867207,30.562595032944756,1,1
3655,3655. 둔촌신성미소지움아파트,8131,1503.0,1175.0,2479.0,14.450867052023122,30.488254827204525,1,1
3656,3656. 둔촌푸르지오아파트,19667,2973.0,2929.0,5486.0,14.892967915798035,27.89444246707683,3,1
3657,3657. 서울천호동우체국,30123,3011.0,4504.0,8585.0,14.95203001029114,28.499817415264083,2,1
3658,3658. 프라이어팰리스아파트,6615,1416.0,823.0,1926.0,12.441421012849583,29.115646258503403,1,1
3659,3659. 명일초등학교 옆,3251,405.0,593.0,798.0,18.240541371885573,24.54629344816979,1,1
3661,3661. 명일동신동아아파트 앞,3607,591.0,529.0,819.0,14.665927363459938,22.705849736623232,1,1
3663,3663. 암사정수센터교차로(강동롯데캐슬퍼스트아파트),6231,1636.0,604.0,1525.0,9.693468143155192,24.47440218263521,1,1
3664,3664. 맥도날드 서울둔촌DT점 앞,34342,4621.0,5811.0,8895.0,16.92097140527634,25.90122881602702,2,2
3665,3665. 고덕센트럴 아이파크상가 앞,11621,1929.0,1286.0,3057.0,11.066173306944325,26.3058256604423,1,1
3668,3668. 성내삼성아파트,47247,10135.0,7284.0,11438.0,15.416851863610386,24.208944483247613,2,2
3671,3671. 둔촌동역교차로,24502,3313.0,4274.0,6216.0,17.443474002122276,25.36935760346094,3,1
3673,3673. 강동리버스트6단지,4533,899.0,639.0,1130.0,14.096624751819986,24.928303551731744,1,1
3674,3674. 강동리버스트7단지,4087,950.0,483.0,939.0,11.817959383410814,22.975287496941522,1,1
3675,3675. 강동리버스트8단지,7571,1069.0,909.0,2104.0,12.006339981508388,27.790252278430856,1,1
3676,3676. 강동리엔파크9단지,7310,1442.0,885.0,1742.0,12.10670314637483,23.830369357045143,1,1
3680,3680. 강동역3번출구,43786,7617.0,8704.0,9469.0,19.878499977161653,21.62563376421687,2,2
3681,3681. 길동 마루빌딩,48138,5784.0,8213.0,13375.0,17.061365241597077,27.784702314180066,2,2
3682,3682. 길동 동호빌딩,4321,869.0,515.0,1138.0,11.918537375607498,26.336496181439482,1,1
3683,3683. KT&G강동지사,12046,1935.0,2089.0,2990.0,17.341856217831644,24.821517516187946,1,1
3684,3684. 고덕자이(105동 앞),14207,2622.0,1672.0,3902.0,11.768846343351868,27.465333990286478,3,1
3685,3685. 강동리엔파크14단지(1401동 앞),7817,2016.0,1501.0,1622.0,19.201739797876424,20.74964820263528,1,3
3686,3686. 고덕 래미안 힐스테이트(101동),8999,1789.0,1127.0,2538.0,12.52361373485943,28.20313368152017,1,1
3688,3688. 상일동산(동아아파트앞 교차로),3686,694.0,650.0,847.0,17.634291915355398,22.978838849701575,1,1
3689,3689. 강일역 3번출구,7344,1451.0,1705.0,1591.0,23.216230936819173,21.663943355119823,1,3
3690,3690. 강일역 4번출구,5638,1130.0,1681.0,1004.0,29.81553742461866,17.807733238737143,1,3
3691,3691. 둔촌역 2번출구,16198,1529.0,4045.0,3969.0,24.972218792443513,24.50302506482282,3,3
3692,3692. 둔촌오륜역 1번 출구,23735,4738.0,3777.0,6240.0,15.913208342110806,26.290288603328417,3,2
3694,3694. 강동리엔파크 13단지(1303동 앞),8452,2321.0,1737.0,1485.0,20.551348793185046,17.56980596308566,1,3
3698,3698. 명일역 3번출구 옆,17172,2355.0,3444.0,4384.0,20.05590496156534,25.529932448171444,3,1
3699,3699. 상일파출소 옆,14185,2309.0,2693.0,3233.0,18.984843144166373,22.791681353542476,3,3
3700,3700. 강변그대가리버뷰 입구 맞은편,20702,4563.0,2078.0,7253.0,10.037677519080281,35.035262293498214,3,1
3701,3701. 방아삼거리,2565,109.0,317.0,898.0,12.358674463937621,35.00974658869396,1,1
3703,3703. 삼양입구사거리,3400,594.0,405.0,910.0,11.911764705882351,26.764705882352942,1,1
3707,3707. 드래곤타워 앞,9643,1627.0,1441.0,2431.0,14.943482318780463,25.209996888934977,1,1
3714,3714. 송천센트레빌,1803,316.0,171.0,503.0,9.484193011647255,27.89794786466999,1,1
3718,3718. 번동3단지 버스정류장,10377,997.0,1941.0,2859.0,18.704827984966755,27.55131540907777,1,1
3720,3720. 우이천 창번교,1991,327.0,361.0,581.0,18.131592164741335,29.181315921647418,1,1
3724,3724. 삼양동주민센터 앞,4192,269.0,580.0,1151.0,13.835877862595419,27.457061068702288,1,1
3725,3725. 강북 청소년 문화정보도서관 앞,4425,620.0,610.0,1257.0,13.785310734463277,28.40677966101695,1,1
3726,3726.삼양동사거리,5883,563.0,635.0,1695.0,10.793812680605134,28.811830698623154,1,1
3753,3753. 공항중학교 버스정류장,9033,2469.0,1355.0,1942.0,15.000553525960367,21.498948300675302,1,1
3754,3754. 신방화역 8번출구,19980,3282.0,3086.0,5011.0,15.445445445445447,25.08008008008008,3,1
3756,3756. 마곡힐스테이트 정문,24352,7092.0,2999.0,6135.0,12.315210249671486,25.19300262812089,2,2
3757,3757. 신방화역 6번출구,24652,3363.0,5737.0,6184.0,23.271945481096868,25.08518578614311,3,3
3758,3758. 서울남부출입국관리소,26195,6148.0,3658.0,5122.0,13.964497041420119,19.55334987593052,3,2
3759,3759. 이대서울병원,24051,1708.0,6455.0,3797.0,26.83880088146023,15.787285351960417,3,3
3760,3760. 발산역 8번 출구,28299,6881.0,5320.0,5760.0,18.79925085692074,20.35407611576381,2,2
3761,3761. 나이아가라관광호텔,7020,1293.0,821.0,1993.0,11.695156695156696,28.390313390313395,1,1
3762,3762. 마곡9단지 907동앞,17702,5282.0,2137.0,4184.0,12.072082250593153,23.635747373178173,3,1
3763,3763. 등촌태영아파트,14743,3034.0,3271.0,3319.0,22.18680051549888,22.512378756019803,3,3
3764,3764. 관문주유소(GS칼택스) 앞,31500,6164.0,5244.0,7549.0,16.64761904761905,23.965079365079365,2,2
3765,3765. 문소빌딩,6157,1735.0,715.0,1523.0,11.612798440799091,24.73607276270911,1,1
3766,3766. 강서문화센터,2622,883.0,245.0,598.0,9.344012204424104,22.807017543859647,1,1
3767,3767. 대원빌딩,20673,5508.0,2748.0,5214.0,13.292700624002322,25.221303149034974,3,2
3770,3770. 남부순환로 205,6156,1165.0,982.0,1570.0,15.95191682910981,25.503573749187787,1,1
3772,3772. 길성그랑프리텔아파트,37772,7985.0,6469.0,9202.0,17.12644286773271,24.361961241131,2,2
3774,3774. 마곡9단지 910동 상가앞,20158,5553.0,2749.0,4725.0,13.637265601746204,23.439825379501936,3,2
3775,3775. 가양오토갤러리,13689,2560.0,3190.0,2573.0,23.303382277741253,18.79611366790854,3,3
3776,3776. 김포공항사거리,6359,1086.0,1127.0,1483.0,17.72291240761126,23.321276930334957,1,1
3778,3778. 김포공항입구 교차로,20331,2013.0,3277.0,6047.0,16.118243077074418,29.74275736559933,3,1
3779,3779. 유광사여성병원,4,0.0,3.0,0.0,75.0,0.0,1,4
3780,3780. 등촌서광아파트,49309,11197.0,7758.0,11903.0,15.73343608671845,24.139609401934738,2,2
3781,3781. 강서아동복지센터,1072,96.0,218.0,253.0,20.33582089552239,23.600746268656717,1,3
3782,3782. 겸재정선미술관,25397,6484.0,4788.0,5681.0,18.852620388234833,22.36878371461196,2,2
3783,3783. 마곡금호어울림아파트,17894,4946.0,2586.0,4571.0,14.451771543534145,25.544875377221416,3,1
3784,3784. 벽산아파트,37956,9304.0,5190.0,10081.0,13.673727473917166,26.559700706080726,2,2
3785,3785. 마곡14단지 1408동앞,22278,5434.0,2732.0,5068.0,12.263219319508035,22.74890026034653,3,2
3786,3786. 강서힐스테이트 상가 앞,10332,1328.0,1668.0,2734.0,16.144018583042975,26.461478900503288,1,1
3787,3787. 가양나들목,964,58.0,171.0,364.0,17.738589211618258,37.75933609958506,1,1
3788,3788. 정곡나들목,15558,652.0,1900.0,6735.0,12.212366628101298,43.2896259159275,3,1
3789,3789. 염창나들목,35579,6987.0,4323.0,11605.0,12.150425812979567,32.61755529947441,2,2
3792,3792. 화곡본동시장 입구,8333,1363.0,1318.0,2023.0,15.816632665306612,24.276971078843154,1,1
3793,3793. 더리브골드타워,13428,2693.0,4052.0,2082.0,30.17575215966637,15.504915102770331,3,3
3794,3794. 안양천합수부(현대3차아파트),24446,5011.0,2952.0,7827.0,12.075595189397038,32.01750797676512,3,2
3796,3796. 송정역 3번출구 앞,20424,4529.0,3908.0,4723.0,19.134351743047397,23.124755189972582,3,3
3797,3797. 마곡수명산파크7단지 710동 앞,7659,940.0,1107.0,1855.0,14.45358401880141,24.219872045959,1,1
3798,3798. 그랜드아이파크아파트 앞,63748,17251.0,9914.0,14419.0,15.551860450523938,22.618748823492503,4,2
3799,3799. 국립항공박물관,5395,581.0,2001.0,1045.0,37.08989805375347,19.369786839666357,1,4
3801,3801. 이랜드글로벌R&D센터,10415,360.0,5728.0,863.0,54.997599615938555,8.28612578012482,1,4
3802,3802. 관악구민체육센터,4810,1539.0,471.0,811.0,9.792099792099792,16.860706860706863,1,1
3803,3803. 남서울중학교,11009,1962.0,1550.0,2716.0,14.07938959033518,24.670723953129258,1,1
3804,3804. 낙성대공원,2800,55.0,364.0,1469.0,13.0,52.46428571428572,1,1
3806,3806. 낙성대 교수아파트,2562,243.0,505.0,691.0,19.711163153786103,26.971116315378612,1,1
3807,3807. 관악우체국 교차로,4417,979.0,449.0,1234.0,10.165270545619197,27.93751414987548,1,1
3811,3811.신사로입구,19170,4760.0,2280.0,5138.0,11.89358372456964,26.802295252999482,3,1
3812,3812. KT관악지점,10780,1390.0,1380.0,2848.0,12.80148423005566,26.419294990723564,1,1
3813,3813. 낙성대역 5번출구,3734,312.0,653.0,1108.0,17.487948580610606,29.67327262988752,1,1
3814,3814. 난곡사거리 ,14791,1237.0,2205.0,3909.0,14.907714150496924,26.428233385166656,3,1
3815,3815. 광일빌딩,10089,1862.0,1111.0,2831.0,11.011993259986124,28.06026365348399,1,1
3816,3816. 관악 GSfresh,9580,2065.0,1387.0,2331.0,14.478079331941546,24.331941544885176,1,1
3818,3818. 은천교회 앞,12836,3050.0,1541.0,3590.0,12.005297600498597,27.968214397008413,3,1
3819,3819. 서울대벤처타운역,28768,2590.0,4869.0,8389.0,16.925055617352612,29.16087319243604,3,1
3820,3820. 은천삼거리,5182,585.0,767.0,1387.0,14.80123504438441,26.76572751833269,1,1
3853,3853. 어린이대공원역 2번출구,16142,4234.0,2677.0,3303.0,16.58406641060587,20.46214843266014,3,3
3860,3860. 건국대학교 정문 앞,18403,2201.0,2999.0,4304.0,16.29625604521002,23.387491169917947,3,1
3863,3863. 동일로58길 입구,13968,3624.0,2336.0,3272.0,16.72394043528064,23.42497136311569,3,1
3864,3864. 광진소방서 앞,22952,5948.0,3618.0,5255.0,15.763332171488322,22.89560822586267,3,2
3865,3865. 이튼타워리버 2차,20496,2635.0,2947.0,5373.0,14.378415300546449,26.21487119437939,3,1
3868,3868. 자양한강도서관,32039,7425.0,4672.0,8381.0,14.58222790973501,26.158744030712572,2,2
3873,3873. 동서울우편집중국 앞,13036,1643.0,2292.0,2885.0,17.582080392758513,22.131021785823872,1,3
3878,3878. 장로회신학대학교 주기철 기념관,762,21.0,164.0,212.0,21.522309711286088,27.821522309711288,1,1
3879,3879. 중랑천 뚝방길 산책로 입구,15341,3665.0,2326.0,4018.0,15.161984225278665,26.191252199986963,3,1
3880,3880. 홍련봉 공원,8066,1620.0,1275.0,2398.0,15.80709149516489,29.72972972972973,1,1
3881,3881. 신자초교입구 교차로,42468,9598.0,5263.0,11300.0,12.392860506734483,26.608269756051616,2,2
3882,3882. 자양2동 주민센터,23382,6669.0,3089.0,5905.0,13.211017021640577,25.254469249850313,3,2
3886,3886.광진구 민방위교육센터,21242,5116.0,2687.0,5903.0,12.649468035024949,27.78928537802467,3,1
3890,3890. 웰츠타워 오피스텔,27942,3079.0,4838.0,6867.0,17.31443704817121,24.575907236418296,3,1
3894,3894. 노룬산시장 앞,21602,4359.0,3564.0,5518.0,16.49847236367003,25.543931117489123,3,1
3899,3899. 아차산역 2번출구,15288,2170.0,2387.0,4702.0,15.613553113553113,30.756148613291472,3,1
3900,3900. 건국대학교 신공학관,17919,776.0,4850.0,2055.0,27.066242535855796,11.468273899213125,3,3
3902,3902. 항동지구5단지 501동 앞,2902,627.0,308.0,808.0,10.613370089593383,27.842866988283944,1,1
3903,3903. 현대아파트 앞,8714,2009.0,1480.0,2102.0,16.98416341519394,24.122102364011937,1,1
3904,3904. 테크노마트 앞,28211,2110.0,5782.0,8473.0,20.495551380667116,30.034383751019107,3,1
3905,3905. 희훈타워빌 앞,23062,4460.0,3360.0,5611.0,14.569421559274998,24.33006677651548,3,2
3906,3906. 천왕차량사업소 입구,7164,1313.0,1849.0,1655.0,25.809603573422667,23.101619207146847,1,3
3907,3907. 신도림7차e편한세상아파트 806동 앞,15572,3328.0,1851.0,3914.0,11.886719753403545,25.13485743642435,3,1
3908,3908. 오류동 다숲오피스텔 앞,12723,2574.0,1564.0,3393.0,12.292698262988289,26.668238622966285,3,1
3910,3910. 목양전원교회 앞 로터리,3559,517.0,437.0,1012.0,12.278729980331555,28.434953638662545,1,1
3911,3911. 항동하버리안2단지아파트 후문,2016,291.0,265.0,602.0,13.14484126984127,29.86111111111111,1,1
3912,3912. 삼호아파트 앞,9413,1021.0,1337.0,2545.0,14.20376075640072,27.037076383724635,1,1
3914,3914. 신도림쌍용플래티넘노블아파트 앞,26468,6825.0,3633.0,6726.0,13.726008765301495,25.411818044431012,2,2
3915,3915. 동선아파트 앞,2843,245.0,325.0,899.0,11.4315863524446,31.621526556454448,1,1
3917,3917. 성공회대학교,4662,490.0,844.0,902.0,18.103818103818103,19.347919347919348,1,3
3918,3918. 이좋은집오피스텔 앞,7752,1084.0,1079.0,2156.0,13.918988648090815,27.812177502579978,1,1
3919,3919. 구로역·NC신구로점 버스정류장(구로역 방면),20414,1904.0,3613.0,5688.0,17.69863818947781,27.863231115900856,3,1
3920,3920. 개봉역2번출구 B,5509,1254.0,817.0,1342.0,14.830277727355238,24.36013795607188,1,1
3922,3922. 서울남부교정시설 앞,6714,997.0,2599.0,1301.0,38.710157879058684,19.37742031575812,1,4
3923,3923. 구로공구상가 앞,3463,239.0,848.0,596.0,24.487438637019928,17.210511117528153,1,3
3924,3924. 오류동 계림웨스트밸리 앞,2620,592.0,340.0,532.0,12.977099236641221,20.30534351145038,1,1
3925,3925. 중앙유통단지 앞 B,11597,402.0,4867.0,738.0,41.96775028024489,6.363714753815641,1,4
3927,3927. 구로월드아파트 앞,19575,2704.0,5549.0,3484.0,28.347381864623244,17.798212005108557,3,3
3928,3928.고척아이파크아파트 106동 앞,14899,2033.0,2569.0,4446.0,17.242767971004767,29.84092892140412,3,1
3929,3929. 고척아이파크아파트 205동 앞,18375,6603.0,1962.0,4167.0,10.677551020408163,22.677551020408163,3,2
3930,3930. 온수역 2번 출구 앞,7324,774.0,1923.0,1459.0,26.25614418350628,19.920808301474604,1,3
3931,3931. 천왕역 3번 출구 뒤,13955,2165.0,3505.0,2575.0,25.116445718380508,18.45216768183447,3,3
3932,3932. 개봉센트레빌레우스아파트 앞,4081,1007.0,531.0,938.0,13.01151678510169,22.98456260720412,1,1
3933,3933. 오류동부골든아파트 후문 옆,5787,1567.0,567.0,1521.0,9.79782270606532,26.283048211508554,1,1
3934,3934. 철도교통관제센터 정문 앞,23348,6739.0,8241.0,5549.0,35.29638512934727,23.766489635086515,2,2
3935,3935. 고대구로병원 앞,15043,1787.0,3519.0,2816.0,23.392940237984444,18.719670278534867,3,3
3936,3936. 힐스테이트 신도림역,27273,3278.0,4499.0,7275.0,16.496168371649617,26.674733252667473,3,1
3937,3937. 개봉역 신영지웰에스테이트,1450,375.0,251.0,372.0,17.310344827586206,25.655172413793103,1,1
3939,3939.신도림역 3번출구,67072,7366.0,20285.0,16485.0,30.243618797709924,24.57806536259542,4,2
3940,3940.삼각어린이공원 앞,1473,407.0,175.0,335.0,11.880515953835708,22.742701968771215,1,1
3956,3956. 대륭테크노타운21차 앞,9103,1137.0,3110.0,1611.0,34.16456113369219,17.697462375041194,1,4
3958,3958. 롯데캐슬2차 마을버스 정류장(18804) 뒤편,5275,1258.0,907.0,1151.0,17.19431279620853,21.81990521327014,1,3
3959,3959. 시흥사거리(시흥동 994-3 앞),11404,2618.0,2015.0,2767.0,17.669238863556647,24.263416345142055,3,1
3963,3963. 에이스 하드웨어(시흥대로 396) 앞,9611,2718.0,1320.0,1977.0,13.734262823847674,20.57018000208095,1,1
3966,3966. 독산역1번출구 B,24382,8483.0,5511.0,3177.0,22.602739726027394,13.030104175211221,2,2
3967,3967. 혜명양로원 담장 옆(2),4681,924.0,753.0,854.0,16.08630634479812,18.24396496475112,1,3
3968,3968. 독산동 현대홈타운 금천과선교 앞,572,140.0,67.0,144.0,11.713286713286713,25.174825174825177,1,1
3969,3969. 독산역 롯데캐슬 104동 앞,12164,2873.0,1531.0,3056.0,12.586320289378495,25.123314699112132,3,1
3970,3970. 시흥4동주민센터 앞,2329,833.0,164.0,466.0,7.041648776298841,20.00858737655646,1,1
3971,3971. 순흥안씨묘 건너편,598,141.0,81.0,136.0,13.54515050167224,22.74247491638796,1,1
3972,3972. 산기슭공원 앞,1238,395.0,89.0,277.0,7.189014539579968,22.37479806138934,1,1
3973,3973. 독산2동주민센터 앞,3683,1016.0,345.0,858.0,9.367363562313331,23.296225902796632,1,1
3974,3974.  안천중학교,3433,1078.0,303.0,640.0,8.82609962132246,18.64258665889892,1,1
3975,3975.현대시티아울렛 가산,19410,3978.0,4316.0,4155.0,22.235960844925295,21.406491499227204,3,3
3980,3980. 금천현대홈타운 후문 서부샛길,11442,3517.0,1492.0,2500.0,13.039678377905961,21.849327040727147,3,1
3983,3983. 금천구청역 1번 출구,13649,2264.0,4094.0,2494.0,29.994871419151586,18.272400908491466,3,3
3984,3984. 가산롯데아이티캐슬,15048,1145.0,7415.0,1702.0,49.27565124933546,11.310473152578416,3,4
3985,3985. 디폴리스 지식산업센터,10542,811.0,5841.0,1195.0,55.40694365395561,11.33560994118763,3,4
3986,3986.청년주택 독산동점,8700,3447.0,957.0,1888.0,11.0,21.701149425287355,1,1
3987,3987. LG전자가산A와 가산테라타워 사이,12775,4600.0,1887.0,2347.0,14.771037181996086,18.371819960861057,3,3
3988,3988. 엘아르베뉴 102동 앞,11476,2857.0,2732.0,2068.0,23.806204252352735,18.020216103171837,3,3
3989,3989.가산디지털단지역 9번출구 앞,11985,3565.0,3024.0,1361.0,25.231539424280353,11.355861493533585,3,3
4002,4002. 상계주공 14단지 상가 앞,11857,2298.0,1457.0,3345.0,12.288099856624779,28.211183267268282,1,1
4004,4004. 당고개입구오거리 당현천변,15763,1732.0,2425.0,4283.0,15.384127386918733,27.17122375182389,3,1
4005,4005. 중계2차 한화꿈에그린 101동 인근,12692,1110.0,2255.0,3632.0,17.76709738417901,28.616451307910495,1,1
4007,4007. 노원 을지대학교 병원,21990,2288.0,4612.0,4600.0,20.973169622555705,20.918599363346978,3,3
4008,4008. 하계 어린이 공원,10586,1971.0,1538.0,2815.0,14.528622709238617,26.59172491970527,1,1
4009,4009. 월계프라자,7680,1082.0,983.0,1901.0,12.799479166666666,24.752604166666668,1,1
4011,4011. 월계 센트럴 아이파크,13009,938.0,2363.0,3108.0,18.1643477592436,23.89115227919133,1,1
4013,4013. 중계 롯데마트,25086,3195.0,3676.0,6667.0,14.653591644742086,26.576576576576578,3,1
4014,4014. 불암산역 3번 출구,8018,1430.0,1112.0,2358.0,13.868795210775756,29.408830132202546,1,1
4016,4016. 노원 마들스타디움,12221,1476.0,1641.0,2840.0,13.427706407004337,23.238687505114147,1,1
4017,4017. 월계 청백1단지 아파트 정류장,5276,949.0,644.0,1587.0,12.206216830932524,30.079605761940865,1,1
4018,4018. 상계주공15단지 버스정류소,11559,1934.0,2025.0,2928.0,17.518816506618222,25.33091097845834,1,1
4019,4019. 상계주공10단지 버스정류소,15921,2244.0,2522.0,4153.0,15.840713523019911,26.085044909239368,3,1
4020,4020. 중계동 성모빌딩 앞 ,18806,1020.0,3615.0,5439.0,19.222588535573752,28.92162075933213,3,1
4021,4021. 중계본동 입구,2216,445.0,282.0,572.0,12.725631768953068,25.812274368231048,1,1
4023,4023. 월계역 1번 출구,11736,1453.0,2134.0,2833.0,18.183367416496253,24.13940013633265,1,1
4024,4024. 꿈의숲 SK뷰 아파트,18531,3458.0,2451.0,4422.0,13.226485348874858,23.862716529059412,3,1
4025,4025. 한천교 동편,9920,1066.0,1427.0,3309.0,14.385080645161292,33.35685483870968,1,1
4026,4026. 상계주공1단지아파트,26767,6978.0,3310.0,7193.0,12.36597302648784,26.87264168565771,2,2
4027,4027. 한내 행복발전소 옆,28489,1021.0,4543.0,9106.0,15.946505668854646,31.96321387202078,3,1
4028,4028. 한일유앤아이아파트 105동 인근,14815,2192.0,2138.0,4330.0,14.431319608504895,29.227134660816738,3,1
4029,4029. 청소년수련관 후문,45915,9352.0,5776.0,12347.0,12.579766960688229,26.890994228465644,2,2
4031,4031. 청암예술학교 앞,19766,1691.0,2917.0,5468.0,14.757664676717596,27.6636648790853,3,1
4032,4032. 불암주유소 앞,16964,1657.0,3512.0,4697.0,20.702664465927846,27.688045272341427,3,1
4033,4033. 녹천역 4번 출구 옆,5315,577.0,985.0,1465.0,18.532455315145814,27.563499529633113,1,1
4035,4035. 휴플러스 수락한신아파트 101동 앞,9059,2095.0,1116.0,2556.0,12.319240534275307,28.215034772049897,1,1
4036,4036. 하계역 6번출구,22811,2632.0,5556.0,5294.0,24.356670027618254,23.208101354609617,3,3
4037,4037. 물넘이교,31609,4492.0,4476.0,9308.0,14.160523901420483,29.447309310639376,2,2
4039,4039. 서울시 북부여성발전센터,11916,1368.0,1909.0,2622.0,16.0204766700235,22.004028197381672,1,1
4040,4040. 공릉로 26길,8893,1217.0,962.0,2753.0,10.817496907680198,30.956932418756328,1,1
4041,4041. 공릉역3번출구,25108,2063.0,4662.0,6558.0,18.567787159471084,26.119165206308747,3,1
4042,4042. 상계문화정보도서관,12089,1015.0,2589.0,3190.0,21.416163454380015,26.387625113739766,1,1
4043,4043. 상계주공13단지 1301동,4223,1004.0,386.0,1052.0,9.140421501302392,24.911200568316364,1,1
4044,4044. 공릉산 백세문 입구,1278,150.0,152.0,509.0,11.89358372456964,39.82785602503912,1,1
4045,4045. 은하수 공원,7328,1904.0,922.0,1800.0,12.581877729257643,24.563318777292576,1,1
4054,4054. 창동한신아파트 버스정류소,8564,1030.0,1145.0,2338.0,13.36992059785147,27.30032695002335,1,1
4058,4058. 다락원체육공원 전망대 입구,5865,230.0,882.0,2039.0,15.038363171355499,34.76555839727195,1,1
4062,4062. 평화도봉공원 주변,11042,1443.0,1909.0,2939.0,17.288534685745336,26.61655497192538,1,1
4064,4064. 신창아파트 입구 앞,5788,1415.0,677.0,1408.0,11.696613683483069,24.32619212163096,1,1
4065,4065. 창동역 1번출구 앞,19938,2206.0,5013.0,4741.0,25.14294312368342,23.778714013441668,3,3
4073,4073.방아골종합사회복지관,8246,1773.0,975.0,2103.0,11.82391462527286,25.503274314819308,1,1
4074,4074. 도봉구육아종합지원센터(창동),12706,2862.0,1629.0,3284.0,12.82071462301275,25.84605698095388,3,1
4076,4076. 도봉통합복지센터 뒤 중랑천 변,15300,1309.0,2178.0,4604.0,14.23529411764706,30.091503267973856,3,1
4077,4077. 도봉제1교,13076,1145.0,1747.0,4748.0,13.360354848577547,36.31079840929948,3,1
4078,4078. 원당공원 앞,12676,2432.0,1777.0,3219.0,14.018617860523824,25.394446197538656,3,1
4080,4080. 창동주공19단지앞 ,17684,2133.0,3320.0,4395.0,18.77403302420267,24.852974440171906,3,1
4083,4083.도봉아이나라도서관 앞,13999,2802.0,1661.0,3193.0,11.8651332238017,22.808772055146793,3,1
4084,4084. 도봉동실내스포츠센터,10806,1602.0,1596.0,2620.0,14.769572459744587,24.24578937627244,1,1
4086,4086. 도봉로 534,4678,1004.0,489.0,1040.0,10.453185121846943,22.231722958529286,1,1
4087,4087. 우이교 교차로,19579,1625.0,2738.0,6265.0,13.98437100975535,31.99856989631748,3,1
4088,4088. 김근태도서관,3029,152.0,441.0,1077.0,14.559260482007264,35.556289204357874,1,1
4089,4089. 동부센트레빌 앞,15453,3039.0,2073.0,3999.0,13.414870898854591,25.878470199961175,3,1
4090,4090. 녹천교 앞 사거리,14541,2058.0,2218.0,4257.0,15.253421360291588,29.27584072622241,3,1
4091,4091. 방학역2번출구,18884,1936.0,3717.0,4690.0,19.683329803007837,24.835839864435503,3,1
4092,4092. 도봉경찰서 교차로,15333,2048.0,2211.0,3514.0,14.419878693015065,22.91788951933738,3,1
4094,4094.도봉여성센터,5485,931.0,756.0,1351.0,13.783044667274385,24.63081130355515,1,1
4095,4095. 방학브라운스톤아파트,9336,1363.0,1457.0,2288.0,15.606255355612683,24.507283633247642,1,1
4096,4096.창동역2번출구 하나은행365 앞,30017,2675.0,6907.0,7531.0,23.010294166638904,25.089116167505082,2,3
4097,4097.숭미파출소 사거리,5161,1135.0,741.0,1209.0,14.357682619647354,23.425692695214106,1,1
4098,4098.창동역 1번출구 인근,3899,303.0,807.0,1086.0,20.69761477301872,27.853295716850475,1,1
4099,4099.창동역 이마트 건너편,1288,107.0,210.0,363.0,16.304347826086957,28.183229813664596,1,1
4102,4102. 휘경1동주민센터 앞,13175,2302.0,2139.0,3590.0,16.235294117647058,27.248576850094874,3,1
4103,4103. 휘경sk뷰아파트 앞,3601,448.0,631.0,1068.0,17.522910302693695,29.65842821438489,1,1
4104,4104. 외대앞역 교차로,9308,956.0,1557.0,2669.0,16.72754619681994,28.67425870219166,1,1
4105,4105. 서울교통공사사거리 교통섬,9847,1612.0,2559.0,1634.0,25.98761043972784,16.593886462882097,1,3
4107,4107. 장안동근린공원 입구,7680,816.0,1327.0,2119.0,17.278645833333332,27.591145833333336,1,1
4108,4108. 답십리파크자이아파트 앞,38850,10394.0,4820.0,9393.0,12.406692406692407,24.17760617760618,2,2
4110,4110. 용두롯데캐슬리치아파트 앞,11686,1453.0,1763.0,3006.0,15.086428204689373,25.72308745507445,1,1
4113,4113. 한국국방연구원 앞,13819,1542.0,3174.0,3169.0,22.968376872422027,22.93219480425501,3,3
4114,4114. 휘경여중고삼거리,14041,1949.0,2300.0,3448.0,16.38059967238801,24.55665550886689,3,1
4116,4116. 이문e편한세상아파트 앞,9167,1525.0,1549.0,2320.0,16.897567361186866,25.308170611977747,1,1
4117,4117. 휘경119안전센터 앞,9765,1174.0,1795.0,2551.0,18.381976446492576,26.12391193036354,1,1
4121,4121. 서울문화재단 앞,17102,3328.0,4023.0,3150.0,23.523564495380658,18.41889837445913,3,3
4122,4122. 청계9가교차로 앞,27804,6373.0,4481.0,7129.0,16.116386131491872,25.640195655301394,2,2
4123,4123. 배봉초교 교차로,10082,1593.0,2240.0,2472.0,22.217813925808372,24.518944653838524,1,3
4128,4128.  종암초등학교 뒤(새울센스빌),7411,1202.0,1082.0,1787.0,14.599919039265957,24.112805289434625,1,1
4131,4131. 베네스트 오피스텔 앞,21557,4761.0,3357.0,5206.0,15.572667810919889,24.14992809760171,3,2
4132,4132. 이문삼익아파트 앞,3603,882.0,320.0,958.0,8.881487649181238,26.58895364973633,1,1
4133,4133.래미안허브리츠아파트 앞,10028,1552.0,1765.0,2496.0,17.60071798962904,24.890307140007977,1,1
4134,4134. 제기동 현대아파트 앞,6155,696.0,1178.0,1495.0,19.138911454102356,24.289195775792038,1,1
4135,4135. 삼성생명 앞,31641,4030.0,5621.0,8686.0,17.76492525520685,27.45172402894978,2,2
4136,4136. 롯데캐슬SKY-L65 D동 앞,21816,4313.0,3332.0,5710.0,15.273193986065273,26.17345067840117,3,1
4137,4137. 답십리역 4번출구,45845,5399.0,11524.0,10393.0,25.13687425019086,22.669865852328495,2,2
4138,4138. 조일빌딩 앞,11177,2518.0,1969.0,2575.0,17.616533953654827,23.03838239241299,1,1
4139,4139. 답십리 사거리,12724,2281.0,1520.0,3323.0,11.945928953159383,26.116001257466202,3,1
4140,4140. 신설동역 4번출구,18496,2482.0,3209.0,4203.0,17.34969723183391,22.723832179930795,3,3
4141,4141. 우리은행장안지점 앞,22420,3057.0,3886.0,5311.0,17.332738626226586,23.688670829616417,3,1
4142,4142. 현대썬앤빌 앞,28776,7214.0,3462.0,6714.0,12.030859049207674,23.331943286071727,2,2
4143,4143.서울동물복지지원센터 동대문,14981,949.0,3410.0,3525.0,22.762165409518722,23.529804418930645,3,3
4144,4144.시립대학교 박물관 앞,5480,292.0,1235.0,900.0,22.536496350364963,16.423357664233578,1,3
4145,4145.청량리동 주민센터,13184,1245.0,2441.0,3225.0,18.514866504854368,24.46146844660194,1,1
4146,4146.이삭어린이공원,9952,1723.0,1877.0,2596.0,18.860530546623792,26.085209003215432,1,1
4147,4147.청량리역광장,9912,1220.0,1948.0,2715.0,19.652945924132364,27.3910411622276,1,1
4148,4148.동대문구 장안동 씨젠의료재단,4738,477.0,825.0,1245.0,17.41241029970452,26.276910088645,1,1
4149,4149.제기동역 5번출구,4170,762.0,646.0,1091.0,15.491606714628297,26.163069544364507,1,1
4152,4152. 상도효성해링턴플레이스,5545,685.0,760.0,1465.0,13.706041478809738,26.420198376916144,1,1
4153,4153. 흑석동효사정앞,3605,533.0,550.0,1054.0,15.256588072122051,29.237170596393895,1,1
4158,4158. 노량진근린공원,2265,415.0,269.0,604.0,11.876379690949229,26.666666666666668,1,1
4162,4162. 노량진1동 청소년독서실,4152,1000.0,549.0,980.0,13.222543352601157,23.603082851637765,1,1
4167,4167. 구로교 아래,15102,1133.0,2913.0,4217.0,19.288835915772744,27.923453847172556,3,1
4169,4169. 신대방삼거리,14026,1601.0,1712.0,3990.0,12.205903322401253,28.447169542278626,3,1
4173,4173. 중대후문 마을버스정류장,5811,631.0,904.0,1761.0,15.556702805024953,30.304594734124933,1,1
4175,4175. 대방역2번출구,9432,1092.0,1870.0,2213.0,19.82612383375742,23.462680237489398,1,3
4177,4177. 롯데캐슬 101동 앞,3413,793.0,299.0,939.0,8.76062115440961,27.51245238792851,1,1
4178,4178. 이수성결교회 옆,1542,99.0,272.0,521.0,17.639429312581065,33.78728923476005,1,1
4179,4179. 보라매병원역 1번출구,32314,2425.0,6343.0,9469.0,19.629262858203873,29.303088444636998,2,1
4180,4180. 흑석동주민센터 입구,2931,550.0,306.0,874.0,10.440122824974411,29.819174343227566,1,1
4181,4181. 보라매공원역 2번출구,15266,2054.0,2734.0,4408.0,17.90907899908293,28.87462334599764,3,1
4182,4182.보라매병원역 2번출구,20792,1889.0,5053.0,5071.0,24.302616390919585,24.389188149288188,3,3
4202,4202. 프런트원(공덕역4번출구 앞),8719,1061.0,1967.0,1797.0,22.55992659708682,20.610161715793097,1,3
4206,4206. 광흥창역5번출구,6956,966.0,1463.0,1883.0,21.03220241518114,27.070155261644622,1,1
4207,4207. 아만티호텔 앞,17141,1244.0,3824.0,4380.0,22.309083484044105,25.552768216556792,3,3
4208,4208. 스타벅스(동교동) 앞,11283,421.0,3166.0,2910.0,28.059913143667465,25.791013028449882,1,3
4210,4210. 가좌행복주택 앞,13982,3315.0,1999.0,3694.0,14.29695322557574,26.419682448862826,3,1
4211,4211. 시석빌딩 앞,10687,294.0,1956.0,3733.0,18.302610648451388,34.93028913633386,1,1
4212,4212. 한화오벨리스크 앞,9776,2395.0,1255.0,2500.0,12.837561374795417,25.572831423895252,1,1
4213,4213. 마포구중앙도서관 정문 앞,31572,1849.0,6176.0,9230.0,19.561636893449894,29.23476498162929,2,1
4214,4214. JTBC 앞,13981,981.0,4408.0,2130.0,31.528502968314143,15.23496173378156,3,3
4216,4216. 망원정 앞,9464,2155.0,1398.0,2801.0,14.771766694843619,29.596365173288252,1,1
4217,4217. 한강공원 망원나들목,69466,3393.0,9963.0,27361.0,14.342268159963147,39.387614084588144,4,2
4218,4218. 디지털매직스페이스,21750,1716.0,6551.0,4368.0,30.119540229885054,20.082758620689656,3,3
4220,4220. 신촌 청년주택,18583,3996.0,2503.0,5311.0,13.469299897756013,28.579884840983695,3,1
4221,4221. 솔리스타오피스텔(공덕동주민센터),8194,2742.0,821.0,2060.0,10.019526482792287,25.140346595069563,1,1
4222,4222. 서울디자인고등학교 앞,15492,1927.0,2776.0,3979.0,17.918925897237283,25.684224115672606,3,1
4224,4224. 서부운전면허시험장,11013,2173.0,1665.0,2341.0,15.118496322527921,21.25669663125397,1,1
4226,4226. 마포프레스티지자이 1,10746,2721.0,1484.0,2577.0,13.809789689186674,23.98101619207147,1,1
4233,4233. 코오롱아파트사거리,41838,6612.0,6849.0,11499.0,16.37028538649075,27.484583393087625,2,2
4234,4234. 에스테반,6454,1923.0,826.0,1549.0,12.79826464208243,24.000619770684846,1,1
4238,4238. 상암한샘빌딩앞,14883,4076.0,2733.0,2468.0,18.363233219109052,16.58267822347645,3,3
4240,4240. 아현문화건강센터,3428,825.0,473.0,792.0,13.798133022170362,23.10385064177363,1,1
4244,4244. 당인리발전소 공원 앞,20121,1491.0,3852.0,6422.0,19.14417772476517,31.916902738432483,3,1
4246,4246. 상수역새마을금고,7967,633.0,1231.0,2443.0,15.451236349943517,30.663988954437055,1,1
4247,4247. 서울서부지방법원등기국앞,4529,867.0,592.0,1068.0,13.07131817178185,23.581364539633473,1,1
4248,4248. 신촌 교보빌딩,3693,267.0,647.0,1127.0,17.51963173571622,30.517194692661793,1,1
4253,4253. 홍은도담도서관,7366,1755.0,812.0,1841.0,11.023622047244094,24.993212055389627,1,1
4255,4255. 래미안 루센티아 아파트 108동 앞,11979,2194.0,1454.0,3335.0,12.1379080056766,27.840387344519574,1,1
4264,4264. 홍남교 버스정류장,6766,1640.0,912.0,1949.0,13.479160508424476,28.80579367425362,1,1
4266,4266.국민연금공단충정로사옥,4174,919.0,815.0,776.0,19.525634882606614,18.59127934834691,1,3
4267,4267. 서대문역 2번 출구,14367,2197.0,2785.0,3425.0,19.384701051019697,23.839354075311476,3,3
4269,4269. 연희IC 남측,10190,1065.0,1602.0,2906.0,15.721295387634937,28.518155053974485,1,1
4270,4270. 우국한마음 아파트 맞은편,15839,2279.0,3063.0,3632.0,19.338342067049688,22.930740577056632,3,3
4271,4271. 충정로역 1번 출구,2921,417.0,728.0,771.0,24.922971585073604,26.395070181444712,1,3
4272,4272. 홍남교 사거리,14601,2669.0,2154.0,4117.0,14.752414218204231,28.196698856242726,3,1
4273,4273. 홍연2교 사거리,7617,1813.0,1224.0,1852.0,16.069318629381645,24.314034396744123,1,1
4274,4274. 신촌 파랑고래 입구,9558,517.0,1512.0,2853.0,15.819209039548024,29.84934086629002,1,1
4275,4275.농협생명본사빌딩 서관,6411,1080.0,1690.0,944.0,26.36094213071284,14.724691935735454,1,3
4277,4277. 서대문우체국 정류소 옆,3722,523.0,594.0,1000.0,15.95916174099946,26.867275658248253,1,1
4278,4278. 홍은2동주민센터,5116,1304.0,877.0,907.0,17.142298670836592,17.728694292415952,1,3
4280,4280.북가좌2동 주민센터,5397,1139.0,722.0,1516.0,13.377802482860849,28.089679451547156,1,1
4281,4281.명지대사거리,5808,1152.0,790.0,1510.0,13.601928374655648,25.998622589531678,1,1
4303,4303. 매헌역 2번출구앞광역버스 정류장앞(22-297),12014,2370.0,2752.0,2097.0,22.90660895621775,17.454636257699352,3,3
4304,4304. 서울고앞,3211,570.0,566.0,861.0,17.626907505450014,26.814076611647465,1,1
4305,4305. 서일스포츠센터,2476,573.0,367.0,592.0,14.822294022617125,23.909531502423263,1,1
4306,4306. 서래공원 앞,7906,972.0,1994.0,1617.0,25.221350872754872,20.452820642549963,1,3
4307,4307. 고투몰 gate 15옆,8638,1350.0,1336.0,2354.0,15.466543181291966,27.25167862931234,1,1
4309,4309. 서초케이타운앞,1476,111.0,202.0,393.0,13.685636856368562,26.6260162601626,1,1
4310,4310. 염곡동(염통골) 입구,2741,503.0,458.0,516.0,16.7092302079533,18.825246260488875,1,3
4312,4312. 반포미도2차아파트 옆,6644,980.0,1674.0,1305.0,25.195665261890426,19.6417820590006,1,3
4313,4313. 반포종합운동장,7228,711.0,1621.0,2115.0,22.42667404537908,29.2612064194798,1,1
4315,4315. 이투스교육 앞,4938,421.0,1559.0,981.0,31.571486431753748,19.866342648845688,1,3
4316,4316. 고속터미널역 3번출구,8036,1027.0,2034.0,2131.0,25.31110004977601,26.51816824290692,1,3
4317,4317. 양재근린공원,15586,2962.0,2773.0,3492.0,17.79160785320159,22.404722186577697,3,3
4318,4318. 방배역 2번 출구,6402,747.0,1503.0,1406.0,23.477038425492033,21.96188691034052,1,3
4319,4319. 삼성전자R&D어린이집 뒤,3159,377.0,894.0,472.0,28.300094966761634,14.941437163659385,1,3
4320,4320. 비석공원,10056,1227.0,2374.0,2755.0,23.607796340493238,27.396579156722357,1,3
4322,4322.서울추모공원 입구,743,45.0,140.0,179.0,18.842530282637952,24.09152086137281,1,1
4323,4323. 내곡도서관,2146,129.0,364.0,638.0,16.961789375582477,29.72972972972973,1,1
4324,4324. 세화고등학교,2676,67.0,504.0,714.0,18.83408071748879,26.681614349775785,1,1
4327,4327. 몽마르뜨공원입구,3005,391.0,655.0,774.0,21.79700499168053,25.757071547420967,1,3
4329,4329. SC제일은행 양재동지점 앞,9240,2064.0,2071.0,1776.0,22.41341991341991,19.22077922077922,1,3
4332,4332. 이수교차로,22310,1469.0,3541.0,7939.0,15.871806364858806,35.58493948901838,3,1
4333,4333. 서울고등학교 건너편,3041,691.0,494.0,738.0,16.244656363038473,24.268332785268004,1,1
4334,4334. 인재개발원 데이터센터,1152,47.0,278.0,201.0,24.131944444444446,17.447916666666664,1,3
4336,4336. 서울교육청 교육연수원 앞,1919,124.0,765.0,241.0,39.86451276706618,12.55862428348098,1,4
4337,4337. 우면산등산로 입구,978,96.0,381.0,187.0,38.95705521472393,19.120654396728014,1,4
4338,4338.새정이마을버스정류장 앞,330,31.0,32.0,129.0,9.696969696969697,39.09090909090909,1,1
4340,4340. 방배래미안아트힐아파트 앞,4180,459.0,1421.0,868.0,33.995215311004785,20.76555023923445,1,3
4341,4341. 영동1교 북단,8906,1205.0,1789.0,2753.0,20.08758140579385,30.911744891084663,1,1
4343,4343. 헌인릉 입구,481,121.0,77.0,117.0,16.008316008316008,24.324324324324326,1,1
4344,4344. 양재대로(구룡지하차도 앞),4234,1149.0,521.0,1051.0,12.305148795465282,24.822862541332075,1,1
4345,4345. 반포역 4번출구,7892,1448.0,1212.0,2329.0,15.357323872275721,29.510897110998478,1,1
4346,4346.장학재단빌딩 앞,5649,492.0,1692.0,1117.0,29.952203929899095,19.77341122322535,1,3
4347,4347. 논현지하보도,13986,2904.0,2366.0,3154.0,16.916916916916914,22.551122551122553,3,1
4348,4348. 사당역 1번출구,1207,197.0,296.0,223.0,24.52361226180613,18.475559237779617,1,3
4349,4349.삼성화재서초타워,16677,1411.0,3931.0,3481.0,23.57138574084068,20.873058703603768,3,3
4350,4350.누리숲어린이공원 앞,10485,1425.0,2005.0,2728.0,19.122556032427276,26.018121125417267,1,1
4351,4351.서울AI허브 앞,3597,155.0,1159.0,632.0,32.22129552404782,17.570197386711147,1,3
4353,4353. 코오롱디지털타워 3차앞,21360,1902.0,6508.0,3841.0,30.468164794007492,17.982209737827716,3,3
4360,4360. 르노삼성자동차 성수사업소 앞,11719,1783.0,4814.0,1530.0,41.07859032340643,13.055721477941804,3,4
4362,4362. 행당중학교 후문,6749,499.0,1200.0,2143.0,17.780411912875984,31.752852274411026,1,1
4363,4363. 신금호역 2번출구 앞,540,34.0,96.0,164.0,17.77777777777778,30.37037037037037,1,1
4367,4367. kt 행당빌딩 앞,10010,1030.0,1579.0,2705.0,15.774225774225775,27.022977022977024,1,1
4370,4370. 성동교 사거리,9904,494.0,3407.0,1979.0,34.400242326332794,19.981825525040385,1,3
4373,4373. 서울숲 지식산업센터,27801,3746.0,6146.0,5825.0,22.107118448976657,20.952483723607067,3,3
4377,4377. 우영테크노센터 앞,23913,685.0,8758.0,4963.0,36.624430226236775,20.75440137163886,3,4
4381,4381. 더스페이스타워 앞,15486,1435.0,4177.0,3589.0,26.972749580266047,23.17577166472943,3,3
4382,4382. 페코텍글로벌허브빌딩 앞,32387,8554.0,7281.0,4414.0,22.481242473832094,13.628925186031433,2,2
4383,4383. 푸조비즈타워 앞,23866,3495.0,9592.0,2594.0,40.19106678957513,10.86901868767284,3,4
4385,4385. 용답동 우체국 주변,19870,4877.0,3250.0,3966.0,16.356316054353297,19.95973829894313,3,3
4386,4386. 현대자동차 동부서비스센터 주변,16305,3885.0,3982.0,2551.0,24.42195645507513,15.645507513032811,3,3
4387,4387. 성수역 1번출구 주변,19286,1174.0,6553.0,4054.0,33.97801514051644,21.020429326972934,3,3
4389,4389. 서울숲역3번출구,6374,254.0,1393.0,2600.0,21.854408534672107,40.79071226859115,1,1
4390,4390. 신답역 1번출구,5732,994.0,1813.0,973.0,31.629448709002094,16.974877878576415,1,3
4392,4392. 답십리역 6번출구,8327,1206.0,1965.0,1686.0,23.597934430166926,20.247388014891317,1,3
4393,4393. 상원삼거리 장안철교 아래,15911,1595.0,5499.0,2811.0,34.56099553767834,17.66702281440513,3,4
4394,4394.서울시립24시간게스트하우스,9128,874.0,3187.0,1648.0,34.91454864154251,18.054338299737072,1,4
4396,4396. 마장축산물시장 서문 인근,5187,882.0,727.0,1130.0,14.015808752650857,21.7852323115481,1,1
4397,4397. 마장축산물시장 북문 건너편,14107,1340.0,3189.0,3896.0,22.605798539732046,27.61749486070745,3,1
4398,4398. 유원지식산업센터 앞,22137,2089.0,5463.0,5331.0,24.678140669467407,24.081853909743867,3,3
4399,4399. 더리브 세종타워 앞,23217,2365.0,6568.0,5450.0,28.289615368049276,23.474178403755868,3,3
4401,4401.뚝섬유수지 공영주차장,5741,647.0,1094.0,1595.0,19.055913603901757,27.782616268942697,1,1
4406,4406. 장곡초등학교 앞,11107,1700.0,1396.0,2817.0,12.56865040064824,25.362384082110378,1,1
4408,4408. 돌곶이역 앞,8978,710.0,2276.0,1890.0,25.350857652038318,21.05145912229895,1,3
4411,4411. 동산어린이공원 앞,12632,2879.0,2448.0,2241.0,19.379354021532617,17.740658644711843,3,3
4414,4414. 안암역 3번 출구,8553,546.0,1539.0,2252.0,17.993686425815504,26.329942710160175,1,1
4415,4415. 미아초교버스승강장,643,83.0,91.0,182.0,14.152410575427682,28.304821150855364,1,1
4417,4417. 성북청소년문화의집,2367,366.0,298.0,571.0,12.589776087874945,24.12336290663287,1,1
4418,4418. 종암동 동덕여대 제2생활관 앞,18449,2459.0,2933.0,4632.0,15.89788064393734,25.107051872730228,3,1
4419,4419. 성북구 한예종 캠퍼스 본관,5902,498.0,1086.0,861.0,18.400542189088444,14.588275160962386,1,3
4420,4420. 성북구 한예종 캠퍼스 별관,6931,561.0,1399.0,1258.0,20.184677535709135,18.150339056413216,1,3
4421,4421. 롯데캐슬클라시아 입구 앞,2059,325.0,408.0,574.0,19.815444390480817,27.87761049052938,1,1
4423,4423.현대백화점 미아점,9390,1784.0,1101.0,2872.0,11.725239616613418,30.58572949946752,1,1
4425,4425. 하늘채코오롱아파트 앞,13364,1770.0,1810.0,4110.0,13.543849146961987,30.754265190062856,3,1
4427,4427. 동일하이빌뉴시티,11259,1294.0,2001.0,3057.0,17.772448707700505,27.151612043698375,1,1
4428,4428.돈암동부센트레빌상가,4472,340.0,641.0,1381.0,14.333631484794276,30.88103756708408,1,1
4452,4452. 삼성SDS,42597,2807.0,17845.0,6137.0,41.89262154611827,14.407117872150621,2,4
4453,4453. 위례중앙푸르지오 201동 앞,16093,1705.0,2226.0,4778.0,13.832100913440627,29.689927297582802,3,1
4454,4454. 위례 포레샤인 1809동 부근,3332,586.0,367.0,931.0,11.014405762304921,27.941176470588236,1,1
4457,4457. 아산병원 기숙사 부근,53097,3544.0,15640.0,8567.0,29.455524794244496,16.134621541706686,2,2
4458,4458. 가락2동주민센터 인근,5875,959.0,967.0,1400.0,16.459574468085105,23.829787234042556,1,1
4460,4460. 올림픽훼미리아파트 112동 앞,14246,2656.0,3737.0,2788.0,26.231924750807245,19.570405727923628,3,3
4461,4461. 한양3차아파트 3동 앞,2906,504.0,434.0,882.0,14.934618031658637,30.35099793530626,1,1
4462,4462. 가락중학교 앞,7955,905.0,1049.0,2283.0,13.186675047140165,28.698931489629164,1,1
4463,4463. 방이역 2번 출구,10239,1876.0,1638.0,2585.0,15.99765602109581,25.246606113878308,1,1
4464,4464. 올림픽공원 북2문 A,15033,1343.0,2885.0,4763.0,19.191112884986364,31.683629348766047,3,1
4465,4465. 건영아파트앞 사거리,18466,2597.0,3291.0,4491.0,17.821943030434312,24.320372576627314,3,1
4468,4468. 가락1동주민센터 ,16252,4238.0,1952.0,4091.0,12.010829436377062,25.172286487816887,3,1
4469,4469. 거여동 어울림아파트  102동앞,5688,697.0,1405.0,1273.0,24.70112517580872,22.380450070323487,1,3
4472,4472. 송파파크데일 1단지 115동 건너편,5855,593.0,709.0,1605.0,12.109308283518361,27.412467976088813,1,1
4473,4473. 마천금호어울림 1차 102동앞,2311,435.0,282.0,691.0,12.202509736045002,29.900475984422325,1,1
4474,4474. 가락현대 1차 11동 앞,5820,773.0,871.0,1686.0,14.965635738831615,28.969072164948457,1,1
4475,4475. 송파파인타운 4단지 403동,5302,1289.0,693.0,1363.0,13.070539419087138,25.70728027159562,1,1
4478,4478. 문정근린공원2,11338,2166.0,1483.0,2520.0,13.079908273064033,22.22614217675075,1,1
4479,4479. 문정중학교,2722,709.0,233.0,724.0,8.559882439382807,26.598089639970613,1,1
4480,4480. 가락시장 남1문 사거리,16460,3656.0,3291.0,3054.0,19.99392466585662,18.554070473876063,3,3
4481,4481. 올림픽공원 북2문 B,28413,2817.0,5378.0,9462.0,18.92795551332137,33.301657691901596,2,1
4483,4483. 잠실나들목4,15943,2338.0,2007.0,5570.0,12.588596876372076,34.93696293043969,3,1
4484,4484. 잠실나루역4번출구뒤,26660,5120.0,6590.0,6367.0,24.718679669917478,23.882220555138783,2,2
4485,4485. 잠실나루역 고가하부,9718,784.0,2251.0,2635.0,23.16320230500103,27.114632640461,1,3
4486,4486. 홈플러스 잠실점,29185,2418.0,8035.0,6834.0,27.531266061332875,23.416138427274287,2,3
4488,"4488. 문현중,고등학교 사이",2656,265.0,355.0,713.0,13.365963855421686,26.84487951807229,1,1
4490,4490. 송파파인타운 10단지 1005동,3667,763.0,394.0,994.0,10.74447777474775,27.106626670302695,1,1
4491,4491. 장지역 1번출구,17770,2642.0,4532.0,3712.0,25.50365785030951,20.88913899831176,3,3
4493,4493. 마천사거리 2,4293,898.0,797.0,1124.0,18.565105986489634,26.182156999767063,1,1
4496,4496. 잠실 파크리오 120동 앞,19812,3581.0,3001.0,5233.0,15.147385422975972,26.413284877851805,3,1
4497,4497. 아시아선수촌아파트 교차로,21392,5675.0,3680.0,5202.0,17.202692595362752,24.317501869857892,3,2
4499,4499. 세양청마루 101동 앞,11364,2614.0,1548.0,2861.0,13.621964097148892,25.175994368180216,1,1
4507,4507. 신정제일시장,12278,1919.0,2250.0,3266.0,18.325460172666556,26.600423521746215,3,1
4508,4508. 유원목동아파트 103동 앞,44528,6187.0,6974.0,10923.0,15.66205533596838,24.530632411067195,2,2
4509,4509. 서울영상고교 입구,40395,7021.0,5305.0,10007.0,13.132813467013243,24.77286792919916,2,2
4510,4510. 신정네거리역 교차로,18376,2931.0,3114.0,4945.0,16.94601654331737,26.910100130605137,3,1
4512,4512. 목동13_14단지 사거리,15186,2398.0,2610.0,3560.0,17.186882655077046,23.44264454102463,3,1
4514,4514. 목동성당 앞,38862,6120.0,5004.0,10723.0,12.87633163501621,27.59250681900057,2,2
4515,4515. 동문굿모닝탑,39680,4578.0,6061.0,11193.0,15.27469758064516,28.208165322580648,2,2
4517,4517. 성보하이드로빌딩,13780,2403.0,1635.0,3938.0,11.865021770682148,28.57764876632801,3,1
4518,4518. 청기와빌딩,9312,1617.0,1612.0,2399.0,17.310996563573884,25.762457044673535,1,1
4519,4519. 양원보도육교,3249,363.0,263.0,229.0,8.09479839950754,7.048322560787934,1,3
4520,4520. 대성유니드아파트,10927,2279.0,1598.0,2696.0,14.624325066349408,24.67282877276471,1,1
4522,4522. 신곡시장,18011,1865.0,3079.0,4898.0,17.09510854477819,27.19449225473322,3,1
4523,4523. 구립양천어르신요양센터,983,137.0,152.0,342.0,15.462868769074262,34.791454730417094,1,1
4526,4526. 목동아파트2단지 222동 앞,16637,4895.0,1732.0,4246.0,10.410530744725612,25.52142814209293,3,1
4527,4527. 목동신시가지아파트6단지,29561,3023.0,4154.0,6394.0,14.052298636717298,21.629850140387674,3,2
4528,4528. 양천구청역 1번출구,18222,3645.0,4620.0,3479.0,25.353967731313798,19.09230600373175,3,3
4530,4530. 방아다리어린이공원,11328,1522.0,1614.0,3057.0,14.247881355932204,26.986228813559322,1,1
4531,4531. 목동아파트 613동 앞,45950,10291.0,6377.0,12679.0,13.878128400435255,27.593035908596303,2,2
4532,4532. 목동현대아파트 후문 앞,20955,3182.0,2739.0,5806.0,13.070866141732285,27.706991171558098,3,1
4535,4535. 목동12단지 아파트,35650,8333.0,4934.0,10134.0,13.840112201963533,28.426367461430573,2,2
4536,4536. 양천해누리체육공원,14957,1474.0,1482.0,1957.0,9.908404091729626,13.08417463395066,1,3
4537,4537. 서울남부지방검찰청 후문 ,23564,5475.0,4034.0,4525.0,17.11933457817009,19.203021558309285,3,2
4538,4538. 양천공영차고지,2390,163.0,437.0,482.0,18.284518828451883,20.167364016736403,1,3
4539,4539. 목동7단지아파트 A상가,12314,1480.0,2382.0,3126.0,19.3438362839045,25.385739808348223,1,1
4540,4540. 목동역 3번 출구,40301,4915.0,9430.0,8664.0,23.39892310364507,21.498225850475176,2,2
4541,4541. 갈산문화예술센터,26756,6862.0,3996.0,6565.0,14.934967857676785,24.53655254896098,2,2
4542,4542. 월정초 사거리,8054,2059.0,1143.0,2047.0,14.191705984603923,25.415942388875095,1,1
4543,4543. 오목교역 6번 출구,53602,6509.0,12880.0,13489.0,24.02895414350211,25.165105779635088,2,2
4544,4544.경창시장,9529,2335.0,1555.0,2191.0,16.318606359534055,22.99296883198657,1,1
4545,4545. 청소년음악센터,10422,1450.0,1064.0,2479.0,10.209172903473423,23.786221454615237,1,1
4546,4546. 목동운동장 주경기장,6752,687.0,1058.0,2216.0,15.669431279620852,32.81990521327014,1,1
4547,4547. 목동역 2번 출구,39903,3844.0,7983.0,9961.0,20.00601458536952,24.96303536074982,2,2
4548,4548.신목동역1번출구,5778,698.0,1037.0,1329.0,17.947386638975424,23.00103842159917,1,1
4549,4549.목동4단지아파트,11606,1912.0,1660.0,3408.0,14.302946751680166,29.364122005859038,1,1
4552,4552. 코레일유통본사,9434,1832.0,2594.0,915.0,27.496290014839943,9.698961204155184,1,3
4553,4553. 당산삼성2차아파트,35013,8118.0,5691.0,7859.0,16.253962813812013,22.44594864764516,2,2
4555,4555. 대림우성2차아파트,6131,560.0,1090.0,1704.0,17.778502691241233,27.7931821888762,1,1
4556,4556. 리버뷰신안인스빌1차 후문,18647,4723.0,4515.0,3113.0,24.213010135678662,16.694374430203247,3,3
4557,4557. 리버뷰신안인스빌2차 후문,20936,3587.0,2922.0,5744.0,13.95682078716087,27.435995414596864,3,1
4558,4558. 대영중고 후문,12390,2723.0,1554.0,2711.0,12.54237288135593,21.88054882970137,3,1
4559,4559. 신길역 2번출구,23568,4333.0,5038.0,5960.0,21.37644263408011,25.288526816021722,3,2
4560,4560. 양평동성원아파트,17395,2686.0,4270.0,3347.0,24.547283702213278,19.241161253233688,3,3
4561,4561. 양평역 1번출구,49418,12586.0,10463.0,9897.0,21.172447286413856,20.027115625885305,2,2
4563,4563. 여의도 은하아파트,8077,1472.0,1368.0,2016.0,16.93698155255664,24.95976228797821,1,1
4564,4564. 63스퀘어,30163,3533.0,8883.0,4912.0,29.449988396379673,16.284852302489806,2,3
4565,4565. 영등포 신세계백화점,66307,3349.0,15664.0,22244.0,23.623448504682763,33.54698598941288,4,2
4566,4566. 대림성원상떼빌아파트,21221,5242.0,3154.0,4965.0,14.862636068045804,23.396635408321945,3,2
4567,4567. 한림대학교 강남성심병원 신관,17982,2827.0,2978.0,4634.0,16.56100544989434,25.770214659103548,3,1
4569,4569. 힐스테이트클래시안아파트,13707,3138.0,1671.0,3438.0,12.190851389800832,25.08207485226527,3,1
4571,4571. 문래동롯데캐슬아파트,51277,12442.0,9487.0,11654.0,18.50147239503091,22.72753866255826,2,2
4573,4573. 두산위브아파트,9880,3008.0,1231.0,2651.0,12.459514170040485,26.831983805668013,1,1
4574,4574. 영등포시장역 포레나영등포,54936,9107.0,11367.0,13210.0,20.6913499344692,24.046162807630697,4,2
4575,4575. 대림동 e편한세상영등포아델포레,24975,4529.0,3518.0,6074.0,14.086086086086086,24.32032032032032,3,2
4576,4576.보라매sk뷰 108동 앞,10440,2723.0,1262.0,2468.0,12.088122605363985,23.63984674329502,1,1
4578,4578.보라매sk뷰,5972,1058.0,906.0,1622.0,15.170797052913596,27.160080375083723,1,1
4579,4579. 국회의사당 본관,6472,947.0,2116.0,1136.0,32.6946847960445,17.552533992583434,1,3
4580,4580. 국회제2의원회관,7884,780.0,3852.0,247.0,48.858447488584474,3.132927447995941,1,4
4581,4581. 국회소통관,5146,648.0,1188.0,761.0,23.08589195491644,14.788184998056744,1,3
4582,4582. 국회도서관,7256,359.0,2150.0,986.0,29.630650496141126,13.58875413450937,1,3
4583,4583. 의정관,2930,335.0,1235.0,265.0,42.15017064846416,9.044368600682594,1,4
4584,4584. 국회2문,2131,207.0,804.0,306.0,37.72876583763492,14.359455654622245,1,4
4585,4585. 국회6문,6318,135.0,1533.0,2127.0,24.26400759734093,33.66571699905033,1,1
4588,4588.양남사거리2,13399,1652.0,4091.0,2493.0,30.532129263377865,18.605866109411153,3,3
4589,4589. KRX한국거래소(1),13861,1626.0,3773.0,2459.0,27.220258278623476,17.74042276891999,3,3
4591,4591. 신길자이아파트,11808,2455.0,1457.0,3426.0,12.339092140921409,29.014227642276424,3,1
4592,4592. 신길우성4차아파트,18034,3177.0,2646.0,4213.0,14.672285682599535,23.36142841299767,3,1
4594,4594. 양평교 영등포대여소,27387,5131.0,5115.0,6746.0,18.676744440793076,24.632124730711652,2,2
4598,4598. 오목교 동측 지하보도,24418,4599.0,4228.0,6440.0,17.315095421410433,26.37398640347285,3,2
4599,4599. 대림우성아파트 사거리,5868,1094.0,898.0,1499.0,15.303340149965916,25.5453306066803,1,1
4600,4600. 서울 영등포구 우체국,25100,4965.0,4893.0,4481.0,19.49402390438247,17.852589641434264,3,2
4601,4601.양평역2번출구 뒤,15303,3317.0,3253.0,3453.0,21.257269816375874,22.564203097431875,3,3
4603,4603. 한강GS에클라트 건너편 교통섬,9841,1726.0,2181.0,2232.0,22.162381871761,22.680621888019513,1,3
4604,4604. 원효로다목적체육관 앞,6132,773.0,1967.0,1217.0,32.077625570776256,19.846705805609915,1,3
4605,"4605. 노들섬 다목적홀(동쪽) 숲, 앞",3456,84.0,689.0,1540.0,19.93634259259259,44.56018518518518,1,1
4607,4607. 국립중앙박물관 -용산가족공원 앞,4361,126.0,812.0,1959.0,18.619582664526487,44.920889704196284,1,1
4608,4608. 국립중앙박물관 정문 앞,3088,100.0,730.0,1033.0,23.639896373056995,33.45207253886011,1,1
4609,4609. 파크타워 104동 앞,4018,392.0,679.0,1471.0,16.898954703832754,36.610253857640615,1,1
4610,4610. 한남나인원 105동 앞,3977,170.0,919.0,1096.0,23.10787025396027,27.558461151621827,1,1
4611,4611. 국제루터교회 앞,2281,192.0,466.0,599.0,20.429636124506796,26.26041209995616,1,1
4612,4612. 이태원로 255,1479,47.0,244.0,526.0,16.49763353617309,35.56457065584855,1,1
4613,4613. 서울갤러리아 앞,2617,72.0,534.0,954.0,20.405043943446692,36.453954910202526,1,1
4615,4615. 크라운호텔앞 버스정류소,7085,221.0,1431.0,2390.0,20.197600564573044,33.733239237826396,1,1
4616,4616. 신용산지하차도 앞,8231,1320.0,1568.0,2212.0,19.049933179443567,26.874012878143606,1,1
4617,4617. 동원베네스트 건너편,1681,327.0,229.0,400.0,13.622843545508626,23.79535990481856,1,1
4618,4618. 풍전아파트 건너편,11913,1748.0,3725.0,2108.0,31.268362293293038,17.694955091076974,3,3
4619,4619. 한강트럼프월드3차 앞,16108,2060.0,2718.0,4886.0,16.873603178544823,30.332753911100074,3,1
4620,4620. 삼각지역 14번 출구 앞(교통섬),12552,1644.0,2018.0,3389.0,16.07711918419375,26.99968132568515,1,1
4621,4621. 남산도서관 앞,7553,561.0,1227.0,2140.0,16.24520058254998,28.333112670462068,1,1
4622,4622. 한강중학교 앞 버스정류장,4531,446.0,878.0,1369.0,19.377620834252923,30.21408077687045,1,1
4623,4623. 라인프랜즈이태원점 앞,2403,99.0,466.0,773.0,19.39242613399917,32.168123179359135,1,1
4625,4625. 용산공원갤러리앞,4321,580.0,1226.0,843.0,28.373061791252024,19.509372830363343,1,3
4627,4627. 효창공원앞역 5번출구 옆,4736,1083.0,835.0,1093.0,17.63091216216216,23.0785472972973,1,1
4629,4629. 한강초교보도육교 앞,11521,574.0,2564.0,3521.0,22.255012585713047,30.561583195903136,1,1
4632,4632. 용산 푸르지오 파크타운 1단지 앞,4446,745.0,1035.0,1129.0,23.279352226720647,25.393612235717498,1,3
4633,4633. 센트럴파크타워 앞,19806,1015.0,5013.0,5584.0,25.310511966070887,28.19347672422498,3,3
4634,4634. 이태원역 3번 출구,5723,220.0,869.0,2271.0,15.184343875589725,39.681984972916304,1,1
4636,4636. 용산구꿈나무종합타운 앞,10501,1311.0,1817.0,2757.0,17.303113989143892,26.254642415008096,1,1
4637,4637. 용산시티파크 101동 앞,5789,723.0,879.0,1819.0,15.183969597512522,31.421661772326825,1,1
4638,4638. 청파동삼거리 앞,8400,1654.0,873.0,2351.0,10.392857142857142,27.98809523809524,1,1
4639,4639. 동빙고근린공원,8758,545.0,1316.0,3960.0,15.026261703585295,45.215802694679155,1,1
4640,4640. 원효로2가 교차로,9166,1299.0,1675.0,2442.0,18.274056295003273,26.64193759546149,1,1
4641,4641. 아메리칸센터,5535,515.0,1243.0,1434.0,22.457091237579043,25.907859078590782,1,3
4642,4642. 용산더프라임아파트 101동 앞,4882,847.0,885.0,1299.0,18.127816468660384,26.607947562474394,1,1
4643,4643. 한가람아파트 앞,11069,910.0,1700.0,4109.0,15.358207606829884,37.121691209684705,1,1
4644,4644.서울특별시교육청 앞,838,124.0,97.0,257.0,11.575178997613365,30.668257756563243,1,1
4652,4652. 신사두산위브2차아파트 앞,14029,3732.0,1398.0,3270.0,9.96507235013187,23.30886021811961,3,1
4653,4653. 불광역 9번 출구 맞은편,9873,969.0,1637.0,2490.0,16.58057328066444,25.22029778182923,1,1
4657,4657. 본 서부병원 교차로 사거리,15719,2325.0,2888.0,4105.0,18.372670017176667,26.11489280488581,3,1
4658,4658. 녹번역1번출구앞,6000,499.0,1197.0,1569.0,19.950000000000003,26.150000000000002,1,1
4659,4659. 신진과학기술고등학교 버스정류장(응암시장 방면),12123,3127.0,1369.0,2978.0,11.292584343809288,24.564876680689597,3,1
4663,"4663. 불광역3,6호선 버스정류장(동명여고 방면)",8886,1000.0,1500.0,2494.0,16.88048615800135,28.06662165203691,1,1
4665,4665. 응암역3번 출구(서부경찰서 방면),4572,389.0,743.0,1377.0,16.251093613298337,30.118110236220474,1,1
4667,4667. 폭포동입구 교차로,3504,449.0,541.0,890.0,15.439497716894977,25.399543378995432,1,1
4668,4668. 기자촌사거리 B,3682,423.0,699.0,1032.0,18.984247691472024,28.028245518739816,1,1
4671,4671. 청구성심병원 앞,7956,788.0,1408.0,2216.0,17.69733534439417,27.853192559074913,1,1
4672,4672. 준빌딩 앞,2694,357.0,375.0,735.0,13.919821826280623,27.28285077951002,1,1
4674,4674. 녹번역e편한세상 캐슬 정문 앞,11594,1617.0,1990.0,3192.0,17.16405037088149,27.531481800931516,1,1
4676,4676. 갈현1동 주민센터,3897,562.0,518.0,869.0,13.292276109828071,22.299204516294584,1,1
4677,4677. 백련산 SK뷰 아이파크 해모로 아파트 앞,13579,4023.0,1429.0,3329.0,10.523602621695265,24.515796450401357,3,1
4678,4678. 백련산로 녹번센트레빌 ,7131,1730.0,793.0,1761.0,11.120459963539474,24.694993689524612,1,1
4681,4681.박석고개(은평소방서) 앞,2050,298.0,319.0,536.0,15.560975609756097,26.146341463414636,1,1
4683,4683. 은평 성모병원 사거리,6008,874.0,974.0,1515.0,16.21171770972037,25.216378162450066,1,1
4684,4684. 응암2동주민센터 버스정류장(영락중학교 방면),5398,1232.0,501.0,1250.0,9.28121526491293,23.156724712856615,1,1
4685,4685. DMC역 5번 출구(수색역 방향),20161,2093.0,4121.0,5647.0,20.440454342542534,28.009523337136056,3,1
4686,4686. 우물골 근린공원,6234,1165.0,747.0,1710.0,11.982675649663138,27.43022136669875,1,1
4687,4687. 역촌센트레빌아파트 101동 앞,6149,1633.0,749.0,1461.0,12.180842413400553,23.759960969263293,1,1
4689,4689. 은평서해그랑블아파트앞,9707,2158.0,1282.0,2513.0,13.206964046564334,25.88853404759452,1,1
4690,4690.은평뉴타운폭포동 힐스테이트4단지,1408,229.0,208.0,502.0,14.772727272727273,35.653409090909086,1,1
4693,4693. 수색감리교회,20285,4077.0,2544.0,5598.0,12.541286665023415,27.5967463643086,3,1
4703,4703. 쌍용아파트2단지 정문,5154,833.0,738.0,1481.0,14.318975552968569,28.734963135428792,1,1
4705,4705. 웰니스센터(민방위교육장 앞),16247,3581.0,2421.0,3196.0,14.901212531544287,19.671323936726782,3,3
4707,4707. 청계3가 사거리,13775,2255.0,2406.0,3505.0,17.466424682395644,25.44464609800363,3,1
4708,4708. 조계사앞사거리,15870,1950.0,3599.0,2411.0,22.67800882167612,15.192186515437934,3,3
4710,4710. 자교교회 앞,9727,1790.0,1387.0,2541.0,14.25927829752236,26.12316233165416,1,1
4711,4711. 올림픽기념 국민생활관 로터리,15196,3668.0,1809.0,3395.0,11.904448539089234,22.34140563306133,3,1
4713,4713. 현대 뜨레비앙 아파트 앞,16271,1544.0,3492.0,3273.0,21.461495912974,20.115542990596765,3,3
4715,4715. 돈의문 박물관 마을,6587,1187.0,1846.0,958.0,28.024897525428877,14.543798390769696,1,3
4718,4718. 광화문역 6번출구 옆 A,12010,1732.0,3027.0,1987.0,25.20399666944213,16.544546211490424,1,3
4719,4719. 종로문화원 건너편,13816,1160.0,3533.0,2510.0,25.571800810654317,18.1673422119282,3,3
4721,4721. 통인시장 정자,16407,4089.0,1933.0,4512.0,11.781556652648261,27.500457121960135,3,1
4752,4752. 삼성사이버빌리지아파트,4061,616.0,810.0,1044.0,19.945826151194286,25.707953705983748,1,1
4753,4753. 시청역 10번출구,6595,1058.0,1567.0,940.0,23.760424564063683,14.25322213798332,1,3
4760,4760. 서울역 7번출구,1755,146.0,504.0,281.0,28.717948717948715,16.011396011396013,1,3
4761,4761. 중부경찰서앞사거리 건너편,4748,578.0,1357.0,945.0,28.580454928390903,19.90311710193766,1,3
4762,4762. 국제빌딩,5425,778.0,1240.0,785.0,22.857142857142858,14.47004608294931,1,3
4765,4765. 동대문디자인플라자,20851,1118.0,4637.0,5432.0,22.238741547168,26.05150832094384,3,3
4766,4766. 서소문성지역사박물관,5708,2026.0,785.0,1168.0,13.752627890679747,20.4625087596356,1,1
4768,4768. 서울도시건축전시관,3593,1055.0,741.0,532.0,20.623434455886446,14.80656832730309,1,3
4772,4772. 중앙일보,1685,95.0,717.0,179.0,42.55192878338279,10.623145400593472,1,4
4774,4774. 을지로입구역 8번출구,6648,758.0,1586.0,1450.0,23.85679903730445,21.81107099879663,1,3
4775,4775. 을지로지하쇼핑센터,7215,674.0,1891.0,1477.0,26.20928620928621,20.47124047124047,1,3
4776,4776. 신세계면세점,4025,259.0,1070.0,870.0,26.583850931677016,21.614906832298136,1,3
4777,4777. 약수동 주민센터,1160,116.0,164.0,375.0,14.13793103448276,32.327586206896555,1,1
4781,4781. 브라운스위트레지던스,3430,978.0,761.0,660.0,22.186588921282798,19.24198250728863,1,3
4782,4782. 서소문역사공원,1406,257.0,446.0,217.0,31.721194879089616,15.433854907539118,1,3
4784,4784. 중부경찰서앞 사거리,5832,697.0,1665.0,932.0,28.549382716049383,15.980795610425242,1,3
4785,4785. 롯데시티호텔,6009,572.0,1980.0,770.0,32.95057413879181,12.814112165085707,1,4
4791,4791. 명동역9번 출구,10705,1696.0,2087.0,2666.0,19.49556282111163,24.9042503503036,1,1
4792,4792. 퇴계로4가 교차로(중구청),15841,1917.0,2926.0,3311.0,18.471056120194433,20.901458241272646,3,3
4793,4793. 동대문역사문화공원역 5번출구,12010,1277.0,2896.0,2432.0,24.11323896752706,20.24979184013322,1,3
4794,4794. 서울역 서부교차로(3),16040,4642.0,2588.0,3456.0,16.134663341645886,21.546134663341647,3,3
4796,4796. 서울시청,21857,2909.0,5584.0,3660.0,25.54787939790456,16.74520748501624,3,3
4797,4797. KG타워 앞,8656,1409.0,2280.0,1371.0,26.34011090573013,15.838724584103511,1,3
4798,4798. 황학동롯데캐슬,25790,2915.0,4840.0,6827.0,18.766963939511438,26.471500581620784,3,1
4800,4800. 필동 삼거리,9271,1050.0,2026.0,1473.0,21.85309028152303,15.888253694315607,1,3
4801,4801. 충정로역 2호선(엘리베이터 앞),5711,1026.0,1245.0,1231.0,21.80003502013658,21.55489406408685,1,3
4802,4802. 새우개마을,3227,1079.0,756.0,534.0,23.427331887201735,16.5478772854044,1,3
4803,4803. 상봉2동 주민센터 앞,11038,1768.0,1670.0,2675.0,15.129552455154919,24.23446276499366,1,1
4804,4804. 동서울농협 앞,17638,1049.0,3539.0,4409.0,20.064633178364893,24.997165211475224,3,3
4807,4807. 라코지스테이 앞,6786,1401.0,809.0,1834.0,11.921603300913645,27.026230474506335,1,1
4808,4808. 신내2동 주민센터 앞,8190,547.0,1892.0,1819.0,23.1013431013431,22.21001221001221,1,3
4809,"4809. 동성1,2차 아파트 앞",12197,1431.0,1848.0,3325.0,15.15126670492744,27.260801836517178,1,1
4811,4811. 한양수자인아파트 앞,7620,1712.0,749.0,2024.0,9.829396325459317,26.56167979002625,1,1
4812,4812. 묵동 이마트 앞,16676,936.0,3112.0,4603.0,18.661549532261933,27.60254257615735,3,1
4813,4813. 망우지구대,19762,2539.0,2894.0,5420.0,14.644266774617954,27.42637384880073,3,1
4815,4815. 중랑데시앙플렉스 앞,5110,857.0,1773.0,709.0,34.696673189823876,13.874755381604697,1,4
4819,4819. 면목동 새싹어린이공원 앞,14193,3058.0,1741.0,3743.0,12.266610300852534,26.37215528781794,3,1
4820,4820. 망우역 2번 출구,19605,4680.0,3249.0,4265.0,16.572302983932673,21.75465442489161,3,3
4823,4823. 방정환교육지원센터 옆,12377,1418.0,1815.0,3365.0,14.664296679324554,27.187525248444693,1,1
4824,4824. 상봉신협 앞,19109,5092.0,2318.0,5039.0,12.130409754565912,26.369773405201734,3,1
4825,4825. 신내동 벽산아파트 후문 앞,11392,2785.0,1349.0,2717.0,11.841643258426966,23.8500702247191,1,1
4826,4826. 홈플러스 면목점,10181,1627.0,1398.0,2562.0,13.731460563795306,25.164522149101266,1,1
4827,4827. 신내SK V1센터 앞,3614,276.0,1906.0,386.0,52.73934698395129,10.680686220254564,1,4
4828,4828. 신내동 한살림 중랑지구 앞,12029,2958.0,1558.0,2923.0,12.952032587912546,24.299609277579183,3,1
4829,4829. 신내동 한살림 중랑지구 건너편,4081,1256.0,410.0,894.0,10.046557216368537,21.90639549130115,1,1
4830,4830. 신내 우디안 111동 앞,3892,1145.0,369.0,940.0,9.48098663926002,24.152106885919835,1,1
4834,4834. 용마복지센터 앞,5622,544.0,848.0,1198.0,15.083600142298115,21.309142653859837,1,1
4835,4835. 망우동 본죽 앞,8724,1776.0,988.0,2221.0,11.325080238422743,25.45850527281064,1,1
4836,4836. 양원역 1번 출구,6791,831.0,1475.0,1509.0,21.719923428066558,22.220586069798262,1,3
4837,4837. 양원지구 힐데스하임 앞,5687,1323.0,813.0,1475.0,14.29576226481449,25.93634605240021,1,1
4838,4838.동원사거리 행복오피스텔 앞,6977,1090.0,912.0,1829.0,13.071520710907267,26.21470546079977,1,1
4840,4840. 서울시 북부병원 앞,5321,683.0,722.0,1061.0,13.568878030445406,19.939860928396918,1,1
4841,4841. 중화수경공원,19382,3119.0,2614.0,5796.0,13.486740274481477,29.904034671344547,3,1
4842,4842. 면목라온프라이빗 아파트,9522,2441.0,1008.0,2541.0,10.58601134215501,26.685570258349085,1,1
4843,4843. 봉화산역 4번 출구,11892,1320.0,2025.0,3466.0,17.028254288597378,29.145644130507904,1,1
4845,4845. 신내역금강펜테리움센트럴파크,2398,503.0,474.0,519.0,19.76647206005004,21.64303586321935,1,3
4846,4846. 상봉동양엔파트 앞,9795,1245.0,1243.0,2487.0,12.690148034711587,25.39050535987749,1,1
4847,4847. 신내역시티프라디움 앞,8766,910.0,1219.0,2093.0,13.906000456308465,23.876340406114533,1,1
4852,4852. 서울복합물류 게이트 1,20260,2277.0,5265.0,4226.0,25.987166831194468,20.85883514313919,3,3
4854,4854. 가락시장역 2번 출구,17842,2624.0,3623.0,4187.0,20.306019504539847,23.467100100885553,3,3
4855,4855. 거여5단지 503동 앞,6055,679.0,808.0,1781.0,13.344343517753924,29.413707679603636,1,1
4856,4856. 올림픽공원 서1문 앞,23211,2689.0,5396.0,6145.0,23.247598121580285,26.47451639308948,3,3
4857,4857. 올림픽공원 장미광장,8580,970.0,1697.0,3040.0,19.778554778554778,35.43123543123543,1,1
4859,4859. 잠실나루 나들목,19362,2062.0,3134.0,7082.0,16.186344385910548,36.576799917363914,3,1
4860,4860. 가락쌍용2차아파트 103동,10107,1376.0,1873.0,2869.0,18.531710695557535,28.38626694370238,1,1
4862,4862. 성내교 남단,6104,736.0,1162.0,2055.0,19.03669724770642,33.666448230668415,1,1
4863,4863. 잠실나들목5,6219,983.0,876.0,1680.0,14.085865894838397,27.013989387361313,1,1
4864,4864. 송파사거리,31967,3288.0,5883.0,8322.0,18.403353458253825,26.033096630900616,2,2
4865,4865. 한성백제역 1번출구 뒤,39097,6707.0,6874.0,10458.0,17.581911655625753,26.74885541090109,2,2
4867,4867. 가락대림아파트 앞,11611,2198.0,1927.0,2838.0,16.596331065369046,24.442339161140296,1,1
4868,4868. 석촌호수 서호 남단,37250,8106.0,6792.0,8527.0,18.233557046979865,22.891275167785235,2,2
4870,4870. 몽촌토성역 3번 출구,67510,7593.0,13225.0,18680.0,19.58969041623463,27.669974818545402,4,2
4871,4871. 오금동 대림아파트 정문,8441,1132.0,1392.0,2168.0,16.49093709276152,25.6841606444734,1,1
4872,4872. 개롱역 3번 출구 뒤,14543,1608.0,2568.0,3947.0,17.657979784088564,27.140204909578493,3,1
4873,4873. 개롱역사거리 2번 출구,12773,2079.0,2460.0,3067.0,19.2593752446567,24.0115869412041,3,3
4874,4874. 탄천1교 하부보도,8181,1982.0,1063.0,2222.0,12.99352157437966,27.160493827160494,1,1
4875,4875. 위례포레샤인13단지,4566,980.0,630.0,1181.0,13.797634691195796,25.86508979413053,1,1
4879,4879. 마천청소년센터,2322,457.0,245.0,646.0,10.551248923341946,27.820844099913867,1,1
4880,4880. 송파청소년센터,11932,3060.0,1418.0,2804.0,11.884009386523633,23.499832383506536,3,1
4881,4881. 거여동사거리 송파둘레길 입구,2331,454.0,356.0,603.0,15.272415272415271,25.868725868725868,1,1
4882,4882. 위례포레샤인18단지 1802동,3694,681.0,489.0,883.0,13.237682728749324,23.90362750406064,1,1
4883,4883. 위례포레샤인18단지 1812동,2757,512.0,333.0,732.0,12.078346028291621,26.550598476605003,1,1
4884,4884. H비즈니스파크,22296,1345.0,8565.0,3486.0,38.41496232508073,15.635091496232508,3,4
4885,4885. 가든파이브 리빙관,4652,455.0,1176.0,1155.0,25.27944969905417,24.828030954428204,1,3
4886,4886. 배명고등학교 건너편,12095,2772.0,1574.0,2964.0,13.013642000826788,24.5059942124845,3,1
4887,4887. 호돌이상가,11260,2037.0,2241.0,2664.0,19.902309058614563,23.658969804618117,1,3
4888,4888. 둔촌오륜역 2번출구,6623,1187.0,939.0,1803.0,14.177865015853843,27.223312698173036,1,1
4889,4889. 마천역 1번 출구 인근②,7087,888.0,1304.0,1856.0,18.39988711725695,26.188796387752223,1,1
4891,4891. 위례포레나송파,7395,1634.0,903.0,1990.0,12.210953346855984,26.91007437457742,1,1
4892,4892. 성내유수지 체육공원,4298,706.0,885.0,1061.0,20.59097254536994,24.68590041879944,1,3
4893,4893. 문정법조단지12,30673,3817.0,14012.0,2758.0,45.681870048576926,8.991621295601995,2,4
4895,4895. 송파레이크힐 상가,11818,1753.0,2206.0,2950.0,18.666441022169572,24.96192249111525,1,1
4896,4896. 송파레이크힐,1352,355.0,248.0,247.0,18.34319526627219,18.269230769230766,1,3
4897,4897. 잠실주공5단지1,41740,11772.0,4894.0,11206.0,11.724964063248683,26.8471490177288,2,2
4902,4902. 구역삼세무서 교차로,9528,1344.0,2687.0,1480.0,28.20109151973132,15.533165407220823,1,3
4903,4903. 신사스퀘어,3704,140.0,1019.0,945.0,27.510799136069114,25.51295896328294,1,3
4905,4905. 강남경찰서,17542,665.0,6767.0,2946.0,38.575989054839816,16.793980161897164,3,4
4906,4906. 섬유센터 앞,19272,1752.0,5878.0,3873.0,30.500207555002074,20.09651307596513,3,3
4907,4907. 극동스포츠 앞,7510,881.0,1555.0,2018.0,20.70572569906791,26.870838881491345,1,1
4908,4908. SB타워 앞,3761,117.0,1294.0,745.0,34.405743153416644,19.808561552778517,1,3
4909,4909. 노보텔 앰배서더 앞,4337,416.0,1049.0,1111.0,24.18722619322112,25.616785796633618,1,3
4911,4911. 도곡동 골프 로데오거리,2672,476.0,559.0,538.0,20.92065868263473,20.134730538922156,1,3
4913,4913. 레베쌍트 빌딩 앞,4039,252.0,1104.0,761.0,27.333498390690764,18.841297350829414,1,3
4914,4914. 도심공항타워 앞,11745,593.0,3806.0,2586.0,32.405278842060454,22.01787994891443,1,3
4915,4915. 영동중앙교회 버스정류장,2775,448.0,682.0,455.0,24.576576576576574,16.396396396396394,1,3
4916,4916. 청담역 1번출구,2082,303.0,396.0,546.0,19.020172910662826,26.22478386167147,1,1
4917,4917. 일원에코파크 주차장,14017,3630.0,2229.0,3124.0,15.902118855675251,22.287222658200754,3,1
4918,4918. 매봉역 1번출구,8661,1023.0,2113.0,2043.0,24.396720932917678,23.588500173190162,1,3
4919,4919. 학여울역사거리(은마아파트),2645,520.0,371.0,800.0,14.026465028355387,30.245746691871457,1,1
4923,4923.수협대치동지점,8982,1233.0,1824.0,2436.0,20.307281229124914,27.120908483633933,1,1
4924,4924.논현동가구거리,4720,810.0,1115.0,804.0,23.622881355932204,17.033898305084747,1,3
4925,4925. 청담백영빌딩 앞,3414,198.0,925.0,726.0,27.094317516110134,21.26537785588752,1,3
4926,4926. 대치우성아파트 사거리,17025,3047.0,4710.0,3193.0,27.665198237885463,18.754772393538914,3,3
4928,4928. 교수마을 입구,3083,431.0,680.0,694.0,22.056438533895555,22.510541680181642,1,3
4929,4929. 투썸플레이스 강남청담점 앞,5585,627.0,1773.0,1184.0,31.74574753804834,21.199641897940914,1,3
4930,4930. 학여울역 1번출구,5452,1429.0,960.0,1384.0,17.608217168011738,25.385179750550257,1,1
4931,4931. 디에이치퍼스티어아이파크 124동 앞,8332,1660.0,1080.0,2067.0,12.962073931829094,24.807969275084012,1,1
4932,4932. 개포래미안포레스트 130동 맞은편,4139,874.0,538.0,1033.0,12.998308770234356,24.957719255858905,1,1
4933,4933. 디에이치퍼스티어아이파크 159동 앞,343,67.0,32.0,108.0,9.329446064139942,31.486880466472307,1,1
4935,4935. 도곡삼성래미안,6324,1789.0,853.0,1657.0,13.488298545224541,26.201771030993044,1,1
4936,4936. SK텔레콤(T1) 인근,1992,227.0,526.0,437.0,26.40562248995984,21.937751004016064,1,3
4937,4937.개포래미안포레스트 126동 앞,3847,976.0,444.0,991.0,11.541460878606706,25.760332726800105,1,1
4938,4938.LH수서2단지 201동 앞,20632,6499.0,2399.0,5253.0,11.627568825126017,25.460449786739048,3,2
4939,4939.도산공원,3186,194.0,795.0,741.0,24.95291902071563,23.258003766478343,1,3
4940,4940.한강버스 압구정 선착장,46092,1298.0,8357.0,20197.0,18.131129046255314,43.81888397118806,2,1
4941,4941.압구정로 11길,5034,298.0,937.0,1858.0,18.61342868494239,36.90901867302344,1,1
4942,4942.율현삼거리,1765,73.0,382.0,476.0,21.643059490084987,26.96883852691218,1,1
4944,4944.젠빌딩,807,143.0,192.0,167.0,23.79182156133829,20.693928128872365,1,3
4951,4951. 강동농협 버스정류소 앞(광채빌라),9065,1719.0,1431.0,2465.0,15.785990071704356,27.19249862107005,1,1
4952,4952.천호시장 버스정류소 옆,17031,3142.0,2112.0,4927.0,12.400915976748282,28.929598966590337,3,1
4953,4953. 세양청마루아파트 앞,17497,3112.0,2777.0,4299.0,15.871292221523689,24.569926273075385,3,1
4954,4954. 신명초등학교 건너편,6104,1914.0,547.0,1404.0,8.961336828309305,23.001310615989514,1,1
4956,4956. 암사역사공원역 1번출구,3419,626.0,579.0,1020.0,16.934776250365605,29.8332845861363,1,1
4957,4957. 신명초교 교차로,14407,2925.0,1824.0,3901.0,12.660512250989104,27.0771152911779,3,1
4958,4958. 고덕래미안힐스테이트 아파트 211동,6707,2245.0,446.0,1449.0,6.649768898166094,21.60429402117191,1,1
4959,4959. 암사역사공원역 3번출구,2642,885.0,600.0,379.0,22.71006813020439,14.345193035579108,1,3
4960,4960.고덕비즈밸리 지식산업센터 A,7813,250.0,3579.0,1211.0,45.808268270830666,15.499808012287215,1,4
4962,4962.고덕비즈밸리 디엠스퀘어 앞,9689,197.0,4658.0,1239.0,48.07513675301889,12.787697388791413,1,4
4964,4964.암사역사공원역 1번출구 A,19460,3780.0,6057.0,3210.0,31.125385405960948,16.495375128468652,3,3
4965,4965.고덕비즈밸리 쿠쿠강동빌딩,14827,240.0,4430.0,4901.0,29.877925406353274,33.0545626222432,3,3
4968,4968.강동구 자원순환센터,634,19.0,205.0,194.0,32.33438485804416,30.5993690851735,1,3
5052,5052. 마곡역 7번출구,66948,13873.0,17656.0,12349.0,26.372707175718467,18.445659317679393,4,2
5053,5053. 신마곡벽산블루밍메트로오피스텔앞,20643,4652.0,3182.0,4892.0,15.414426197742575,23.69810589546093,3,1
5055,5055. 마곡역5번출구앞,22606,2587.0,6257.0,4620.0,27.67849243563656,20.437052110059277,3,3
5057,5057. 마곡역4번출구,22623,1448.0,6243.0,4695.0,27.595809574327014,20.753215753878795,3,3
5059,5059. 화곡2동주민센터,12136,3059.0,1517.0,3114.0,12.5,25.659195781146998,3,1
5061,5061. 우장산동 가곡어린이공원앞,47558,6724.0,7490.0,12071.0,15.749190462172505,25.381639261533284,2,2
5064,5064. 양천향교역8번출구,30120,7583.0,5924.0,5712.0,19.667994687915005,18.96414342629482,2,2
5065,5065. 허준박물관삼거리,22157,5180.0,3305.0,5036.0,14.91627927968588,22.72870876021122,3,2
5066,5066. 아망떼마곡전시장,23696,1247.0,9762.0,3105.0,41.196826468602296,13.103477380148549,3,4
5067,5067. 주원 리젠트 앞,9497,2241.0,1083.0,2209.0,11.403601137201221,23.259976834789935,1,1
5070,5070. 마곡13단지힐스테이트마스터 후문(1320동 앞),40631,12800.0,4827.0,9223.0,11.880091555708695,22.699416701533313,2,2
5072,5072. 김포공항입구 교통섬,6547,1178.0,1103.0,1678.0,16.847411027951733,25.630059569268365,1,1
5073,5073. 우장산역 헤링턴타워 앞,16554,1901.0,2669.0,4409.0,16.122991422012806,26.634046151987434,3,1
5074,"5074. 마곡엠밸리14단지 버스정류장(마곡엠밸리11,12단지상가방면)",41860,6235.0,8619.0,8440.0,20.59006211180124,20.16244624940277,2,2
5075,5075. 등촌역 1번출구,15228,2099.0,2573.0,3853.0,16.89650643551353,25.302075124770163,3,1
5076,5076. 메이필드호텔앞,10944,689.0,5856.0,1141.0,53.50877192982456,10.425804093567251,3,4
5078,5078. 왈도강서캠퍼스 앞,13311,3177.0,1846.0,3221.0,13.868229284050784,24.198031703102696,3,1
5080,5080. 가양역 1번출구,42174,7507.0,9036.0,9268.0,21.425522833973538,21.9756247925262,2,2
5082,5082. 가양역 7번출구,61448,8444.0,15373.0,13459.0,25.01790131493295,21.9030725165994,4,2
5084,5084. 강서우체국,19165,3795.0,3981.0,3838.0,20.772241064440387,20.026089225150013,3,3
5086,5086. 가양테크노타운,21677,1368.0,5293.0,6090.0,24.417585459242517,28.094293490796694,3,3
5087,5087. 연세강서빌딩,28395,7326.0,4002.0,7013.0,14.094030639197042,24.69801021306568,2,2
5088,5088. 등촌역 센터스퀘어,15786,1406.0,2750.0,4175.0,17.420499176485492,26.44748511339161,3,1
5089,5089. LG사이언스파크 E10동,21585,1135.0,9786.0,888.0,45.33703961084086,4.113968033356498,3,4
5090,5090. 대상연구소,10772,464.0,5631.0,977.0,52.2744151503899,9.069810620126253,1,4
5091,5091. 보타닉파크타워2,19571,803.0,6588.0,2934.0,33.66205099381738,14.991569158448726,3,4
5095,5095. 원당근린공원,35410,5201.0,6329.0,9585.0,17.873482067212652,27.068624682293134,2,2
5096,5096. LG사이언스파크 E14동,44505,4127.0,25012.0,976.0,56.200426918323785,2.193012021121222,2,4
5097,5097. LG사이언스파크 E2동,15860,636.0,8720.0,717.0,54.98108448928121,4.520807061790668,3,4
5098,5098. LG사이언스파크 W4동,12338,5138.0,3285.0,837.0,26.625060787810018,6.78391959798995,3,3
5099,5099. LG사이언스파크 E7동,21199,789.0,11323.0,1067.0,53.41289683475635,5.033256285673852,3,4
5100,5100. 강서도로사업소,3733,322.0,1505.0,420.0,40.31609965175462,11.251004553978033,1,4
5151,5151.진넥스베르디엠 앞,18837,2736.0,3110.0,4868.0,16.510059988320858,25.842756277538886,3,1
5152,5152.이스트폴 105동 방면 입구,9114,1318.0,1434.0,2696.0,15.734035549703753,29.580864603906075,1,1
5153,5153.한강버스 뚝섬 선착장,58351,1188.0,10327.0,23905.0,17.698068584942845,40.967592671933645,4,2
5154,5154.광진구청 앞,16894,1354.0,3706.0,4327.0,21.93678228957026,25.61264354208595,3,3
5155,5155.광진경찰서 앞,13690,3382.0,1906.0,3404.0,13.922571219868518,24.864864864864867,3,1
5301,5301. 상계주공1단지 버스정류장 옆(대원빌딩 앞),26378,3000.0,4584.0,7081.0,17.37811812874365,26.844339980286602,3,1
5305,5305. 대륜E&S 서울지사 앞,7512,1053.0,979.0,1870.0,13.03248136315229,24.89350372736954,1,1
5308,5308. 상계신동아아파트,1788,200.0,196.0,663.0,10.961968680089486,37.080536912751676,1,1
5309,5309. 월계 롯데캐슬아파트 뒤,13461,2791.0,1596.0,3591.0,11.856474258970358,26.67706708268331,3,1
5310,5310. 목련아파트,9588,2434.0,1202.0,1938.0,12.536503963287442,20.212765957446805,1,1
5311,5311. 주공601동 상가 노원지하보도 앞,30225,2018.0,6123.0,7918.0,20.258064516129032,26.19685690653433,3,1
5313,5313. 중계주공2단지 앞,9656,1362.0,1235.0,2918.0,12.789975144987572,30.219552609776308,1,1
5314,5314. 월계1동주민센터 앞,11017,1364.0,1703.0,2707.0,15.457928655713896,24.571117364073704,1,1
5315,5315. 불암산역 앞,4040,667.0,619.0,1030.0,15.321782178217822,25.495049504950494,1,1
5317,5317. 공릉동 신도1차 아파트 뒤,13503,2125.0,1967.0,3463.0,14.56713322965267,25.646152706805896,3,1
5318,5318. 극동의 푸른별 아파트 뒤(중계4동주민센터 앞),10356,2496.0,1031.0,2215.0,9.955581305523369,21.388567014291233,1,1
5319,5319. 연해피빌 앞,16378,1782.0,2444.0,3084.0,14.922456954451095,18.830137989986568,3,3
5320,5320. 국제 스케이트장,869,46.0,147.0,228.0,16.915995397008054,26.237054085155354,1,1
5321,5321.불암아파트 앞,8023,1150.0,1128.0,2268.0,14.059578711205283,28.268727408699988,1,1
5322,5322.노원성당 앞,8216,1931.0,987.0,2318.0,12.013145082765336,28.213242453748784,1,1
5323,5323. 하계역 4번출구 앞,15899,2014.0,2939.0,3816.0,18.485439335807282,24.001509528901188,3,1
5325,5325.상계주공7단지 아파트 앞,13955,1292.0,2115.0,3829.0,15.155858115370835,27.438194195628807,3,1
5326,5326. 대진고교앞 교차로,15515,1792.0,2312.0,4252.0,14.901708024492427,27.405736384144376,3,1
5327,5327. 태릉선수촌 앞,555,21.0,122.0,152.0,21.98198198198198,27.387387387387385,1,1
5328,5328.롯데캐슬시그니처아파트 앞,10466,1967.0,1556.0,2519.0,14.867188992929487,24.06841200076438,1,1
5329,5329. 상계주공15단지 1509동 앞,10750,2337.0,1489.0,2445.0,13.851162790697675,22.74418604651163,1,1
5330,5330. 구립수락노인종합복지관,9782,2005.0,1579.0,2344.0,16.14189327335923,23.962379881414844,1,1
5331,5331. 공릉동 풍림아파트 112동 앞,2893,897.0,445.0,539.0,15.381956446595229,18.631178707224336,1,3
5332,5332. 마들역 4번출구,12455,2202.0,1780.0,3137.0,14.291449217181853,25.18667201926937,3,1
5333,5333. 노원역9번-10번 출구 앞,35229,1787.0,8044.0,9586.0,22.833461069005647,27.210536773680776,2,3
5334,5334. 화랑대역 3번출구,3222,430.0,686.0,645.0,21.291123525760398,20.01862197392924,1,3
5335,5335. 하계역 1번 출구,10653,924.0,2455.0,2601.0,23.045151600488126,24.415657561250352,1,3
5336,5336. 월계 고등학교 앞,4324,451.0,536.0,635.0,12.395929694727105,14.685476410730805,1,3
5337,5337. 태강릉 앞,1169,62.0,187.0,474.0,15.996578272027373,40.547476475620186,1,1
5338,5338. 상계초교 입구 교차로,14117,902.0,2457.0,3778.0,17.40454770843664,26.76205992774669,3,1
5339,5339. 은빛1단지 아파트 앞,2422,254.0,373.0,619.0,15.400495458298927,25.55739058629232,1,1
5341,5341.공릉동효성아파트 앞,12728,1905.0,1466.0,3473.0,11.517913262099308,27.28629792583281,1,1
5342,5342. 상계공원 입구,10017,2193.0,1245.0,2664.0,12.428870919436957,26.5947888589398,1,1
5503,5503. 마포아트센터 앞,17067,3753.0,1880.0,3653.0,11.015409855276264,21.403878830491593,3,1
5504,5504.아현교회,3453,426.0,896.0,731.0,25.948450622646973,21.169997103967564,1,3
5506,5506. 월드컵참누리아파트,10353,2442.0,1389.0,2710.0,13.41640104317589,26.175987636433884,1,1
5507,5507. 아현래미안푸르지오아파트 104동 앞,3433,1012.0,271.0,925.0,7.8939702883775125,26.944363530439848,1,1
5508,5508. 성산유수지공원,14654,2203.0,2219.0,4276.0,15.142623174559846,29.179746144397434,3,1
5509,5509.신석초교 앞,8626,1536.0,1234.0,2461.0,14.305587757941108,28.53002550428936,1,1
5513,5513. 마포음식문화거리,13759,2110.0,2206.0,4024.0,16.033141943455192,29.246311505196598,3,1
5514,5514.공덕역 1번출구,16522,1516.0,3574.0,4207.0,21.631763708994068,25.463019004963076,3,3
5515,5515.한강버스 망원 선착장,97178,2477.0,14333.0,42817.0,14.749223075181625,44.060384037539364,4,2
5601,5601.감정평가사회관앞,1343,120.0,340.0,375.0,25.31645569620253,27.922561429635145,1,3
5602,5602.래미안신반포리오센트 후문,4175,513.0,659.0,1560.0,15.78443113772455,37.365269461077844,1,1
5651,5651.한강버스 옥수 선착장,48408,1843.0,9067.0,19084.0,18.730375144604196,39.42323582878863,2,2
5751,5751. 송파여성축구장,6098,503.0,1165.0,2111.0,19.104624467038374,34.617907510659236,1,1
5752,5752. 풍납백제문화공원 옆 인근,33268,6897.0,3929.0,9712.0,11.810147889864133,29.19321870866899,2,2
5753,5753. 호반써밋,9845,1781.0,1670.0,2502.0,16.962925342813612,25.413915693245304,1,1
5756,5756. 극동아파트,11761,2247.0,2275.0,2400.0,19.343593231868038,20.40642802482782,1,3
5758,5758. 올림픽선수기자촌아파트 123동 근처,9566,1438.0,1224.0,2790.0,12.795316746811626,29.165795525820613,1,1
5759,5759. 풍납근린공원,9784,1015.0,2093.0,2599.0,21.392068683565004,26.563777596075226,1,1
5760,5760. 풍납사거리 성내유수지,12833,1426.0,2687.0,3499.0,20.938206187173694,27.265643263461385,3,1
5761,5761. 버섯분수대,12230,1613.0,2262.0,3003.0,18.495502861815208,24.55437448896157,1,1
5763,5763. 세륜초등학교 건너편,4745,447.0,797.0,1400.0,16.796628029504742,29.50474183350896,1,1
5764,5764. 한국체육대학교,10341,649.0,2224.0,3036.0,21.506624117590174,29.35886277922831,1,1
5765,5765. 삼전동주민센터 건너편,28216,5596.0,4195.0,7297.0,14.867451091579245,25.861213495888858,2,2
5766,5766. 북위례1,4499,796.0,507.0,1259.0,11.269170926872638,27.983996443654146,1,1
5767,5767. 북위례2,3074,604.0,325.0,886.0,10.572543916720885,28.822381262199087,1,1
5768,5768.방이삼거리,64144,6650.0,11209.0,17926.0,17.474744325268148,27.946495385382892,4,2
5773,5773. 송파시그니처롯데캐슬,3937,1100.0,478.0,1081.0,12.141224282448565,27.457454914909828,1,1
5774,5774. 가락본동주민센터 인근,16164,2103.0,3050.0,3566.0,18.86909180895818,22.061370947785203,3,3
5775,5775. 가락시장역 5번출구,10615,1435.0,2442.0,1987.0,23.00518134715026,18.718794159208667,1,3
5777,5777. 호반써밋12단지,6477,1509.0,784.0,1515.0,12.10436930677783,23.390458545622973,1,1
5778,5778. 북위례3,5523,641.0,748.0,1693.0,13.54336411370632,30.65363027340214,1,1
5779,5779. 나래교,4000,1119.0,545.0,908.0,13.625000000000002,22.7,1,1
5780,5780. 송파세무서,4786,414.0,1608.0,670.0,33.59799414960301,13.999164229001254,1,4
5781,5781. 올림픽공원 수영장,49519,7562.0,6366.0,11436.0,12.855671560411155,23.09416587572447,2,2
5782,5782. 오금현대 아파트 상가입구 앞,8897,1133.0,1919.0,2113.0,21.569068225244465,23.749578509609982,1,3
5783,5783.성내5교 2,5201,610.0,933.0,1749.0,17.938857911940012,33.628148432993655,1,1
5784,5784.한강버스 잠실 선착장,51916,1625.0,7522.0,24040.0,14.488789583172817,46.30557053702134,2,2
5785,5785.한림연예예술고등학교,3541,704.0,422.0,789.0,11.917537418808246,22.281841287771815,1,1
5786,5786.문정로데오거리입구,1397,164.0,295.0,410.0,21.11667859699356,29.34860415175376,1,1
5851,5851. 도림천 건널목 위,20653,4209.0,2612.0,5409.0,12.647073064445843,26.189899772430152,3,1
5852,5852. 대림동현대2차 201동 앞,3261,532.0,404.0,858.0,12.38883777982214,26.310947562097514,1,1
5853,5853. 여의도역2번출구 앞,21694,4047.0,7339.0,2800.0,33.829630312528806,12.906794505393195,3,4
5854,5854. 신한금융투자 앞,3,0.0,0.0,2.0,0.0,66.66666666666666,1,1
5855,5855. 하이투자증권 앞,4,0.0,0.0,2.0,0.0,50.0,1,1
5857,5857. U레지던스 앞,11526,3583.0,1274.0,2936.0,11.053270865868472,25.47284400485858,3,1
5858,5858. 영등포역5번출구,59215,11977.0,9522.0,15584.0,16.08038503757494,26.317655999324497,4,2
5859,5859. 여의도 삼부아파트,21748,2742.0,4839.0,5979.0,22.25032186867758,27.492183189258785,3,1
5860,5860. 어울림병원 앞,11301,2779.0,1348.0,2840.0,11.928147951508716,25.130519423059905,1,1
5861,5861. 보라주유소 앞,8420,1575.0,1382.0,2046.0,16.413301662707838,24.299287410926365,1,1
5862,5862. 당산역11번출구,39067,7629.0,9082.0,8632.0,23.247241917731078,22.0953746128446,2,2
5864,5864.장훈고 앞,8976,2125.0,880.0,1887.0,9.803921568627452,21.022727272727273,1,1
5865,5865.더리브오피스텔 앞,27238,8201.0,3598.0,6830.0,13.209486746457156,25.075262500917834,2,2
5866,5866.포레나 당산,39226,2932.0,8326.0,10840.0,21.225717636261663,27.634732065466782,2,2
5867,5867. H타워 앞,40583,14139.0,8223.0,7780.0,20.262178744794618,19.170588670132815,2,2
5868,5868. 로프트시티오피스텔,27549,5784.0,3977.0,7302.0,14.436095684053868,26.505499292170313,2,2
5869,5869. 영등포아트홀 앞,13429,1522.0,2609.0,2917.0,19.428103358403455,21.72164718147293,3,3
5870,5870. LG트윈타워 앞,39905,4204.0,11530.0,9018.0,28.89362235308858,22.598671845633376,2,2
5871,5871. 건영상가 앞,7095,1888.0,919.0,1621.0,12.95278365045807,22.84707540521494,1,1
5872,5872. 서경팰리스 앞,11505,1705.0,1626.0,2736.0,14.132985658409385,23.78096479791395,1,1
5876,5876. 에이스하이테크시티 4동 앞,10934,516.0,4514.0,1435.0,41.284068044631425,13.124199743918052,1,4
5877,5877. 문래동 꽃밭정원,12558,1688.0,2597.0,3370.0,20.68004459308807,26.83548335722249,3,1
5878,5878. 우리은행 앞,29951,822.0,14448.0,5173.0,48.238790023705384,17.271543521084435,2,4
5879,5879. 국회도서관 2문 앞,3230,129.0,1144.0,581.0,35.417956656346746,17.987616099071207,1,4
5880,5880. 국회박물관,1616,34.0,383.0,126.0,23.700495049504948,7.797029702970297,1,3
5881,5881. 세계청소년NGO교육문화원,24304,4426.0,4267.0,6069.0,17.556780776826862,24.97119815668203,3,2
5882,5882. 휴젠느,41285,10823.0,6522.0,10202.0,15.797505147147875,24.711154172217512,2,2
5883,5883. 영문초사거리,34310,4293.0,6942.0,8427.0,20.233168172544445,24.56135237540076,2,2
5884,5884. GS강서타워,27758,4208.0,7973.0,5077.0,28.72325095467973,18.290222638518625,2,3
5885,5885. 신정교하부(도림천역 방면),16563,2926.0,2703.0,4631.0,16.319507335627602,27.95991064420697,3,1
5886,5886.신풍역 2번출구,25241,2634.0,4831.0,6497.0,19.139495265639237,25.739867675607147,3,1
5887,5887.나루마을 마당공원,33887,9848.0,5015.0,8213.0,14.799185528373712,24.236432850355595,2,2
5888,5888.여의도성당,1600,106.0,644.0,392.0,40.25,24.5,1,4
5889,5889.의원회관출입구 앞,2984,158.0,897.0,490.0,30.060321715817693,16.420911528150135,1,3
5890,5890.여의나루역 3번출구,19097,1829.0,3816.0,7191.0,19.982196156464365,37.65512907786564,3,1
5891,5891.한강버스 여의도 선착장,61488,837.0,10765.0,26264.0,17.507481134530316,42.71402550091074,4,2
5892,5892.국회의사당본관 좌측,3227,234.0,1502.0,255.0,46.54477843198016,7.902076231794236,1,4
5893,5893.한국산업은행,14952,592.0,7852.0,1331.0,52.514713750668804,8.901819154628143,3,4
5894,5894.영등포세무서,10628,963.0,3169.0,1964.0,29.817463304478736,18.4794881445239,1,3
5895,5895.생각공장당산,14326,1691.0,3869.0,2460.0,27.00684070920006,17.171576155242217,3,3
5896,5896.영등포구청역 6번출구,13206,2280.0,2757.0,2799.0,20.876874148114492,21.194911403907316,3,3
5897,5897.여의도공작아파트,2292,130.0,717.0,740.0,31.282722513089006,32.28621291448517,1,3
5898,5898.당산역 1번출구,1236,69.0,350.0,312.0,28.317152103559874,25.24271844660194,1,3
6053,6053. 중부세무서 앞,3158,230.0,662.0,653.0,20.96263457884737,20.677644078530715,1,3
6054,6054.청구e편한세상아파트 113동 앞,14956,2875.0,2198.0,3565.0,14.6964428991709,23.83658732281359,3,1
6055,6055. 한국경제,5880,1188.0,1534.0,859.0,26.08843537414966,14.608843537414968,1,3
6057,6057. 을지로5가(방산시장),7523,1317.0,1517.0,1632.0,20.164827861225575,21.693473348398246,1,3
6058,6058. 시청역 2번출구,34914,9096.0,8584.0,5161.0,24.586125909377326,14.782035859540585,2,2
6059,6059. 덕수중학교,7527,1062.0,1658.0,1382.0,22.02736814135778,18.360568619635977,1,3
6060,6060. 신한은행 본점,15501,1756.0,4867.0,2083.0,31.397974324237143,13.437842719824527,3,4
6061,6061.충무아트센터,13472,1600.0,2021.0,2783.0,15.001484560570072,20.657660332541568,1,1
6062,6062.서울역파출소,3419,1121.0,536.0,831.0,15.677098566832406,24.30535244223457,1,1
6063,6063.NH농협은행(신당역6번출구),4793,347.0,795.0,1199.0,16.586688921343626,25.01564781973712,1,1
6171,6171. 월드빌딩 앞,15730,1502.0,2753.0,4236.0,17.50158931977114,26.929434202161474,3,1
6172,6172. 가양5단지아파트,4940,1392.0,637.0,965.0,12.894736842105264,19.534412955465587,1,1
6173,6173. 서울자동차운전전문학원,3263,229.0,849.0,599.0,26.019000919399325,18.357339871284097,1,3
6176,6176. 유광사 여성병원 앞,10313,1570.0,1624.0,2700.0,15.747115291379812,26.180548821875306,1,1
6177,6177. 마곡롯데캐슬르웨스트,33687,7423.0,5830.0,7150.0,17.306379315462937,21.224804820850775,2,2
6178,6178. 마스터밸류에이스 지식산업센터,10230,680.0,3176.0,2264.0,31.04594330400782,22.130987292277617,1,3
6180,6180.양천향교역 3번출구,9660,1888.0,1775.0,2287.0,18.374741200828158,23.67494824016563,1,1
6182,6182.오스템임플란트비전타워,7221,298.0,3895.0,516.0,53.939897521118965,7.145824678022435,1,4
6183,6183.K스퀘어 마곡,24228,2776.0,7255.0,5007.0,29.944692091794618,20.666171371966318,3,3
6184,6184. 한강버스 마곡 선착장,14081,569.0,2273.0,5651.0,16.14231943753995,40.132092891129886,3,1
6185,6185.가양나들목,1526,223.0,173.0,532.0,11.336828309305373,34.862385321100916,1,1
6187,6187.마곡119안전센터 맞은편,3832,1207.0,507.0,598.0,13.230688935281837,15.605427974947808,1,3
6188,6188.금호아파트,7874,1229.0,1631.0,1799.0,20.713741427482855,22.84734569469139,1,3
6189,6189.데시앙플렉스 지식산업센터,5266,558.0,1434.0,951.0,27.231295100645653,18.059248006076718,1,3
6190,6190.마곡광장(마곡나루역 6번출구),11011,3376.0,2455.0,2037.0,22.29588593224957,18.499682136045774,3,3
9980,AS센터,134,10.0,30.0,1.0,22.388059701492537,0.7462686567164178,1,3
