대여소번호,대여소명,전체 이용건수,평일출근이용건수,평일퇴근이용건수,주말이용건수,평일출근비중,평일퇴근비중,주말비중,군집_이용건수,군집_이용비중,위도,경도
2715,2715.마곡나루역 2번 출구 ,173645,37531,42945,35006,0.2161363701805407,0.2473149241268104,0.2015952086152783,3,1,37.56692505,126.82743835
1210,1210. 롯데월드타워(잠실역2번출구 쪽),122673,15850,36630,31317,0.1292052855966675,0.2985987136533711,0.2552884497811254,3,1,37.51312637,127.10095978
2728,2728.마곡나루역 3번 출구,121698,24221,30696,19691,0.1990254564577889,0.252230932307844,0.1618021660175188,3,1,37.56580353,126.82807922
2701,2701. 마곡나루역 5번출구 뒤편,114953,41240,26959,16553,0.3587553173905857,0.2345219350517167,0.1439979817838595,3,0,37.56520081,126.82731628
5515,5515.한강버스 망원 선착장,97178,2477,14333,42817,0.0254893082796517,0.1474922307518162,0.4406038403753936,2,3,37.55466461,126.89590454
1153,"1153. 발산역 1번, 9번 인근 대여소",96067,11272,18663,21977,0.117334776770379,0.1942706652648672,0.2287674227362153,2,1,37.55894852,126.83717346
230,230. 영등포구청역 7번출구,90789,19004,19217,18943,0.2093205123968762,0.2116666115939155,0.2086486248334049,2,1,37.52463531,126.89621735
502,502. 자양(뚝섬한강공원)역 1번출구 앞,88882,10099,17484,28850,0.1136225557480704,0.1967102450439909,0.3245876555433046,2,3,37.53186035,127.06719208
2622,2622. 올림픽공원역 3번출구,79556,10549,16141,24539,0.1325984212378702,0.2028885313489868,0.3084493941374629,2,3,37.51625824,127.13059235
2608,2608. 송파구청,79455,8444,18790,22675,0.1062739915675539,0.2364860612925555,0.285381662576301,2,3,37.5150528,127.10626984
1124,1124. 발산역 6번 출구 뒤,72977,8440,16093,18731,0.1156528769338284,0.2205215341820025,0.2566699096975759,2,3,37.55817795,126.8384552
1911,1911. 구로디지털단지역 앞,70484,12588,17379,15256,0.178593723398218,0.2465665966744225,0.2164462856818568,2,1,37.48493958,126.90132141
792,792.목동트라팰리스 웨스턴에비뉴,70074,2476,14179,20140,0.0353340754059993,0.2023432371492993,0.2874104518080886,2,3,37.52537155,126.8709259
769,769.CBS방송국 앞,69556,3096,17054,21890,0.0445108976939444,0.2451837368451319,0.3147104491345103,2,3,37.52785492,126.87467194
4217,4217. 한강공원 망원나들목,69466,3393,9963,27361,0.0488440388103532,0.1434226815996314,0.3938761408458814,2,3,37.55557632,126.89688873
3533,3533. 건대입구역 사거리(롯데백화점),68937,6295,13138,20609,0.0913152588595384,0.1905798047492638,0.2989541175275976,2,3,37.53913879,127.07061768
247,247. 당산역 10번출구 앞,67725,9277,16523,16637,0.1369804355850867,0.2439719453672942,0.2456552233296419,2,1,37.53342056,126.90223694
785,"785.양천구청, 보건소 사잇길",67616,4734,16311,16048,0.0700130146710837,0.241229886417416,0.2373402744912446,2,1,37.51747513,126.86632538
4870,4870. 몽촌토성역 3번 출구,67510,7593,13225,18680,0.1124722263368389,0.1958969041623463,0.276699748185454,2,3,37.5170784,127.11232758
272,272. 당산육갑문,67379,6341,13233,21863,0.0941094406269015,0.1963965033615815,0.3244779530714317,2,3,37.53533936,126.90367889
1160,1160. 양천향교역 7번출구앞,67279,11227,13835,14595,0.166872278125418,0.2056362312162784,0.2169324752151488,2,1,37.56768036,126.84089661
1166,1166. 강서구립등빛도서관,67255,14860,10681,16184,0.2209501152330681,0.158813471117389,0.2406363839119768,2,0,37.56256866,126.84246063
3939,3939.신도림역 3번출구,67072,7366,20285,16485,0.1098222805343511,0.3024361879770992,0.2457806536259542,2,1,37.50760651,126.89134979
5052,5052. 마곡역 7번출구,66948,13873,17656,12349,0.2072205293660751,0.2637270717571847,0.1844565931767939,2,1,37.55974579,126.8243866
765,765. 오목교역 3번출구,66480,5130,13856,19363,0.0771660649819494,0.2084235860409145,0.2912605294825511,2,3,37.52477646,126.87548065
4565,4565. 영등포 신세계백화점,66307,3349,15664,22244,0.0505074878972054,0.2362344850468276,0.3354698598941288,2,3,37.51803589,126.90364838
2102,2102. 봉림교 교통섬,65867,4385,11018,20677,0.0665735497289993,0.1672764813943249,0.3139204761109508,2,3,37.48408508,126.92688751
5768,5768.방이삼거리,64144,6650,11209,17926,0.1036729857819905,0.1747474432526814,0.2794649538538289,2,3,37.51229095,127.10825348
2733,2733.마곡13단지 정문 앞,63937,19670,7147,14560,0.307646589611649,0.1117819103179692,0.2277241659758825,2,0,37.5586319,126.81991577
3798,3798. 그랜드아이파크아파트 앞,63748,17251,9914,14419,0.2706124113697685,0.1555186045052393,0.226187488234925,2,0,37.55510712,126.85154724
583,583. 청계천 생태교실 앞,62641,5237,10310,22958,0.0836033907504669,0.1645886879200523,0.3665011733529158,2,3,37.56797028,127.04689026
2721,2721.등촌1-10단지 교차로,62188,15675,13075,11807,0.2520582749083424,0.2102495658326365,0.1898597800218691,2,0,37.56320572,126.8393631
5891,5891.한강버스 여의도 선착장,61488,837,10765,26264,0.0136124121779859,0.1750748113453031,0.4271402550091074,2,3,37.52816391,126.93422699
5082,5082. 가양역 7번출구,61448,8444,15373,13459,0.1374170029944017,0.2501790131493295,0.219030725165994,2,1,37.56019592,126.8549118
2620,2620. 송파나루역 4번 출구옆,61183,8321,10639,17390,0.1360018305738522,0.173888171550921,0.2842292793749897,2,3,37.50997925,127.11231232
529,529. 장한평역 8번 출구 앞,60925,15391,13523,10446,0.2526220763233484,0.2219614279852277,0.1714567090685268,2,0,37.56137085,127.06365967
1050,1050.  둔촌역 3번 출입구,60119,8242,10510,15189,0.137094762055257,0.1748199404514379,0.252648912989238,2,3,37.52678299,127.13557434
113,113. 홍대입구역 2번출구 앞,59869,7195,16839,13647,0.1201790576091132,0.2812640932703068,0.227947685780621,2,1,37.5574379,126.9238205
1906,1906. 신도림역 1번 출구 앞,59498,13084,15252,13357,0.219906551480722,0.25634475108407,0.2244949410064204,2,1,37.50971985,126.89009857
1151,1151. 마곡역1번출구,59399,10580,14417,12449,0.1781174767251974,0.2427145238135322,0.2095826529066146,2,1,37.56020737,126.82414246
5858,5858. 영등포역5번출구,59215,11977,9522,15584,0.2022629401334121,0.1608038503757493,0.2631765599932449,2,0,37.51669312,126.90807343
3534,3534. 건대입구역 5번출구 뒤,58808,6405,10722,15939,0.1089137532308529,0.1823221330431234,0.2710345531220242,2,3,37.5401268,127.06949615
5153,5153.한강버스 뚝섬 선착장,58351,1188,10327,23905,0.020359548251101,0.1769806858494284,0.4096759267193364,2,3,37.52961349,127.06626129
508,508. 성수아카데미타워 앞,57587,14798,14242,9182,0.2569677184086686,0.2473127615607689,0.1594457082327608,2,1,37.54516602,127.05751038
1009,1009. 천호역4번출구(현대백화점),57506,4566,14003,16393,0.0794004103919591,0.24350502556255,0.285065906166313,2,3,37.53866577,127.12424469
1867,1867.대륭포스트타워6차 앞,56544,10846,20542,7516,0.1918152235427278,0.3632923033389926,0.1329230333899264,2,2,37.48088837,126.88380432
2717,2717.LG유플러스 마곡사옥,56514,4110,27175,4611,0.0727253423930353,0.4808543015889868,0.0815904023781717,2,2,37.56133652,126.83390045
1222,1222. 잠실새내역 5번 출구 뒤,55811,5087,10775,15798,0.0911469065238035,0.1930622995466843,0.2830624787228324,2,3,37.51198196,127.08505249
781,781.신정보도육교 아래,55742,15176,7785,13542,0.2722543145204693,0.139661296688314,0.2429406910408668,2,0,37.51759338,126.8765564
3518,3518. 군자역 7번출구뒤,55695,10080,11586,12530,0.1809857258281713,0.2080258551036897,0.2249753119669629,2,1,37.55686188,127.07913971
1625,1625. 상계역 3번출구,55091,8151,9421,13974,0.1479552013940571,0.1710079686337151,0.2536530467771505,2,3,37.65999985,127.07296753
4574,4574. 영등포시장역 포레나영등포,54936,9107,11367,13210,0.1657747196738022,0.206913499344692,0.2404616280763069,2,1,37.52341461,126.90540314
1112,1112. 마곡엠밸리4단지 정문,54666,7179,11168,13018,0.1313247722533201,0.2042951743313943,0.2381370504518347,2,1,37.56857681,126.8247757
1152,1152. 마곡역교차로,54446,7831,14814,10355,0.1438305844322815,0.2720861036623443,0.1901884435954891,2,1,37.55831146,126.82652283
4543,4543. 오목교역 6번 출구,53602,6509,12880,13489,0.1214320361180553,0.240289541435021,0.2516510577963509,2,1,37.5236702,126.87567139
2739,2739.수명산파크1단지교차로,53373,15205,6973,11926,0.2848818691098495,0.1306465816049313,0.2234463118055946,2,0,37.55363083,126.82861328
4457,4457. 아산병원 기숙사 부근,53097,3544,15640,8567,0.06674576718082,0.294555247942445,0.1613462154170668,2,1,37.52478027,127.10913086
726,726. 목동3단지 시내버스정류장,52964,11717,7617,13247,0.2212257382372932,0.1438146665659693,0.2501132844951287,2,0,37.5343895,126.86959839
585,585. 성수2가1동 공영주차장 인근,52416,8506,9680,14369,0.1622786935286935,0.1846764346764347,0.2741338522588523,2,3,37.53680801,127.05548859
797,797.목동아파트 1422동 1434동 사잇길,52209,11270,8009,13515,0.2158631653546323,0.1534026700377329,0.258863414353847,2,0,37.51515579,126.87248993
708,708. 서울출입국관리사무소 앞,52154,7270,10462,12530,0.1393948690416842,0.2005982283238102,0.2402500287609771,2,1,37.51897049,126.8699646
5784,5784.한강버스 잠실 선착장,51916,1625,7522,24040,0.0313005624470298,0.1448878958317281,0.4630557053702134,2,3,37.5177536,127.08446503
1019,1019. 다성이즈빌아파트(호원대 대각선 맞은편),51646,10806,8355,12228,0.2092320799287456,0.1617743871742245,0.2367656740115401,2,0,37.52679443,127.13005829
3569,3569.건대병원후문,51584,7456,9348,11168,0.1445409429280397,0.1812189826302729,0.216501240694789,2,1,37.53956604,127.0724411
4571,4571. 문래동롯데캐슬아파트,51277,12442,9487,11654,0.2426429003256821,0.1850147239503091,0.2272753866255826,2,0,37.51800156,126.88459778
1158,1158. 가양역 8번출구,51228,7541,11021,11453,0.147204653705005,0.2151362536113063,0.2235691418755368,2,1,37.56103516,126.85481262
1190,1190. 마곡역 교차로(2번출구),51145,6189,13143,11983,0.1210088962752957,0.2569752663994525,0.2342946524586958,2,1,37.5605011,126.82665253
770,770.목동역5번출구,50444,7563,11630,9877,0.1499286337324558,0.2305526920942034,0.1958012845928158,2,1,37.52571487,126.86486816
1078,1078.둔촌사거리,49945,7191,7127,15458,0.1439783762138352,0.1426969666633296,0.3095004504955451,2,3,37.52197647,127.13362122
5781,5781. 올림픽공원 수영장,49519,7562,6366,11436,0.1527090611684404,0.1285567156041115,0.2309416587572447,2,0,37.52157211,127.12688446
4561,4561. 양평역 1번출구,49418,12586,10463,9897,0.254684527904812,0.2117244728641385,0.200271156258853,2,0,37.52572632,126.88600159
3780,3780. 등촌서광아파트,49309,11197,7758,11903,0.2270782210144192,0.1573343608671845,0.2413960940193474,2,0,37.55755234,126.85625458
240,240. 문래역 4번출구 앞,48986,10085,10930,10452,0.2058751480014698,0.2231249744825052,0.2133670844731147,2,1,37.51873779,126.89557648
1020,1020. 강동경찰서,48978,9883,7768,9830,0.2017844746620931,0.1586018212258565,0.2007023561599085,2,0,37.52825165,127.12680054
1925,1925. 동양미래대학교 정문 옆,48965,6598,7521,13120,0.1347493107321556,0.1535995098539773,0.2679464923925252,2,3,37.49988937,126.86769867
5651,5651.한강버스 옥수 선착장,48408,1843,9067,19084,0.0380722194678565,0.1873037514460419,0.3942323582878863,2,3,37.53970718,127.01789856
1167,1167. 마곡수명산파크3단지 교차로,48269,11927,7364,11482,0.2470944084194825,0.1525616855538751,0.2378752408378048,2,0,37.55350876,126.8258667
1601,1601. 석계역 문화광장 내 자전거 보관소,48192,4709,10508,11461,0.0977133134130146,0.2180444887118194,0.2378195551128818,2,1,37.61518097,127.06464386
3681,3681. 길동 마루빌딩,48138,5784,8213,13375,0.120154555652499,0.1706136524159707,0.2778470231418006,2,3,37.53685379,127.13948822
207,207. 여의나루역 1번출구 앞,47872,4473,11375,15189,0.0934366644385026,0.237612800802139,0.3172835895721925,2,3,37.52715683,126.93190002
209,209. 유진투자증권빌딩 앞,47705,2420,17419,11453,0.05072843517451,0.3651399224399958,0.2400796562205219,2,2,37.52461243,126.92783356
5061,5061. 우장산동 가곡어린이공원앞,47558,6724,7490,12071,0.1413852558980613,0.157491904621725,0.2538163926153328,2,3,37.55545425,126.83751678
1184,1184. 마곡13단지,47319,15621,5526,10976,0.3301210930070373,0.1167818423888924,0.2319575646146368,2,0,37.55644989,126.815979
3668,3668. 성내삼성아파트,47247,10135,7284,11438,0.2145109742417508,0.1541685186361038,0.2420894448324761,2,0,37.53137589,127.1270752
1084,1084. 윤선생빌딩(JYP사옥),46577,5376,11627,11353,0.1154217746956652,0.249629645533203,0.2437469137127766,2,1,37.5239296,127.1291275
746,746. 목동2단지 상가,46240,2667,8333,14832,0.0576773356401384,0.1802119377162629,0.3207612456747404,2,3,37.53650284,126.87774658
1157,1157. 강서구청,46181,13367,7786,9111,0.2894480414023083,0.1685974751521188,0.1972889283471557,2,0,37.55065918,126.84976959
243,243. 이앤씨드림타워 앞,46132,5137,11640,10786,0.1113543744038845,0.2523194311974334,0.2338073354721234,2,1,37.52708435,126.89138031
1608,1608. 공릉역 1번 출구 앞,46131,5835,9464,10178,0.1264876113676269,0.205154885001409,0.220632546443823,2,1,37.62661362,127.07275391
1044,1044. 굽은다리역,46104,5723,7899,12428,0.1241323963213604,0.1713300364393545,0.2695644629533229,2,3,37.54540634,127.14267731
4940,4940.한강버스 압구정 선착장,46092,1298,8357,20197,0.0281610691660157,0.1813112904625531,0.4381888397118806,2,3,37.52643204,127.01720428
787,787.양천아파트 입구,46086,13055,6548,10702,0.2832747472117345,0.1420821941587466,0.2322180271666015,2,0,37.50790405,126.86264801
3571,3571.화양 APT(횡단보도 옆),45986,8639,8236,10310,0.1878615230722393,0.1790979863436698,0.2241986691601792,2,0,37.54434967,127.0654068
4531,4531. 목동아파트 613동 앞,45950,10291,6377,12679,0.2239608269858541,0.1387812840043525,0.275930359085963,2,0,37.53315735,126.88408661
4029,4029. 청소년수련관 후문,45915,9352,5776,12347,0.2036807143634977,0.1257976696068823,0.2689099422846564,2,0,37.6396637,127.06041718
4137,4137. 답십리역 4번출구,45845,5399,11524,10393,0.1177663867379212,0.2513687425019086,0.2266986585232849,2,1,37.56600189,127.05431366
2639,2639.석촌역 8번출구,45582,7550,9230,10914,0.1656355578956605,0.2024922118380062,0.2394366197183098,2,1,37.50550461,127.10657501
263,263. 근로자회관 사거리,45137,5820,10434,10430,0.1289407802911137,0.231162904047677,0.2310742849546934,2,1,37.51715088,126.8886261
1117,1117. 등촌5단지아파트 버스정류장,45000,6543,8904,9777,0.1454,0.1978666666666666,0.2172666666666666,2,1,37.55819702,126.84426117
2719,2719.마곡문화공원,44848,4498,18468,5859,0.1002943275062433,0.4117909382804138,0.1306412772029968,2,2,37.56121063,126.83034515
202,202. 국민일보 앞,44756,3946,16104,9553,0.0881669496827241,0.3598176780766824,0.2134462418446688,2,2,37.52881622,126.92453003
4508,4508. 유원목동아파트 103동 앞,44528,6187,6974,10923,0.1389462809917355,0.1566205533596838,0.2453063241106719,2,3,37.52109528,126.87320709
1295,1295. 잠실역 8번출구,44519,3004,10696,12601,0.0674768076551584,0.2402569689346121,0.2830476875042116,2,3,37.51396179,127.10030365
5096,5096. LG사이언스파크 E14동,44505,4127,25012,976,0.0927311538029434,0.5620042691832379,0.0219301202112122,2,2,37.56349564,126.83583069
1011,1011. LIGA 아파트 앞,44309,7658,7111,10755,0.1728317046198289,0.1604865828612697,0.242727211176059,2,0,37.53474426,127.13528442
1173,1173. 강서구청사거리(SH타워),44097,11201,6257,10478,0.2540082091752273,0.1418917386670295,0.2376125360001814,2,0,37.55673599,126.85307312
795,795.양천 해누리타운,44085,5297,8938,9763,0.1201542474764659,0.2027446977429964,0.2214585459906997,2,1,37.51584244,126.86411285
1149,1149. 신방화역환승주차장,44051,5484,9549,10568,0.1244920660143924,0.216771469433157,0.2399037479285374,2,1,37.56728363,126.81827545
3680,3680. 강동역3번출구,43786,7617,8704,9469,0.173959713150322,0.1987849997716165,0.2162563376421687,2,1,37.53541565,127.13309479
1191,"1191. 마곡역 버스정류장(마곡나루역1번출구, 웰튼병원 방면)",43710,4392,9555,11050,0.1004804392587508,0.2185998627316403,0.2528025623427133,2,3,37.5602417,126.8271637
2628,2628.문정역 1번출구,43514,6904,9285,8971,0.1586615801810911,0.2133796019671829,0.206163533575401,2,1,37.48669815,127.12244415
2646,2646.레이크펠리스101동앞,43374,5874,6531,12555,0.1354267533545442,0.1505740766357725,0.2894591229768986,2,3,37.50775909,127.09129333
1985,1985. 구로도서관,43317,7373,6960,10797,0.1702103100399381,0.1606759470877484,0.2492554886072442,2,0,37.49851608,126.89199066
779,779. 신정1동 주민센터 앞,43270,6530,7640,11639,0.1509128726600416,0.1765657499422232,0.2689854402588398,2,3,37.51854324,126.85388184
1182,1182. KBS 스포츠월드,43259,9550,7102,8005,0.2207633093691486,0.1641739291245752,0.1850481980628308,2,0,37.55687714,126.84880829
3219,3219.영등포역 1번출구,43185,7528,9706,11046,0.1743197869630658,0.2247539654972791,0.2557832580757207,2,1,37.5148468,126.9077301
217,217. NH농협은행 앞,43039,4786,15917,5461,0.1112014684356049,0.3698273658774599,0.1268849183298868,2,2,37.52207947,126.93036652
1637,1637. KT 전화국 버스정류장 옆,42925,2563,9189,12266,0.0597087944088526,0.2140710541642399,0.2857542224810716,2,3,37.65470123,127.06340027
4452,4452. 삼성SDS,42597,2807,17845,6137,0.0658966593891588,0.4189262154611827,0.1440711787215062,2,2,37.51633835,127.09985352
703,703. 오목교역 7번출구 앞,42528,5887,10858,9724,0.1384264484574868,0.2553141459744169,0.2286493604213694,2,1,37.52362823,126.87524414
3881,3881. 신자초교입구 교차로,42468,9598,5263,11300,0.2260054629367994,0.1239286050673448,0.2660826975605161,2,0,37.53298569,127.07579041
1024,1024.  강동구청 앞,42209,5775,9272,9592,0.1368191617901395,0.219668791016134,0.2272501125352413,2,1,37.52929688,127.12315369
5080,5080. 가양역 1번출구,42174,7507,9036,9268,0.1780006639161568,0.2142552283397353,0.219756247925262,2,1,37.56250763,126.85275269
431,431. 청계천 영도교,42101,6271,5941,10367,0.1489513313222963,0.1411130376950666,0.2462411819196693,2,3,37.5710144,127.01974487
2136,2136. 신림역 8번출구,41976,3443,6650,12118,0.0820230607966457,0.1584238612540499,0.2886887745378311,2,3,37.48450851,126.93006897
1209,1209. 잠실나루역 (2번 출구 쪽),41960,8354,10266,8895,0.1990943755958055,0.2446615824594852,0.2119876072449952,2,1,37.52045059,127.10420227
5074,"5074. 마곡엠밸리14단지 버스정류장(마곡엠밸리11,12단지상가방면)",41860,6235,8619,8440,0.1489488772097467,0.2059006211180124,0.2016244624940277,2,1,37.55823517,126.82575989
4233,4233. 코오롱아파트사거리,41838,6612,6849,11499,0.1580381471389645,0.1637028538649075,0.2748458339308762,2,3,37.56303787,126.9214325
2824,2824.미래사랑어린이공원 앞,41804,5142,10703,10337,0.1230025834848339,0.2560281312793034,0.2472729882307913,2,1,37.51006317,126.88956451
228,228. 선유도역 3번출구 앞,41758,4745,8437,12291,0.1136309210211217,0.2020451171033095,0.2943388093299487,2,3,37.53845978,126.89450836
4897,4897. 잠실주공5단지1,41740,11772,4894,11206,0.2820316243411596,0.1172496406324868,0.268471490177288,2,0,37.51633453,127.09380341
1684,1684. 태릉입구역 5번출구,41679,2780,8696,10888,0.0667002567240097,0.2086422418963986,0.2612346745363372,2,3,37.61832047,127.07563019
3575,3575. 자양사거리(서원빌딩),41602,4735,7063,10859,0.1138166434306043,0.1697754915629056,0.2610211047545791,2,3,37.53657532,127.08258057
5882,5882. 휴젠느,41285,10823,6522,10202,0.2621533244519801,0.1579750514714787,0.2471115417221751,2,0,37.52421188,126.90995026
996,996.응암역2번출구 국민은행 앞,41248,3683,8275,11451,0.0892891776570985,0.2006157874321179,0.2776134600465477,2,3,37.59996796,126.91572571
3511,3511. 응봉역 1번출구,41189,4961,5598,14719,0.120444778945835,0.1359100730777634,0.3573526912525189,2,3,37.55125046,127.03510284
907,907. CJ 드림시티,41059,3839,6792,12417,0.093499598139263,0.1654204924620667,0.3024184709807837,2,3,37.59949112,126.91686249
2219,"2219. 고속터미널역 8-1번, 8-2번 출구 사이",41028,2305,9076,13373,0.0561811445841864,0.2212147801501413,0.3259481329823535,2,3,37.50619888,127.0039444
853,853.용산역 맞은편,40797,2377,7857,14407,0.0582640880456896,0.1925876902713434,0.3531387111797436,2,3,37.52848816,126.9658432
744,744. 신목동역 2번 출구,40741,7620,10020,8030,0.1870351734125328,0.2459438894479762,0.1970987457352544,2,1,37.54384232,126.88254547
1264,1264. 천호역 10번 출구 앞,40738,6028,9776,10032,0.147969954342383,0.2399725072413962,0.2462565663508272,2,1,37.53858185,127.12280273
5070,5070. 마곡13단지힐스테이트마스터 후문(1320동 앞),40631,12800,4827,9223,0.3150303955108168,0.1188009155570869,0.2269941670153331,2,0,37.5567627,126.81869507
584,584. 광진광장 교통섬,40596,9982,5922,8180,0.2458862942161789,0.1458764410286727,0.201497684500936,2,0,37.54782867,127.07263184
5867,5867. H타워 앞,40583,14139,8223,7780,0.3483971120912697,0.2026217874479461,0.1917058867013281,2,0,37.52024078,126.9124527
4509,4509. 서울영상고교 입구,40395,7021,5305,10007,0.1738086396831291,0.1313281346701324,0.2477286792919915,2,0,37.52198029,126.85928345
4540,4540. 목동역 3번 출구,40301,4915,9430,8664,0.1219572715317237,0.2339892310364507,0.2149822585047517,2,1,37.52653122,126.86445618
245,245. 삼성생명 당산사옥 앞,40168,6939,8782,8167,0.1727494523003385,0.2186317466640111,0.2033210515833499,2,1,37.52826309,126.89662933
2623,2623.석촌동 주민센터,40120,7462,6318,10805,0.1859920239282153,0.1574775672981057,0.2693170488534396,2,0,37.50362396,127.10355377
2621,2621. 한성백제역 2번 출구,40094,4357,6535,14507,0.1086696263780116,0.1629919688731481,0.3618247119269716,2,3,37.51665878,127.11625671
5870,5870. LG트윈타워 앞,39905,4204,11530,9018,0.1053502067410099,0.2889362235308858,0.2259867184563337,2,1,37.52834702,126.93008423
4547,4547. 목동역 2번 출구,39903,3844,7983,9961,0.0963336090018294,0.2000601458536952,0.2496303536074982,2,3,37.52649689,126.86406708
1653,1653. 노원역1번출구,39830,2847,9292,11088,0.071478784835551,0.2332914888275169,0.2783831282952548,2,3,37.65620041,127.06362152
280,280. 양평동6차현대아파트 앞,39736,11105,4848,9347,0.279469498691363,0.1220052345480169,0.2352275015099657,2,0,37.53210068,126.8944397
4515,4515. 동문굿모닝탑,39680,4578,6061,11193,0.1153729838709677,0.1527469758064516,0.2820816532258065,2,3,37.51481247,126.86117554
1106,1106. 신방화사거리,39587,7492,6839,9917,0.1892540480460757,0.1727587339278045,0.250511531563392,2,0,37.57256317,126.81642151
631,631. 답십리역 1번출구,39342,7321,8872,7824,0.1860861166183722,0.2255096334705912,0.1988714351075186,2,1,37.5681839,127.05127716
1010,1010. 강동세무서,39256,5086,7531,9513,0.1295598125127369,0.1918432851029142,0.2423323823109843,2,1,37.53450775,127.13840485
5866,5866.포레나 당산,39226,2932,8326,10840,0.0747463417121297,0.2122571763626166,0.2763473206546678,2,3,37.52195358,126.89550781
1650,1650. 중계근린공원내,39150,5245,6256,10852,0.1339719029374201,0.1597956577266922,0.2771902937420178,2,3,37.63957977,127.06510162
4865,4865. 한성백제역 1번출구 뒤,39097,6707,6874,10458,0.1715476890810036,0.1758191165562575,0.2674885541090109,2,3,37.51647949,127.1149826
2723,2723.마곡 필네이처,39086,7238,9251,7472,0.1851813948728445,0.2366832113800337,0.1911681932149618,2,1,37.56089401,126.83669281
1118,1118. 증미역 3번출구뒤(등촌두산위브센티움오피스텔),39073,5942,10216,7939,0.1520743224221329,0.2614593197348552,0.2031837841988073,2,1,37.55746078,126.86145782
5862,5862. 당산역11번출구,39067,7629,9082,8632,0.1952799037550874,0.2324724191773107,0.220953746128446,2,1,,
236,236. 문래동자이아파트 앞,38995,6058,5832,10406,0.1553532504167201,0.1495576355943069,0.266854724964739,2,3,37.51615524,126.89461517
4514,4514. 목동성당 앞,38862,6120,5004,10723,0.1574803149606299,0.1287633163501621,0.2759250681900057,2,3,37.52319717,126.86930084
4108,4108. 답십리파크자이아파트 앞,38850,10394,4820,9393,0.2675418275418275,0.124066924066924,0.2417760617760617,2,0,37.5676918,127.05789185
1029,1029. 성내어울터,38449,2279,7437,11443,0.0592733231033316,0.1934250565684413,0.2976150224973341,1,3,37.53655624,127.12553406
731,731. 서울시 도로환경관리센터,38340,3459,8243,11593,0.0902190923317683,0.2149973917579551,0.3023735002608242,2,3,37.5298996,126.87654114
3202,3202.당산롯데캐슬프레스티지,38309,8168,6006,9989,0.2132136051580568,0.1567777806781696,0.2607481270719674,2,0,37.52869034,126.903862
2919,2919.등나무 근린공원(시립북서울미술관 앞) ,38293,2559,7149,11180,0.0668268351918105,0.1866920847152221,0.2919593659415559,1,3,37.64020538,127.06761932
793,793.목동5단지아파트 534동,38209,3997,6114,11117,0.10460886178649,0.1600146562328247,0.290952393415164,1,3,37.53302002,126.87789917
788,788.양천구청역 2번출구 옆,38130,5207,11643,7433,0.1365591397849462,0.3053501180173092,0.1949383687385261,2,1,37.51228714,126.86528015
791,791.현대하이페리온,38084,3192,6570,10586,0.0838147253439764,0.1725133914504779,0.2779644995273606,1,3,37.52490616,126.86978912
1293,1293. 석촌호수 서호 사거리,38081,6027,6324,10282,0.1582679026286074,0.1660670675665029,0.2700034137758987,2,3,37.50656128,127.09655762
2720,2720.힐스테이트에코,38052,5442,8577,7885,0.1430148218227688,0.2254020813623462,0.2072164406601492,2,1,37.55965805,126.8296051
3010,3010.홍대입구역 3번출구,38015,4638,8159,10178,0.1220044719189793,0.2146258056030514,0.2677364198342759,2,3,37.5582962,126.92538452
3509,3509. 세종사이버대학교,37980,8436,5868,8573,0.2221169036334913,0.1545023696682464,0.225724065297525,2,0,37.55341721,127.07319641
3784,3784. 벽산아파트,37956,9304,5190,10081,0.2451259352934977,0.1367372747391716,0.2655970070608072,2,0,37.57531738,126.83666992
275,275. 신동아아파트,37953,7065,6768,8786,0.1861512923879535,0.17832582404553,0.2314968513687982,2,0,37.52269745,126.88568115
102,102. 망원역 1번출구 앞,37930,4114,6742,10634,0.1084629580806749,0.1777484840495649,0.2803585552333245,2,3,37.5556488,126.91062927
1297,1297. 석촌호수교차로(동호 팔각정 앞),37867,4468,6265,11580,0.1179919190852193,0.1654474872580347,0.3058071671904296,2,3,37.50920105,127.10411835
1008,1008. 암사역 3번출구(국민은행앞),37812,5471,6171,10141,0.1446895165555908,0.163202158045065,0.2681952819210833,2,3,37.54935455,127.12708282
1231,1231. 잠실역 6번출구,37792,3130,9340,10498,0.0828217612193056,0.2471422523285351,0.2777836579170195,2,3,37.51408768,127.09902954
3772,3772. 길성그랑프리텔아파트,37772,7985,6469,9202,0.2113999788202901,0.1712644286773271,0.2436196124113099,2,0,37.5692482,126.81650543
1674,1674. 서울북부고용센터앞,37530,2787,7993,8190,0.0742605915267785,0.2129762856381561,0.2182254196642686,1,1,37.65354919,127.05808258
794,794.양천문화회관,37435,6755,5365,10238,0.1804461065847468,0.1433150794710832,0.2734873781220783,2,0,37.51686478,126.86296082
565,565. 옥수역 3번출구,37283,3520,7710,11514,0.0944130032454469,0.2067966633586353,0.3088270793659308,2,3,37.54136658,127.01776123
4868,4868. 석촌호수 서호 남단,37250,8106,6792,8527,0.2176107382550335,0.1823355704697986,0.2289127516778523,2,0,37.50717163,127.10124207
931,931. 역촌파출소,37199,8359,5317,9052,0.2247103416758515,0.1429339498373612,0.2433398747278152,2,0,37.60473633,126.91533661
780,780.신정교 하부,37098,4926,4942,12905,0.1327834384602943,0.1332147285567955,0.3478624184592161,2,3,37.5173378,126.8776474
259,259. 대방역6번출구,36877,12647,4908,7783,0.3429508907991431,0.1330910865851343,0.2110529598394663,2,0,37.51359177,126.92593384
755,755. 목동1단지아파트 상가 앞,36836,3820,6916,9945,0.1037028993376045,0.1877511130415897,0.2699804539037898,1,3,37.5378685,126.88140869
1668,1668. 중계역 6번출구,36659,4240,7800,9505,0.1156605472053247,0.2127717613682861,0.2592814861289179,2,3,37.64556503,127.06334686
2704,2704.홈플러스(강서점),36599,6843,7171,7354,0.1869723216481324,0.1959343151452225,0.200934451760977,2,1,37.55852127,126.85401154
1103,1103. 방화역 4번출구앞,36427,5298,6145,9211,0.1454415680676421,0.1686935514865347,0.2528618881598814,1,3,37.57710648,126.81199646
1192,1192. 마곡수명산파크 209동 건너편,36331,10577,4596,8223,0.2911287880873083,0.1265035369243896,0.2263356362335195,2,0,37.55545044,126.82689667
734,734. 신트리공원 입구,36220,8924,5418,9127,0.2463832136940916,0.1495858641634456,0.2519878520154611,2,0,37.51395035,126.85605621
670,670.삼육서울병원 버스정류장,36218,3201,6615,9352,0.0883814677784527,0.1826439891766525,0.2582141476613838,1,3,37.58968735,127.061409
2708,2708.강서한강자이타워 앞,36216,3932,9881,7444,0.1085707974375966,0.2728352109564833,0.2055445107134968,2,1,37.56468201,126.84890747
419,419. 홈플러스 마포점 앞,36010,1831,7013,12180,0.0508469869480699,0.1947514579283532,0.3382393779505693,1,3,37.56842041,126.89942932
1611,1611. 과기대 입구(우),35973,2629,6671,8795,0.0730825897200678,0.1854446390348317,0.2444889222472409,1,3,37.62994003,127.07655334
602,602. 장안동 사거리,35880,3393,6241,9385,0.0945652173913043,0.1739409141583054,0.2615663322185061,1,3,37.57217407,127.07138824
2641,2641.송파역 4번출구,35803,3903,6934,9232,0.1090132111834203,0.193670921431165,0.2578554869703656,1,3,37.50004959,127.11151123
232,232. 양평우림 이비즈센타 앞,35725,6635,8978,6953,0.1857242827151854,0.2513086074177746,0.1946256123163051,2,1,37.52565002,126.88781738
361,361. 동묘앞역 1번출구 뒤,35677,4772,5362,9090,0.1337556408890882,0.1502929057936485,0.25478599658043,1,3,37.57324219,127.01590729
4535,4535. 목동12단지 아파트,35650,8333,4934,10134,0.2337447405329593,0.1384011220196353,0.2842636746143057,2,0,37.51412201,126.86040497
3789,3789. 염창나들목,35579,6987,4323,11605,0.1963798870120014,0.1215042581297956,0.3261755529947441,2,0,37.55680466,126.87155914
1908,1908. 해원리바파크 육교 밑,35460,8933,6834,8707,0.2519176536943034,0.1927241962774957,0.2455442752397067,2,0,37.49528503,126.87216187
5095,5095. 원당근린공원,35410,5201,6329,9585,0.146879412595312,0.1787348206721265,0.2706862468229313,2,3,37.55947495,126.84147644
147,147. 마포역 4번출구 뒤,35286,4198,8451,9561,0.1189706965935498,0.2395000850195545,0.2709573201836422,2,3,37.53927231,126.94591522
3600,3600.사근빗물펌프장 건너편,35283,3731,5869,9886,0.1057449763342119,0.1663407306634923,0.2801915936853442,1,3,37.56119156,127.04968262
1113,1113. 서남환경공원 버스정류장,35265,9048,4635,8900,0.256571671629094,0.13143343258188,0.2523748759393166,2,0,37.57312393,126.8223877
5333,5333. 노원역9번-10번 출구 앞,35229,1787,8044,9586,0.050725254761702,0.2283346106900564,0.2721053677368077,1,3,37.65655518,127.063591
290,290. 새말소공원,35200,8414,5656,7016,0.2390340909090909,0.1606818181818181,0.1993181818181818,2,0,37.5315094,126.89782715
2002,2002. 노들역 1번출구,35169,3801,5524,12506,0.1080781369956495,0.1570701470044641,0.3555972589496431,2,3,37.51284409,126.95246887
2176,2176. 보라매공원 보도육교,35163,6099,4834,10261,0.173449364388704,0.1374740494269544,0.291812416460484,2,3,37.48899078,126.91638184
1232,1232. 잠실주공 521동 건너편,35111,2186,7841,10875,0.0622596906952237,0.22332032696306,0.3097319928227621,1,3,37.51184082,127.09568787
2377,2377. 수서역 5번출구,35048,3918,9503,8271,0.1117895457658069,0.2711424332344214,0.2359906414060716,2,1,37.48735046,127.10232544
4553,4553. 당산삼성2차아파트,35013,8118,5691,7859,0.2318567389255419,0.1625396281381201,0.2244594864764516,2,0,37.52762222,126.89863586
383,383. 신당역 12번 출구 뒤,34955,3693,5451,8438,0.1056501215848948,0.1559433557430982,0.2413960806751537,1,3,37.5658493,127.0164032
2744,2744.강서세무서 앞,34944,8443,5579,7489,0.2416151556776556,0.1596554487179487,0.2143143315018315,2,0,37.56209183,126.82096863
6058,6058. 시청역 2번출구,34914,9096,8584,5161,0.2605258635504382,0.2458612590937732,0.1478203585954058,2,1,37.56653976,126.97684479
1150,1150. 송정역 1번출구,34775,5832,6910,7868,0.1677066858375269,0.198705966930266,0.226254493170381,1,1,37.56153107,126.81069946
283,283. 아크로타워 스퀘어(영등포시장),34651,8580,4713,8239,0.2476119015324233,0.136013390666936,0.2377709157022885,2,0,37.52251816,126.90721893
3664,3664. 맥도날드 서울둔촌DT점 앞,34342,4621,5811,8895,0.1345582668452623,0.1692097140527634,0.2590122881602702,1,3,37.52938843,127.13718414
2707,2707.한강아파트,34342,8602,4545,8160,0.2504804612427931,0.1323452332420942,0.2376099237085784,2,0,37.57036972,126.84441376
1012,1012. 천호역효성해링턴타워 앞,34325,3775,6419,8662,0.1099781500364166,0.187006554989075,0.2523525127458121,1,3,37.53600693,127.12272644
5883,5883. 영문초사거리,34310,4293,6942,8427,0.1251238705916642,0.2023316817254444,0.2456135237540075,1,1,37.51898193,126.8894043
1180,1180. 마곡엠밸리 15단지(1502동) 건너편,34233,6032,6864,6853,0.1762042473636549,0.2005082814827797,0.2001869541086086,1,1,37.55746841,126.82971954
1251,1251. 석촌역 2번출구,34142,3435,6368,9909,0.1006092203151543,0.1865151426395641,0.2902290434069474,1,3,37.50593185,127.10774994
278,278. 쌍용플레티넘오피스텔,34114,4717,5218,9860,0.1382716773172304,0.1529577299642375,0.2890308964061676,1,3,37.50793076,126.89523315
117,117. 홍은사거리,34067,3960,6545,9860,0.1162415240555376,0.1921214078140135,0.2894296533302022,1,3,37.59115982,126.94132996
648,648. 장안동위더스빌옆,33994,7870,5309,7853,0.2315114431958581,0.1561746190504206,0.2310113549449902,2,0,37.56669998,127.06242371
1946,1946. 구로역 광장,33888,6815,8994,6033,0.2011036355051935,0.2654036827195467,0.1780276203966005,2,1,37.50311661,126.88038635
5887,5887.나루마을 마당공원,33887,9848,5015,8213,0.2906129194086227,0.1479918552837371,0.2423643285035559,2,0,37.52767944,126.9084549
2637,2637. 아시아지하보도 14번 출구,33792,2774,6724,9491,0.0820904356060606,0.1989820075757575,0.2808652935606061,1,3,37.51146317,127.07881165
6177,6177. 마곡롯데캐슬르웨스트,33687,7423,5830,7150,0.2203520645946507,0.1730637931546294,0.2122480482085077,1,0,37.56356049,126.82462311
1914,1914. 대림역4번출구,33618,6140,6989,7405,0.1826402522458207,0.2078945802843714,0.2202689035635671,1,1,37.49440384,126.89444733
1308,1308. 안암로터리 버스정류장 앞,33562,1404,7339,8313,0.0418330254454442,0.2186699243191704,0.2476908408318932,1,3,37.58259201,127.02897644
296,296.KT플라자 영등포점,33379,6709,5403,8172,0.2009946373468348,0.1618682405105006,0.2448245903112735,1,0,37.52630234,126.90538025
5752,5752. 풍납백제문화공원 옆 인근,33268,6897,3929,9712,0.2073163400264518,0.1181014788986413,0.2919321870866899,1,0,37.53488159,127.11522675
2718,2718.마곡수명산파크1단지,33237,9943,3745,7148,0.2991545566687728,0.1126756325781508,0.2150615278153864,2,0,37.55519104,126.83146667
3570,3570.구의역 리버비스타 오피스텔,33180,3043,5782,9421,0.091711874623267,0.1742616033755274,0.2839361060880048,1,3,37.53809738,127.08901978
415,415. DMC역 9번출구 앞,33134,6802,8978,5342,0.205287619967405,0.2709603428502444,0.1612241202390294,2,1,37.57746887,126.89736176
206,206. KBS 앞,33082,2444,11205,7233,0.0738770328275194,0.3387038268544828,0.2186385345505108,1,1,37.52466583,126.91802216
1662,1662. 노원역7번출구,33003,1426,8775,8606,0.043208193194558,0.2658849195527679,0.2607641729539738,1,3,37.65421677,127.05921173
3536,3536. 중앙농협(자양동),32978,6604,4514,8978,0.2002547152647219,0.1368791315422402,0.272242100794469,1,0,37.53181076,127.08074188
3410,3410.종로3가역 8번출구,32846,4513,7212,5406,0.1373987700176581,0.2195701150825062,0.164586250989466,1,1,37.5724678,126.99188995
2745,2745.수명초등학교,32843,10857,3387,6085,0.3305727247815364,0.1031269981426788,0.1852754011509302,2,0,37.5525589,126.82311249
735,735. 영도초등학교,32826,7144,4220,9052,0.2176323645890452,0.1285566319380978,0.2757570218729056,1,0,37.53637695,126.87151337
1193,1193. 마곡센트럴타워 1차,32767,1045,10278,5738,0.031891842402417,0.3136692403942991,0.1751152073732718,1,2,37.55947113,126.83207703
1163,1163. 방화동강서기동대앞,32744,7729,4229,7724,0.2360432445638895,0.1291534326899584,0.2358905448326411,1,0,,
1655,1655. 공릉1단지아파트,32689,6022,4251,8396,0.1842209917709321,0.1300437456024962,0.2568448101807947,1,0,37.63111115,127.07015991
3504,3504. 원일교회,32489,4552,4519,9216,0.1401089599556773,0.1390932315552956,0.283665240542953,1,3,37.53805161,127.07659912
1111,1111. 마곡엠밸리6_7단지 마곡중학교,32457,4876,4888,8886,0.1502295344609791,0.1505992543981267,0.2737776134578057,1,3,37.56698227,126.82180023
4382,4382. 페코텍글로벌허브빌딩 앞,32387,8554,7281,4414,0.2641183190786426,0.2248124247383209,0.1362892518603143,1,1,37.54753494,127.06682587
514,514. 성수사거리 버스정류장 앞,32316,4476,7590,6318,0.1385072409951726,0.2348681767545488,0.1955068696620868,1,1,37.54257965,127.06330872
4179,4179. 보라매병원역 1번출구,32314,2425,6343,9469,0.0750448721916197,0.1962926285820387,0.29303088444637,1,3,37.49322128,126.9234314
183,183. 하늘채코오롱아파트 건너편,32099,6686,5117,7955,0.2082930932427801,0.1594130658275958,0.247827035110128,1,0,37.56516647,126.91939545
3868,3868. 자양한강도서관,32039,7425,4672,8381,0.2317488061425138,0.1458222790973501,0.2615874403071257,1,0,37.52916336,127.07798767
2611,2611. 송파지역자활센터 뒤,32011,10121,3927,7678,0.3161725656805473,0.1226765799256505,0.2398550498266221,2,0,37.53641891,127.11616516
1218,1218. 방이역 4번출구,31988,2691,6270,9586,0.0841252969863698,0.1960110041265474,0.2996748780792797,1,3,37.50896835,127.12583923
747,747. 목동3단지 상가,31970,3353,5323,10113,0.1048795746011886,0.1664998436033781,0.3163278073193619,1,3,37.53458023,126.8756485
4864,4864. 송파사거리,31967,3288,5883,8322,0.1028560703225201,0.1840335345825382,0.2603309663090061,1,3,37.50205612,127.11054993
1208,1208. 풍납현대아파트쉼터,31931,5758,5669,7770,0.1803263286461432,0.1775390686167047,0.2433371958285052,1,0,37.52974701,127.1199646
1162,1162. 공항초등학교건너편,31900,7710,4469,8382,0.241692789968652,0.1400940438871473,0.2627586206896551,1,0,37.56267929,126.82047272
2632,2632.석촌고분역 2번 출구,31895,5039,5046,9019,0.1579871453205831,0.1582066154569681,0.2827715942937764,1,3,37.50264359,127.09739685
1986,1986. 태평양물산,31892,1150,14820,4255,0.0360591997993227,0.4646933400225762,0.133419039257494,1,2,37.48485947,126.89518738
1244,1244. 문정 법조단지8,31879,3549,5473,9480,0.1113272059976787,0.1716804165751748,0.2973744471282035,1,3,37.48153687,127.12212372
1077,1077.강동역 1번출구 앞,31858,6170,5355,7248,0.193671919141189,0.1680896478121664,0.2275095737334421,1,0,37.53627014,127.13246918
1013,1013. 강동구청역 1번 출입구,31786,5276,7048,6811,0.1659850248537091,0.2217328383565091,0.2142767256024665,1,1,37.53071594,127.12098694
3582,3582.화양동 우체국,31740,6722,4560,7272,0.2117832388153749,0.1436672967863894,0.2291115311909262,1,0,37.54798889,127.06950378
2615,2615. 테라타워2,31739,7074,7910,4513,0.2228803680015123,0.2492202022748038,0.1421909953054601,1,1,37.48834991,127.12078094
3413,3413.종로플레이스,31664,5061,6154,4347,0.1598345123799898,0.1943532086912582,0.1372852450732693,1,1,37.57320023,126.99796295
4135,4135. 삼성생명 앞,31641,4030,5621,8686,0.1273663917069624,0.1776492525520685,0.2745172402894978,1,3,37.57902145,127.04224396
4037,4037. 물넘이교,31609,4492,4476,9308,0.1421114239615299,0.1416052390142048,0.2944730931063937,1,3,37.65408325,127.07195282
2742,2742.강서구민올림픽체육센터,31599,7597,4321,4493,0.2404190006012848,0.1367448336972689,0.1421880439254406,1,0,37.55990601,126.85042572
213,213. KT앞,31572,8553,5738,4685,0.2709045990117826,0.1817433168630432,0.14839097934879,1,0,37.52190781,126.91895294
4213,4213. 마포구중앙도서관 정문 앞,31572,1849,6176,9230,0.0585645508678576,0.1956163689344989,0.2923476498162929,1,3,37.56415558,126.90814972
231,231. 남부고용노동지청 남측,31541,5522,6660,5619,0.1750737135791509,0.2111537364065819,0.1781490758060936,1,1,37.52450562,126.89182281
1617,1617. 하계동 중평어린이공원 앞,31500,8986,3910,8172,0.2852698412698413,0.1241269841269841,0.2594285714285714,2,0,37.63714981,127.06327057
3764,3764. 관문주유소(GS칼택스) 앞,31500,6164,5244,7549,0.1956825396825396,0.1664761904761904,0.2396507936507936,1,0,37.55802917,126.84183502
1569,1569.수유역2번출구,31453,3054,6351,8488,0.0970972562235716,0.2019203255651289,0.269862970145932,1,3,37.63796997,127.02590179
303,303. 광화문역 1번출구 앞,31377,5568,7206,5270,0.1774548235969021,0.2296586671765943,0.1679574210408898,1,1,37.57176971,126.97466278
796,796.목동아파트 14단지 B상가 앞,31297,7059,4475,8162,0.225548774642937,0.1429849506342461,0.2607917691791545,1,0,37.5146637,126.87194061
2217,2217.아크로리버뷰 부지 앞,31263,3103,4928,11857,0.0992547100406231,0.1576304257428909,0.3792662252502958,1,3,37.51304626,127.00595856
771,771.목동아파트 703동 앞,31256,3736,6043,7965,0.1195290504223189,0.1933388789352444,0.2548310724340926,1,3,37.52820587,126.87016296
1451,1451. 중랑세무서,31195,3417,5971,8616,0.1095367847411444,0.1914088796281455,0.2761981086712614,1,3,37.59275818,127.07266998
268,268. 그랜드컨벤션센터 앞,31122,3170,6080,7797,0.101857207120365,0.1953601953601953,0.2505301715828031,1,3,37.53471756,126.90000153
1226,1226. 잠실4동 주민센터 옆,31070,6694,5396,7628,0.2154489861602832,0.1736723527518506,0.2455101383971676,1,0,37.52007675,127.11236572
512,512. 뚝섬역 1번 출구 옆,30925,3827,7682,8112,0.1237510105092966,0.2484074373484236,0.2623120452708165,1,1,37.5485611,127.0450058
2635,2635.잠실새내역 1번출구,30924,3237,6393,8765,0.1046759798214978,0.206732634846721,0.2834368128314578,1,3,37.51129532,127.08673859
3500,3500. 군자역2번출구,30828,5561,6277,7059,0.1803879589983132,0.2036135980277669,0.2289801479174776,1,1,37.55758667,127.07969666
4893,4893. 문정법조단지12,30673,3817,14012,2758,0.1244416913898216,0.4568187004857692,0.0899162129560199,1,2,37.48639297,127.11483765
308,308. 광화문 S타워 앞,30610,2510,12703,3148,0.081999346618752,0.4149950996406403,0.1028422084286181,1,2,37.56996918,126.97393799
1018,1018. 둔촌 주공 GS 맞은편,30598,5151,4412,8331,0.1683443362311262,0.1441924308778351,0.2722726975619322,1,3,37.52458954,127.13542175
704,704. 남부법원검찰청 교차로,30572,3908,6276,6605,0.1278293863666099,0.205285882506869,0.2160473636006803,1,1,37.52325439,126.86490631
2525,2525.반포쇼핑타운 2동 앞,30447,1549,5797,11019,0.0508752914901303,0.1903964265773311,0.3619075771011922,1,3,37.5056076,127.00215912
3514,3514. 왕십리교회옆,30422,4459,4748,7931,0.1465715600552232,0.1560712642166853,0.2606994937873907,1,3,37.56626129,127.0236969
5311,5311. 주공601동 상가 노원지하보도 앞,30225,2018,6123,7918,0.0667659222497932,0.2025806451612903,0.2619685690653432,1,3,37.65229416,127.06134796
458,458. 광화문역 5번출구,30185,3262,8130,6798,0.1080669206559549,0.2693390756998509,0.2252111976147092,1,1,37.56989288,126.97756958
186,186. 월드컵공원,30172,745,3426,16154,0.0246917672013787,0.1135489858146626,0.5353970568739228,1,3,37.56396484,126.89820862
4564,4564. 63스퀘어,30163,3533,8883,4912,0.1171302589264993,0.2944998839637967,0.162848523024898,1,1,37.52070999,126.93965912
305,305. 종로구청 옆,30136,4107,8244,5199,0.1362821874170427,0.2735598619591187,0.1725179187682506,1,1,37.57255936,126.97833252
3002,3002.벽산상암스마트큐브 ,30128,3132,5546,8981,0.1039564524694636,0.1840812533191715,0.2980947955390334,1,3,37.5650444,126.9036026
3657,3657. 서울천호동우체국,30123,3011,4504,8585,0.0999568436078743,0.1495203001029114,0.2849981741526408,1,3,37.54074097,127.12576294
5064,5064. 양천향교역8번출구,30120,7583,5924,5712,0.2517596281540504,0.19667994687915,0.1896414342629482,1,0,37.56902695,126.8398819
284,284. 센트럴 푸르지오 시티 앞,30064,4714,6299,8078,0.1567988291644491,0.2095196913251729,0.2686934539648749,1,3,37.51821136,126.90222931
4096,4096.창동역2번출구 하나은행365 앞,30017,2675,6907,7531,0.0891161675050804,0.230102941666389,0.2508911616750508,1,1,37.65283585,127.04550171
1663,1663. 동해문화예술관앞,29993,2552,5472,6311,0.0850865201880438,0.1824425699329843,0.2104157636781916,1,1,37.61938095,127.0578537
5878,5878. 우리은행 앞,29951,822,14448,5173,0.0274448265500317,0.4823879002370538,0.1727154352108443,1,2,37.52349091,126.92162323
1669,1669. 중계역 3번출구,29939,3136,6150,7182,0.1047463175122749,0.20541768262133,0.2398877718026654,1,1,37.64352798,127.06522369
543,543. 구의공원(테크노마트 앞),29895,2497,7181,8132,0.0835256731894965,0.2402073925405586,0.2720187322294698,1,3,37.53596878,127.09467316
302,302. 경복궁역 6번출구 뒤,29892,6324,5575,6827,0.211561621838619,0.1865047504348989,0.2283888665863776,1,0,37.57594681,126.97406006
2732,2732.마곡수명산 1-2단지 ,29865,9186,3409,6799,0.3075841285786037,0.1141469948099782,0.2276577934036497,1,0,37.5553093,126.82985687
1198,1198. LG 사이언스파크,29807,6771,10230,3018,0.2271614050390847,0.3432079712819136,0.10125138390311,1,2,37.56254959,126.82743835
786,786.목동아파트 8단지 상가동 앞,29591,5169,4584,8371,0.1746814909938832,0.1549119664762934,0.2828900679260586,1,3,37.52007294,126.86830139
4527,4527. 목동신시가지아파트6단지,29561,3023,4154,6394,0.1022631169446229,0.1405229863671729,0.2162985014038767,1,3,37.53684616,126.88475037
568,568. 청계8가 사거리 B,29551,4605,5223,8066,0.1558322899394267,0.1767452878075192,0.2729518459612196,1,3,37.57110214,127.02355957
1220,1220. 잠실근린공원,29528,6316,4416,7976,0.2138986724464914,0.1495529666756976,0.270116499593606,1,0,37.50569153,127.08403778
291,291. 문래동 하이테크 시티,29495,1783,11209,4464,0.0604509238854043,0.3800305136463807,0.1513476860484827,1,2,37.51412964,126.89939117
3542,3542. 래미안 구의파크 스위트,29482,7187,4582,7664,0.2437758632385862,0.1554168645275083,0.2599552269181195,1,0,37.5450058,127.09003448
238,238. 제2구민체육센타 앞,29452,6403,6523,4145,0.2174045905201684,0.2214790167051473,0.1407374711394811,1,1,37.52638626,126.90275574
154,154. 마포구청역 ,29409,2665,4885,9211,0.0906185181407052,0.1661056139277092,0.3132034411234656,1,3,37.56090927,126.90549469
2109,2109. 은천로입구 가로공원,29384,7312,3583,7932,0.2488429077048734,0.1219371086305472,0.2699428260277702,1,0,37.48620224,126.9358139
612,612. 시립동부병원 앞 사거리,29252,5785,5453,6645,0.1977642554355257,0.1864146041296321,0.2271639546013947,1,0,37.57366562,127.03081512
1155,1155. 기쁜우리복지관,29225,6954,3950,6402,0.2379469632164243,0.1351582549187339,0.2190590248075278,1,0,37.56925964,126.84841919
4486,4486. 홈플러스 잠실점,29185,2418,8035,6834,0.0828507795100222,0.2753126606133287,0.2341613842727428,1,1,37.51613998,127.103508
548,548. 자양나들목,29111,6958,3578,8390,0.2390161794510666,0.1229088660643742,0.2882072068977362,1,0,37.5297699,127.07485962
592,592. 건국대학교 학생회관,29050,1205,6372,4128,0.0414802065404475,0.2193459552495697,0.1420998278829604,1,1,37.54191208,127.07763672
293,293. 충북 미래관,29033,8438,3732,7340,0.2906347948885751,0.1285433816691351,0.252815761374987,1,0,37.52917099,126.90757751
1449,1449. 상봉역 1번출구,29010,3630,7639,6545,0.125129265770424,0.2633229920716994,0.2256118579800069,1,1,37.59655762,127.08583832
1102,1102. 방화사거리 마을버스 버스정류장,28997,3175,4816,7623,0.1094940855950615,0.1660861468427768,0.2628892644066627,1,3,37.57364273,126.81180573
2727,2727.서울식물원 잔디마당 앞,28994,3319,13386,2489,0.1144719597158032,0.4616817272539146,0.0858453473132372,1,2,37.5639267,126.8306427
3579,3579.광진 캠퍼스시티,28963,5750,5823,6721,0.1985291578911024,0.2010496150260677,0.2320546904671477,1,0,37.54788971,127.06745148
2921,2921.중계역 2번출구,28909,4022,5584,6558,0.13912622366737,0.1931578401189941,0.2268497699678301,1,1,37.64587021,127.06562042
1248,1248. 방이초등학교,28818,3809,5331,7968,0.1321743354847664,0.1849885488236518,0.2764938580054132,1,3,37.51396179,127.12167358
4142,4142. 현대썬앤빌 앞,28776,7214,3462,6714,0.2506950236308034,0.1203085904920767,0.2333194328607172,1,0,37.56906891,127.06946564
3819,3819. 서울대벤처타운역,28768,2590,4869,8389,0.0900305895439377,0.1692505561735261,0.2916087319243604,1,3,37.4722023,126.93390656
614,614. 용두동 사거리,28744,3849,4730,6708,0.1339062065126635,0.1645560812691344,0.2333704425271361,1,3,37.57768631,127.03101349
1243,1243. 문정 법조단지7,28726,2518,9964,4354,0.0876557822181995,0.3468634686346863,0.1515700062661004,1,2,37.4845314,127.12016296
2601,2601. 석촌호수 아뜰리에,28707,4551,4685,8067,0.1585327620441007,0.1632006130908837,0.2810115999581983,1,3,37.5067482,127.09883118
1688,1688. 마들역 7번출구,28696,4259,6182,6662,0.1484178979648731,0.2154307220518539,0.2321577920267633,1,1,37.66566086,127.05729675
184,184.망원우체국사거리 인근,28690,3415,4926,8464,0.1190310212617636,0.1716974555594283,0.2950156849076333,1,3,37.55894852,126.90775299
630,630. 동대문구 보건소,28621,6025,5616,5128,0.210509765556759,0.1962195590650222,0.1791691415394291,1,1,37.57485199,127.04030609
219,219. 롯데캐슬엠파이어 옆,28617,4734,7829,4711,0.1654261452982492,0.2735786420659049,0.1646224272285704,1,1,37.52069473,126.92583466
1262,1262. 송파여성문화회관 앞,28612,4530,4873,7077,0.1583251782468894,0.1703131553194463,0.2473437718439815,1,3,37.50580215,127.10971832
103,103. 망원역 2번출구 앞,28606,1709,5026,9560,0.0597427113193036,0.1756974061385723,0.3341956232958121,1,3,37.55495071,126.91083527
4027,4027. 한내 행복발전소 옆,28489,1021,4543,9106,0.0358383937660149,0.1594650566885464,0.3196321387202078,1,3,37.62741089,127.06214142
4481,4481. 올림픽공원 북2문 B,28413,2817,5378,9462,0.099144757681343,0.1892795551332136,0.3330165769190159,1,3,37.52397537,127.12751007
5087,5087. 연세강서빌딩,28395,7326,4002,7013,0.2580031695721078,0.1409403063919704,0.2469801021306568,1,0,37.57625198,126.81734467
1140,1140. 목동사거리 버스정류장,28378,5850,4318,6601,0.2061456057509338,0.1521601240397491,0.2326097681302417,1,0,37.53139877,126.86360931
1964,1964. 원메디타운 앞,28359,4128,4322,6653,0.145562255368666,0.152403117176205,0.2345992453894707,1,3,37.49789047,126.86450195
3760,3760. 발산역 8번 출구,28299,6881,5320,5760,0.2431534683204353,0.1879925085692074,0.203540761157638,1,0,37.55846024,126.83676147
5765,5765. 삼전동주민센터 건너편,28216,5596,4195,7297,0.1983271902466685,0.1486745109157924,0.2586121349588886,1,0,37.50301743,127.0921402
3904,3904. 테크노마트 앞,28211,2110,5782,8473,0.0747935202580553,0.2049555138066711,0.300343837510191,1,3,37.50624084,126.8911438
1656,1656. 중앙하이츠 아파트 입구,28111,2188,4191,8581,0.0778342997403151,0.1490875458005763,0.3052541709651026,1,3,37.65501785,127.06750488
1363,1363. 보문4교 인근,28064,4654,4377,7616,0.1658352337514253,0.1559649372862029,0.2713797035347776,1,3,37.58375168,127.02194977
754,754. 목동1단지아파트 118동 앞,28044,7986,3452,7671,0.2847667950363714,0.1230922835544145,0.2735344458707745,1,0,37.54114151,126.87667847
1447,1447. 면목역 3번출구,28022,3085,5480,7383,0.1100920705160231,0.1955606309328385,0.2634715580615231,1,3,37.58890152,127.08728027
906,906. 연신내역 5번출구,27990,1748,5236,8043,0.0624508753126116,0.1870668095748481,0.2873526259378349,1,3,37.61721039,126.91957855
3581,3581.광진광장,27984,5788,6137,5817,0.2068324757004002,0.2193038879359634,0.207868782161235,1,1,37.54747009,127.07396698
3890,3890. 웰츠타워 오피스텔,27942,3079,4838,6867,0.1101925416935079,0.1731443704817121,0.2457590723641829,1,3,37.53803253,127.08355713
560,560. 비전교회 앞,27924,7527,4253,6693,0.2695530726256983,0.1523062598481593,0.239686291362269,1,0,37.55120468,127.06893158
914,914. 새절역 2번출구,27913,2271,4208,8318,0.0813599398129903,0.1507541289005123,0.2979973489055278,1,3,37.59079742,126.91365051
768,768.목동5단지아파트 501동,27897,2585,4726,8133,0.0926622934365702,0.1694088970140158,0.2915367243789655,1,3,37.53566742,126.88158417
2730,2730.마곡메가박스 앞,27894,2758,5544,6848,0.0988743098874309,0.1987524198752419,0.2455008245500824,1,3,37.55912781,126.83495331
1235,1235. 잠실트리지움310동 옆,27863,2727,4725,8253,0.0978717295337903,0.1695797293902307,0.2961992606682697,1,3,37.50887299,127.08716583
2173,2173. 당곡사거리,27808,2382,5001,7839,0.0856588032220943,0.179840333716916,0.2818972957422324,1,3,37.48974991,126.92746735
4122,4122. 청계9가교차로 앞,27804,6373,4481,7129,0.2292116242267299,0.1611638613149187,0.2564019565530139,1,0,37.57014847,127.02992249
4373,4373. 서울숲 지식산업센터,27801,3746,6146,5825,0.1347433545555915,0.2210711844897665,0.2095248372360706,1,1,37.54127502,127.04849243
226,226. 샛강역 1번출구 앞,27796,6114,6912,4735,0.2199597064325802,0.2486688732191682,0.1703482515469851,1,1,37.51776505,126.92841339
5884,5884. GS강서타워,27758,4208,7973,5077,0.1515959363066503,0.2872325095467973,0.1829022263851862,1,1,37.52098083,126.88929749
573,573. 구의문주차장 앞,27707,5902,4783,6826,0.2130147616125888,0.1726278557765185,0.2463637347962608,1,0,37.54523087,127.08473206
574,574. 아차산역4번출구,27663,4545,4356,7473,0.1642988829844919,0.157466652206919,0.270144235983082,1,3,37.55184937,127.08898163
1455,1455. 상봉역 2번 출구,27597,1871,5822,6948,0.0677972243359785,0.2109649599594159,0.2517664963582998,1,3,37.59632874,127.08589935
5868,5868. 로프트시티오피스텔,27549,5784,3977,7302,0.2099531743438963,0.1443609568405386,0.2650549929217031,1,0,37.51906204,126.90839386
497,497.합정동주민센터 앞,27548,1260,5812,8749,0.0457383476114418,0.210977203426746,0.317591113692464,1,3,37.551754,126.91230011
3548,3548.뚝섬역 6번출구,27519,4397,6079,6339,0.1597805152803517,0.2209019223082234,0.2303499400414259,1,1,37.54695892,127.04766846
2264,2264. 이수역 1번출구,27504,4349,5388,7076,0.1581224549156486,0.1958987783595113,0.2572716695753345,1,3,37.48897171,126.98271942
1851,1851. 가산디지털단지 9번출구 인근,27458,8079,7187,4016,0.2942311894529827,0.2617452108675067,0.1462597421516498,1,1,37.48123169,126.88148499
203,203. 국회의사당역 3번출구 옆,27427,7273,8508,2830,0.2651766507456156,0.3102052721770518,0.1031829948590804,1,1,37.5280571,126.91870117
4594,4594. 양평교 영등포대여소,27387,5131,5115,6746,0.1873516631978676,0.1867674444079307,0.2463212473071165,1,0,37.53972626,126.8903656
3936,3936. 힐스테이트 신도림역,27273,3278,4499,7275,0.1201921314120192,0.1649616837164961,0.2667473325266747,1,3,37.50683594,126.88478851
1328,1328. 월곡역 3번출구,27259,4196,5901,5936,0.1539308118419604,0.2164789610770754,0.2177629406801423,1,1,37.6026268,127.04163361
5865,5865.더리브오피스텔 앞,27238,8201,3598,6830,0.3010867170864233,0.1320948674645715,0.2507526250091783,1,0,37.51791763,126.91259766
1023,1023. 한국종합기술사옥 앞,27040,1547,11342,2824,0.0572115384615384,0.4194526627218934,0.1044378698224852,1,2,37.54998398,127.17470551
279,279. 영등포 푸르지오 아파트 B,26944,3940,4456,6766,0.146229216152019,0.1653800475059382,0.2511134204275534,1,3,37.51322937,126.90446472
2340,2340. 삼호물산버스정류장(23370) 옆,26889,4196,6255,6039,0.1560489419465208,0.2326230056900591,0.2245899810331362,1,1,37.47750854,127.04517365
589,589. 성수역3번출구,26867,3695,5946,6384,0.1375293110507313,0.2213123906651282,0.2376149179290579,1,1,,
3513,3513. 상왕십리역 1번출구,26825,2916,5782,6594,0.1087045666356011,0.2155452003727865,0.2458154706430568,1,1,37.56460953,127.02919769
1904,1904. 도림천역 1번 출구 앞,26783,6158,3606,5872,0.2299219654258298,0.1346376432811858,0.219243550013068,1,0,37.51424026,126.88287354
4026,4026. 상계주공1단지아파트,26767,6978,3310,7193,0.2606941383046288,0.1236597302648783,0.2687264168565771,1,0,37.64795303,127.05793762
4541,4541. 갈산문화예술센터,26756,6862,3996,6565,0.2564658394378831,0.1493496785767678,0.2453655254896098,1,0,37.51097488,126.86984253
2915,2915.서울과학기술대학교(어학교육원),26750,2871,4775,5128,0.1073271028037383,0.1785046728971962,0.1917009345794392,1,1,37.63489914,127.07767487
3205,3205.문래현대2차,26729,6226,3322,7672,0.2329305248980508,0.1242844850162744,0.287029069549927,1,0,37.5202179,126.882164
4484,4484. 잠실나루역4번출구뒤,26660,5120,6590,6367,0.1920480120030007,0.2471867966991748,0.2388222055513878,1,1,37.52080917,127.10362244
1955,1955. 디지털입구 교차로,26631,1734,6024,6531,0.0651120874169201,0.2262025459051481,0.2452405091810296,1,3,37.48288345,126.90103912
540,540. 군자역 7번출구 베스트샵 앞,26528,3232,4060,6887,0.1218335343787696,0.1530458383594692,0.2596124849215923,1,3,37.55603027,127.0786438
229,229. 양평1 보행육교 앞,26527,1939,10176,5246,0.0730953368266294,0.3836091529385155,0.1977607720435782,1,2,37.53587341,126.8921814
825,825. 서빙고동 주민센터 앞,26519,1714,4489,10335,0.0646329047098306,0.1692748595346732,0.3897205776990082,1,3,37.52033615,126.9942627
3914,3914. 신도림쌍용플래티넘노블아파트 앞,26468,6825,3633,6726,0.2578585461689587,0.1372600876530149,0.2541181804443101,1,0,37.50126266,126.89118195
1912,1912. 한신휴아파트 앞,26443,5622,4664,6434,0.2126082517112279,0.1763793820670877,0.2433158113678478,1,0,37.48880005,126.89066315
5301,5301. 상계주공1단지 버스정류장 옆(대원빌딩 앞),26378,3000,4584,7081,0.1137311395860186,0.1737811812874365,0.268443399802866,1,3,37.64805984,127.06239319
501,501. 광진문화예술회관 앞,26329,5164,3187,6170,0.1961335409624368,0.1210452352918834,0.2343423601352121,1,0,37.53730774,127.07035065
1120,1120. 대림경동아파트앞,26199,6890,3287,6476,0.2629871369136226,0.1254628039238139,0.2471850070613382,1,0,37.564785,126.85464478
3758,3758. 서울남부출입국관리소,26195,6148,3658,5122,0.2347012788700133,0.1396449704142011,0.1955334987593052,1,0,37.56059265,126.82084656
1169,1169. 염창역 1번 출구,26184,3054,7040,6243,0.1166361136571952,0.2688664833486098,0.2384280476626947,1,1,37.54719925,126.87448883
474,474.동대문역사문화공원역 1번출구 뒤편,26164,1950,5907,6503,0.0745298883962696,0.2257682311573154,0.2485476226876624,1,3,37.56629944,127.00849152
287,287. 영등포전화국사거리 (서강어린이공원),26074,5186,4173,6797,0.1988954514075324,0.1600444887627521,0.2606811382986883,1,0,37.52576828,126.90573883
1657,1657. 노원구청 ,26055,1379,8494,4191,0.0529265016311648,0.3260026866244482,0.1608520437535981,1,2,37.65404892,127.05732727
576,576. 광나루역 3번 출구,26032,3265,4256,7466,0.1254225568531038,0.1634910878918254,0.2868008604794099,1,3,37.54483032,127.10426331
106,106. 합정역 7번출구 앞,25910,1267,4984,9416,0.048900038595137,0.1923581628714782,0.3634118101119259,1,3,37.54864502,126.91282654
1135,1135. 강서구의회,25868,6358,3343,6043,0.2457862996752744,0.1292330292252976,0.2336090923148291,1,0,37.54653168,126.86254883
1957,1957. 구일고등학교 정문 ,25828,7936,2802,5459,0.3072634350317484,0.1084869134272882,0.2113597645965618,1,0,37.49340057,126.87432861
362,362. 청계8가사거리 A,25792,5347,3573,7458,0.2073123449131513,0.1385313275434243,0.289159429280397,1,0,37.57219696,127.02304077
4798,4798. 황학동롯데캐슬,25790,2915,4840,6827,0.1130283055447848,0.1876696393951143,0.2647150058162078,1,3,37.57162094,127.02204132
1452,1452. 겸재교 진입부,25767,3207,3671,7881,0.1244615205495401,0.1424690495595141,0.3058563278612178,1,3,37.58565521,127.07505035
615,615. 용두동 래미안허브리츠아파트 앞,25735,3768,4637,6512,0.1464153876044297,0.1801826306586361,0.2530406061783563,1,3,37.57638168,127.03511047
500,500. 어린이대공원역 3번출구 앞,25711,2971,4642,6367,0.115553654078021,0.1805452918984092,0.2476371980864221,1,3,37.54706955,127.07427216
549,549. 아차산역 3번출구,25681,3487,4527,7112,0.1357813169269109,0.1762781823137728,0.2769362563763093,1,3,37.55122375,127.08970642
1291,1291. 서울체육고등학교 앞,25600,1312,6653,3699,0.05125,0.2598828125,0.1444921875,1,1,37.52193832,127.13186646
663,663. 외대앞역 3번출구,25599,2833,5201,6380,0.1106683854838079,0.2031719989062072,0.2492284854877143,1,3,37.59489059,127.06302643
870,870.노들섬 서측 앞,25568,332,5135,11051,0.0129849812265331,0.200836983729662,0.4322199624530663,1,3,37.51731873,126.95829773
1048,1048. 둔촌어린이공원,25500,4943,3689,6641,0.1938431372549019,0.1446666666666666,0.2604313725490196,1,0,37.53099442,127.14237213
498,498.연남동주민센터 앞,25464,3388,4830,6403,0.1330505812126924,0.1896795475966069,0.2514530317310713,1,3,37.56465149,126.92212677
3782,3782. 겸재정선미술관,25397,6484,4788,5681,0.2553057447730046,0.1885262038823483,0.2236878371461196,1,0,37.57128906,126.83777618
267,267. 삼성화재 사옥 옆,25339,2934,5335,6118,0.1157898891037531,0.2105450096688898,0.2414459923438178,1,1,37.53596115,126.89830017
146,146. 마포역 2번출구 뒤,25262,2929,5402,6868,0.1159448974744675,0.2138389676193492,0.2718707940780619,1,3,37.53993607,126.94582367
1381,1381.석계역 4번출구 뒤,25257,2467,4884,6974,0.0976758918319673,0.193372134457774,0.27612147127529,1,3,37.61478424,127.06700134
5886,5886.신풍역 2번출구,25241,2634,4831,6497,0.104354027178004,0.1913949526563923,0.2573986767560715,1,3,37.4999733,126.90979004
393,393. 동대문역 8번 출구,25228,1968,4546,4382,0.0780085619153321,0.1801966069446646,0.1736958934517203,1,1,37.57014084,127.00937653
1996,1996. 구일역 1번 출입구 앞,25188,4022,4661,7485,0.1596792123233285,0.1850484357630617,0.2971653168175321,1,3,37.49539948,126.87100983
2702,2702. 마곡 엠밸리2단지,25177,7298,3091,5435,0.2898677364261032,0.1227707828573698,0.2158716288676172,1,0,37.56917953,126.81944275
224,224. 롯데캐슬 앞,25168,2666,5768,5790,0.1059281627463445,0.2291799109980928,0.2300540368722187,1,1,37.5200882,126.93236542
4041,4041. 공릉역3번출구,25108,2063,4662,6558,0.082165046996973,0.1856778715947108,0.2611916520630875,1,3,37.62500381,127.07301331
1448,1448. 코스트코 상봉점,25103,1776,3949,7416,0.0707485161136119,0.1573118750746922,0.2954228578257579,1,3,37.59732056,127.08979797
4600,4600. 서울 영등포구 우체국,25100,4965,4893,4481,0.197808764940239,0.1949402390438247,0.1785258964143426,1,1,37.52915192,126.89447784
4013,4013. 중계 롯데마트,25086,3195,3676,6667,0.1273618751494857,0.1465359164474208,0.2657657657657657,1,3,37.64584351,127.070755
153,153. 성산2교 사거리,25043,4191,4446,6307,0.1673521542946132,0.1775346404184802,0.2518468234636425,1,3,37.56469727,126.91261292
227,227. 양평1나들목 보행통로 입구,25027,3010,3663,9346,0.1202701082830543,0.1463619291165541,0.3734366883765533,1,3,37.54466629,126.88835907
1195,1195. 코오롱One&Only타워,25022,903,11958,1576,0.0360882423467348,0.4778994484853329,0.0629845735752537,1,2,37.56412888,126.83431244
1132,1132. 등촌역 7번출구,24986,5138,3868,5630,0.2056351556871848,0.1548066917473785,0.2253261826622908,1,0,37.55110931,126.8637085
4575,4575. 대림동 e편한세상영등포아델포레,24975,4529,3518,6074,0.1813413413413413,0.1408608608608608,0.2432032032032032,1,0,37.49582291,126.90835571
1503,1503. 강북구청사거리(수유역 8번출구),24948,1514,5052,6598,0.060686227352894,0.2025012025012025,0.2644700978034311,1,3,37.63926315,127.02672577
1716,1716. 창동역 1번출구 건너편,24886,1828,6063,6547,0.0734549545929438,0.2436309571646709,0.2630796431728683,1,3,37.65420151,127.05072784
342,342. 대학로 마로니에공원,24850,3329,5059,6365,0.133963782696177,0.2035814889336016,0.2561368209255533,1,3,37.57978439,127.00253296
1643,1643. 태릉입구역 8번출구,24810,1643,5179,7016,0.066223297057638,0.2087464731962918,0.2827891979040709,1,3,37.61736679,127.07521057
2255,2255. 양재시민의숲역 1번출구,24789,5795,5675,5062,0.2337730444955423,0.2289321876638831,0.204203477348824,1,1,37.47016525,127.03862
1076,1076. 천동초교입구사거리 버스정류장(십자성마을 방면),24714,3835,4014,6873,0.1551752043376224,0.1624180626365622,0.2781014809419762,1,3,37.5398941,127.14103699
2746,2746.수명산파크 4단지 411동 앞,24711,7850,2572,5630,0.317672291691959,0.1040832018129578,0.2278337582453158,1,0,37.55134964,126.82493591
956,956. 응암시장교차로,24670,5580,3311,6150,0.2261856505877584,0.1342115930279692,0.2492906364004864,1,0,37.59441376,126.91801453
421,421. 마포구청 앞,24668,3760,4673,4882,0.1524241932868493,0.1894357061780444,0.1979082211772336,1,1,37.56574631,126.9018631
3757,3757. 신방화역 6번출구,24652,3363,5737,6184,0.1364189518091838,0.2327194548109686,0.2508518578614311,1,1,37.56692886,126.81684113
1901,1901. 신도림동주민센터 앞,24615,5327,4149,5667,0.2164127564493195,0.1685557586837294,0.2302254722730042,1,0,37.50733185,126.87973022
505,505. 자양사거리 광진아크로텔 앞,24600,2170,4299,6466,0.0882113821138211,0.1747560975609756,0.2628455284552845,1,3,37.53701019,127.08224487
1636,1636. 상계주공2단지 버스정류장 옆,24558,2984,4753,5810,0.1215082661454515,0.1935418193663979,0.2365827836143008,1,1,37.64921188,127.06176758
1215,1215. 올림픽공원역 1번출구 앞,24511,2731,4934,6313,0.1114193627350985,0.2012973766880176,0.2575578311778385,1,3,37.51657104,127.13153839
905,905. 구파발역 2번출구,24509,1466,5725,7052,0.0598147619241911,0.2335876616753029,0.2877310375780325,1,3,37.63623428,126.91899872
3671,3671. 둔촌동역교차로,24502,3313,4274,6216,0.135213451963105,0.1744347400212227,0.2536935760346094,1,3,37.52926254,127.1364975
1531,1531. 미아사거리 1번 출구,24478,1652,4499,6656,0.0674891739521202,0.1837976958901871,0.2719176403300923,1,3,37.61395645,127.03025055
588,588. 뚝섬 유원지역,24470,1658,4697,7685,0.0677564364527993,0.1919493257049448,0.3140580302411115,1,3,37.53268814,127.06749725
2741,2741.마곡수명산파크5-6단지,24452,6385,2790,5379,0.2611238344511696,0.114101096024865,0.2199820055619172,1,0,37.55061722,126.82688141
3794,3794. 안양천합수부(현대3차아파트),24446,5011,2952,7827,0.2049824102102593,0.1207559518939703,0.3201750797676511,1,0,37.55195236,126.87670898
4598,4598. 오목교 동측 지하보도,24418,4599,4228,6440,0.1883446637726267,0.1731509542141043,0.2637398640347285,1,0,37.52364349,126.88183594
3966,3966. 독산역1번출구 B,24382,8483,5511,3177,0.3479205971618407,0.2260273972602739,0.1303010417521122,1,0,37.46709442,126.88920593
3756,3756. 마곡힐스테이트 정문,24352,7092,2999,6135,0.2912286465177398,0.1231521024967148,0.2519300262812089,1,0,37.56497574,126.8174057
2618,2618. 삼전역 1번출구,24351,3889,4335,6290,0.1597059669007433,0.1780214364913145,0.2583056137324956,1,3,37.50471115,127.08756256
1988,1988. 고척LIGA아파트 앞,24321,6741,3159,5913,0.2771678796102134,0.1298877513260145,0.2431232268410016,1,0,37.50605011,126.86078644
5881,5881. 세계청소년NGO교육문화원,24304,4426,4267,6069,0.1821099407504937,0.1755678077682686,0.2497119815668202,1,0,37.52456665,126.90200043
3214,3214.영등포 푸르지오 아파트 A,24260,7365,2701,6074,0.3035861500412201,0.1113355317394888,0.2503709810387469,1,0,37.51202393,126.90105438
1177,1177. 수명중?고교,24259,7808,2623,4276,0.3218599282740426,0.1081248196545612,0.1762644791623727,1,0,37.55010986,126.82367706
643,643. 동대문구민체육센터 (육교아래),24254,6152,2851,6217,0.2536488826585305,0.1175476210109672,0.2563288529727055,1,0,37.56697083,127.07429504
6183,6183.K스퀘어 마곡,24228,2776,7255,5007,0.114578174013538,0.2994469209179461,0.2066617137196632,1,1,37.56269455,126.82707977
1197,1197. 엠펠리체 호텔 건너편,24163,1940,5673,5823,0.0802880437031825,0.2347804494475023,0.2409882878781608,1,1,37.5602417,126.8358078
2619,2619. 석촌고분역 4번출구,24098,3938,3803,6604,0.1634160511245746,0.1578139264669267,0.2740476388081999,1,3,37.50233841,127.09644318
1610,1610. 화랑대역 2번출구 앞,24088,3094,3913,6788,0.1284456991032879,0.1624460312188641,0.2818000664231152,1,3,37.62036896,127.08364105
1338,1338. 용문2교 옆,24088,3572,3624,6049,0.1482896047824643,0.1504483560278977,0.2511208900697442,1,3,37.5868988,127.02075195
3759,3759. 이대서울병원,24051,1708,6455,3797,0.071015758180533,0.2683880088146023,0.1578728535196041,1,1,37.5586319,126.83559418
829,829. 한강대교 북단 교차로,23975,2148,4435,8502,0.0895933263816475,0.1849843587069864,0.3546193952033368,1,3,37.52293015,126.96169281
244,244. 영등포삼환아파트 앞,23949,3762,3925,6296,0.1570838030815483,0.163889932773811,0.2628919787882584,1,3,37.53007889,126.90570831
4377,4377. 우영테크노센터 앞,23913,685,8758,4963,0.0286455066281938,0.3662443022623677,0.2075440137163886,1,2,37.54332352,127.05971527
1442,1442. 중랑구청 중화동 별관 앞,23884,2913,4165,5578,0.121964495059454,0.1743845252051582,0.2335454697705577,1,3,37.59859085,127.07981873
2335,2335. 3호선 매봉역 3번출구앞,23871,4807,5651,4964,0.2013740521972267,0.236730761174647,0.2079510703363914,1,1,37.48676682,127.04676056
4383,4383. 푸조비즈타워 앞,23866,3495,9592,2594,0.1464426380625157,0.4019106678957513,0.1086901868767284,1,2,37.54808044,127.06461334
642,642. 신답역 사거리,23848,5864,4254,5368,0.245890640724589,0.1783797383428379,0.2250922509225092,1,0,37.57035446,127.0484314
634,634. 외국어대 정문 앞,23775,2264,3802,5970,0.0952260778128286,0.1599158780231335,0.2511041009463722,1,3,37.59601974,127.05982971
702,702. 목4동주민센터 옆,23750,5445,3221,5480,0.2292631578947368,0.1356210526315789,0.2307368421052631,1,0,37.53254318,126.86872864
3692,3692. 둔촌오륜역 1번 출구,23735,4738,3777,6240,0.1996208131451443,0.159132083421108,0.2629028860332841,1,0,37.51960373,127.13871002
5066,5066. 아망떼마곡전시장,23696,1247,9762,3105,0.0526249155975692,0.4119682646860229,0.1310347738014854,1,2,37.55791473,126.83297729
626,626. 군자교 서측 녹지대,23664,3941,4914,5964,0.1665398918187964,0.207657200811359,0.2520283975659229,1,1,37.56115341,127.07096863
4559,4559. 신길역 2번출구,23568,4333,5038,5960,0.1838509843856076,0.2137644263408011,0.2528852681602172,1,1,37.51756287,126.91698456
4537,4537. 서울남부지방검찰청 후문 ,23564,5475,4034,4525,0.2323459514513665,0.1711933457817009,0.1920302155830928,1,0,37.52164078,126.86555481
1686,1686. 상계주공10단지 종합상가 앞,23543,2546,3416,6563,0.1081425476787155,0.1450962069404918,0.2787665123391241,1,3,37.66114044,127.05805206
1744,1744.도봉소방서 옆,23531,1297,4875,6643,0.0551187794823849,0.2071735157876843,0.2823084441800178,1,3,37.66480255,127.04302979
2050,2050. 노량진역 5번출구,23492,2234,3742,6261,0.0950962029627107,0.1592882683466712,0.266516260854759,1,3,37.51324844,126.93997192
3416,3416.동묘앞역 6번출구,23423,2553,3084,5317,0.1089954318404986,0.1316654570294155,0.2269991034453315,1,3,37.5715332,127.01561737
1168,1168. 마곡엠밸리10단지 앞,23417,5497,3185,5069,0.2347439894094034,0.136012298757313,0.2164666695136012,1,0,37.56029129,126.8187561
912,912. 응암오거리,23391,4162,3639,6187,0.1779316831259886,0.1555726561498012,0.2645034414945919,1,0,37.58966064,126.91694641
1090,1090.상일동역 2번출구 앞,23384,3785,5759,4883,0.1618628121792678,0.2462795073554567,0.2088179952104003,1,1,37.5567894,127.16614532
3882,3882. 자양2동 주민센터,23382,6669,3089,5905,0.2852193995381062,0.1321101702164057,0.2525446924985031,1,0,37.52879333,127.08463287
2630,2630.서울방이동 고분군,23355,2943,4088,6071,0.1260115606936416,0.1750374652108756,0.2599443374009848,1,3,37.50786591,127.11698914
3934,3934. 철도교통관제센터 정문 앞,23348,6739,8241,5549,0.2886328593455542,0.3529638512934727,0.2376648963508651,1,1,37.49708176,126.87788391
3586,3586.군자역 비채온 오피스텔,23325,3607,3803,6331,0.1546409431939978,0.1630439442658092,0.2714255091103966,1,3,37.55771255,127.07727051
2025,2025. 흑석역 1번출구,23316,2271,4679,6890,0.0974009264024704,0.2006776462515011,0.2955052324583976,1,3,37.50938034,126.96361542
2724,2724.(재)FITI시험연구원,23311,8204,5758,2750,0.3519368538458238,0.2470078503710694,0.1179700570546094,1,0,37.56848526,126.83856964
316,316. 종각역 1번출구 앞,23243,4394,5196,3393,0.1890461644366045,0.2235511766983608,0.1459794346685023,1,1,37.57039642,126.98178864
4399,4399. 더리브 세종타워 앞,23217,2365,6568,5450,0.1018650127062066,0.2828961536804927,0.2347417840375587,1,1,37.54378128,127.0580368
4856,4856. 올림픽공원 서1문 앞,23211,2689,5396,6145,0.1158502434190685,0.2324759812158028,0.2647451639308948,1,3,37.5202179,127.11457062
1126,1126. 우장산역 1번출구옆(우장산아이파크105동앞),23199,1690,4415,6315,0.0728479675848096,0.1903099271520324,0.2722100090521143,1,3,37.54890823,126.83656311
3549,3549.건영아파트 앞,23181,6381,3331,5644,0.2752685388896079,0.143695267676114,0.2434752599111341,1,0,37.55514145,127.07110596
723,723. SBS방송국,23146,2284,7053,4362,0.0986779573144387,0.3047178778190616,0.1884558887064719,1,1,37.52916336,126.87274933
2729,2729.넥센 유니버시티 앞,23110,1877,8510,3292,0.0812202509736045,0.3682388576373864,0.1424491562094331,1,2,37.56948471,126.82809448
1002,1002. 해공공원(천호동),23082,4366,2788,6658,0.1891517199549432,0.1207867602460791,0.2884498743609739,1,0,37.5452652,127.12593842
473,473.을지로4가역 9번출구,23066,4568,5045,3971,0.1980404057920749,0.2187201942252666,0.172158154859967,1,1,37.56605148,126.99798584
3905,3905. 희훈타워빌 앞,23062,4460,3360,5611,0.1933917266499002,0.1456942155927499,0.2433006677651548,1,0,37.50191498,126.88924408
551,551. 구의삼성쉐르빌 앞,23039,3146,3536,6008,0.1365510655844437,0.153478883632102,0.2607752072572594,1,3,37.54006195,127.09449768
1028,1028. 포레스 주상복합 빌딩,23016,3488,3765,5800,0.151546750086896,0.1635818561001042,0.2519986096628432,1,3,37.53310776,127.12277222
1414,1414. 사가정역 2번출구,23009,2216,5015,5752,0.0963101395106262,0.2179581902733713,0.249989134686427,1,3,37.58098984,127.08824158
1246,1246. 문정 법조단지10,22990,2927,6980,4904,0.127316224445411,0.3036102653327533,0.2133101348412353,1,1,37.47750854,127.12632751
1956,1956. 동아1차APT105동 버스정류장(신도림중학교 방면),22959,6010,3919,5035,0.2617709830567533,0.1706955877869245,0.2193039766540354,1,0,37.51000977,126.88204956
3864,3864. 광진소방서 앞,22952,5948,3618,5255,0.259149529452771,0.1576333217148832,0.2289560822586267,1,0,37.5450058,127.08337402
2613,2613. 잠실나들목,22950,2257,2970,9002,0.0983442265795207,0.1294117647058823,0.3922440087145969,1,3,37.51678085,127.09049225
593,593.자양중앙나들목,22936,5012,2763,7409,0.2185211021974189,0.1204656435298221,0.3230292989187304,1,0,37.52845383,127.07803345
1269,1269. 리센츠아파트 ,22859,2838,3601,6610,0.1241524126164749,0.1575309506102629,0.2891640054245593,1,3,37.51194382,127.09121704
1185,1185. 등촌9단지,22847,5261,3829,4878,0.2302709327263973,0.1675931194467545,0.2135072438394537,1,0,37.56290054,126.84947205
414,414. 상암동주민센터 옆,22818,2688,4836,4987,0.1178017354719958,0.2119379437286352,0.2185555263388552,1,1,37.57822037,126.89447021
4036,4036. 하계역 6번출구,22811,2632,5556,5294,0.1153829292885011,0.2435667002761825,0.2320810135460961,1,1,37.63793945,127.06715393
913,913. 이마트 버스정류장(서부경찰서 방면),22761,1623,4540,6139,0.0713061816264663,0.1994639954307807,0.2697157418391107,1,3,37.60070038,126.92012787
1720,1720. 도봉구청 옆(중랑천변),22747,2331,4821,6236,0.1024750516551633,0.2119400360487097,0.2741460412362069,1,3,37.66867065,127.04798126
2913,2913.상계8동 주민센터,22735,4974,3261,6134,0.2187816142511546,0.1434352320211128,0.2698042665493732,1,0,37.66712952,127.05176544
398,398. 을지로3가역 3번출구,22720,2201,5876,4985,0.096875,0.2586267605633803,0.2194102112676056,1,1,37.56655884,126.99243927
370,370. 시청역(2호선) 9번출구 뒤,22712,2935,6489,2642,0.1292268404367735,0.2857079957731596,0.1163261711870376,1,1,37.56322861,126.97483826
409,409. 누리꿈스퀘어 옆,22632,940,9476,3155,0.0415341109932838,0.4186991869918699,0.1394043831742665,1,2,37.57939911,126.88916016
5057,5057. 마곡역4번출구,22623,1448,6243,4695,0.0640056579587145,0.2759580957432701,0.2075321575387879,1,1,37.55931091,126.82743835
5055,5055. 마곡역5번출구앞,22606,2587,6257,4620,0.1144386446076262,0.2767849243563656,0.2043705211005927,1,1,37.55905914,126.82704926
1619,1619. 중계동 하나프라자빌딩 앞(중1-1),22546,1370,3864,6832,0.0607646589195422,0.17138295041249,0.3030249268162867,1,3,37.64902115,127.07640839
222,222. 시범아파트버스정류장 옆,22529,3605,5220,4243,0.1600159794043233,0.2317013626880909,0.1883350348439788,1,1,37.51902008,126.93688965
1462,1462.동부시장 북문 앞,22493,1545,4217,6501,0.0686880362779531,0.1874805495042902,0.2890232516782999,1,3,37.59386826,127.07652283
1221,1221. 삼전역 4번출구,22465,3849,3491,6125,0.1713331849543734,0.1553972846650345,0.2726463387491654,1,3,37.50419998,127.08753204
264,264. 교보생명보험 앞,22451,3593,5157,4657,0.1600374148144848,0.2297002360696628,0.2074295131619972,1,1,37.52193069,126.89161682
1075,1075.천동초교 삼거리,22446,5805,2920,5444,0.2586206896551724,0.1300899937628085,0.2425376459057293,1,0,37.54136276,127.13718414
2713,2713.우장초등학교 앞,22432,8011,2397,5139,0.3571237517831669,0.1068562767475035,0.2290923680456491,1,0,37.54853439,126.84667206
4141,4141. 우리은행장안지점 앞,22420,3057,3886,5311,0.1363514719000892,0.1733273862622658,0.2368867082961641,1,3,37.56630707,127.06768799
4332,4332. 이수교차로,22310,1469,3541,7939,0.0658449125952487,0.158718063648588,0.3558493948901838,1,3,37.49817276,126.98448181
4884,4884. H비즈니스파크,22296,1345,8565,3486,0.0603247219232149,0.3841496232508073,0.1563509149623251,1,2,37.48352432,127.11683655
3785,3785. 마곡14단지 1408동앞,22278,5434,2732,5068,0.2439177664063201,0.1226321931950803,0.2274890026034653,1,0,37.55737305,126.82332611
1072,1072.고덕역 5번출구,22238,1747,4584,6353,0.0785592229517043,0.2061336451119705,0.2856821656623797,1,3,37.55486298,127.15372467
546,546. 잠실대교북단 교차로,22226,3263,3320,6011,0.1468100422928102,0.1493746063169261,0.2704490236659768,1,3,37.53247833,127.08509064
433,433. 을지로입구역 2번출구,22220,4445,5353,3688,0.20004500450045,0.2409090909090909,0.1659765976597659,1,1,37.56634521,126.98229218
5065,5065. 허준박물관삼거리,22157,5180,3305,5036,0.2337861623866046,0.1491627927968588,0.2272870876021122,1,0,37.56724548,126.85038757
4398,4398. 유원지식산업센터 앞,22137,2089,5463,5331,0.0943668970501874,0.246781406694674,0.2408185390974386,1,1,37.54436493,127.05593109
2801,2801. 대륭포스트타워1차,22097,488,11283,2579,0.0220844458523781,0.5106123003122596,0.1167126759288591,1,2,37.48437119,126.89542389
1458,1458. 상봉터미널2,22080,5250,2909,5453,0.2377717391304347,0.1317481884057971,0.2469655797101449,1,0,37.59733963,127.09308624
559,559. 왕십리역 4번 출구 건너편,22022,1512,4672,5944,0.0686586141131595,0.2121514848787576,0.2699119062755426,1,3,37.56109619,127.03679657
4007,4007. 노원 을지대학교 병원,21990,2288,4612,4600,0.1040472942246475,0.209731696225557,0.2091859936334697,1,1,37.63666916,127.06969452
1535,1535. 효성인텔리안 앞,21962,1870,3923,5903,0.0851470722156452,0.1786267188780621,0.2687824424005099,1,3,37.6362915,127.02337646
3501,3501. K&S빌딩 앞,21941,3624,3114,5596,0.1651702292511736,0.1419260744724488,0.2550476277289093,1,0,37.53950119,127.08300018
590,590. 건국대학교 (입학정보관),21907,3497,3103,2993,0.1596293422193819,0.1416442233076185,0.1366229972155019,1,1,37.53989029,127.07336426
363,363. 신설동역 11번출구 뒤,21869,3422,3366,5542,0.1564772051762769,0.1539165028121999,0.2534180803877635,1,3,37.57559204,127.02285004
4796,4796. 서울시청,21857,2909,5584,3660,0.1330923731527657,0.2554787939790456,0.1674520748501624,1,1,37.5664711,126.97925568
133,133. 해담는다리,21843,3482,3445,6199,0.1594103374078652,0.1577164308931923,0.2837980130934395,1,3,37.58203125,126.90899658
3559,3559.성동구민종합체육센터 앞,21828,1814,4793,6722,0.0831042697452812,0.2195803555066886,0.3079530877771669,1,3,37.54590988,127.04460144
4136,4136. 롯데캐슬SKY-L65 D동 앞,21816,4313,3332,5710,0.1976989365603227,0.1527319398606527,0.2617345067840117,1,0,37.57791901,127.04456329
1667,1667. 중계중학교,21781,3240,2975,5463,0.1487535007575409,0.1365869335659519,0.2508149304439649,1,3,37.65449905,127.0743866
749,749. 이대목동병원보도육교,21750,1723,5798,4326,0.0792183908045977,0.2665747126436781,0.1988965517241379,1,1,37.53722763,126.88661194
4218,4218. 디지털매직스페이스,21750,1716,6551,4368,0.0788965517241379,0.3011954022988505,0.2008275862068965,1,1,37.58119965,126.88957977
5859,5859. 여의도 삼부아파트,21748,2742,4839,5979,0.1260805591318742,0.2225032186867758,0.2749218318925878,1,3,37.52539444,126.93045807
633,633. 청량리 기업은행 앞,21744,2433,3880,6193,0.1118929359823399,0.1784400294334069,0.2848142016188373,1,3,37.58040619,127.04482269
582,582. 경일중학교 앞,21732,3523,4755,4642,0.1621111724645683,0.2188017669795693,0.2136020614761641,1,1,37.54317856,127.0490799
3421,3421.혜화역 1번출구,21698,2101,3666,5330,0.0968292008480044,0.1689556641165084,0.2456447598857037,1,3,37.58385468,127.00185394
5853,5853. 여의도역2번출구 앞,21694,4047,7339,2800,0.1865492762975938,0.3382963031252881,0.1290679450539319,1,2,37.52260971,126.92301178
5086,5086. 가양테크노타운,21677,1368,5293,6090,0.0631083637034645,0.2441758545924251,0.2809429349079669,1,3,37.56035995,126.86276245
131,131. 증산2교,21635,3032,3656,6453,0.1401432863415761,0.1689854402588398,0.2982666974809336,1,3,37.5841713,126.91110229
641,641. 용두역 4번출구,21628,2257,4223,5923,0.1043554651377843,0.1952561494359164,0.2738579619012391,1,3,37.57375336,127.03853607
816,816. 신용산역 6번출구 앞,21603,2823,4783,5698,0.1306762949590334,0.2214044345692727,0.2637596630097671,1,3,37.53014755,126.96848297
3894,3894. 노룬산시장 앞,21602,4359,3564,5518,0.2017868715859642,0.1649847236367003,0.2554393111748912,1,0,37.5369606,127.06273651
5089,5089. LG사이언스파크 E10동,21585,1135,9786,888,0.0525828121380588,0.4533703961084086,0.0411396803335649,1,2,37.56364822,126.83454132
4131,4131. 베네스트 오피스텔 앞,21557,4761,3357,5206,0.2208563343693463,0.1557266781091988,0.241499280976017,1,0,37.57817078,127.03170013
539,539. 군자교교차로,21546,2470,3465,6173,0.1146384479717813,0.1608187134502924,0.2865032952752251,1,3,37.55979538,127.07420349
1737,1737. 신창시장,21538,3379,3259,5576,0.1568855046893862,0.1513139567276441,0.2588912619556133,1,3,37.63970184,127.03883362
1683,1683. 노원문화예술회관,21535,4245,2880,5294,0.1971209658695147,0.1337357789644764,0.2458323659159507,1,0,37.65045929,127.08088684
225,225. 앙카라공원 앞,21527,4505,4624,4381,0.2092720769266502,0.2148000185813164,0.2035118688159056,1,1,37.51758575,126.92961884
3566,3566.우성4차아파트,21500,5687,2691,5582,0.2645116279069767,0.1251627906976744,0.2596279069767442,1,0,37.53507233,127.07611084
911,911. 은평평화공원(역촌역4번출구),21498,3271,3726,5458,0.1521536887152293,0.1733184482277421,0.2538840822402083,1,3,37.60558319,126.92293549
1933,1933. 개봉푸르지오아파트 상가,21481,5207,2947,5277,0.2424002606954983,0.137191006005307,0.2456589544248405,1,0,37.50170517,126.84728241
130,130. 신촌역(2호선) 7번출구 앞,21474,1375,4647,5916,0.0640309211139051,0.2164012293936854,0.2754959485889913,1,3,37.55485916,126.93615723
1661,1661. 당현천근린공원,21453,3634,3337,5038,0.1693935580105346,0.1555493404185894,0.2348389502633664,1,0,37.64963913,127.06560516
1977,1977. 천왕역 1번 출입구 앞,21428,3228,4877,4713,0.1506440171737913,0.2275994026507373,0.2199458652230726,1,1,37.48620987,126.83882141
1697,1697.상계주공2단지 219동,21402,4061,2675,5795,0.1897486216241472,0.1249883188487057,0.2707690870012148,1,0,37.65024948,127.05715179
4497,4497. 아시아선수촌아파트 교차로,21392,5675,3680,5202,0.2652860882572924,0.1720269259536275,0.2431750186985789,1,0,37.50679016,127.07926941
4353,4353. 코오롱디지털타워 3차앞,21360,1902,6508,3841,0.0890449438202247,0.3046816479400749,0.1798220973782771,1,1,37.54655838,127.04998779
258,258. 신길역3번출구,21326,7103,3645,4668,0.3330676169933415,0.1709181281065366,0.2188877426615399,1,0,37.51769257,126.91429901
2908,2908. 광운대학교 중앙도서관,21318,1588,3777,4744,0.0744910404353128,0.1771742189698846,0.2225349469931513,1,3,37.62000275,127.05856323
194,194. 증산교 앞,21318,2287,4696,6031,0.1072802326672295,0.2202833286424617,0.2829064640210151,1,3,37.57731628,126.90296936
2015,2015. 신대방삼거리역 6번출구쪽,21314,3905,2604,5752,0.1832129117012292,0.1221732194801538,0.2698695692971755,1,0,37.49985504,126.92956543
1172,1172. 가양3동 주민센터,21301,3861,4221,4813,0.1812590958170978,0.1981597108116989,0.2259518332472654,1,1,37.56124878,126.86058044
1438,1438. 홈플러스 신내점 앞,21298,2972,4422,5108,0.1395436191191661,0.2076251291201051,0.239834726265377,1,1,37.61616898,127.09348297
3886,3886.광진구 민방위교육센터,21242,5116,2687,5903,0.2408436117126447,0.1264946803502495,0.2778928537802467,1,0,37.5391922,127.09801483
1337,1337. 돈암성당 옆,21240,1372,2862,7061,0.0645951035781544,0.1347457627118644,0.3324387947269303,1,3,37.59038162,127.01713562
4566,4566. 대림성원상떼빌아파트,21221,5242,3154,4965,0.247019461853824,0.148626360680458,0.2339663540832194,1,0,37.5038414,126.89615631
5099,5099. LG사이언스파크 E7동,21199,789,11323,1067,0.0372187367328647,0.5341289683475635,0.0503325628567385,1,2,37.56153488,126.8319397
1416,1416. 상봉역 3번출구,21180,2589,4204,5400,0.1222379603399433,0.1984891406987724,0.254957507082153,1,3,37.59521866,127.08599854
516,516. 광진메디칼 앞,21142,4825,3352,4999,0.2282187115693879,0.1585469681203292,0.2364487749503358,1,0,37.54840469,127.06936646
2306,2306. 압구정역 2번 출구 옆,21115,2567,5000,4986,0.1215723419370116,0.2367984844896992,0.2361354487331281,1,1,37.5271225,127.02871704
1174,1174. 강서구청사거리(부민병원),21059,6213,2725,4035,0.2950282539531791,0.1293983569970084,0.1916045396267629,1,0,37.55661392,126.85116577
237,237. 보라매 두산위브 건너편,21058,4678,3677,4962,0.2221483521701966,0.1746129736917086,0.2356349130971602,1,0,37.49651337,126.91480255
3201,3201.당산skv1센터,21058,3288,4959,3833,0.1561401842530154,0.2354924494253965,0.182021084623421,1,1,37.53073502,126.89916992
1762,1762.북한산 한신휴플러스APT앞,21031,4474,2609,5416,0.2127335837573106,0.1240549664780562,0.2575246065332128,1,0,37.65533829,127.04241943
1021,1021. 강일동 리슈빌 빌딩앞,20989,4749,2818,4352,0.2262613750059555,0.1342608032779075,0.2073467054171232,1,0,37.56427383,127.17397308
2140,2140. 신림1교 교차로,20962,3693,2730,6033,0.1761759374105524,0.1302356645358267,0.2878065070126896,1,0,37.47842789,126.93186188
1333,1333. 석관초등학교 앞,20958,2445,3836,4824,0.1166618952190094,0.1830327321309285,0.2301746349842542,1,1,37.61052322,127.05979919
4532,4532. 목동현대아파트 후문 앞,20955,3182,2739,5806,0.1518492006680983,0.1307086614173228,0.277069911715581,1,3,37.5221405,126.87805939
4557,4557. 리버뷰신안인스빌2차 후문,20936,3587,2922,5744,0.1713316774933129,0.1395682078716087,0.2743599541459686,1,0,37.51288223,126.89026642
179,179. 가좌역 4번출구 앞,20929,5508,4381,4179,0.2631754981126666,0.2093267714654307,0.1996750919776387,1,0,37.56877518,126.91529846
1446,1446. 중랑전화국 교차로,20905,3843,3224,4855,0.1838316192298493,0.1542214781152834,0.2322410906481703,1,0,37.59130096,127.0803299
2731,2731.명덕고교,20881,5152,3102,3781,0.2467314783774723,0.1485561036348834,0.181073703366697,1,0,37.55524063,126.8347168
561,561. 서울숲역 2번출구 앞,20880,3825,4423,4511,0.1831896551724137,0.2118295019157088,0.216044061302682,1,1,37.54281616,127.0446701
2531,2531.멤피스아파트 앞,20875,3443,4619,4576,0.1649341317365269,0.2212694610778443,0.2192095808383233,1,1,37.49420547,126.98935699
1259,1259. 방이역 1번출구,20861,2359,3718,5598,0.1130818273333013,0.1782273141268395,0.2683476343415943,1,3,37.50898361,127.12659454
4765,4765. 동대문디자인플라자,20851,1118,4637,5432,0.0536185314853004,0.22238741547168,0.2605150832094384,1,3,37.5683136,127.00946045
613,613. 신설동역 10번출구 앞,20827,3344,4120,4623,0.1605608104863878,0.1978201373217458,0.2219714793297162,1,1,37.57527161,127.02346802
4182,4182.보라매병원역 2번출구,20792,1889,5053,5071,0.0908522508657175,0.2430261639091958,0.2438918814928818,1,1,37.49265671,126.92449951
701,701. 목동사거리 부근,20756,4454,2760,5295,0.2145885527076508,0.1329735979957602,0.2551069570244748,1,0,37.53280258,126.86392975
624,624. 전농동 동아아파트 앞,20736,6185,2098,4826,0.2982735339506173,0.1011766975308642,0.2327353395061728,1,0,37.57418823,127.04589081
1278,1278. 송파구청 교차로,20702,2499,4895,5538,0.1207129745918268,0.2364505844845908,0.2675103854700029,1,3,37.51579666,127.10681915
3700,3700. 강변그대가리버뷰 입구 맞은편,20702,4563,2078,7253,0.2204134866196502,0.1003767751908028,0.3503526229349821,1,0,37.54816437,127.12257385
3767,3767. 대원빌딩,20673,5508,2748,5214,0.2664344797562037,0.1329270062400232,0.2522130314903497,1,0,37.54536819,126.84470367
5851,5851. 도림천 건널목 위,20653,4209,2612,5409,0.2037960586839684,0.1264707306444584,0.2618989977243015,1,0,37.50208282,126.89318848
1201,1201. 가락시장역 3번 출구,20652,3141,4550,3900,0.1520918070889018,0.2203176447801665,0.188843695525857,1,1,37.49317932,127.11854553
1022,1022. 길동 사거리(초소앞),20648,3452,3705,4776,0.1671832623014335,0.1794362650135606,0.2313056954668733,1,1,37.53377914,127.13799286
5053,5053. 신마곡벽산블루밍메트로오피스텔앞,20643,4652,3182,4892,0.2253548418350046,0.1541442619774257,0.2369810589546093,1,0,37.57108688,126.80754089
4938,4938.LH수서2단지 201동 앞,20632,6499,2399,5253,0.3149961225281116,0.1162756882512601,0.2546044978673905,1,0,37.47955322,127.10666656
1512,1512. 강북중학교 앞,20628,3216,3028,6099,0.1559045956951716,0.146790769827419,0.2956660849331006,1,3,37.64473724,127.02656555
176,176. 명지대학교 도서관,20627,3126,2644,5235,0.1515489407087797,0.1281815096717894,0.2537935715324574,1,3,37.58109665,126.92402649
1080,1080.천호지하주차장 5번 출입구,20552,2772,3271,5394,0.1348773841961852,0.1591572596340988,0.2624562086414947,1,3,37.5368309,127.12841797
3215,3215.강변삼성래미안,20525,6535,2224,5055,0.3183922046285018,0.1083556638246041,0.2462850182704019,1,0,37.52974319,126.90782928
3865,3865. 이튼타워리버 2차,20496,2635,2947,5373,0.1285616705698672,0.1437841530054645,0.2621487119437939,1,3,37.53520966,127.06900024
1689,1689. 마들역 3번출구,20446,2561,3556,5180,0.1252567739411131,0.1739215494473246,0.2533502885650004,1,3,37.66524887,127.05789185
3796,3796. 송정역 3번출구 앞,20424,4529,3908,4723,0.2217489228358793,0.1913435174304739,0.2312475518997258,1,0,37.56087875,126.81354523
1975,1975. 대림역 1번 출입구 밑,20420,3284,4161,4933,0.1608227228207639,0.2037708129285014,0.2415768854064642,1,1,37.49256516,126.8947525
3919,3919. 구로역·NC신구로점 버스정류장(구로역 방면),20414,1904,3613,5688,0.0932693249730577,0.176986381894778,0.2786323111590085,1,3,37.50096512,126.88237
2222,2222.사당역 12번출구 뒤,20410,2741,3763,5038,0.134296913277805,0.1843704066634003,0.2468397844194022,1,3,37.47806931,126.98203278
2348,2348. 포스코사거리(기업은행),20409,1467,9155,2134,0.0718800529178303,0.4485766083590572,0.1045617129697682,1,2,37.50723267,127.05685425
3517,3517. 용마사거리,20390,3495,3471,5167,0.1714075527219225,0.1702305051495831,0.2534085335948994,1,0,37.5625267,127.08227539
1081,1081.트레빌빌딩,20366,2458,3405,5550,0.1206913483256407,0.1671904153982127,0.2725130118825493,1,3,37.53699875,127.12953186
1224,1224. 아시아지하보도 2번 출구,20358,2592,3638,5704,0.1273209549071618,0.1787012476667649,0.2801846939777974,1,3,37.51216888,127.07893372
3778,3778. 김포공항입구 교차로,20331,2013,3277,6047,0.0990113619595691,0.1611824307707441,0.2974275736559933,1,3,37.56179428,126.80792999
2274,2274. 양재시민의숲역 3번출구,20330,4056,5123,3796,0.199508116084604,0.2519921298573536,0.1867191342843089,1,1,37.4692421,127.03982544
1321,1321. 국민은행 종암동지점 앞,20310,2767,3139,5126,0.1362383062530773,0.1545544066962087,0.2523879862136878,1,3,37.59328842,127.03666687
2647,2647.잠실 자전거 수리센터 앞,20299,3165,4966,4907,0.1559190107887088,0.2446425932311936,0.2417360461106458,1,1,37.51156998,127.10107422
4693,4693. 수색감리교회,20285,4077,2544,5598,0.2009859502095144,0.1254128666502341,0.275967463643086,1,0,37.58369446,126.89412689
4852,4852. 서울복합물류 게이트 1,20260,2277,5265,4226,0.1123889437314906,0.2598716683119447,0.2085883514313919,1,1,37.47600174,127.12310028
1958,1958. 강서수도사업소민원센터,20189,3854,3623,4608,0.1908960324929417,0.1794541582049631,0.228243102679677,1,0,37.49578094,126.89012146
2032,2032. 이수역 11번출구쪽,20173,2244,4024,5176,0.1112377930897734,0.199474545184157,0.2565805780002974,1,3,37.48550797,126.98162079
205,205. 산업은행 앞,20165,1196,6913,5515,0.0593106868336226,0.3428217208033722,0.2734936771634019,1,1,37.52626419,126.92050934
4685,4685. DMC역 5번 출구(수색역 방향),20161,2093,4121,5647,0.1038142949258469,0.2044045434254253,0.2800952333713605,1,3,37.57890701,126.90129852
3774,3774. 마곡9단지 910동 상가앞,20158,5553,2749,4725,0.2754737573171941,0.136372656017462,0.2343982537950193,1,0,37.56108475,126.81679535
4244,4244. 당인리발전소 공원 앞,20121,1491,3852,6422,0.0741016848069181,0.1914417772476517,0.3191690273843248,1,3,37.54529572,126.91764832
123,123. 문화촌 공원,20119,4180,2308,5919,0.2077638053581192,0.114717431283861,0.2941995128982553,1,0,37.59432983,126.9473877
368,368. SK 서린빌딩 앞,20101,1003,7673,3485,0.0498980150241281,0.3817223023730162,0.1733744589821401,1,2,37.5692482,126.98053741
1033,1033. 고덕동 아남아파트,20081,5292,2118,4870,0.2635326925949903,0.1054728350181763,0.242517802898262,1,0,37.55793381,127.14476776
2000,2000. 신도림4차 e편한세상 아파트 1109동 앞,20073,2656,3127,5593,0.1323170427938026,0.1557813978976734,0.2786329895880038,1,3,37.5123291,126.88683319
577,577. 광진청소년수련관,20060,2054,3200,6006,0.1023928215353938,0.1595214356929212,0.2994017946161516,1,3,37.54654694,127.10613251
933,933. 역촌종합시장 버스정류장(예일여고 방면),20045,2732,3299,5292,0.1362933399850336,0.1645796956847094,0.2640059865303068,1,3,37.61248398,126.91487885
1121,1121. 가양레포츠센터 앞,20015,1936,3788,5765,0.0967274544091931,0.1892580564576567,0.2880339745191106,1,3,37.55947876,126.86437988
3754,3754. 신방화역 8번출구,19980,3282,3086,5011,0.1642642642642642,0.1544544544544544,0.2508008008008008,1,0,37.5674057,126.81621552
4065,4065. 창동역 1번출구 앞,19938,2206,5013,4741,0.1106429932791654,0.2514294312368342,0.2377871401344166,1,1,,
2228,2228.뒷벌공원 옆,19876,4011,3823,4669,0.2018011672368685,0.1923425236466089,0.2349064198027772,1,0,37.48976898,126.986763
4385,4385. 용답동 우체국 주변,19870,4877,3250,3966,0.2454453950679416,0.1635631605435329,0.1995973829894313,1,0,37.56168747,127.06151581
1691,1691. 노원정보도서관,19870,1823,3278,5538,0.0917463512833417,0.1649723200805234,0.2787116255661802,1,3,37.66070938,127.06533051
1319,1319. 종암박스파크,19868,3960,2899,5666,0.1993154821824038,0.1459130259714113,0.2851822025367425,1,0,37.6030426,127.03327179
4496,4496. 잠실 파크리오 120동 앞,19812,3581,3001,5233,0.1807490409852614,0.1514738542297597,0.264132848778518,1,0,37.51921082,127.10794067
4633,4633. 센트럴파크타워 앞,19806,1015,5013,5584,0.0512470968393416,0.2531051196607088,0.2819347672422498,1,3,37.52703476,126.96617889
1088,1088.풍납사거리(강동),19793,2859,4262,4713,0.1444450058101349,0.2153286515434749,0.2381144849189107,1,1,37.52812195,127.11952209
4031,4031. 청암예술학교 앞,19766,1691,2917,5468,0.0855509460690073,0.1475766467671759,0.276636648790853,1,3,37.65153503,127.07327271
4813,4813. 망우지구대,19762,2539,2894,5420,0.1284788988968727,0.1464426677461795,0.2742637384880073,1,3,37.59877777,127.09638977
1059,1059. 래미안 강동팰리스(102동),19758,3268,2987,5400,0.1654013564125923,0.1511792691567972,0.2733070148800486,1,3,37.53822708,127.13174438
254,254. 도림신협 앞,19752,3487,2709,4595,0.1765390846496557,0.1371506682867557,0.2326346699068448,1,0,37.50380325,126.90341949
1165,1165. 마곡중학교 후문,19708,3853,2517,4991,0.1955043637101684,0.1277146336513091,0.2532474122183885,1,0,37.56844711,126.82164764
1017,1017. 둔촌고교입구 교차로(길동주민센터 방면),19702,3143,3256,5423,0.1595269515785199,0.1652624099076236,0.2752512435285758,1,3,37.53544617,127.14518738
729,729. 서부식자재마트 건너편,19690,5502,2969,4807,0.2794311833417978,0.1507872016251904,0.2441340782122905,1,0,37.51037979,126.8667984
3656,3656. 둔촌푸르지오아파트,19667,2973,2929,5486,0.1511669293740784,0.1489296791579803,0.2789444246707683,1,3,37.53407288,127.14500427
1602,1602. 광운대역 앞,19639,1808,3425,4906,0.0920617139365548,0.174397881765874,0.2498090534141249,1,3,37.62266159,127.06189728
3627,3627. 압구정나들목,19632,798,3686,7882,0.0406479217603912,0.1877546862265688,0.4014873675631621,1,3,37.53075027,127.04160309
1994,1994. 삼성전자 물류센터 앞,19630,6081,3060,4719,0.3097809475292919,0.1558838512480896,0.2403973509933774,1,0,37.49699783,126.8717804
4820,4820. 망우역 2번 출구,19605,4680,3249,4265,0.2387146136189747,0.1657230298393267,0.2175465442489161,1,0,37.60025406,127.09171295
4087,4087. 우이교 교차로,19579,1625,2738,6265,0.0829970887175034,0.1398437100975535,0.3199856989631748,1,3,37.6432457,127.03160095
3422,3422.성균관대 정문,19576,3229,2764,4615,0.164946873722926,0.1411932979158152,0.2357478545157335,1,0,37.58479691,126.99713135
3927,3927. 구로월드아파트 앞,19575,2704,5549,3484,0.1381353767560664,0.2834738186462324,0.1779821200510855,1,1,37.50519562,126.87619019
5091,5091. 보타닉파크타워2,19571,803,6588,2934,0.0410300955495375,0.3366205099381738,0.1499156915844872,1,2,37.55948639,126.83131409
2740,2740.마곡레포츠센터,19564,2974,3949,2997,0.1520139030873032,0.2018503373543242,0.1531895317930893,1,1,37.57297516,126.83244324
1692,1692. 온곡초교 교차로,19524,1875,3423,5204,0.0960356484326982,0.1753226797787338,0.2665437410366728,1,3,37.66418839,127.06600952
4964,4964.암사역사공원역 1번출구 A,19460,3780,6057,3210,0.1942446043165467,0.3112538540596095,0.1649537512846865,1,1,37.55728912,127.13895416
119,119. 서강나루 공원,19457,2993,2884,5695,0.1538263863905021,0.1482242894588066,0.292696715834918,1,3,37.54528427,126.93105316
657,657. 동대문롯데캐슬아파트 앞,19439,4823,2363,4748,0.2481094706517825,0.1215597510159987,0.2442512474921549,1,0,37.57573318,127.04847717
678,678.장안힐스테이트(아) 앞,19419,2968,3531,4609,0.1528400020598383,0.1818322261702456,0.2373448684278284,1,1,37.57655716,127.0743103
3975,3975.현대시티아울렛 가산,19410,3978,4316,4155,0.2049459041731066,0.2223596084492529,0.214064914992272,1,1,37.47739792,126.88877869
2384,2384. 자곡사거리,19400,5138,2943,4594,0.2648453608247422,0.151701030927835,0.2368041237113402,1,0,37.47602844,127.10594177
1959,1959. 구로구의회 앞,19397,3532,4083,4128,0.1820900139196783,0.2104964685260607,0.212816414909522,1,1,37.49651337,126.88957214
385,385. 종각역 5번출구,19391,1694,5784,3770,0.0873601155175081,0.2982827084730029,0.1944200917951627,1,1,37.56983566,126.98265839
4841,4841. 중화수경공원,19382,3119,2614,5796,0.1609225054173975,0.1348674027448147,0.2990403467134455,1,3,37.60318375,127.07413483
4859,4859. 잠실나루 나들목,19362,2062,3134,7082,0.1064972626794752,0.1618634438591054,0.3657679991736391,1,3,37.52148438,127.10028076
1962,1962. 가리봉동주민센터,19322,3701,5738,2443,0.19154331849705,0.2969671876617327,0.1264361867301521,1,1,37.48160172,126.89279938
4387,4387. 성수역 1번출구 주변,19286,1174,6553,4054,0.0608731722493,0.3397801514051644,0.2102042932697293,1,2,37.54555893,127.05336761
841,841. 신용산역 1번 출구,19280,728,5057,5500,0.037759336099585,0.2622925311203319,0.2852697095435684,1,3,37.52960968,126.96887207
4906,4906. 섬유센터 앞,19272,1752,5878,3873,0.0909090909090909,0.3050020755500207,0.2009651307596513,1,1,37.50767136,127.06017303
1708,1708. 도봉보건소사거리,19190,2513,3132,4572,0.1309536216779572,0.1632100052110474,0.2382490880667014,1,3,37.65682983,127.03984833
2230,2230.이수역 4번 출구,19188,2466,3990,4467,0.1285178236397748,0.207942464040025,0.232801751094434,1,1,37.4858284,126.98262787
3811,3811.신사로입구,19170,4760,2280,5138,0.2483046426708398,0.1189358372456964,0.2680229525299948,1,0,37.48675156,126.92272186
5084,5084. 강서우체국,19165,3795,3981,3838,0.198017218888599,0.2077224106444038,0.2002608922515001,1,1,37.56418228,126.84027863
221,221. 여의도초교 앞,19128,2782,3649,5403,0.1454412379757423,0.190767461313258,0.282465495608532,1,3,37.52267456,126.93778992
4824,4824. 상봉신협 앞,19109,5092,2318,5039,0.2664712962478413,0.1213040975456591,0.2636977340520173,1,0,37.59354401,127.08979034
563,563. 성동세무서 건너편,19101,2155,8430,1927,0.1128213182555887,0.4413381498350872,0.1008847704308675,1,2,37.5479126,127.06275177
5890,5890.여의나루역 3번출구,19097,1829,3816,7191,0.0957742053725716,0.1998219615646436,0.3765512907786563,1,3,37.52645493,126.93336487
943,943. 은평구청 보건소,19079,2435,3937,3538,0.1276272341317679,0.2063525341999056,0.1854394884427905,1,1,37.60240173,126.9286499
756,756. 목동주차장,19075,940,3411,6268,0.0492791612057667,0.1788204456094364,0.3285976408912188,1,3,37.52667999,126.8761673
2259,2259. 잠원역 3번-4번 출구사이 ,19036,2045,4315,5042,0.1074280310989703,0.2266757722210548,0.2648665686068502,1,3,37.51298904,127.01117706
265,265. 영등포유통상가 사거리,19014,3091,3742,4318,0.1625644262122646,0.1968023561586199,0.2270958241295887,1,1,37.52113342,126.89653778
587,587. 유니베라 앞,18985,1078,6357,4218,0.0567816697392678,0.3348432973400053,0.222175401632868,1,1,37.54541779,127.05264282
114,114. 홍대입구역 8번출구 앞,18954,612,4058,5590,0.0322886989553656,0.2140972881713622,0.2949245541838134,1,3,37.55706024,126.92442322
1001,1001. 광진교 남단 사거리(천호공원 방면),18948,1872,2950,5823,0.0987967067764407,0.1556892548026177,0.3073147561747941,1,3,37.54179382,127.12474823
2910,2910.도깨비시장,18933,1944,3175,5075,0.1026778640469022,0.1676966143770137,0.2680504938467226,1,3,37.62186432,127.0740509
4091,4091. 방학역2번출구,18884,1936,3717,4690,0.1025206524041516,0.1968332980300783,0.248358398644355,1,3,37.66922379,127.04441833
530,530. 청계벽산아파트 앞,18882,4727,2966,4351,0.2503442431945768,0.1570808177099883,0.2304310984005931,1,0,37.56874847,127.03040314
266,266. 영등포청과시장 사거리,18875,2204,4051,4219,0.1167682119205298,0.2146225165562914,0.223523178807947,1,1,37.52029419,126.90119171
111,111. 상수역 2번출구 앞,18851,852,3158,6324,0.0451965412975439,0.1675242692695347,0.33547291920853,1,3,37.54787064,126.92353058
292,292. 영일 어린이공원,18838,4186,2606,4484,0.222210425735216,0.1383374031213504,0.2380295148104894,1,0,37.51012039,126.90406799
5151,5151.진넥스베르디엠 앞,18837,2736,3110,4868,0.1452460582895365,0.1651005998832085,0.2584275627753888,1,3,37.54163742,127.09508514
204,204. 국회의사당역 5번출구 옆,18832,2831,5537,2935,0.1503292268479184,0.2940208156329651,0.1558517417162277,1,1,37.52816391,126.91702271
3560,3560.성동구 견인차량 보관소 앞,18829,3126,3573,4279,0.1660205002921026,0.1897604758617027,0.2272558287747623,1,1,37.56370926,127.05644989
4020,4020. 중계동 성모빌딩 앞 ,18806,1020,3615,5439,0.0542380091460172,0.1922258853557375,0.2892162075933213,1,3,37.65116119,127.07659149
2404,2404. 대모산입구역 4번 출구 앞,18785,3718,2951,5107,0.1979238754325259,0.1570934256055363,0.2718658504125632,1,0,37.49180984,127.07315826
1742,1742. 북한산 코오롱 하늘채,18781,3223,2104,4757,0.1716096054523188,0.1120281135189819,0.2532878973430594,1,0,37.64889145,127.02301788
1966,1966. 한마을아파트 정문상가,18769,4856,2172,4361,0.2587244925142522,0.1157227342959134,0.2323512174330012,1,0,37.49649811,126.86309814
623,623. 서울시립대 정문 앞 B,18738,2064,3018,4807,0.1101504963176432,0.1610630803714377,0.2565375173444337,1,3,37.58369827,127.0538559
166,166. 가재울 초등학교,18732,4966,2149,5163,0.2651078368567158,0.1147234678624813,0.275624599615631,1,0,37.57381821,126.91923523
2604,2604. 풍납토성 서성벽터A,18673,4345,3258,4738,0.2326889091201199,0.1744765168960531,0.2537353397954265,1,0,37.53131104,127.11128235
1351,1351. 안암2교 옆,18652,2739,3385,4392,0.146847523053828,0.1814818786189148,0.2354707269997855,1,1,37.5794487,127.02419281
4556,4556. 리버뷰신안인스빌1차 후문,18647,4723,4515,3113,0.2532847106773207,0.2421301013567866,0.1669437443020325,1,1,37.51374817,126.88851166
1824,1824. 독산근린공원 입구,18601,4529,2401,5168,0.2434815332509005,0.1290790817697973,0.2778345250255362,1,0,37.46455002,126.88372803
3013,3013.서울지방고용노동청 앞,18597,1012,7483,2000,0.0544173791471742,0.4023767274291552,0.1075442275635855,1,2,37.56760406,126.98725891
4220,4220. 신촌 청년주택,18583,3996,2503,5311,0.2150352472690093,0.1346929989775601,0.2857988484098369,1,0,37.54985428,126.93203735
2058,2058. 동작경찰서,18562,1429,2756,6004,0.0769852386596272,0.1484753798082103,0.3234565240814567,1,3,37.5135231,126.94352722
417,417. DMC역 2번출구 옆,18562,4516,5443,2984,0.2432927486262256,0.2932334877707143,0.1607585389505441,1,1,37.57506943,126.8999176
214,214. 금융감독원 앞,18556,594,8469,1484,0.0320112093123518,0.4564022418624703,0.0799741323561112,1,2,37.5230217,126.9208374
4024,4024. 꿈의숲 SK뷰 아파트,18531,3458,2451,4422,0.1866062274027305,0.1322648534887485,0.2386271652905941,1,0,37.62045288,127.05445099
4140,4140. 신설동역 4번출구,18496,2482,3209,4203,0.1341911764705882,0.1734969723183391,0.2272383217993079,1,1,37.57622528,127.02580261
3407,3407.안국동사거리(신),18481,2320,3847,4937,0.125534332557762,0.2081597316162545,0.2671392240679617,1,3,37.57580566,126.98339081
2658,2658.가락몰 업무동,18476,1782,4001,3559,0.0964494479324529,0.2165512015587789,0.192628274518294,1,1,37.49535751,127.11569214
4465,4465. 건영아파트앞 사거리,18466,2597,3291,4491,0.1406368460955269,0.1782194303043431,0.2432037257662731,1,3,37.48245621,127.12460327
4418,4418. 종암동 동덕여대 제2생활관 앞,18449,2459,2933,4632,0.1332863569841184,0.1589788064393734,0.2510705187273023,1,3,37.60108948,127.03331757
716,716.신정6동 주민센터 인근,18448,2200,3097,4704,0.119254119687771,0.1678772766695576,0.2549869904596704,1,3,37.51731873,126.86431885
1450,1450. 화랑대역 7번출구,18444,1718,2363,4149,0.0931468228150076,0.1281175450010843,0.2249512036434613,0,3,37.61963654,127.08504486
2656,2656.풍납동 아이파크 107동 앞,18420,2852,4035,3677,0.1548317046688382,0.2190553745928338,0.1996199782844734,1,1,37.52480316,127.11463928
3860,3860. 건국대학교 정문 앞,18403,2201,2999,4304,0.1196000652067597,0.1629625604521002,0.2338749116991794,1,3,37.5465126,127.07571411
310,310. 청계광장 옆,18389,2745,4785,3115,0.1492740225134591,0.260209908097232,0.1693947468595356,1,1,37.56887817,126.9774704
4510,4510. 신정네거리역 교차로,18376,2931,3114,4945,0.1595015237265999,0.1694601654331737,0.2691010013060513,1,3,37.52175903,126.85228729
3929,3929. 고척아이파크아파트 205동 앞,18375,6603,1962,4167,0.3593469387755102,0.1067755102040816,0.2267755102040816,1,0,37.50108719,126.86045837
719,719. 홍익병원앞 교차로,18375,3862,2634,4462,0.2101768707482993,0.1433469387755102,0.2428299319727891,1,0,37.5303688,126.86425781
1705,1705. 도봉구청 정문앞,18333,1423,3671,4005,0.0776195930835106,0.2002400043637157,0.2184585174275896,1,1,37.66922379,127.04651642
2901,2901.공릉동풍림아파트 101동,18304,5264,1810,4775,0.2875874125874126,0.0988854895104895,0.2608719405594406,1,0,37.62981415,127.06650543
2067,2067. 보라매역?동작세무서 버스정류장(강남중학교방면),18277,1964,3490,5040,0.1074574601958746,0.1909503747879849,0.2757564151666028,1,3,37.49766922,126.91986847
1380,1380.월곡역 5번출구 앞,18274,2972,3041,4588,0.1626354383276786,0.16641129473569,0.251067089854438,1,3,37.60108566,127.04123688
220,220. 미성아파트 A동 앞,18264,2320,5066,3586,0.1270258431887866,0.2773762593079281,0.1963425317564608,1,1,37.5193634,126.92604828
157,157. 애오개역 4번출구 앞,18244,4423,2464,4411,0.242435869326902,0.1350581012935759,0.2417781188335891,1,0,37.5530014,126.95668793
4528,4528. 양천구청역 1번출구,18222,3645,4620,3479,0.2000329272308199,0.253539677313138,0.1909230600373175,1,1,37.51292038,126.8667984
1212,1212. 송파역 2번 출구앞,18188,3002,4054,3898,0.1650538816802287,0.2228942159665713,0.2143171321750605,1,1,37.49941254,127.11286926
1354,1354. 고려대학교 2번출구,18184,2108,3844,3630,0.1159260888693356,0.2113946326440827,0.199626044874615,1,1,37.5907135,127.03619385
288,288. 쌍용예가(구청별관),18171,3685,3403,3944,0.2027956634197347,0.1872764294755379,0.2170491442408232,1,0,37.52809906,126.89338684
1030,1030. 미호 플랜트 앞,18118,3250,3250,4870,0.1793796224748868,0.1793796224748868,0.2687934650623689,1,0,37.52703094,127.12206268
1141,1141. 곰달래 문화복지센터 A,18050,3284,2861,4672,0.1819390581717451,0.1585041551246537,0.2588365650969529,1,0,37.52906036,126.84848022
4592,4592. 신길우성4차아파트,18034,3177,2646,4213,0.1761672396584229,0.1467228568259953,0.2336142841299767,1,0,37.51283264,126.91763306
1274,1274. 영파여고 앞,18025,2531,2658,3739,0.1404160887656033,0.1474618585298197,0.2074341192787794,1,1,37.53284836,127.12104797
1830,1830. 빅마켓 금천점 앞,18014,4643,4207,3394,0.2577439769068502,0.2335405795492394,0.1884090152103919,1,0,37.4702301,126.89507294
4522,4522. 신곡시장,18011,1865,3079,4898,0.1035478318805174,0.1709510854477819,0.2719449225473322,1,3,37.51779556,126.84161377
1907,1907. 구일우성(아) 육교 밑,17998,4975,2504,3963,0.2764196021780198,0.1391265696188465,0.2201911323480386,1,0,37.48963165,126.87625885
4567,4567. 한림대학교 강남성심병원 신관,17982,2827,2978,4634,0.1572127683238794,0.1656100544989434,0.2577021465910354,1,3,37.49128342,126.90802002
578,578. 성동세무서 부근,17969,4585,4163,2685,0.255161667315933,0.2316767766709332,0.1494240080138015,1,1,37.54829025,127.06246185
1530,1530. 광산사거리,17965,1594,2698,4985,0.0887280823824102,0.1501809073197884,0.2774839966601725,1,3,37.64355087,127.0223465
3900,3900. 건국대학교 신공학관,17919,776,4850,2055,0.0433059880573692,0.2706624253585579,0.1146827389921312,0,2,37.54088593,127.07928467
558,558. 성동광진 교육지원청 앞,17914,1784,3338,4123,0.0995869152618064,0.1863347102824606,0.2301551858881322,1,1,37.56460571,127.03652191
3783,3783. 마곡금호어울림아파트,17894,4946,2586,4571,0.2764054990499608,0.1445177154353414,0.2554487537722141,1,0,37.57410049,126.83711243
542,542. 강변역 4번출구 뒤,17891,1113,4332,5474,0.0622100497456821,0.2421329159912805,0.305963892459896,1,3,37.53582382,127.09416199
201,201. 진미파라곤 앞,17858,1814,5164,4182,0.1015791242020383,0.2891701198342479,0.2341807593235524,1,1,37.53123856,126.92133331
4854,4854. 가락시장역 2번 출구,17842,2624,3623,4187,0.1470687142697007,0.2030601950453985,0.2346710010088555,1,1,37.492733,127.11798859
2231,2231. 삼성타운(삼성생명) A동 맞은편,17837,1115,6750,2689,0.0625105118573751,0.3784268655042888,0.1507540505690418,1,2,37.49691391,127.02496338
669,669.청계한신휴플러스앞 삼거리,17787,5043,2371,3798,0.2835216731320627,0.1332996008320683,0.2135267330072525,1,0,37.57214737,127.04460907
1738,1738. 창동주공17단지 상가앞,17785,3128,3207,4463,0.1758785493393309,0.1803204947989879,0.2509418048917627,1,0,37.6463089,127.052742
4491,4491. 장지역 1번출구,17770,2642,4532,3712,0.1486775464265616,0.2550365785030951,0.2088913899831176,1,1,37.47953415,127.12678528
1245,1245. 문정 법조단지9,17754,2632,3582,5187,0.1482482820772783,0.2017573504562352,0.2921595133491044,1,3,37.47946548,127.12532806
2909,2909. 석계역 3번 출구,17736,1969,3185,5047,0.1110171402796572,0.1795782589084348,0.2845624718087505,1,3,37.61545944,127.06745148
3544,3544.한양대역 3번 출구,17733,2480,3917,3577,0.1398522528618959,0.2208876106693734,0.2017143179383071,1,1,37.55453873,127.04377747
1004,1004. 삼성광나루아파트 버스정류장,17732,2330,2745,5433,0.1314008572073088,0.154804872546808,0.3063952176855403,1,3,37.55332947,127.1288681
1606,1606. 태릉입구역 3번출구 ,17726,1528,2949,4838,0.0862010605889653,0.1663657903644364,0.2729324156606115,1,3,37.61917114,127.07492828
1305,1305. 성북구청,17718,2363,2706,4648,0.1333671972005869,0.152726041313918,0.2623320916582007,1,3,37.58932877,127.01643372
3762,3762. 마곡9단지 907동앞,17702,5282,2137,4184,0.2983843633487741,0.1207208225059315,0.2363574737317817,1,0,37.5606842,126.81918335
4080,4080. 창동주공19단지앞 ,17684,2133,3320,4395,0.1206175073512779,0.1877403302420267,0.248529744401719,1,3,37.65250778,127.05227661
2332,2332. 선릉역3번출구,17683,2404,4466,3155,0.135949782276763,0.2525589549284623,0.1784199513657184,1,1,37.50400925,127.0490799
3009,3009. 홍대입구역 사거리,17659,634,4313,4814,0.0359023727277875,0.2442380655756271,0.2726088679993204,1,3,37.55583954,126.92043304
4804,4804. 동서울농협 앞,17638,1049,3539,4409,0.0594738632498015,0.2006463317836489,0.2499716521147522,0,3,37.59596252,127.08477783
571,571. 세종대학교 대양AI센터,17633,2610,3180,3214,0.1480179209436851,0.1803436737934554,0.1822718765950207,1,1,37.55039597,127.07585907
1128,1128. 화곡역 6번출구,17611,2800,3311,4292,0.1589915393787973,0.1880074953154278,0.2437113167906422,1,1,37.54141235,126.84022522
3506,3506. 영동대교 북단,17608,2341,3327,4401,0.1329509313948205,0.1889482053611994,0.2499432076328941,1,3,37.53701401,127.06109619
438,438. 성산2-1 공영주차장,17587,2361,2915,4978,0.1342468869051003,0.1657474270768181,0.2830499800989367,1,3,37.56472015,126.9067688
1385,1385.성신여대입구역 3번출구 앞,17565,1989,2456,4679,0.1132365499573014,0.1398235126672359,0.2663820096783376,1,3,37.59236526,127.01628876
2653,2653.올림픽공원사거리(선수촌아파트),17564,2251,2929,5204,0.1281598724664085,0.166761557731724,0.2962878615349578,1,3,37.51202011,127.12864685
4905,4905. 강남경찰서,17542,665,6767,2946,0.0379090183559457,0.3857598905483981,0.1679398016189716,1,2,37.50971985,127.06679535
3415,3415.동대문역6번출구,17512,1827,3442,4619,0.1043284604842393,0.1965509365006852,0.2637619917770671,1,3,37.57146072,127.01078796
4953,4953. 세양청마루아파트 앞,17497,3112,2777,4299,0.1778590615534091,0.1587129222152369,0.2456992627307538,1,0,37.53346634,127.14050293
412,412. DMC산학협력연구센터 앞,17479,2349,5358,2835,0.1343898392356542,0.3065392757022713,0.1621946335602723,1,1,37.57580185,126.89073944
490,490.가온문화공원,17420,884,5846,3195,0.0507462686567164,0.3355912743972445,0.1834098737083811,1,2,37.58207703,126.88766479
4560,4560. 양평동성원아파트,17395,2686,4270,3347,0.1544121874101753,0.2454728370221328,0.1924116125323368,1,1,37.53374481,126.89365387
1928,1928. 고척스카이돔구장 광장,17336,2604,2741,3864,0.1502076603599446,0.1581102907245039,0.222888786340563,1,1,37.49946976,126.86840057
1199,1199. 우장산역 3번출구,17291,2081,2965,4395,0.120351628014574,0.1714764906598808,0.2541784743508183,1,3,37.54782104,126.83612823
1804,1804. 독산역 2번출구 자전거주차장,17246,4545,4346,3114,0.2635393714484518,0.2520004638756813,0.1805636089528006,1,1,37.46652985,126.88871765
1827,1827. 독산보도육교 앞 자전거 보관소,17244,2145,4191,5055,0.1243910925539318,0.2430410577592206,0.2931454418928323,1,3,37.45672607,126.89306641
488,488.푸르메병원,17238,3478,3226,3477,0.2017635456549483,0.18714468035735,0.2017055342847198,1,0,37.58456802,126.88021088
1478,1478.홈플러스 상봉점 앞,17230,1778,3311,4816,0.1031921067904817,0.1921648287869994,0.2795124782356355,1,3,37.59832764,127.0922699
2060,2060. 남성역3번출구 뒤,17220,4144,1935,4664,0.240650406504065,0.112369337979094,0.2708478513356562,1,0,37.48463058,126.97154999
1471,1471.동양쇼핑 정류소 앞,17214,3167,2245,4509,0.1839781573138143,0.1304171023585453,0.2619379574764726,1,0,37.61535263,127.07849121
252,252. 보라매역4번출구,17184,2237,3448,4153,0.1301792364990689,0.2006517690875232,0.2416783054003724,1,1,37.49982834,126.91994476
1205,1205. 종합운동장역 4번출구,17176,1835,4754,4631,0.1068351187703772,0.2767815556590591,0.2696204005589194,1,1,37.51042938,127.07137299
3698,3698. 명일역 3번출구 옆,17172,2355,3444,4384,0.137141858839972,0.2005590496156533,0.2552993244817144,1,3,37.55142593,127.14421082
4207,4207. 아만티호텔 앞,17141,1244,3824,4380,0.0725745289072982,0.223090834840441,0.2555276821655679,1,3,37.5573082,126.91885376
2414,2414. 도곡역 아카데미스위트 앞,17139,2143,4263,3365,0.1250364665383044,0.248730964467005,0.1963358422311686,1,1,37.48897171,127.05182648
834,834. 효창공원앞역 3번출구 앞,17130,5375,2203,3868,0.3137769994162288,0.1286047869235259,0.2258026853473438,1,0,37.53900909,126.96138
680,680.꿈마루어린이도서관 앞,17109,1586,2425,4663,0.0926997486702904,0.141738266409492,0.2725466128937986,0,3,37.59238434,127.05741119
4121,4121. 서울문화재단 앞,17102,3328,4023,3150,0.1945971231434919,0.2352356449538065,0.1841889837445912,1,1,37.57130051,127.03362274
1841,1841. 가산동 주민센터,17068,6416,1863,3259,0.3759081321771736,0.1091516287790016,0.1909421138973517,1,0,37.4769516,126.89186859
5503,5503. 마포아트센터 앞,17067,3753,1880,3653,0.219898048866233,0.1101540985527626,0.2140387883049159,1,0,37.55034256,126.94580078
104,104. 합정역 1번출구 앞,17065,1446,3826,4402,0.0847348373864635,0.2242015821857603,0.2579548784060943,1,3,37.55062866,126.91498566
1401,1401. 극동늘푸른아파트,17062,1469,2373,5366,0.0860977611065525,0.1390809987105849,0.3145000586097761,1,3,37.61473846,127.07636261
1681,1681. 현대6차 아파트,17034,2469,2566,4984,0.144945403311025,0.1506398966772337,0.2925912880122108,1,3,37.64580154,127.08226013
4952,4952.천호시장 버스정류소 옆,17031,3142,2112,4927,0.18448711173742,0.1240091597674828,0.2892959896659033,1,0,37.54146576,127.13025665
4926,4926. 대치우성아파트 사거리,17025,3047,4710,3193,0.1789720998531571,0.2766519823788546,0.1875477239353891,1,1,37.50099564,127.06803894
418,418. 월드컵경기장역 3번출구 옆,17003,609,2630,6975,0.0358172087278715,0.154678586131859,0.4102217255778392,1,3,37.57072067,126.89897919
1260,1260. 방이동 한양3차아파트 옆,16971,2520,3051,4427,0.1484885981969241,0.1797772671027046,0.2608567556419774,1,3,37.50630188,127.12139893
1282,1282. 송파소방서 맞은편(성내4교),16968,3970,2345,4426,0.2339698255539839,0.1382013201320132,0.2608439415370108,1,0,37.49987411,127.14147949
4032,4032. 불암주유소 앞,16964,1657,3512,4697,0.097677434567319,0.2070266446592784,0.2768804527234142,1,3,37.65149689,127.07704163
1924,1924. 삼부르네상스파크빌,16945,4522,3564,3200,0.2668633815284745,0.21032753024491,0.1888462673354972,1,0,37.47874069,126.89509583
493,493.홍대입구역 6번출구,16941,1397,3399,4698,0.0824626645416445,0.2006375066406941,0.2773153887019656,1,3,37.55657578,126.9288559
155,155. 가좌역1 번출구 앞,16933,3753,3415,3976,0.2216382212248272,0.2016771983700466,0.2348077718065316,1,0,37.56829453,126.91504669
5154,5154.광진구청 앞,16894,1354,3706,4327,0.0801467976796495,0.2193678228957026,0.2561264354208595,1,3,37.53676605,127.08700562
1108,1108. 공항시장역 2번출구 뒤,16891,3165,2272,4577,0.1873778935527796,0.1345095021017109,0.2709727073589486,1,0,37.56387329,126.81060791
609,609. 제기2교,16879,2816,2502,4614,0.1668345281118549,0.1482315303039279,0.2733574263878192,1,3,37.58774567,127.03738403
521,521. 왕십리역 11번 출구 앞,16857,1148,2679,4466,0.0681022720531529,0.1589250756362342,0.264934448597022,0,3,37.56144714,127.03491974
178,178. 증산3교 앞,16847,3959,2176,4471,0.234997328901288,0.1291624621594349,0.2653884964682139,1,0,37.57987595,126.90634918
773,"773.염창역 3, 4번 출구 사이",16840,1249,3404,4674,0.0741686460807601,0.2021377672209026,0.2775534441805226,1,3,37.54670715,126.87457275
1931,1931. 개봉역2번출구 A,16824,3495,3853,3379,0.2077389443651925,0.2290180694246315,0.2008440323347598,1,1,37.49499512,126.85825348
1390,1390.석관래미안아트리치,16813,2708,2424,4698,0.1610658419080473,0.1441741509546184,0.2794266341521442,1,3,37.60646057,127.06162262
255,255. 도림사거리,16811,2204,2470,5124,0.1311046338706799,0.1469276069240378,0.3048004282909999,1,3,37.50657272,126.90113068
763,763. 목동11단지 아파트,16773,2946,2373,4487,0.1756394204972277,0.1414773743516365,0.2675132653669588,1,0,37.51065826,126.85916138
1265,1265. 문정동 근린공원,16751,3169,2724,3790,0.189182735359083,0.1626171571846457,0.2262551489463315,1,0,37.48598862,127.12476349
2202,2202.청계산입구역 1번출구,16748,3535,4416,3139,0.2110699785048961,0.2636732744208264,0.1874253642225937,1,1,37.44893646,127.05437469
2265,2265. 이수고가차도 남단,16746,2081,3538,4323,0.1242684820255583,0.2112743341693538,0.2581512002866356,1,3,37.49474335,126.98306274
2407,2407. 역삼서초삼성 세무서 앞 (역삼빌딩 앞),16713,1817,3858,3324,0.108717764614372,0.2308382696104828,0.1988870938790163,1,1,37.49847031,127.03011322
1952,1952. 천왕연지타운2단지 앞,16713,3355,2527,4429,0.2007419374139891,0.1511996649314904,0.265003290851433,1,0,37.48210526,126.84572601
766,766. 신목동역 3번출구,16691,1606,3983,4959,0.0962195195015277,0.238631597867114,0.297106224911629,1,3,37.54394913,126.883461
2059,2059. 보라매공원 정문,16690,1596,4098,4118,0.0956261234272019,0.2455362492510485,0.2467345715997603,1,1,37.49707794,126.91779327
550,550. 서울시설공단 앞,16677,1529,7018,1953,0.0916831564430053,0.420819092162859,0.117107393416082,1,2,37.57164001,127.03565979
4349,4349.삼성화재서초타워,16677,1411,3931,3481,0.0846075433231396,0.2357138574084067,0.2087305870360376,0,1,37.49446869,127.02896118
4812,4812. 묵동 이마트 앞,16676,936,3112,4603,0.0561285680019189,0.1866154953226193,0.2760254257615735,0,3,37.6132164,127.0773468
1204,1204. 거여역 3번출구,16652,1766,3168,4079,0.1060533269276963,0.1902474177276003,0.2449555608935863,1,3,37.49334335,127.14472961
4526,4526. 목동아파트2단지 222동 앞,16637,4895,1732,4246,0.2942237182184288,0.1041053074472561,0.2552142814209293,1,0,37.53968811,126.87498474
1991,1991. 오류동역 맞은편,16632,2177,2394,4648,0.1308922558922559,0.1439393939393939,0.2794612794612794,1,3,37.49676132,126.84496307
1129,1129. 화곡역 1번 출구 앞,16581,1937,3361,3971,0.1168204571497497,0.2027018877027923,0.2394909836559918,1,1,37.542099,126.84021759
5885,5885. 신정교하부(도림천역 방면),16563,2926,2703,4631,0.1766588178470084,0.163195073356276,0.2795991064420697,1,3,37.51594543,126.88288879
145,145. 공덕역 5번출구,16559,2743,3355,3947,0.1656500996436982,0.2026088531916178,0.2383598043360106,1,1,37.54425049,126.95163727
2214,2214. 신반포역 2번출구 앞,16556,1072,2633,6789,0.0647499395989369,0.1590359990335829,0.410062817105581,1,3,37.50411606,126.99748993
5073,5073. 우장산역 헤링턴타워 앞,16554,1901,2669,4409,0.1148362933429986,0.161229914220128,0.2663404615198743,1,3,37.54661942,126.83623505
917,917. 녹번역 3번출구,16534,3725,3162,3429,0.2252933349461715,0.1912422886173944,0.2073908310148784,1,0,37.60078049,126.93521118
5514,5514.공덕역 1번출구,16522,1516,3574,4207,0.0917564459508534,0.2163176370899406,0.2546301900496308,1,3,37.54408264,126.94959259
456,456. 숭인2동 주민센터 입구,16478,2855,2318,3795,0.1732613181211312,0.140672411700449,0.2303070761014686,1,0,37.57447052,127.0198288
650,650. 중랑교사거리,16470,1148,2347,4998,0.0697024893746205,0.142501517911354,0.3034608378870674,0,3,37.59153366,127.06774139
4480,4480. 가락시장 남1문 사거리,16460,3656,3291,3054,0.2221142162818955,0.1999392466585662,0.1855407047387606,1,0,37.49201584,127.11745453
329,329. 청계2가 사거리 옆,16448,1271,4695,3803,0.0772738326848249,0.2854450389105058,0.2312135214007782,1,1,37.56848526,126.98788452
2252,2252. 잔디마을 마을버스 정류장,16424,923,4560,3630,0.0561982464685825,0.2776424744276668,0.2210180224062347,1,1,37.46332169,127.03604126
4721,4721. 통인시장 정자,16407,4089,1933,4512,0.2492228926677637,0.1178155665264826,0.2750045712196013,1,0,37.58055878,126.96878815
3573,3573.광나루안전체험관,16382,3221,2748,4116,0.1966182395311927,0.1677450860700769,0.2512513734586741,1,0,37.5513382,127.07671356
635,635. 시조사 앞,16379,2757,2067,3840,0.1683252945845289,0.126198180597106,0.2344465474082666,0,0,37.58751678,127.05277252
5319,5319. 연해피빌 앞,16378,1782,2444,3084,0.1088044938331908,0.1492245695445109,0.1883013798998656,0,1,37.63645935,127.07276917
256,256. 동아에코빌입구,16364,3276,2281,4246,0.2001955512099731,0.1393913468589586,0.2594720117330726,1,0,37.50947571,126.89929962
326,326. 안국역 5번출구 앞,16337,2412,3704,3384,0.1476403256411826,0.226724612842015,0.2071371732876293,1,1,37.57624054,126.98616028
2627,2627.문정시영아파트 5동 앞 공원,16317,3638,2587,4038,0.2229576515290801,0.1585463014034442,0.247471961757676,1,0,37.4911232,127.13510895
4386,4386. 현대자동차 동부서비스센터 주변,16305,3885,3982,2551,0.2382704691812327,0.2442195645507513,0.1564550751303281,1,1,37.546978,127.05796814
4713,4713. 현대 뜨레비앙 아파트 앞,16271,1544,3492,3273,0.0948927539794726,0.21461495912974,0.2011554299059676,0,1,37.57528305,126.99062347
2725,2725.서울식물원 식물문화센터,16257,1476,3153,5206,0.0907916589776711,0.1939472227348219,0.3202312849849296,1,3,37.56883621,126.83563232
1552,1552. 강북구청사거리,16256,864,3605,4270,0.0531496062992126,0.2217642716535433,0.2626722440944882,0,3,37.63920212,127.02723694
2651,2651.경찰병원역 3번출구 앞,16254,3245,2868,3623,0.1996431647594438,0.1764488741232927,0.2228989787129322,1,0,37.49612427,127.12480164
4468,4468. 가락1동주민센터 ,16252,4238,1952,4091,0.2607679054885553,0.1201082943637706,0.2517228648781688,1,0,37.49650955,127.11032867
4705,4705. 웰니스센터(민방위교육장 앞),16247,3581,2421,3196,0.2204099218317227,0.1490121253154428,0.1967132393672678,1,0,37.57752991,126.98912811
2342,2342. 대청역 1번출구  뒤,16219,2111,3553,4062,0.1301559898884025,0.219064060669585,0.2504470065972008,1,1,37.49400711,127.07951355
2279,2279. 교대역 5번출구뒤,16206,2495,3134,3302,0.1539553251882019,0.1933851659879057,0.2037516969023818,1,1,37.49361801,127.01418304
427,427. 성산시영아파트,16200,3232,2092,4319,0.1995061728395061,0.1291358024691358,0.2666049382716049,1,0,37.56958389,126.90381622
3691,3691. 둔촌역 2번출구,16198,1529,4045,3969,0.0943943696752685,0.2497221879244351,0.2450302506482281,1,1,37.52722931,127.13635254
5774,5774. 가락본동주민센터 인근,16164,2103,3050,3566,0.1301039346696362,0.1886909180895818,0.220613709477852,0,1,37.49428558,127.1217041
3853,3853. 어린이대공원역 2번출구,16142,4234,2677,3303,0.2622971131210507,0.1658406641060587,0.2046214843266014,1,0,37.54764938,127.07470703
1267,1267. 올림픽공원 남2문 앞,16131,2474,2582,5269,0.1533692889467485,0.1600644721343996,0.3266381501456822,1,3,37.51424026,127.12306976
1404,1404. 동일로 지하차도,16120,3011,2069,3128,0.1867866004962779,0.128349875930521,0.1940446650124069,0,0,37.59529877,127.08003235
4619,4619. 한강트럼프월드3차 앞,16108,2060,2718,4886,0.1278867643407002,0.1687360317854482,0.3033275391110007,1,3,37.52301788,126.96240997
4453,4453. 위례중앙푸르지오 201동 앞,16093,1705,2226,4778,0.1059466848940533,0.1383210091344062,0.296899272975828,0,3,37.47434616,127.14326477
3206,3206.문래동 주민센터,16089,2054,4209,2973,0.1276648641929268,0.2616073093417863,0.1847846354652247,1,1,37.51707077,126.899086
1433,1433. 중화역 2번출구,16078,1110,2777,4127,0.0690384376166189,0.1727204876228386,0.2566861549944023,0,3,37.60207748,127.07958221
525,525. 한양대병원사거리,16075,862,2690,4865,0.0536236391912908,0.1673405909797822,0.3026438569206843,0,3,37.55805206,127.04035187
270,270. 증권거래소후문교차로,16066,1638,5402,2517,0.1019544379434831,0.336238018175028,0.1566662517116892,1,2,37.52234268,126.92710114
2294,2294. 두상빌딩 앞,16049,3918,3225,3059,0.2441273599601221,0.2009470995077575,0.1906037759361954,1,0,37.47590637,127.04624176
2211,2211. 서초구립반포도서관 앞,16040,1709,3707,4057,0.1065461346633416,0.2311097256857855,0.252930174563591,1,1,37.50263596,127.01231384
4794,4794. 서울역 서부교차로(3),16040,4642,2588,3456,0.2894014962593516,0.1613466334164588,0.2154613466334164,1,0,37.55540848,126.96942139
1206,1206. 9호선종합운동장역 9번출구,16023,2482,3700,3741,0.1549023279036385,0.2309180552955127,0.2334768769893278,1,1,37.51128006,127.07823944
107,107. 수협 연남동지점,16013,1509,3682,3812,0.0942359333041903,0.2299381752326235,0.2380565790295385,1,1,37.55751038,126.91850281
1334,1334. 석관동주민센터 앞,16012,1915,2585,3516,0.1195978016487634,0.1614414189357981,0.2195853110167374,0,1,37.61299896,127.06130981
860,860.LG한강 자이아파트 앞,15992,1794,2685,5520,0.1121810905452726,0.167896448224112,0.3451725862931465,1,3,37.52074814,126.9708252
380,380. CJ제일제당 앞,15989,2408,3713,2614,0.1506035399337044,0.2322221527300018,0.1634873975858402,1,1,37.56386566,127.00274658
345,345. 서울보증보험본사 앞,15988,3111,4119,1980,0.1945834375781836,0.2576307230422817,0.1238428821616212,1,1,37.57330704,127.00070953
1920,1920. 서울미래초등학교 사거리,15960,2890,2347,3938,0.1810776942355889,0.1470551378446115,0.2467418546365914,1,0,37.50437927,126.88829803
4483,4483. 잠실나들목4,15943,2338,2007,5570,0.1466474314746283,0.1258859687637207,0.3493696293043969,1,3,37.5161171,127.08466339
4019,4019. 상계주공10단지 버스정류소,15921,2244,2522,4153,0.1409459204823817,0.1584071352301991,0.2608504490923937,1,3,37.66214371,127.05819702
2110,2110. 조원동 미성아파트,15916,1894,3109,4069,0.118999748680573,0.1953380246293038,0.2556546871073133,1,3,37.48319244,126.90203094
4393,4393. 상원삼거리 장안철교 아래,15911,1595,5499,2811,0.1002451134435296,0.3456099553767833,0.1766702281440512,1,2,37.55105209,127.05222321
3128,3128.동신병원 맞은편,15903,1549,2557,4960,0.0974030057221907,0.1607872728416022,0.3118908382066276,1,3,37.5813179,126.93599701
5323,5323. 하계역 4번출구 앞,15899,2014,2939,3816,0.1266746336247562,0.1848543933580728,0.2400150952890118,0,3,37.63534546,127.06752777
1987,1987. 개봉아이파크아파트 앞,15885,4713,1688,4476,0.2966949952785647,0.1062637708530059,0.2817752596789424,1,0,37.49034119,126.8609314
4708,4708. 조계사앞사거리,15870,1950,3599,2411,0.1228733459357277,0.2267800882167611,0.1519218651543793,0,1,37.5721817,126.98283386
5097,5097. LG사이언스파크 E2동,15860,636,8720,717,0.0401008827238335,0.5498108448928121,0.0452080706179066,1,2,37.56381607,126.83208466
3414,3414.종로5가역 4번출구,15845,2547,3197,3488,0.1607447144209529,0.2017671189649731,0.2201325339223729,1,1,37.57117462,127.00222778
4792,4792. 퇴계로4가 교차로(중구청),15841,1917,2926,3311,0.121015087431349,0.1847105612019443,0.2090145824127264,0,1,37.5625267,126.9983139
4270,4270. 우국한마음 아파트 맞은편,15839,2279,3063,3632,0.1438853462971147,0.1933834206704968,0.2293074057705663,1,1,37.57913971,126.93450928
758,758. 한사랑교회 앞,15815,3391,2100,4483,0.2144166930129623,0.1327853303825482,0.2834650648118874,1,0,37.51472092,126.85919952
475,475.DDP 패션몰,15807,885,2321,2289,0.0559878534826342,0.1468336812804453,0.1448092617194913,0,1,37.56764984,127.0118103
2737,2737.까치산역 3번 출구,15786,1650,2706,4281,0.1045229950589129,0.1714177118966172,0.2711896617255796,0,3,37.53158951,126.84664154
5088,5088. 등촌역 센터스퀘어,15786,1406,2750,4175,0.0890662612441403,0.1742049917648549,0.2644748511339161,0,3,37.55064774,126.86616516
1306,1306. 한성대입구역2번출구,15770,1259,2569,4686,0.0798351299936588,0.1629042485732403,0.29714648065948,0,3,37.58844757,127.00670624
4004,4004. 당고개입구오거리 당현천변,15763,1732,2425,4283,0.1098775613779103,0.1538412738691873,0.2717122375182389,0,3,37.66260529,127.07557678
3203,3203.도림동배드민턴체육관,15762,3970,1960,3616,0.2518715898997589,0.1243497018144905,0.2294125111026519,1,0,37.50611496,126.89859009
2605,2605. 복정역 1번 출구 앞,15742,1713,5456,2787,0.1088171769787828,0.3465887434887562,0.177042307203659,1,2,37.47129822,127.12709045
6171,6171. 월드빌딩 앞,15730,1502,2753,4236,0.0954863318499682,0.1750158931977113,0.2692943420216147,0,3,37.54098129,126.83743286
989,989. 신응교(가좌로) 앞,15728,1931,2369,4829,0.1227746693794506,0.1506230925737538,0.3070320447609359,1,3,37.59181213,126.91483307
2115,2115. 관악구시설관리공단,15727,3903,2081,3861,0.2481719336173459,0.1323202136453233,0.2455013670757296,1,0,37.47991562,126.90283966
4657,4657. 본 서부병원 교차로 사거리,15719,2325,2888,4105,0.1479101724028246,0.1837267001717666,0.2611489280488581,1,3,37.60049438,126.92215729
2710,2710.라이품 공영주차장 앞,15719,3516,2573,3735,0.2236783510401425,0.1636872574591259,0.2376105350213118,1,0,37.57131958,126.84166718
1288,1288. 문정중교 사거리,15705,2045,2593,4071,0.1302133078637376,0.1651066539318688,0.2592168099331423,0,3,37.48799896,127.13108826
605,605. 신설동역8번출구,15643,2023,3033,3873,0.1293230198810969,0.19388864028639,0.2475867800294061,1,3,37.57419968,127.02649689
1670,1670. 노원경찰서교차로,15622,3195,1871,3122,0.2045192676993983,0.1197669952630905,0.1998463705031366,0,0,37.64340973,127.07183838
420,420. 서울시 공공자전거 상암센터,15596,563,2221,7732,0.0360989997435239,0.1424083098230315,0.495768145678379,1,3,37.56624603,126.8961792
355,355. 서울사대부설초등학교 앞,15595,2216,3264,3099,0.142096825905739,0.2092978518756011,0.1987175376723308,0,1,37.57650757,127.00245667
4317,4317. 양재근린공원,15586,2962,2773,3492,0.1900423456948543,0.1779160785320159,0.2240472218657769,1,0,37.47039795,127.0424118
557,557. 도선동 주민센터 앞,15573,2922,3185,3333,0.1876324407628588,0.2045206447055801,0.2140242727798112,1,1,37.56764221,127.0256958
3907,3907. 신도림7차e편한세상아파트 806동 앞,15572,3328,1851,3914,0.2137169278191626,0.1188671975340354,0.2513485743642435,1,0,37.50862503,126.88353729
1003,1003. 해공도서관앞,15571,2519,2440,4254,0.1617750947273778,0.1567015605934108,0.273200179821463,1,3,37.54395676,127.12548828
1677,1677. 육군사관학교  앞,15567,1911,3097,4305,0.1227596839468105,0.198946489368536,0.2765465407592985,1,3,37.62316513,127.09049988
2431,2431.대치역 7번출구,15567,2133,2594,4596,0.1370206205434573,0.1666345474400976,0.2952399306224706,1,3,37.49411774,127.06290436
3788,3788. 정곡나들목,15558,652,1900,6735,0.041907700218537,0.1221236662810129,0.432896259159275,1,3,37.5841713,126.81932831
2537,2537.양재역 8번출구 앞,15542,2113,4321,3454,0.1359541886501094,0.2780208467378716,0.2222365203963454,1,1,37.48257065,127.03643799
3550,3550.금호나들목,15531,2116,2299,5641,0.1362436417487605,0.1480265275899813,0.3632090657394887,1,3,37.54404068,127.02320099
1929,1929. 고척근린공원 고척도서관 앞,15522,1806,2210,4120,0.1163509856977193,0.1423785594639866,0.2654297126658935,0,3,37.5038147,126.85195923
5326,5326. 대진고교앞 교차로,15515,1792,2312,4252,0.1155011279407025,0.1490170802449242,0.2740573638414437,0,3,37.6391716,127.07472992
1074,1074.대명초교입구 사거리,15505,2939,1793,4277,0.1895517574975814,0.1156401160915833,0.2758465011286681,1,0,37.54683685,127.14916229
6060,6060. 신한은행 본점,15501,1756,4867,2083,0.1132830139990968,0.3139797432423714,0.1343784271982452,0,2,37.56077576,126.97480774
4222,4222. 서울디자인고등학교 앞,15492,1927,2776,3979,0.1243867802736896,0.1791892589723728,0.256842241156726,0,3,37.54568481,126.94676971
4381,4381. 더스페이스타워 앞,15486,1435,4177,3589,0.0926643419863102,0.2697274958026605,0.2317577166472943,1,1,37.55140305,127.04636383
2054,2054. 삼익아파트,15481,3387,1559,4202,0.2187843162586396,0.100704088883147,0.2714294942187197,1,0,37.51054764,126.94484711
4089,4089. 동부센트레빌 앞,15453,3039,2073,3999,0.1966608425548437,0.1341487089885459,0.2587847019996117,1,0,37.66299057,127.03864288
2904,2904.중계3차청구아파트,15449,1082,2304,3958,0.0700368955919477,0.1491358663991197,0.2561978121561266,0,3,37.65050507,127.07398224
1440,1440. 면목2동 사거리,15430,2118,2692,4169,0.1372650680492547,0.1744653272845107,0.2701879455605962,1,3,37.58637238,127.0800705
1529,1529. 미아동 한국전력공사,15419,1434,3005,3807,0.0930021402166158,0.1948894221415137,0.2469031714118944,0,3,37.63018036,127.02490997
320,320. 을지로입구역 4번출구 앞,15406,2166,3684,2298,0.1405945735427755,0.2391276126184603,0.1491626638971829,0,1,37.56622314,126.98358917
2821,2821.청구아파트 앞,15370,3648,2243,3442,0.237345478204294,0.1459336369551073,0.2239427456083279,1,0,37.50119019,126.86353302
3879,3879. 중랑천 뚝방길 산책로 입구,15341,3665,2326,4018,0.2389022879864415,0.1516198422527866,0.2619125219998696,1,0,37.56628036,127.0774765
2902,2902.공릉풍림아파트 108동,15335,5016,1598,3452,0.3270948809911966,0.1042060645582002,0.2251059667427453,1,0,37.62862015,127.06690979
4092,4092. 도봉경찰서 교차로,15333,2048,2211,3514,0.1335681210461097,0.1441987869301506,0.2291788951933737,0,3,37.65265656,127.05309296
2066,2066. 양문교회 앞,15323,2451,2075,4167,0.15995562226718,0.1354173464726228,0.2719441362657443,0,3,37.48939896,126.90711212
4601,4601.양평역2번출구 뒤,15303,3317,3253,3453,0.2167548846631379,0.2125726981637587,0.2256420309743187,1,0,37.5255661,126.88584137
819,819. 선린인터넷 고등학교,15300,2618,2152,4368,0.1711111111111111,0.1406535947712418,0.2854901960784313,1,3,37.54165268,126.97050476
4076,4076. 도봉통합복지센터 뒤 중랑천 변,15300,1309,2178,4604,0.0855555555555555,0.1423529411764706,0.3009150326797385,0,3,,
215,215. 여의도고교 앞,15292,2965,2646,3924,0.1938922312320167,0.1730316505362281,0.2566047606591682,1,0,37.52483749,126.93490601
334,334. 종로3가역 2번출구 뒤,15289,1744,3164,3296,0.1140689384524821,0.2069461704493426,0.2155798286349663,0,1,37.5705986,126.99179077
3899,3899. 아차산역 2번출구,15288,2170,2387,4702,0.1419413919413919,0.1561355311355311,0.3075614861329147,1,3,37.55105209,127.09043884
4181,4181. 보라매공원역 2번출구,15266,2054,2734,4408,0.1345473601467313,0.1790907899908293,0.2887462334599764,1,3,37.49582291,126.91781616
700,700. KB국민은행 염창역 지점 앞,15263,1766,2786,4060,0.1157046452204677,0.1825329227543733,0.2660027517526043,0,3,37.5468483,126.87277222
838,838. 숙대입구역 4번출구,15260,1784,2718,3913,0.1169069462647444,0.1781127129750983,0.2564220183486238,0,3,37.5444603,126.97238922
5075,5075. 등촌역 1번출구,15228,2099,2573,3853,0.1378381928027318,0.1689650643551352,0.2530207512477016,0,3,37.5518837,126.86357117
289,289. 대림3동사거리,15207,2685,2470,3568,0.1765634247386072,0.1624251989215492,0.2346287893733149,1,0,37.49980927,126.89800262
455,455. 종로6가역 버스정류장(동대문 방향),15205,1721,2740,1651,0.1131864518250575,0.180203880302532,0.1085827030582045,0,1,37.570961,127.00605774
4711,4711. 올림픽기념 국민생활관 로터리,15196,3668,1809,3395,0.2413793103448276,0.1190444853908923,0.2234140563306133,1,0,37.58983612,126.99934387
4512,4512. 목동13_14단지 사거리,15186,2398,2610,3560,0.15790860002634,0.1718688265507704,0.2344264454102463,0,1,37.5140686,126.86998749
2056,2056. 동작구민 체육센터,15180,3564,2394,2866,0.2347826086956521,0.1577075098814229,0.1888010540184453,1,0,37.49449921,126.91652679
239,239. 유스호스텔 앞,15134,2838,3574,2647,0.1875247786441126,0.2361569974890974,0.1749041892427646,1,1,37.5258522,126.90328217
4167,4167. 구로교 아래,15102,1133,2913,4217,0.0750231757383128,0.1928883591577274,0.2792345384717256,0,3,37.48500824,126.90350342
915,915. 증산역 4번출구,15088,2002,2452,3984,0.1326882290562036,0.1625132555673382,0.264050901378579,0,3,37.5843811,126.90989685
3984,3984. 가산롯데아이티캐슬,15048,1145,7415,1702,0.0760898458266879,0.4927565124933546,0.1131047315257841,1,2,37.47636795,126.88083649
3935,3935. 고대구로병원 앞,15043,1787,3519,2816,0.1187927939905603,0.2339294023798444,0.1871967027853486,0,1,37.49312592,126.88424683
1707,1707. 도봉구민회관,15037,1769,2036,3497,0.1176431469043027,0.1353993482742568,0.2325596861076012,0,3,37.65446091,127.03851318
3432,3432.종로2가 사거리,15035,1346,3117,3061,0.0895244429664117,0.2073162620552045,0.2035916195543731,0,1,37.57001877,126.98880768
4464,4464. 올림픽공원 북2문 A,15033,1343,2885,4763,0.0893367923900751,0.1919111288498636,0.3168362934876604,0,3,37.52357483,127.12804413
1685,1685. 불암고등학교 앞 횡단보도,15028,2430,2322,3923,0.1616981634282672,0.1545115783870109,0.2610460473782273,0,3,37.64818954,127.08048248
2911,2911.상계역중앙시장,15019,1195,2769,4316,0.0795658832145948,0.1843664691390905,0.2873693321792396,0,3,37.6588707,127.07191467
1640,1640. 한내근린공원 북측,15016,1726,2160,4757,0.1149440596696856,0.1438465636654235,0.3167954182205647,0,3,37.62386322,127.06848907
1767,1767.방학초등학교 앞,15011,2947,1898,3632,0.1963226966890946,0.1264406102191726,0.2419558990073946,0,0,37.66250992,127.03327942
108,108. 서교동 사거리,14995,367,3233,4796,0.0244748249416472,0.2156052017339113,0.3198399466488829,0,3,37.55274582,126.91861725
4143,4143.서울동물복지지원센터 동대문,14981,949,3410,3525,0.0633469060810359,0.2276216540951872,0.2352980441893064,0,1,37.58229828,127.02936554
1119,1119. 염창동 한마음아파트 앞,14981,2403,2347,4241,0.1604031773579868,0.1566651091382417,0.2830919164274748,1,3,37.55425262,126.86756134
4536,4536. 양천해누리체육공원,14957,1474,1482,1957,0.098549174299659,0.0990840409172962,0.1308417463395066,0,1,37.51174164,126.8738327
6054,6054.청구e편한세상아파트 113동 앞,14956,2875,2198,3565,0.192230542925916,0.146964428991709,0.2383658732281358,0,0,37.56104279,127.01821136
5893,5893.한국산업은행,14952,592,7852,1331,0.039593365436062,0.5251471375066881,0.0890181915462814,1,2,37.52814484,126.92175293
3125,3125.연희파크푸르지오아파트 앞,14950,3257,2141,4287,0.2178595317725752,0.1432107023411371,0.2867558528428093,1,0,37.57564163,126.92782593
818,818. 숙명여대 입구 교차로,14942,2688,1886,3819,0.1798955963057154,0.1262213893722393,0.2555882746620265,0,0,37.54489517,126.96938324
411,411. DMC홍보관,14938,934,5451,2268,0.0625251037622171,0.3649082875887,0.1518275538894095,0,2,37.5779953,126.89147186
3121,3121.가좌삼거리,14899,1712,2734,4067,0.1149070407409893,0.1835022484730518,0.2729713403584133,0,3,37.57065201,126.91298676
3928,3928.고척아이파크아파트 106동 앞,14899,2033,2569,4446,0.1364521108799248,0.1724276797100476,0.2984092892140412,1,3,37.49801254,126.8609848
339,339. 종로4가 사거리,14887,1061,3193,2730,0.0712702357761805,0.2144824343386847,0.1833814737690602,0,1,37.57106781,126.99819183
4238,4238. 상암한샘빌딩앞,14883,4076,2733,2468,0.2738695155546596,0.1836323321910905,0.1658267822347645,1,0,37.57649231,126.89867401
1227,1227. 거여역 8번출구 뒤,14850,3251,3210,2960,0.2189225589225589,0.2161616161616161,0.1993265993265993,1,1,37.49312592,127.14382172
1175,1175. 대한항공 인력개발센터,14828,2496,2690,3226,0.1683301861343404,0.1814135419476665,0.2175613703803614,0,1,37.55437851,126.85753632
4965,4965.고덕비즈밸리 쿠쿠강동빌딩,14827,240,4430,4901,0.0161866864503945,0.2987792540635327,0.330545626222432,1,3,37.5657959,127.15960693
4028,4028. 한일유앤아이아파트 105동 인근,14815,2192,2138,4330,0.1479581505231184,0.1443131960850489,0.2922713466081674,0,3,37.65351868,127.07130432
336,336. 충무로역 6번출구 앞,14806,2669,2944,2593,0.1802647575307308,0.1988383087937322,0.1751317033635012,0,1,37.56144714,126.99311066
2645,2645.잠실나들목2(엘스아파트136동),14794,2224,1980,4917,0.1503312153575774,0.1338380424496417,0.332364472083277,1,3,37.51621246,127.08434296
3814,3814. 난곡사거리 ,14791,1237,2205,3909,0.0836319383408829,0.1490771415049692,0.2642823338516665,0,3,37.48204803,126.91524506
426,426. 서울신용보증재단,14777,2256,3417,3091,0.1526696893821479,0.2312377343168437,0.2091764228192461,1,1,37.54906082,126.95417786
335,335. 종로3가역 15번출구 뒤,14765,1738,3359,2860,0.1177108025736539,0.2274974602099559,0.1937013206908228,0,1,37.57019424,126.99165344
3763,3763. 등촌태영아파트,14743,3034,3271,3319,0.2057925795292681,0.2218680051549888,0.225123787560198,1,1,37.55603027,126.86429596
513,513. 뚝섬역 5번 출구 정류소 옆,14739,1904,3790,2567,0.1291810841983852,0.2571409186511975,0.1741637831603229,0,1,37.54630661,127.04980469
314,314. 국립현대미술관,14738,1058,2982,4377,0.0717872167186863,0.2023341023205319,0.2969873795630343,0,3,37.5797081,126.98085785
1407,1407. 먹골역 1번출구 뒤,14727,1645,2348,3914,0.111699599375297,0.1594350512663814,0.2657703537719834,0,3,37.61151123,127.07788849
3408,3408.종로타워빌딩,14681,1547,3778,2291,0.1053742933042708,0.2573394182957564,0.1560520400517676,0,1,37.57070541,126.98323822
148,148. 용강동 주민센터 앞,14658,3192,2084,4307,0.2177650429799427,0.142174921544549,0.293832719334152,1,0,37.54234695,126.94302368
453,453. 종로오가 지하쇼핑센터 14번출구,14658,1655,2982,3142,0.1129076272342748,0.2034383954154728,0.2143539364169736,0,1,37.57114029,127.00067139
5508,5508. 성산유수지공원,14654,2203,2219,4276,0.1503343796915518,0.1514262317455984,0.2917974614439743,0,3,37.57402039,126.90102386
2177,2177. 신대방역 2번 출구,14652,1748,2794,4149,0.1193011193011193,0.1906906906906907,0.2831695331695332,0,3,,
2070,2070. 노량진역 2번 출구 앞,14628,1035,2732,4753,0.070754716981132,0.1867651080120317,0.3249248017500684,0,3,37.51391983,126.94306946
2375,2375. 수서역 1번출구 앞,14610,2520,3708,2877,0.1724845995893223,0.2537987679671458,0.1969199178644763,1,1,37.48735046,127.10099792
4272,4272. 홍남교 사거리,14601,2669,2154,4117,0.1827956989247312,0.1475241421820423,0.2819669885624272,1,0,37.57601929,126.92683411
2106,2106. 세이브마트,14588,2095,1705,3752,0.1436111872772141,0.1168768851110501,0.2571976967370441,0,3,37.47372818,126.91840363
2413,2413.도곡역 1번 출구,14580,2013,2784,4047,0.1380658436213991,0.1909465020576131,0.2775720164609053,1,3,37.49095917,127.05498505
4872,4872. 개롱역 3번 출구 뒤,14543,1608,2568,3947,0.1105686584611153,0.1765797978408856,0.2714020490957849,0,3,37.49806213,127.13461304
4090,4090. 녹천교 앞 사거리,14541,2058,2218,4257,0.1415308438209201,0.1525342136029158,0.2927584072622241,0,3,37.64564514,127.05459595
407,407. 마포구 육아종합지원센터,14526,1905,2731,2851,0.131144155307724,0.188007710312543,0.1962687594657854,0,1,37.58063126,126.88367462
367,367. 독립문역 3-1번출구 ,14510,6354,1788,2681,0.4379048931771192,0.1232253618194348,0.1847691247415575,1,0,37.57415771,126.95851898
1627,1627. 수락산역 4번출구,14492,1653,3160,3693,0.1140629312724261,0.2180513386696108,0.254830251173061,0,3,37.67694092,127.05509949
2187,2187. 현대시장사거리,14485,2410,1937,3860,0.1663790127718329,0.1337245426303072,0.2664825681739731,0,0,37.4867363,126.9475174
2169,2169. 봉천역 2번출구,14456,1569,2308,3790,0.1085362479247371,0.1596568898727172,0.262174875484228,0,3,37.48218918,126.94213104
1665,1665. 양지근린공원앞,14452,1854,2040,3990,0.1282867423194021,0.1411569332964295,0.2760863548297813,0,3,37.64699554,127.07640076
356,356. KT혜화지사 앞,14444,2055,2641,3090,0.1422736084187205,0.1828440875103849,0.2139296593741345,0,1,37.57714462,127.00205994
2515,2515.서초초등학교 후문,14438,929,3796,3546,0.0643440919794985,0.2629173015653137,0.2456018839174401,0,1,37.49892807,127.02472687
1411,1411. 상봉시장앞 교차로 한성빌딩 앞,14438,1629,1927,4000,0.1128272613935448,0.1334672392298102,0.2770466823659787,0,3,37.59254074,127.08673859
2709,2709.강변아파트 310동 앞,14432,2349,1899,4568,0.1627633037694013,0.1315825942350332,0.3165188470066519,0,3,37.56458664,126.85691833
4957,4957. 신명초교 교차로,14407,2925,1824,3901,0.2030263066564864,0.126605122509891,0.270771152911779,0,0,37.54043579,127.14839935
124,124. 서강대 정문 건너편,14395,1308,2437,4045,0.0908648836401528,0.1692948940604376,0.2810003473428273,0,3,37.55113983,126.93698883
610,610. 동대문중 교차로,14388,3311,2093,3441,0.2301223241590214,0.1454684459271615,0.2391576313594662,1,0,37.57308578,127.05216217
3507,3507. 어린이회관,14377,2950,1821,3291,0.2051888432913681,0.1266606385198581,0.2289072824650483,0,0,37.54595184,127.07800293
4267,4267. 서대문역 2번 출구,14367,2197,2785,3425,0.1529198858495162,0.1938470105101969,0.2383935407531147,0,1,37.56599045,126.96607208
3614,3614. 은마아파트 입구 사거리,14334,1183,2602,3925,0.0825310450676712,0.1815264406306683,0.2738244732803125,0,3,37.49840164,127.06093597
5895,5895.생각공장당산,14326,1691,3869,2460,0.1180371352785145,0.2700684070920006,0.1717157615524221,0,1,37.52080154,126.8983078
844,844. 이촌2동 동원베네스트 아파트 앞,14322,3101,1921,3750,0.2165200391006842,0.1341293115486664,0.2618349392542941,1,0,37.5271492,126.95516205
3640,3640. 일원1동주민센터앞 사거리,14295,2405,3560,2604,0.1682406435816719,0.2490381252186079,0.1821615949632738,0,1,37.4909668,127.08836365
627,627. 장안동삼거리 교통섬,14280,2066,1948,3875,0.1446778711484594,0.1364145658263305,0.2713585434173669,0,3,37.57863235,127.07190704
1834,1834. 월드메르디앙 벤처센터 2차,14257,658,7093,2166,0.0461527670617942,0.4975099950901311,0.1519253699936873,1,2,37.47908401,126.87904358
4460,4460. 올림픽훼미리아파트 112동 앞,14246,2656,3737,2788,0.1864382984697458,0.2623192475080724,0.1957040572792363,1,1,37.48807144,127.11863708
2648,2648.헬리오시티 112동 앞,14219,2663,1963,4265,0.187284619171531,0.1380547155214853,0.2999507700963499,1,0,37.49469757,127.10464478
340,340. 혜화동 로터리,14217,2041,2331,3611,0.1435605261306886,0.1639586410635155,0.2539917000773721,0,3,37.58562851,127.00067902
3684,3684. 고덕자이(105동 앞),14207,2622,1672,3902,0.1845569085661997,0.1176884634335186,0.2746533399028648,0,0,37.55361176,127.17203522
1749,1749. ESA아파트 상가 앞,14198,1102,2032,3986,0.0776165657134807,0.1431187491195943,0.2807437667277081,0,3,37.66627121,127.04598999
4819,4819. 면목동 새싹어린이공원 앞,14193,3058,1741,3743,0.2154583245261749,0.1226661030085253,0.2637215528781794,0,0,37.58333206,127.0835495
327,327. 낙원상가 옆,14190,2047,2835,3187,0.1442565186751233,0.1997885835095137,0.2245947850599013,0,1,37.57335663,126.9874649
2711,2711.가로공원공영주차장 1번 출구,14186,2835,1686,3762,0.1998449175243197,0.1188495699985901,0.2651910334132243,0,0,37.53736115,126.83744812
3699,3699. 상일파출소 옆,14185,2309,2693,3233,0.162777581952767,0.1898484314416637,0.2279168135354247,0,1,37.55655289,127.1658783
815,815. LIG강촌아파트 103동앞,14162,1614,2394,4331,0.1139669538200819,0.169043920350233,0.3058183872334416,0,3,37.51850891,126.97879791
711,711. 신일해피트리아파트 앞,14135,3494,1966,3296,0.2471878316236292,0.1390873717721966,0.2331800495224619,1,0,37.51705933,126.84848785
343,343. 힐스테이트창경궁 아파트 앞,14130,2464,2988,2860,0.1743807501769285,0.2114649681528662,0.2024062278839349,0,1,37.57561111,127.00469971
2244,2244. 말죽거리공원 사거리,14130,1133,3262,3771,0.0801840056617126,0.2308563340410474,0.2668789808917197,0,3,37.47785187,127.03890991
1960,1960. 구로거리공원 동측(신도림역 방면),14123,3305,2095,3500,0.2340154358139205,0.1483395879062522,0.2478227005593712,1,0,37.50284958,126.88948059
5338,5338. 상계초교 입구 교차로,14117,902,2457,3778,0.0638945951689452,0.1740454770843663,0.2676205992774669,0,3,37.65703583,127.06593323
4397,4397. 마장축산물시장 북문 건너편,14107,1340,3189,3896,0.0949883036790246,0.2260579853973204,0.2761749486070745,0,3,37.57179642,127.03865814
3651,3651. 개포동역 4번출구,14101,1756,2107,4454,0.1245301751648819,0.1494220268066094,0.315864123111836,0,3,37.48929596,127.06616974
949,949. 연신내역 1번 출구 ,14092,1336,2779,3759,0.0948055634402497,0.1972040874254896,0.2667470905478286,0,3,37.61978149,126.92080688
2539,2539.대한무역투자진흥공사 KOTRA 앞,14084,685,6508,880,0.0486367509230332,0.4620846350468617,0.0624822493609769,0,2,37.46540833,127.04377747
3120,3120.DMC엘가아파트 앞,14082,2204,2395,3503,0.1565118591109217,0.1700752733986649,0.2487572787956256,0,3,37.56983566,126.91809082
6184,6184. 한강버스 마곡 선착장,14081,569,2273,5651,0.0404090618564022,0.1614231943753994,0.4013209289112989,0,3,37.57402039,126.84357452
1726,1726. 삼익세라믹아파트교차로,14062,2128,1976,3937,0.1513298250604466,0.1405205518418432,0.2799743990897454,0,3,37.65858841,127.03520966
1233,1233. 잠실3거리(갤러리아팰리스),14047,1605,2389,3756,0.1142592724425144,0.1700719014736242,0.2673880543888374,0,3,37.51050949,127.09336853
4114,4114. 휘경여중고삼거리,14041,1949,2300,3448,0.1388077772238444,0.16380599672388,0.2455665550886689,0,3,37.58392334,127.06827545
1428,1428. 원묵고등학교,14037,1732,2081,3738,0.123388188359336,0.1482510507943292,0.2662962171404146,0,3,37.61602402,127.08596802
4652,4652. 신사두산위브2차아파트 앞,14029,3732,1398,3270,0.2660203863425761,0.0996507235013186,0.2330886021811961,0,0,37.59931564,126.90759277
4169,4169. 신대방삼거리,14026,1601,1712,3990,0.1141451589904463,0.1220590332240125,0.2844716954227863,0,3,37.49845505,126.92797852
4917,4917. 일원에코파크 주차장,14017,3630,2229,3124,0.2589712491974031,0.1590211885567525,0.2228722265820075,1,0,37.49404526,127.08678436
400,400. 상암한화오벨리스크 1차 앞,14015,4627,1627,3196,0.3301462718515875,0.1160899036746343,0.2280413842311808,1,0,37.58752441,126.88300323
2013,2013. 장승배기역 5번출구,14007,1832,2308,3828,0.130791746983651,0.1647747554794031,0.2732919254658385,0,3,37.50585175,126.93936157
4083,4083.도봉아이나라도서관 앞,13999,2802,1661,3193,0.2001571540824344,0.118651332238017,0.2280877205514679,0,0,37.65898895,127.04973602
1770,1770.도봉한신아파트 주변,13996,1577,2060,2754,0.1126750500142897,0.1471849099742783,0.1967705058588168,0,1,37.68473816,127.0500412
2530,2530.삼호3차아파트 앞,13993,1784,2712,3809,0.1274923175873651,0.1938111913099406,0.2722075323375973,0,3,37.4977951,126.98706818
722,722. 경서농협 버스정류장(우리은행신정동지점방향),13991,2668,2201,3867,0.1906940175827317,0.1573154170538203,0.2763919662640269,1,0,37.52151108,126.85738373
4347,4347. 논현지하보도,13986,2904,2366,3154,0.2076362076362076,0.1691691691691691,0.2255112255112255,0,0,37.50836945,127.02232361
4210,4210. 가좌행복주택 앞,13982,3315,1999,3694,0.2370905449864111,0.1429695322557574,0.2641968244886282,1,0,37.56949234,126.91184235
4214,4214. JTBC 앞,13981,981,4408,2130,0.0701666547457263,0.3152850296831414,0.1523496173378156,0,2,37.57730484,126.8901825
2108,2108. 은천치안센터,13973,2165,2115,3856,0.1549416732269376,0.1513633435912116,0.2759607815071924,0,3,37.48334122,126.94319916
3863,3863. 동일로58길 입구,13968,3624,2336,3272,0.2594501718213058,0.1672394043528064,0.2342497136311569,1,0,37.55775452,127.07297516
1974,1974. 신도림2차e편한세상아파트 203동 앞,13961,2639,2066,3573,0.1890265740276484,0.1479836687916338,0.255927225843421,0,0,37.50518036,126.88253784
3931,3931. 천왕역 3번 출구 뒤,13955,2165,3505,2575,0.1551415263346471,0.2511644571838051,0.1845216768183447,0,1,37.48690414,126.83894348
5325,5325.상계주공7단지 아파트 앞,13955,1292,2115,3829,0.0925833034754568,0.1515585811537083,0.274381941956288,0,3,37.65983963,127.05935669
3502,3502. 중곡역 1번출구,13943,1830,2639,3293,0.1312486552391881,0.1892706017356379,0.2361758588539051,0,1,37.56565857,127.08429718
281,281. 대림신동아아파트 앞,13941,1734,2190,3856,0.1243813212825478,0.1570905960834947,0.2765942184922172,0,3,37.49824142,126.89398193
1848,1848. 벽산 디지털밸리 5차,13908,790,7729,1238,0.0568018406672418,0.5557233247052057,0.0890135174000575,1,2,37.4762764,126.88539124
223,223. 진주아파트상가 앞,13903,2098,2551,3144,0.1509026828741998,0.1834855786520894,0.2261382435445587,0,1,37.51913071,126.9333725
1630,1630. 수연빌딩 앞,13884,1084,2509,4067,0.0780754825698645,0.1807116104868913,0.2929271103428407,0,3,37.67625046,127.05550385
849,849. 삼각지 자이아파트,13871,2720,2004,4103,0.1960925672265878,0.1444740826184125,0.295796986518636,1,0,37.53607941,126.97341919
4589,4589. KRX한국거래소(1),13861,1626,3773,2459,0.1173075535675636,0.2722025827862347,0.1774042276891999,0,1,37.52347946,126.92711639
1664,1664. 노해근린공원내,13839,2189,1777,4073,0.1581761687983235,0.128405231591878,0.2943131729171183,0,3,37.64936066,127.0704422
2327,2327. 뱅뱅사거리 랜드마크타워 앞,13825,1442,4140,2202,0.1043037974683544,0.2994575045207956,0.1592766726943942,0,1,37.49055099,127.03146362
4113,4113. 한국국방연구원 앞,13819,1542,3174,3169,0.1115854982270786,0.2296837687242202,0.2293219480425501,0,1,37.59139633,127.04029846
4719,4719. 종로문화원 건너편,13816,1160,3533,2510,0.0839606253618992,0.2557180081065431,0.181673422119282,0,1,37.57571411,126.9805069
1605,1605. 헬스케어,13795,1507,2704,3427,0.1092424791591156,0.1960130482058717,0.2484233417905038,0,3,37.63162231,127.06161499
4517,4517. 성보하이드로빌딩,13780,2403,1635,3938,0.1743831640058055,0.1186502177068214,0.2857764876632801,0,0,37.52893829,126.83312225
1382,1382.래미안월곡아파트 입구,13776,3492,1586,3370,0.2534843205574913,0.1151277584204413,0.2446283391405342,0,0,37.60866547,127.03627014
4707,4707. 청계3가 사거리,13775,2255,2406,3505,0.1637023593466424,0.1746642468239564,0.2544464609800363,0,3,37.56855774,126.99211884
5513,5513. 마포음식문화거리,13759,2110,2206,4024,0.1533541681808271,0.1603314194345519,0.292463115051966,0,3,37.54119873,126.94211578
1470,1470.중화동 우리은행 앞,13737,2006,2371,3619,0.1460289728470554,0.1725995486641916,0.2634490791293586,0,3,37.60520172,127.07858276
1229,1229. 송파체육문화회관 앞,13731,2667,2296,2141,0.1942320297137863,0.1672128759740732,0.1559245502876702,0,1,37.49068832,127.14312744
165,165. 중앙근린공원,13716,3679,1673,3700,0.2682268883056284,0.1219743365412656,0.2697579469233012,1,0,37.57513809,126.91394043
4569,4569. 힐스테이트클래시안아파트,13707,3138,1671,3438,0.2289341212519151,0.1219085138980083,0.2508207485226527,0,0,37.50508881,126.91334534
1384,1384.성신여대입구역 5번출구,13700,2424,1837,3654,0.176934306569343,0.1340875912408759,0.2667153284671533,0,0,37.59282684,127.01628876
3528,3528. 광진정보도서관,13699,523,2860,5034,0.0381779691948317,0.2087743630921965,0.3674720782538871,0,3,37.55059814,127.11051178
5155,5155.광진경찰서 앞,13690,3382,1906,3404,0.2470416362308254,0.1392257121986851,0.2486486486486486,1,0,37.5430069,127.08427429
2423,2423.영희초교 사거리(래미안개포루체하임),13690,1863,1849,3938,0.1360847333820306,0.1350620891161431,0.2876552227903579,0,3,37.4908371,127.08065033
3775,3775. 가양오토갤러리,13689,2560,3190,2573,0.1870114690627511,0.2330338227774125,0.1879611366790854,0,1,37.56644058,126.84430695
3119,3119.연희 브라운스톤 아파트 앞,13689,2256,2122,3999,0.1648038571115494,0.155014975527796,0.292132369055446,0,3,37.56519699,126.92985535
777,777.신월6차보람아파트 앞,13688,3485,1707,3334,0.2546025715955581,0.124707773232028,0.2435710111046171,0,0,37.53012848,126.83477783
1456,1456. 상아빌딩(우림시장 교차로),13668,1735,1784,3636,0.1269388352355867,0.1305238513315774,0.2660228270412643,0,3,37.59511185,127.10032654
2080,2080. 대방지하보도(대방동경남아너스빌아파트),13656,1949,2949,3287,0.1427211482132396,0.2159490333919156,0.2407000585823081,0,1,37.51213455,126.92543793
3983,3983. 금천구청역 1번 출구,13649,2264,4094,2494,0.1658729577258407,0.2999487141915158,0.1827240090849146,1,1,37.45703506,126.89432526
1741,1741. 제일강산수산입구,13641,1304,2083,3805,0.0955941646506854,0.1527014148522835,0.2789384942452899,0,3,37.64519882,127.03298187
1148,1148. 볏골공원,13638,4078,1595,3382,0.2990174512391846,0.1169526323507845,0.2479835753042968,1,0,37.54146957,126.84477997
2333,2333. 양재역 3번출구 주변,13629,1877,3566,2789,0.1377210360261207,0.2616479565632108,0.2046371707388656,0,1,37.48515701,127.03407288
2171,2171. 서울대입구역 5번출구,13601,1027,2698,3718,0.0755091537386956,0.1983677670759503,0.2733622527755312,0,3,37.48154831,126.95200348
2247,2247.섬들근린공원,13587,2778,2017,3477,0.2044601457275336,0.1484507249576801,0.2559063810995804,0,0,37.46263885,127.02661896
1651,1651. 상계동 우방유쉘아파트 앞,13585,1878,1938,3733,0.1382407066617593,0.1426573426573426,0.2747883695252116,0,3,37.67237473,127.05599213
4677,4677. 백련산 SK뷰 아이파크 해모로 아파트 앞,13579,4023,1429,3329,0.2962662935414979,0.1052360262169526,0.2451579645040135,1,0,37.59612656,126.91962433
985,985. 은평세무서 버스정류장(은평구청 방면),13562,2079,2198,3190,0.1532959740451261,0.162070491078012,0.2352160448311458,0,3,37.60119247,126.92638397
1110,1110. 공항중학교앞,13531,4120,1263,2979,0.3044859951223117,0.0933412164658931,0.2201611115216909,0,0,37.56220245,126.81624603
2542,2542.신논현타워 앞,13520,1657,3025,3247,0.1225591715976331,0.2237426035502958,0.2401627218934911,0,1,37.50508881,127.02391052
1846,1846. 롯데캐슬골드파크1차 동문,13507,6123,1082,2644,0.4533205004812319,0.0801066113866883,0.1957503516695047,1,0,37.46017075,126.89604187
3131,3131.연가교 교차로,13506,4017,1454,3694,0.2974233673922701,0.1076558566563009,0.2735080704871909,1,0,37.57215881,126.92118835
5317,5317. 공릉동 신도1차 아파트 뒤,13503,2125,1967,3463,0.1573724357550174,0.1456713322965267,0.2564615270680589,0,3,37.62780762,127.06961823
826,826. 서울역 서부교차로2,13492,3517,1994,3200,0.2606729914023125,0.1477912837236881,0.2371775867180551,1,0,37.55536652,126.96864319
6061,6061.충무아트센터,13472,1600,2021,2783,0.1187648456057007,0.1500148456057007,0.2065766033254156,0,1,37.56538773,127.01522064
5309,5309. 월계 롯데캐슬아파트 뒤,13461,2791,1596,3591,0.207339722160315,0.1185647425897035,0.2667706708268331,0,0,37.62514877,127.04993439
916,916. 평생학습관 앞,13460,1430,2152,3754,0.1062407132243685,0.1598811292719167,0.2789004457652303,0,3,37.60784912,126.92132568
331,331. 을지로2가 사거리 북측,13430,1472,4833,1353,0.1096053611317944,0.3598659717051377,0.1007446016381236,0,2,37.56638336,126.98720551
5869,5869. 영등포아트홀 앞,13429,1522,2609,2917,0.1133368083997319,0.1942810335840345,0.2172164718147293,0,1,37.52668381,126.90019226
3793,3793. 더리브골드타워,13428,2693,4052,2082,0.2005510872803098,0.3017575215966637,0.1550491510277033,1,1,37.56557083,126.84624481
374,374. 신당동주민센터앞,13417,1449,2879,3050,0.1079973168368487,0.2145785197883282,0.227323544756652,0,1,37.5604744,127.01407623
1203,1203. 밀리아나2빌딩 앞,13404,915,3304,2642,0.0682632050134288,0.2464935840047747,0.197105341689048,0,1,37.49372864,127.12062073
4588,4588.양남사거리2,13399,1652,4091,2493,0.1232927830435107,0.3053212926337786,0.1860586610941115,0,1,37.52194977,126.8904953
706,706. 신정네거리역,13386,1784,2967,3241,0.1332735694008665,0.2216494845360824,0.2421186314059465,0,1,37.5218811,126.85175323
4425,4425. 하늘채코오롱아파트 앞,13364,1770,1810,4110,0.1324453756360371,0.1354384914696198,0.3075426519006285,0,3,37.61924744,127.04558563
1327,1327. 상월곡역 3번출구,13352,2001,2502,3333,0.1498651887357699,0.1873876572798082,0.2496255242660275,0,3,37.60734177,127.05068207
5078,5078. 왈도강서캠퍼스 앞,13311,3177,1846,3221,0.2386747802569303,0.1386822928405078,0.2419803170310269,0,0,37.55221558,126.870224
2086,2086.삼일수영장 앞,13302,3896,1098,3087,0.2928882874755676,0.0825439783491204,0.2320703653585926,0,0,37.48712158,126.9743576
454,454. 종로2가 버스정류장 (종각방향),13297,1337,2786,2908,0.1005489960141385,0.209520944573964,0.2186959464540873,0,1,37.57035828,126.98638153
1520,1520. 수유중앙시장,13286,1410,1714,3717,0.1061267499623664,0.1290079783230468,0.279768177028451,0,3,37.63986206,127.022789
457,457. 종로꽃시장 입구 옆,13257,2529,2907,1959,0.1907671418873048,0.2192803801765105,0.1477709889115184,0,1,37.57131958,127.00720978
1743,1743.창동19단지아파트 관리사무소앞,13231,2615,1732,3651,0.1976419015947396,0.1309046935227873,0.2759428614617187,0,0,37.65039062,127.05219269
276,276. 영등포로터리2,13230,3693,2296,3170,0.2791383219954648,0.1735449735449735,0.2396069538926681,1,0,37.51828384,126.9126358
1501,"1501. 미아역 3번,4번 출구 사이",13223,1125,2364,3269,0.0850790289646827,0.17877939953112,0.247220751720487,0,3,37.62607956,127.02648163
3204,3204.도림고가도로 밑,13220,2569,2019,3369,0.1943267776096823,0.1527231467473525,0.2548411497730711,0,0,37.51124191,126.89818573
2369,2369. KT선릉타워,13217,1444,3461,2215,0.1092532344707573,0.2618597261103125,0.167587198305213,0,1,37.50542831,127.0528717
2504,2504. 신사역 4번출구 뒤,13208,698,3306,3459,0.0528467595396729,0.2503028467595397,0.2618867353119322,0,3,37.51588058,127.01930237
5896,5896.영등포구청역 6번출구,13206,2280,2757,2799,0.1726487960018173,0.2087687414811449,0.2119491140390731,0,1,37.52391434,126.89601135
4145,4145.청량리동 주민센터,13184,1245,2441,3225,0.0944326456310679,0.1851486650485437,0.2446146844660194,0,3,37.58307648,127.04862976
4102,4102. 휘경1동주민센터 앞,13175,2302,2139,3590,0.1747248576850094,0.1623529411764706,0.2724857685009487,0,3,37.59286499,127.06555939
233,233. 양평1동 YP센터 앞,13122,1356,4464,2147,0.1033379058070416,0.3401920438957476,0.1636183508611492,0,2,37.52848816,126.89164734
1729,1729. 도봉한신아파트 버스정류장,13121,1273,1994,3837,0.0970200442039478,0.1519701242283362,0.2924319792698727,0,3,37.68400955,127.04579163
359,359. 원남동사거리,13118,1200,2840,2743,0.09147735935356,0.2164964171367586,0.2091019972556792,0,1,37.57606125,126.99768066
1814,1814. 두산위브아파트 옆 상가건물 앞,13116,3963,1631,2941,0.3021500457456542,0.1243519365660262,0.2242299481549252,1,0,37.47422028,126.89412689
1318,1318. 길음역 3번출구 뒤,13093,1235,2513,3422,0.0943252119453142,0.1919346215535018,0.2613610326128465,0,3,37.60308456,127.0247879
4077,4077. 도봉제1교,13076,1145,1747,4748,0.0875650045885591,0.1336035484857754,0.3631079840929948,0,3,,
150,150. 서강대역 2번출구 앞,13064,1937,2064,3555,0.1482700551132884,0.1579914268218003,0.272121861604409,0,3,37.55295563,126.93434143
1277,1277. 성내7교,13060,2672,1594,3201,0.204594180704441,0.1220520673813169,0.2450995405819295,0,0,37.50562668,127.1364212
143,143. 공덕역 2번출구,13057,2008,3289,2846,0.1537872405606188,0.2518955349620893,0.2179673738224707,0,1,37.54457855,126.9502182
3220,3220.래미안에스티움 앞 (신풍로),13054,2714,1751,3372,0.2079056227976099,0.1341351309943312,0.2583116286195802,0,0,37.50013733,126.91397858
3873,3873. 동서울우편집중국 앞,13036,1643,2292,2885,0.1260355937404111,0.1758208039275851,0.2213102178582387,0,1,37.53470993,127.08447266
4011,4011. 월계 센트럴 아이파크,13009,938,2363,3108,0.0721039280498116,0.181643477592436,0.2389115227919133,0,3,37.62917328,127.05693054
2359,"2359. 국립국악중,고교 정문 맞은편",13005,3020,1847,2796,0.2322183775470972,0.1420222991157247,0.2149942329873125,0,0,37.47560501,127.05037689
3102,3102. 연희삼거리,12997,2250,1705,3769,0.1731168731245672,0.131184119412172,0.289989997691775,0,3,37.56799698,126.93165588
3641,3641. 대청역,12978,2162,3561,2620,0.1665896131915549,0.2743874248728618,0.2018801047927261,0,1,37.49370575,127.0799942
674,674.고대앞사거리 교통섬,12977,1051,2464,2997,0.0809894428604454,0.1898743931571241,0.2309470601834014,0,3,37.58655167,127.03314209
908,908. 구산역 4번출구,12977,1551,2077,3843,0.1195191492640826,0.1600524004007089,0.2961393234183555,0,3,37.61318588,126.91735077
2703,2703.서울도시가스 앞 ,12969,1531,2570,3512,0.118050736371347,0.1981648546534042,0.2707995990438738,0,3,37.54748535,126.87202454
2408,2408. 강남한양수자인아파트,12957,2761,1822,3343,0.213089449718299,0.1406189704406884,0.2580072547657637,0,0,37.4773407,127.11327362
1444,1444. 면목4치안센터,12937,2873,1511,3385,0.2220762155059132,0.116796784416789,0.2616526242560099,0,0,37.57402802,127.08054352
3411,3411.종묘,12914,1838,2441,2166,0.1423261576583552,0.1890196685767384,0.167724949667028,0,1,37.57072067,126.99437714
1805,1805. 서울디지털운동장 앞,12908,2684,3609,1889,0.2079330647660365,0.2795940502014254,0.146343352959405,0,1,37.48228836,126.87776947
241,241. 신길우성1차아파트 앞 공원,12907,3505,1268,3127,0.2715580692647401,0.0982412644301541,0.2422716355466026,0,0,37.50501633,126.89853668
1375,1375. 생명의 전화 종합복지관 앞 교차로,12903,3092,2008,2676,0.2396341935983879,0.1556227233976594,0.2073936293885143,0,0,37.60390854,127.0373764
2917,2917.신창중학교 후문 맞은편 버스정류장,12902,1837,1435,3428,0.1423810261974887,0.1112230661912881,0.2656952410478995,0,3,37.62807083,127.04692078
389,389. 을지로4가역 1번출구,12895,2506,3019,2218,0.1943388910430399,0.2341217526172935,0.172004652966266,0,1,37.5667305,126.99660492
1809,1809. LG전자 별관동(호서대 벤처타워 맞은편),12884,1194,5867,1085,0.0926730828935113,0.4553710027941633,0.0842129773362309,0,2,37.47077942,126.88515472
2303,2303. 논현역 10번출구,12864,1860,2918,2902,0.1445895522388059,0.2268345771144278,0.2255907960199005,0,1,37.51137161,127.02146149
1271,1271. 송파도서관,12839,908,2468,3740,0.07072201884882,0.1922268089415063,0.2912999454786198,0,3,37.49998474,127.13539124
3818,3818. 은천교회 앞,12836,3050,1541,3590,0.2376129635400436,0.1200529760049859,0.2796821439700841,0,0,37.48857117,126.92138672
958,958. 본 서부병원 버스정류장(은평 세무서 방면),12835,1925,1926,3258,0.1499805220101285,0.1500584339696143,0.2538371640046747,0,3,37.60036087,126.92281342
5760,5760. 풍납사거리 성내유수지,12833,1426,2687,3499,0.1111197693446583,0.2093820618717369,0.2726564326346138,0,3,37.52765274,127.11930084
2189,2189. 봉천역 4번출구,12827,699,2490,3418,0.0544944258205348,0.1941217743821626,0.2664691666016995,0,3,37.48275375,126.94140625
1808,1808. 에이스하이엔드타워8차 앞,12823,386,6755,1327,0.0301021601809249,0.5267878031661858,0.1034859237307962,0,2,37.47320938,126.8849411
2540,2540.반포천 앞,12790,1843,2792,2949,0.1440969507427678,0.218295543393276,0.2305707584050039,0,1,37.49905014,126.99625397
3987,3987. LG전자가산A와 가산테라타워 사이,12775,4600,1887,2347,0.360078277886497,0.1477103718199608,0.1837181996086105,1,0,37.47520447,126.89012909
4873,4873. 개롱역사거리 2번 출구,12773,2079,2460,3067,0.1627652078603303,0.1925937524465669,0.240115869412041,0,1,37.49827194,127.13486481
1431,1431. 중랑구청 사거리,12763,805,2424,3502,0.0630729452323121,0.1899239990597822,0.274386899631748,0,3,37.60649872,127.09545135
800,800. 목월공원 앞,12747,2534,2361,3408,0.1987918725974739,0.1852200517768887,0.2673570251823958,0,0,37.53243256,126.95474243
3221,3221.서울특별시 남부교육지원청,12732,2228,2766,2489,0.1749921457744266,0.2172478793590952,0.1954916745208922,0,1,37.51933289,126.89530182
5341,5341.공릉동효성아파트 앞,12728,1905,1466,3473,0.1496700188560653,0.115179132620993,0.2728629792583281,0,3,37.62356186,127.08138275
2221,2221. 방일초교 마을버스 정류장,12727,1311,2746,3324,0.1030093502003614,0.215761766323564,0.261177025221969,0,3,37.48561096,126.99468231
4139,4139. 답십리 사거리,12724,2281,1520,3323,0.1792675259352404,0.1194592895315938,0.261160012574662,0,0,37.57305527,127.05721283
3908,3908. 오류동 다숲오피스텔 앞,12723,2574,1564,3393,0.2023107757604338,0.1229269826298828,0.2666823862296628,0,0,37.49267197,126.8416214
3212,3212.신풍역 6번출구,12711,2051,1764,3088,0.1613563055621115,0.1387774368657068,0.2429391865313508,0,0,37.50017166,126.91130829
1473,1473.중랑역 1번 출구(중화문화복지센터),12706,2165,2570,2992,0.1703919408153628,0.2022666456792066,0.2354793011175822,0,1,37.59489059,127.07495117
4074,4074. 도봉구육아종합지원센터(창동),12706,2862,1629,3284,0.2252479143711632,0.1282071462301275,0.2584605698095388,0,0,37.63342667,127.04116058
4005,4005. 중계2차 한화꿈에그린 101동 인근,12692,1110,2255,3632,0.0874566656161361,0.1776709738417901,0.2861645130791049,0,3,37.65955734,127.07525635
1186,1186. 송정중학교,12691,3035,1842,2840,0.2391458513907493,0.1451422267748798,0.2237806319438972,0,0,37.55472946,126.81609344
4078,4078. 원당공원 앞,12676,2432,1777,3219,0.1918586304828021,0.1401861786052382,0.2539444619753865,0,0,37.65854645,127.02767944
199,199. 서울 월드컵 경기장,12670,1101,1899,4345,0.0868981846882399,0.1498816101026046,0.3429360694554064,0,3,37.56684494,126.89644623
472,472.삼일교(시그니쳐 타워),12654,1373,4020,1173,0.1085032400821874,0.3176861071597914,0.0926979611190137,0,2,37.56787109,126.98840332
806,806. 전자랜드 본관 앞,12653,1952,2849,2738,0.154271714217972,0.225163992728997,0.2163913696356595,0,1,37.5330658,126.96073151
4411,4411. 동산어린이공원 앞,12632,2879,2448,2241,0.2279132362254591,0.1937935402153261,0.1774065864471184,0,0,37.60623932,127.03466034
736,736. 오솔길공원,12607,2951,1806,3066,0.2340763068136749,0.1432537479178234,0.2431982232093281,0,0,37.52219009,126.83670044
2523,2523.뉴코아 킴스클럽 앞,12604,1516,1928,4101,0.120279276420184,0.1529673119644557,0.3253728974928594,0,3,37.51019287,127.00725555
1965,1965. 삼환로즈빌아파트 105동 옆,12586,1743,1988,3473,0.1384872080088987,0.1579532814238042,0.2759415223263944,0,3,37.49724197,126.85912323
1085,1085.래미안 솔베뉴(고덕로),12581,1930,2183,3064,0.1534059295763452,0.1735156187902392,0.2435418488196487,0,3,37.55456924,127.14587402
5877,5877. 문래동 꽃밭정원,12558,1688,2597,3370,0.1344163083293518,0.2068004459308807,0.2683548335722249,0,3,37.51837158,126.89844513
4620,4620. 삼각지역 14번 출구 앞(교통섬),12552,1644,2018,3389,0.1309751434034416,0.1607711918419375,0.2699968132568515,0,3,37.53528595,126.97408295
242,242. 신길선원가와인아파트 앞,12548,2009,1952,3492,0.1601051960471788,0.1555626394644564,0.2782913611730953,0,3,37.51093292,126.91022491
3508,3508. 화양사거리,12538,2203,3313,2514,0.1757058542032222,0.2642367203700749,0.2005104482373584,0,1,37.54822159,127.06787872
1937,1937. 한진아파트 입구,12538,2305,1495,3235,0.1838411229861221,0.1192375179454458,0.2580156324772691,0,0,37.4860611,126.85201263
3515,3515. 서울숲 관리사무소,12492,339,2086,5298,0.0271373679154658,0.1669868715978226,0.4241114313160423,0,3,,
1408,1408. 먹골역 6번출구 앞,12483,1702,2011,3211,0.1363454297845069,0.1610990947688856,0.2572298325722983,0,3,37.61072159,127.0774765
354,354. 포르투갈 대사관 앞,12475,1573,2359,2832,0.1260921843687374,0.1890981963927855,0.2270140280561122,0,1,37.57915497,126.98896027
5332,5332. 마들역 4번출구,12455,2202,1780,3137,0.1767964672822159,0.1429144921718185,0.2518667201926937,0,0,37.66401672,127.05817413
1941,1941. 오류동역 2번출구,12450,2437,2347,2865,0.1957429718875502,0.1885140562248996,0.2301204819277108,0,0,37.49367142,126.84370422
249,249. 여의도중학교 옆,12449,842,2125,5076,0.0676359546951562,0.1706964414812434,0.4077435938629609,0,3,37.52434921,126.93611908
1070,1070.(시립)고덕평생학습관,12432,1071,2058,3087,0.0861486486486486,0.1655405405405405,0.2483108108108108,0,3,37.55570221,127.15792084
932,932. 예일여중,12420,923,1952,3550,0.0743156199677938,0.1571658615136876,0.285829307568438,0,3,37.61000443,126.91639709
1127,1127. 화곡역 버스정류장,12410,1473,2237,3137,0.1186946011281224,0.1802578565672844,0.2527800161160354,0,3,37.54098129,126.83854675
1171,1171. 염창동 새마을금고 건너편,12401,2494,1488,3054,0.2011128134827836,0.1199903233610192,0.2462704620595113,0,0,37.55004883,126.87316132
4558,4558. 대영중고 후문,12390,2723,1554,2711,0.219774011299435,0.1254237288135593,0.2188054882970137,0,0,37.50545502,126.90626526
2376,2376. 수서역 7번출구 앞,12379,1373,4202,2622,0.1109136440746425,0.3394458356894741,0.2118103239356975,0,1,37.48677826,127.10051727
4823,4823. 방정환교육지원센터 옆,12377,1418,1815,3365,0.1145673426516926,0.1466429667932455,0.2718752524844469,0,3,37.59780884,127.08844757
450,450. 효자동 삼거리,12377,2431,1996,3468,0.1964127009776198,0.1612668659610568,0.2801971398561849,0,0,37.58360291,126.97254944
511,511. 서울숲역 5번 출구 옆,12375,1857,2830,3207,0.150060606060606,0.2286868686868687,0.2591515151515151,0,1,37.54458237,127.04460907
1430,1430. 중랑구청,12360,1497,2749,2662,0.1211165048543689,0.2224110032362459,0.2153721682847896,0,1,37.60615158,127.09259796
1461,1461.동양엔파트 앞,12358,698,2571,3322,0.0564816313319307,0.2080433727140314,0.2688137239035442,0,3,37.593853,127.07507324
1061,1061. 천호초교 입구 사거리(일주빌딩),12353,2261,1910,3250,0.1830324617501821,0.1546183113413745,0.2630939852667368,0,0,37.54689789,127.13466644
2213,2213. 고속터미널역 5번출구 앞,12353,2395,2913,2737,0.1938800291427183,0.2358131627944628,0.2215656115923257,0,1,37.5022316,127.0022583
622,622. 전농사거리 교통섬,12344,1592,1694,3301,0.1289695398574206,0.1372326636422553,0.2674173687621516,0,3,37.57779312,127.05783081
5098,5098. LG사이언스파크 W4동,12338,5138,3285,837,0.4164370238288215,0.2662506078781002,0.0678391959798995,1,0,37.56403732,126.82978821
544,544. 광남중학교,12333,2458,1374,4276,0.1993026838563204,0.1114084164436876,0.3467120732992783,0,3,37.54072952,127.10290527
1373,1373. 성북구보건소 건너편,12315,2514,2163,3094,0.2041412911084043,0.1756394640682095,0.2512383272431993,0,0,37.60235596,127.03907776
4539,4539. 목동7단지아파트 A상가,12314,1480,2382,3126,0.1201884034432353,0.193438362839045,0.2538573980834822,0,3,37.52624512,126.86578369
495,495.염리초등학교 앞,12314,1640,2862,2562,0.1331817443560175,0.2324183855773915,0.2080558713659249,0,1,37.54243088,126.9469986
185,185. 마포 신수공원 앞,12295,2009,1424,4007,0.1633997559983733,0.1158194387962586,0.3259048393655958,0,3,37.54254532,126.93429565
2644,2644. 성내5교,12287,2255,1756,3255,0.1835273052820053,0.1429152763082933,0.2649141368926507,0,0,37.50166702,127.13774109
2003,2003. 사육신공원앞,12279,1224,1823,3701,0.0996823845590031,0.1484648587018487,0.3014089095203192,0,3,37.51335907,126.94805908
4507,4507. 신정제일시장,12278,1919,2250,3266,0.1562958136504316,0.1832546017266655,0.2660042352174621,0,3,37.52124786,126.85495758
175,175. 홍연2교옆,12266,2543,1676,3405,0.2073210500570683,0.1366378607533018,0.2775966085113321,0,0,37.57806778,126.93088531
1286,1286. 위례중앙푸르지오 1단지 앞,12255,1335,1687,3431,0.1089351285189718,0.1376580987352101,0.2799673602611179,0,3,37.47437668,127.14067078
1268,1268. 몽촌토성역 1번출구 옆,12250,1482,2223,4234,0.1209795918367346,0.181469387755102,0.3456326530612245,0,3,37.51728821,127.11419678
2077,2077.노들역 3번출구,12249,2646,1629,3707,0.216017634092579,0.132990448199853,0.3026369499550984,0,0,37.51193619,126.9541626
832,832. 이촌1동 주민센터 뒤,12244,1942,2269,3359,0.158608297941849,0.1853152564521398,0.2743384514864423,0,3,37.5212822,126.97346497
5761,5761. 버섯분수대,12230,1613,2262,3003,0.1318887980376124,0.184955028618152,0.2455437448896157,0,3,37.49755478,127.11494446
401,401. 상암월드컵파크 10단지 앞,12226,2721,1568,3083,0.222558481923769,0.1282512677899558,0.2521675118599705,0,0,37.58618927,126.88161469
1765,1765.쌍문역 1번출구 주변,12226,831,2434,3334,0.0679699002126615,0.199083919515786,0.2726975298544086,0,3,37.64966965,127.03561401
2411,2411. 세곡동 성당,12222,2201,1731,3448,0.1800850924562264,0.1416298478154148,0.2821142202585501,0,0,37.47296906,127.11222839
4016,4016. 노원 마들스타디움,12221,1476,1641,2840,0.1207757139350298,0.1342770640700433,0.2323868750511414,0,3,37.64530945,127.05744171
348,348. 독립문역 사거리,12220,3330,1251,2622,0.2725040916530278,0.1023731587561374,0.2145662847790507,0,0,37.57202911,126.96078491
4809,"4809. 동성1,2차 아파트 앞",12197,1431,1848,3325,0.1173239321144543,0.1515126670492744,0.2726080183651718,0,3,37.61022568,127.09628296
846,846. 용산중학교,12192,1764,1756,3330,0.1446850393700787,0.1440288713910761,0.2731299212598425,0,3,37.54650116,126.9809494
2372,2372. 대치역 사거리,12182,1595,2473,3497,0.1309308816286324,0.2030044327696601,0.2870628796585125,0,3,37.49449921,127.063797
3969,3969. 독산역 롯데캐슬 104동 앞,12164,2873,1531,3056,0.2361887536994409,0.1258632028937849,0.2512331469911213,0,0,37.46239853,126.89175415
248,248. 초원아파트 앞,12146,889,2934,4457,0.0731928206817059,0.2415610077391733,0.3669520829902848,0,3,37.53105545,126.92420959
5059,5059. 화곡2동주민센터,12136,3059,1517,3114,0.2520599868160844,0.125,0.25659195781147,0,0,37.5318222,126.85462189
2103,2103. 신림동 우방아파트,12134,2627,1780,3450,0.2164990934564035,0.1466952365254656,0.2843250370858744,0,0,37.4891777,126.91927338
4659,4659. 신진과학기술고등학교 버스정류장(응암시장 방면),12123,3127,1369,2978,0.2579394539305452,0.1129258434380928,0.2456487668068959,0,0,37.59750366,126.91999817
837,837. 한남나들목 입구,12118,1028,2255,4093,0.0848324806073609,0.1860868130054464,0.3377620069318369,0,3,37.52906036,127.00672913
579,579. 마장역 4번출구,12117,1541,1763,2801,0.1271766939011306,0.1454980605760501,0.2311628290831063,0,3,37.56520462,127.04184723
403,403. 부엉이공원 앞,12112,2214,2118,2753,0.1827939233817701,0.1748678996036988,0.2272952443857331,0,0,37.58559036,126.88472748
2503,2503. 반포1동 서초빌딩 앞,12111,2071,2585,2667,0.1710015688217323,0.2134423251589464,0.2202130294773346,0,1,37.50381088,127.0213623
1079,1079.강일동입구교차로,12108,3091,1699,3028,0.2552857614800132,0.1403204492897258,0.2500825900231252,0,0,37.56184387,127.17084503
1027,1027. 프라자 아파트 앞,12096,2869,1459,3086,0.2371858465608465,0.1206183862433862,0.2551256613756614,0,0,37.53596115,127.14781952
4886,4886. 배명고등학교 건너편,12095,2772,1574,2964,0.2291856138900372,0.1301364200082679,0.2450599421248449,0,0,37.49793243,127.09675598
2033,2033. 사당동 아르테스 웨딩앞,12094,1736,1830,3068,0.1435422523565404,0.1513147015048784,0.2536795105010749,0,3,37.48149109,126.98158264
307,307. 서울역사박물관 앞,12092,1224,3123,2275,0.1012239497188223,0.2582699305325835,0.1881409196162752,0,1,37.56999969,126.97109985
4042,4042. 상계문화정보도서관,12089,1015,2589,3190,0.0839606253618992,0.2141616345438001,0.2638762511373976,0,3,37.67851257,127.05174255
835,835. 남영역 건너편,12073,1537,2267,2925,0.1273088710345399,0.1877743725668847,0.2422761534001491,0,3,37.54198074,126.97154236
3683,3683. KT&G강동지사,12046,1935,2089,2990,0.1606342354308484,0.1734185621783164,0.2482151751618794,0,3,37.5437088,127.14228058
2387,2387. 래미안강남힐즈 사거리,12037,1590,1814,3294,0.1320927141314281,0.1507020021600066,0.2736562266345435,0,3,37.47245407,127.09607697
4828,4828. 신내동 한살림 중랑지구 앞,12029,2958,1558,2923,0.2459057278244243,0.1295203258791254,0.2429960927757918,0,0,37.60428619,127.09736633
2277,2277. 길마중4교 하부,12019,1774,2096,3075,0.1475996339129711,0.1743905482985273,0.2558449122223146,0,3,37.51483917,127.01560211
1706,1706. 방학동우체국 건너편,12018,1410,2062,2857,0.1173240139790314,0.1715759693792644,0.2377267432185055,0,3,37.66566467,127.0426712
4303,4303. 매헌역 2번출구앞광역버스 정류장앞(22-297),12014,2370,2752,2097,0.1972698518395205,0.2290660895621774,0.1745463625769935,0,1,37.47171783,127.03888702
4718,4718. 광화문역 6번출구 옆 A,12010,1732,3027,1987,0.1442131557035803,0.2520399666944213,0.1654454621149042,0,1,37.56993103,126.9764328
4793,4793. 동대문역사문화공원역 5번출구,12010,1277,2896,2432,0.1063280599500416,0.2411323896752706,0.2024979184013322,0,1,37.56430817,127.00647736
2185,2185. 대학동 고시촌,11997,1721,1607,3477,0.1434525297991164,0.1339501542052179,0.2898224556139034,0,3,37.47046661,126.93865204
318,318. 광교사거리 남측,11992,1143,3436,2075,0.0953135423615743,0.2865243495663775,0.173032021347565,0,1,37.56863403,126.98231506
3989,3989.가산디지털단지역 9번출구 앞,11985,3565,3024,1361,0.2974551522736754,0.2523153942428035,0.1135586149353358,0,1,37.48055267,126.88175964
4255,4255. 래미안 루센티아 아파트 108동 앞,11979,2194,1454,3335,0.1831538525753401,0.121379080056766,0.2784038734451957,0,0,37.57515717,126.91744995
2538,2538.사평리근린공원,11950,1259,2276,3861,0.1053556485355648,0.1904602510460251,0.3230962343096234,0,3,37.52026749,127.01525116
1709,1709. 쌍문역4번출구 주변,11945,1056,3437,2681,0.0884051904562578,0.2877354541649226,0.2244453746337379,0,1,37.65012741,127.03534698
4880,4880. 송파청소년센터,11932,3060,1418,2804,0.2564532349983238,0.1188400938652363,0.2349983238350653,0,0,37.48995972,127.11196136
4039,4039. 서울시 북부여성발전센터,11916,1368,1909,2622,0.1148036253776435,0.1602047667002349,0.2200402819738167,0,1,37.64304352,127.06213379
4618,4618. 풍전아파트 건너편,11913,1748,3725,2108,0.1467304625199362,0.3126836229329304,0.1769495509107697,0,1,37.53237915,126.95252991
2195,2195.은천교회,11899,2593,1375,3348,0.2179174720564753,0.1155559290696697,0.2813681822001849,0,0,37.48464584,126.93450928
4843,4843. 봉화산역 4번 출구,11892,1320,2025,3466,0.1109989909182643,0.1702825428859737,0.291456441305079,0,3,37.61738586,127.09078217
1187,1187. 강서수산물도매시장,11874,1367,2706,2466,0.1151254842513053,0.2278928751894896,0.2076806467913087,0,1,37.55302048,126.818367
2302,2302. 교보타워 버스정류장(신논현역 3번출구 후면),11872,1102,2498,2825,0.0928234501347708,0.210411051212938,0.2379548517520215,0,1,37.5055809,127.02427673
4002,4002. 상계주공 14단지 상가 앞,11857,2298,1457,3345,0.1938095639706502,0.1228809985662477,0.2821118326726828,0,0,37.66963577,127.05970764
2016,2016. 신대방삼거리역 3번출구쪽,11857,2095,1574,3289,0.1766888757695875,0.1327485873323775,0.2773888842034241,0,0,37.49964523,126.92709351
1983,1983. 구로동롯데아파트,11853,2274,1440,3017,0.1918501645153126,0.1214882308276385,0.2545347169492955,0,0,37.50254822,126.88388062
341,341. 혜화역 3번출구 뒤,11841,1850,1916,2708,0.1562368043239591,0.1618106578836247,0.2286969005996115,0,1,37.58156967,127.00178528
321,321. KEB 하나금융그룹 명동사옥 옆,11834,1275,2632,2099,0.1077404089910427,0.2224100050701369,0.1773702889978029,0,1,37.56546402,126.98413849
437,437. 대흥역 1번출구,11831,1089,2525,3107,0.0920463189924774,0.213422364973375,0.2626151635533767,0,3,37.54846954,126.9409256
510,510. 뚝도아리수정수센터 버스정류소 옆,11830,592,2397,4582,0.0500422654268808,0.2026204564666103,0.3873203719357565,0,3,37.54122162,127.04380035
807,807. 서울역 12번 출구 앞,11821,2063,2906,2572,0.174519922172405,0.2458336858133829,0.217578885035107,0,1,37.55227661,126.97268677
4895,4895. 송파레이크힐 상가,11818,1753,2206,2950,0.1483330512777119,0.1866644102216957,0.2496192249111525,0,3,37.48641586,127.14205933
4591,4591. 신길자이아파트,11808,2455,1457,3426,0.2079098915989159,0.1233909214092141,0.2901422764227642,0,0,37.50601196,126.91588593
1036,1036. 고덕동 주양쇼핑,11788,1023,2165,3448,0.086783169324737,0.1836613505259586,0.2925008483203257,0,3,37.55199051,127.15331268
1771,1771.성원APT버스정류소,11776,1967,1506,3188,0.1670346467391304,0.1278872282608695,0.2707201086956521,0,0,37.65796661,127.03009033
1506,1506. 강북문화예술회관,11770,2021,1542,2855,0.1717077315208156,0.1310110450297366,0.2425658453695837,0,0,37.64032745,127.01335907
740,740. 으뜸공원,11766,3386,1358,2686,0.2877783443821179,0.1154173040965493,0.2282848886622471,0,0,37.53636932,126.83171082
5756,5756. 극동아파트,11761,2247,2275,2400,0.1910551823824504,0.1934359323186804,0.2040642802482782,0,1,37.52618027,127.11676025
4914,4914. 도심공항타워 앞,11745,593,3806,2586,0.0504895700297999,0.3240527884206045,0.2201787994891443,0,1,37.50999069,127.05847168
553,553. 중곡 성원아파트 앞,11744,1742,1947,3166,0.1483310626702997,0.1657867847411444,0.2695844686648501,0,3,37.57125473,127.07980347
4023,4023. 월계역 1번 출구,11736,1453,2134,2833,0.1238070892978868,0.1818336741649625,0.2413940013633265,0,3,37.63441086,127.05886841
656,656. 영휘원 교차로,11728,2232,2166,2655,0.1903137789904502,0.1846862210095498,0.226381309686221,0,0,37.58723831,127.0431366
4360,4360. 르노삼성자동차 성수사업소 앞,11719,1783,4814,1530,0.1521460875501322,0.4107859032340643,0.130557214779418,0,2,37.54824448,127.05957794
286,286. 우성아파트 교차로,11709,1901,2606,2576,0.1623537449824921,0.2225638397813647,0.2200017080877957,0,1,37.49457169,126.89974976
742,742. 등촌역 5번 출구 뒤,11708,1478,1817,3219,0.126238469422617,0.1551930304065596,0.2749402118209771,0,3,37.55073166,126.86457825
3405,3405.파크팰리스,11694,2998,1774,2582,0.2563707884385154,0.1517017273815632,0.2207969899093552,0,0,37.57455063,126.97055054
2505,2505. 우성아파트사거리 (기업은행앞),11693,767,3104,2293,0.0655948003078765,0.2654579663046267,0.1961002309073805,0,1,37.49325943,127.02953339
4110,4110. 용두롯데캐슬리치아파트 앞,11686,1453,1763,3006,0.1243368132808488,0.1508642820468937,0.2572308745507445,0,3,37.57958603,127.03024292
2403,2403. 공무원연금매점 교차로 (개포주공9단지 입구),11674,2298,1937,3318,0.1968476957341099,0.165924276169265,0.2842213465821483,0,0,37.48871994,127.07453918
2104,2104. 사당역 5번출구,11670,700,2266,3301,0.0599828620394173,0.1941730934018851,0.2828620394173093,0,3,37.47608948,126.98133087
1372,1372. KEB은행 고대점,11668,447,2237,2840,0.0383099074391498,0.1917209461775797,0.24340075419952,0,3,37.58644485,127.03160095
1775,1775.신원리베르텔 앞,11666,505,2304,3020,0.0432881878964512,0.1974969998285616,0.2588719355391736,0,3,37.65128708,127.04554749
594,594. 중랑물재생센터(서울새활용플라자),11656,593,5217,1392,0.0508750857927247,0.4475806451612903,0.1194234728894989,0,2,37.55830383,127.05805969
2085,2085.강남중학교 앞,11651,2264,1763,2979,0.1943180842846107,0.151317483477813,0.2556862071925156,0,0,37.50274277,126.92157745
2090,2090.기아자동차 사당점 앞,11640,2779,1622,3041,0.2387457044673539,0.1393470790378007,0.261254295532646,0,0,37.48377991,126.97792053
3665,3665. 고덕센트럴 아이파크상가 앞,11621,1929,1286,3057,0.1659925996041648,0.1106617330694432,0.263058256604423,0,0,37.55058289,127.16542053
4867,4867. 가락대림아파트 앞,11611,2198,1927,2838,0.1893032469210231,0.1659633106536904,0.2444233916114029,0,0,37.5000267,127.11843109
4549,4549.목동4단지아파트,11606,1912,1660,3408,0.16474237463381,0.1430294675168016,0.2936412200585904,0,3,37.53205872,126.87450409
3925,3925. 중앙유통단지 앞 B,11597,402,4867,738,0.0346641372768819,0.4196775028024489,0.0636371475381564,0,2,37.50127029,126.87678528
4674,4674. 녹번역e편한세상 캐슬 정문 앞,11594,1617,1990,3192,0.1394686907020872,0.1716405037088149,0.2753148180093152,0,3,37.60034561,126.93148041
805,805. 문배어린이공원 앞,11571,2278,1583,2822,0.1968714890674963,0.1368075360815832,0.243885576008988,0,0,37.53675842,126.97000122
4018,4018. 상계주공15단지 버스정류소,11559,1934,2025,2928,0.1673155117224673,0.1751881650661822,0.2533091097845834,0,3,37.66782761,127.05683899
2111,2111. 서울대입구역 1번출구,11556,936,1841,3212,0.0809968847352024,0.1593111803392177,0.277950848044306,0,3,37.48086929,126.95331573
2642,2642.마천동 성내천 쉼터,11554,1991,1268,3157,0.1723212740176562,0.1097455426692054,0.2732387052103168,0,0,37.50149536,127.14778137
2308,2308. 압구정파출소 앞,11530,999,2628,2948,0.0866435385949696,0.2279271465741544,0.2556808326105811,0,3,37.52930069,127.03559875
5857,5857. U레지던스 앞,11526,3583,1274,2936,0.3108623980565677,0.1105327086586847,0.2547284400485858,0,0,37.51382446,126.92093658
4629,4629. 한강초교보도육교 앞,11521,574,2564,3521,0.0498220640569395,0.2225501258571304,0.3056158319590313,0,3,37.52544022,126.96459961
5872,5872. 서경팰리스 앞,11505,1705,1626,2736,0.1481964363320295,0.1413298565840938,0.2378096479791395,0,3,37.50576401,126.90866089
1178,1178. 개화산역 2번 출구,11504,1649,2178,2982,0.1433414464534075,0.1893254520166898,0.2592141863699583,0,3,37.57247162,126.8061676
661,661. 경희대학교 청운관,11502,679,2860,2235,0.0590332116153712,0.2486524082768214,0.1943140323422013,0,1,37.59460068,127.05197144
1396,1396.래미안장위퍼스트하이(513동),11497,2500,1665,3001,0.2174480299208489,0.1448203879272853,0.261024615116987,0,0,37.61844254,127.05145264
672,672.대광고등학교,11493,1689,1614,2657,0.1469590185330201,0.1404333072304881,0.2311841990776994,0,3,37.57875061,127.02402496
3988,3988. 엘아르베뉴 102동 앞,11476,2857,2732,2068,0.2489543394911119,0.2380620425235273,0.1802021610317183,0,1,37.47452545,126.88707733
962,962. 은평뉴타운엘크루 앞,11463,430,2001,3338,0.0375119951147169,0.1745616330803454,0.2911977667277327,0,3,37.63925934,126.91890717
3980,3980. 금천현대홈타운 후문 서부샛길,11442,3517,1492,2500,0.3073763328089495,0.1303967837790596,0.2184932704072714,0,0,37.46139526,126.89003754
2914,2914.서울과학기술대학교(미래관),11420,425,3375,1298,0.037215411558669,0.2955341506129597,0.1136602451838879,0,2,37.62950897,127.08103943
1361,1361. 홍익중고 입구,11409,2337,1432,2911,0.2048382855640284,0.125514944342186,0.2551494434218599,0,0,37.59296799,127.00223541
181,181. 망원초록길 입구,11406,743,1702,4581,0.0651411537787129,0.1492197089251271,0.4016307206733298,0,3,37.55134201,126.90267181
3959,3959. 시흥사거리(시흥동 994-3 앞),11404,2618,2015,2767,0.229568572430726,0.1766923886355664,0.2426341634514205,0,0,37.45415115,126.90045166
4825,4825. 신내동 벽산아파트 후문 앞,11392,2785,1349,2717,0.2444698033707865,0.1184164325842696,0.238500702247191,0,0,37.6030426,127.10050201
2706,2706.강서공업고등학교 앞,11377,2671,1661,2934,0.2347719082359145,0.1459963083413905,0.2578887228619144,0,0,37.57631683,126.8164978
399,399. 서울역 센트럴 자이아파트,11371,3250,1980,2542,0.2858147920147744,0.1741271655966933,0.2235511388620174,0,0,37.55410767,126.96540833
4499,4499. 세양청마루 101동 앞,11364,2614,1548,2861,0.2300246392115452,0.1362196409714889,0.2517599436818021,0,0,37.49236679,127.1365509
1953,1953. 천왕역 4번출구 뒤,11356,1776,2543,2477,0.1563930961606199,0.22393448397323,0.2181225783726664,0,1,37.48638535,126.83921051
1557,1557.신창교,11349,1561,1767,2894,0.1375451581637148,0.1556965371398361,0.2550004405674508,0,3,37.63238144,127.03930664
170,170. DMC파크뷰자이아파트 302동 앞,11341,2894,1318,3304,0.2551803191958381,0.1162155012785468,0.2913323340093466,0,0,37.57311249,126.9224472
4478,4478. 문정근린공원2,11338,2166,1483,2520,0.1910389839477862,0.1307990827306403,0.2222614217675075,0,0,37.4861145,127.12667084
4530,4530. 방아다리어린이공원,11328,1522,1614,3057,0.1343573446327683,0.142478813559322,0.2698622881355932,0,3,37.53936005,126.82886505
5860,5860. 어울림병원 앞,11301,2779,1348,2840,0.245907441819308,0.1192814795150871,0.251305194230599,0,0,37.51350021,126.92086792
1565,1565.수유사거리,11298,1070,1984,3013,0.0947070277925296,0.175606302000354,0.2666843689148522,0,3,37.63561249,127.022995
2091,2091. 이수역9번출구,11298,891,2418,2856,0.0788635156664896,0.2140201805629314,0.2527881040892193,0,3,37.48470306,126.98059082
552,552. 대림아크로리버 앞,11289,1315,1589,3234,0.1164850739658074,0.140756488617238,0.2864735583311187,0,3,37.53657913,127.0929718
2012,2012. 대림사거리(동작상떼빌아파트),11287,1584,2116,2790,0.1403384424559227,0.1874723132807655,0.247187029325773,0,3,37.48836136,126.90622711
4208,4208. 스타벅스(동교동) 앞,11283,421,3166,2910,0.0373127714260391,0.2805991314366746,0.2579101302844988,0,1,37.5566597,126.91986847
739,739. 신월사거리,11282,2109,1602,2119,0.1869349406133664,0.1419960999822726,0.187821308278674,0,0,37.53620148,126.82779694
2511,2511. 이수역 6번출구 앞,11265,1811,2285,2582,0.1607634265423879,0.2028406569019085,0.2292055037727474,0,1,37.48366165,126.98232269
4887,4887. 호돌이상가,11260,2037,2241,2664,0.1809058614564831,0.1990230905861456,0.2365896980461811,0,1,37.48633575,127.11374664
4427,4427. 동일하이빌뉴시티,11259,1294,2001,3057,0.1149302779998223,0.177724487077005,0.2715161204369837,0,3,37.60515213,127.03129578
762,762. 오목로 무중력지대 앞,11248,636,2274,3333,0.0565433854907539,0.2021692745376956,0.2963193456614509,0,3,37.52474213,126.87766266
182,182. 망원2빗물펌프장 앞,11246,1123,1749,4140,0.0998577271918904,0.1555219633647519,0.3681308909834608,0,3,37.5513649,126.90306091
2324,2324. 천주교 대치 2동 교회 옆,11226,1004,2326,3050,0.0894352396223053,0.2071975770532692,0.2716907179761268,0,3,37.50043869,127.06622314
984,984.상신초등학교앞 버스정류장,11224,2153,1375,3008,0.1918210976478973,0.1225053456878118,0.2679971489665003,0,0,37.59580994,126.91026306
752,752. 성원2차 아파트,11184,2798,1577,2800,0.2501788268955651,0.1410050071530758,0.2503576537911302,0,0,37.54218292,126.86330414
4138,4138. 조일빌딩 앞,11177,2518,1969,2575,0.2252840654916346,0.1761653395365482,0.2303838239241299,0,0,37.57344437,127.04088593
2191,2191.대학동주민센터 ,11176,1357,1618,3067,0.1214209019327129,0.1447745168217609,0.2744273443092341,0,3,37.47068787,126.93648529
346,346. 맥스타일 앞,11168,564,2128,2346,0.0505014326647564,0.1905444126074498,0.2100644699140401,0,1,37.56918335,127.00988007
2179,2179. 양녕로 입구,11162,993,1754,3398,0.0889625515140655,0.1571402974377351,0.304425730155886,0,3,37.48218918,126.94615936
1533,"1533. 번동 주공3, 4단지 교차로",11161,1292,1863,2921,0.1157602365379446,0.166920526834513,0.2617149000985574,0,3,37.62991714,127.04091644
1722,1722. 창동청소년수련관,11154,1833,1632,2116,0.1643356643356643,0.1463152232383001,0.1897077281692666,0,1,37.65779877,127.05004883
2409,2409. 역삼동 디오슈페리움 (우성아파트 사거리),11139,1073,2827,2203,0.0963282161773947,0.2537929796211509,0.1977735882933836,0,1,37.49206161,127.03074646
3587,3587.우성식품 앞,11133,2354,1381,2869,0.2114434563909099,0.1240456301086858,0.2577023264169586,0,0,37.54246521,127.09423065
743,743. 현대6차아파트 101동 옆,11126,1953,1587,1964,0.175534783390257,0.142638863922344,0.1765234585655222,0,0,37.50889969,126.84268188
2603,2603. 송파 글마루 도서관,11110,1838,1425,2820,0.1654365436543654,0.1282628262826282,0.2538253825382538,0,0,37.48095322,127.13010406
4406,4406. 장곡초등학교 앞,11107,1700,1396,2817,0.1530566309534528,0.1256865040064824,0.2536238408211038,0,3,37.61745453,127.04844666
300,300. 정동사거리,11090,2584,2247,1918,0.2330027051397655,0.202614968440036,0.1729486023444544,0,0,37.56805038,126.96923065
4643,4643. 한가람아파트 앞,11069,910,1700,4109,0.0822115818953835,0.1535820760682988,0.371216912096847,0,3,37.5202713,126.97335052
4062,4062. 평화도봉공원 주변,11042,1443,1909,2939,0.1306828473102698,0.1728853468574533,0.2661655497192537,0,3,37.66252136,127.04270935
4803,4803. 상봉2동 주민센터 앞,11038,1768,1670,2675,0.160173944555173,0.1512955245515491,0.2423446276499365,0,0,37.59287262,127.0803299
2823,2823.중앙유통단지 앞,11029,820,3659,1326,0.0743494423791821,0.3317617191041799,0.1202284885302384,0,2,37.49981308,126.87431335
519,519. 양지사거리,11022,1748,2238,2566,0.1585919070949011,0.2030484485574306,0.232807113046634,0,1,37.56699371,127.02991486
5314,5314. 월계1동주민센터 앞,11017,1364,1703,2707,0.1238086593446491,0.1545792865571389,0.245711173640737,0,3,37.61985016,127.06310272
4224,4224. 서부운전면허시험장,11013,2173,1665,2341,0.1973122673204395,0.1511849632252792,0.2125669663125397,0,0,37.57892227,126.882164
6190,6190.마곡광장(마곡나루역 6번출구),11011,3376,2455,2037,0.3066024884206702,0.2229588593224956,0.1849968213604577,0,0,37.56614685,126.82738495
3803,3803. 남서울중학교,11009,1962,1550,2716,0.1782178217821782,0.1407938959033518,0.2467072395312926,0,0,37.48313141,126.9213562
2819,2819.하늘숲초등학교 앞,11000,2825,1541,2398,0.2568181818181818,0.1400909090909091,0.218,0,0,37.48366547,126.84161377
1961,1961. 신도림테크노근린공원,10996,1416,3794,2365,0.1287740996726082,0.3450345580210985,0.2150782102582757,0,1,,
537,537. 한양대후문역 부근,10996,1034,1611,3082,0.0940341942524554,0.1465078210258275,0.2802837395416515,0,3,37.56035614,127.04139709
852,852. 청암자이아파트 앞,10973,1737,1842,3256,0.158297639660986,0.1678665816094049,0.2967283331814453,0,3,37.53452682,126.9471817
2415,2415.한티역 롯데백화점 앞,10961,848,2185,3035,0.0773652039047532,0.1993431256272237,0.2768907946355259,0,3,37.49667358,127.05342865
1322,1322. 래미안라센트아파트 103동 앞,10956,2531,997,2804,0.2310149689667762,0.0910003650967506,0.2559328221978824,0,0,37.59806824,127.03927612
3628,3628. 역삼1동 주민센터,10955,891,2767,2348,0.081332724783204,0.2525787311729803,0.214331355545413,0,1,37.49521255,127.03302765
5076,5076. 메이필드호텔앞,10944,689,5856,1141,0.0629568713450292,0.5350877192982456,0.1042580409356725,0,2,37.549263,126.81674194
5876,5876. 에이스하이테크시티 4동 앞,10934,516,4514,1435,0.0471922443753429,0.4128406804463142,0.1312419974391805,0,2,37.5152092,126.89762878
4520,4520. 대성유니드아파트,10927,2279,1598,2696,0.2085659375857966,0.146243250663494,0.2467282877276471,0,0,37.52091599,126.84095764
3417,3417.창신3동주민센터,10906,2036,1405,2536,0.1866862277645332,0.1288281679809279,0.2325325508894186,0,0,37.57772446,127.01525116
2633,2633.송파학사 옆,10898,1855,1553,3564,0.1702147182969352,0.1425032115984584,0.3270324830244081,0,3,37.47817993,127.14710236
2410,2410. 포스코피앤에스타워 (역삼역 3번출구 부근),10872,1430,3111,1705,0.1315305371596762,0.2861479028697571,0.1568248712288447,0,1,37.49959946,127.03375244
1068,1068.명일파출소,10866,1150,2028,2710,0.1058347137861218,0.1866372170071783,0.2494018037916436,0,3,37.5536499,127.15622711
2175,2175. 신림동걷고싶은문화의거리입구,10858,729,1498,3124,0.0671394363602873,0.1379627924111254,0.2877141278320133,0,3,37.48730087,126.92870331
1806,1806. 에이스하이엔드타워9차 앞,10856,1272,5238,1307,0.1171702284450994,0.4824981577008106,0.1203942520265291,0,2,37.48621368,126.87863922
817,817. 삼각지역 4번출구 앞,10850,1967,1479,3023,0.1812903225806451,0.1363133640552995,0.2786175115207373,0,0,37.53345108,126.97173309
2920,2920.상계중학교(당현2교사거리),10848,1364,1691,3177,0.1257374631268436,0.1558812684365781,0.2928650442477876,0,3,37.65103531,127.06871033
1016,1016. 해뜨는 주유소옆 리엔파크 109동앞,10841,1754,1745,2778,0.161793192509916,0.1609630107923623,0.2562494234849183,0,3,37.55939865,127.17118073
2276,2276. 영동1교 (양재천근린공원),10831,1189,2087,3472,0.1097774905364232,0.1926876558027883,0.3205613516757455,0,3,37.47438812,127.03890228
2206,2206. 언남초등학교 앞,10816,2720,1695,2301,0.2514792899408284,0.1567122781065088,0.2127403846153846,0,0,37.45435715,127.06210327
4084,4084. 도봉동실내스포츠센터,10806,1602,1596,2620,0.1482509716823986,0.1476957245974458,0.2424578937627244,0,3,37.68125534,127.05047607
1916,1916. 구로중학교앞,10796,2179,1678,2727,0.2018340125972582,0.1554279362726935,0.2525935531678399,0,0,37.49414062,126.88998413
485,485.서울역5번출구,10784,1872,2855,2090,0.1735905044510385,0.2647440652818991,0.1938056379821958,0,1,37.55677032,126.97319794
3812,3812. KT관악지점,10780,1390,1380,2848,0.1289424860853432,0.1280148423005566,0.2641929499072356,0,3,37.48163223,126.94718933
5090,5090. 대상연구소,10772,464,5631,977,0.0430746379502413,0.522744151503899,0.0906981062012625,0,2,37.56980896,126.82857513
5329,5329. 상계주공15단지 1509동 앞,10750,2337,1489,2445,0.2173953488372093,0.1385116279069767,0.2274418604651162,0,0,37.66940308,127.05632019
3529,3529. 어린이대공원정문,10747,1499,1931,3072,0.1394807853354424,0.1796780496882851,0.28584721317577,0,3,37.54978943,127.07592773
4226,4226. 마포프레스티지자이 1,10746,2721,1484,2577,0.2532104969290898,0.1380978968918667,0.2398101619207147,0,0,37.55152893,126.94669342
2912,2912.대진고등학교,10737,781,1611,3357,0.0727391263853963,0.1500419111483654,0.3126571668063705,0,3,37.63815689,127.07326508
3516,3516. 구의아리수정수센터앞,10725,3066,1211,2630,0.2858741258741258,0.1129137529137529,0.2452214452214452,0,0,37.54370499,127.09324646
1639,1639. 희성오피앙,10723,1556,1770,2952,0.1451086449687587,0.1650657465261587,0.275296092511424,0,3,37.68031311,127.05506897
4791,4791. 명동역9번 출구,10705,1696,2087,2666,0.1584306398879028,0.1949556282111163,0.2490425035030359,0,1,37.56122589,126.98749542
828,828. 숙대입구역 8번,10703,888,1905,2899,0.0829673923199103,0.1779874801457535,0.2708586377651126,0,3,37.54407883,126.97200012
1395,1395.래미안장위포레카운티(102동),10703,2094,1425,3073,0.1956460805381668,0.1331402410539101,0.2871157619359058,0,0,37.61817932,127.05183411
1514,1514. 강북구청 사거리 버스정류소 앞,10688,839,1836,2647,0.0784992514970059,0.1717814371257485,0.2476609281437125,0,3,37.63880539,127.02835846
4211,4211. 시석빌딩 앞,10687,294,1956,3733,0.0275100589501263,0.1830261064845139,0.3493028913633386,0,3,37.5483017,126.91671753
1196,1196. 서울식물원(문화센터) 건너편,10682,1993,4003,1250,0.1865755476502527,0.3747425575734881,0.1170192847781314,0,2,37.56824112,126.83583069
2082,2082.7호선 이수역7번출구,10674,1100,2286,2538,0.1030541502716882,0.2141652613827993,0.2377740303541315,0,1,37.4846077,126.98179626
836,836. 현대자동차서비스 앞,10669,663,2554,3439,0.0621426562939357,0.2393851345018277,0.3223357390570812,0,3,37.53142166,126.95149994
1690,1690. 도봉운전면허시험장 버스정류장 옆,10666,1322,1770,2329,0.1239452465779111,0.1659478717419839,0.2183573973373336,0,1,37.6577301,127.05931091
673,673.안암골벽산아파트(후문),10658,1297,1722,2742,0.1216926252580221,0.1615687746293863,0.2572715331206605,0,3,37.58407974,127.03103638
5335,5335. 하계역 1번 출구,10653,924,2455,2601,0.0867361306674176,0.2304515160048812,0.2441565756125035,0,1,37.63789749,127.06760406
445,445.대한상공회의소,10651,920,3851,1232,0.0863768660219697,0.3615622946202234,0.1156698901511595,0,2,37.56015396,126.97410583
301,301. 경복궁역 7번출구 앞,10633,2191,1361,2388,0.206056616194865,0.1279977428759522,0.2245838427536913,0,0,37.57579422,126.97145081
5894,5894.영등포세무서,10628,963,3169,1964,0.090609710199473,0.2981746330447873,0.1847948814452389,0,1,37.53440094,126.8963089
3425,3425.광화문 풍림스페이스본 1단지앞,10620,2696,1307,2423,0.2538606403013183,0.1230696798493408,0.2281544256120527,0,0,37.57529068,126.96895599
5775,5775. 가락시장역 5번출구,10615,1435,2442,1987,0.1351860574658502,0.2300518134715025,0.1871879415920866,0,1,37.49253845,127.1194458
4008,4008. 하계 어린이 공원,10586,1971,1538,2815,0.1861893066313999,0.1452862270923861,0.2659172491970527,0,0,37.63341522,127.06916046
1526,1526. 강북종합시장 앞,10582,1418,1343,2797,0.134001134001134,0.1269136269136269,0.2643167643167643,0,3,37.64173889,127.02462769
379,379. 서울역9번출구,10565,1466,2535,2365,0.138760056791292,0.2399432087079981,0.223852342640795,0,1,37.55599976,126.97335815
3985,3985. 디폴리스 지식산업센터,10542,811,5841,1195,0.0769303737431227,0.5540694365395561,0.1133560994118763,0,2,37.48017502,126.87680054
464,464. 삼청동 골목,10526,1531,1609,2274,0.1454493634809044,0.1528595857875736,0.2160364810944328,0,1,37.58419037,126.98169708
586,586. 마장동 주민센터,10523,2800,928,2728,0.2660838164021666,0.0881877791504323,0.2592416611232538,0,0,37.56594086,127.0453949
637,637. KAIST 경영대학 앞,10510,846,2163,2281,0.0804947668886774,0.2058039961941008,0.2170313986679353,0,1,37.59161377,127.04579163
4636,4636. 용산구꿈나무종합타운 앞,10501,1311,1817,2757,0.1248452528330635,0.1730311398914389,0.2625464241500809,0,3,37.53786087,126.96565247
640,640. 동대문경찰서 교차로,10493,2091,1665,2469,0.1992757076146002,0.1586772133803488,0.235299723625274,0,0,37.58255005,127.04460144
506,506. 금호 어울림 아파트 앞,10487,687,4286,1873,0.0655096786497568,0.4086964813578717,0.1786020787641842,0,2,37.54906082,127.05779266
4350,4350.누리숲어린이공원 앞,10485,1425,2005,2728,0.1359084406294706,0.1912255603242727,0.2601812112541726,0,3,37.50208664,127.0216217
3547,3547.상왕십리역 6번 출입구,10469,911,2272,2758,0.0870188174610755,0.217021683064285,0.2634444550577897,0,3,37.56438065,127.02886963
2547,2547. 반포래미안 리오센트,10468,1750,1832,2869,0.1671761559037065,0.1750095529231945,0.2740733664501337,0,3,37.51832199,127.01480865
5328,5328.롯데캐슬시그니처아파트 앞,10466,1967,1556,2519,0.1879419071278425,0.1486718899292948,0.2406841200076438,0,0,37.66475296,127.07600403
441,441.염천교사거리,10454,1450,3685,1005,0.1387028888463746,0.3524966519992347,0.0961354505452458,0,2,37.55989075,126.97149658
1302,1302. 한성대입구역6번출구 뒤,10454,1943,1529,2549,0.1858618710541419,0.1462598048593839,0.2438301128754543,0,0,37.58876419,127.00630951
128,128. 신촌역(2호선) 1번출구 옆,10442,1054,2366,2562,0.1009385175253782,0.2265849454127561,0.2453552959203217,0,1,37.55549622,126.93634033
4576,4576.보라매sk뷰 108동 앞,10440,2723,1262,2468,0.260823754789272,0.1208812260536398,0.2363984674329502,0,0,37.50160599,126.91744995
2105,2105. 미성동 신림체육센터,10436,1783,1248,2631,0.1708509007282483,0.1195860482943656,0.2521080873898045,0,0,37.48025131,126.91460419
4545,4545. 청소년음악센터,10422,1450,1064,2479,0.1391287660717712,0.1020917290347342,0.2378622145461523,0,3,37.51061249,126.84261322
3801,3801. 이랜드글로벌R&D센터,10415,360,5728,863,0.0345655304848775,0.5499759961593855,0.0828612578012482,0,2,37.56719208,126.83475494
1145,1145. 곰달래 문화복지센터 B,10410,1278,1355,2927,0.1227665706051873,0.1301633045148895,0.2811719500480307,0,3,37.52891922,126.8480835
1930,1930. 개봉지구대 개봉치안센터,10408,2279,1329,2506,0.2189661798616448,0.1276902382782475,0.2407763259031514,0,0,37.49768448,126.85372925
461,461. 서울경찰청,10395,2443,1763,1960,0.235016835016835,0.1696007696007696,0.1885521885521885,0,0,37.57436371,126.97236633
3718,3718. 번동3단지 버스정류장,10377,997,1941,2859,0.0960778645080466,0.1870482798496675,0.2755131540907777,0,3,37.628685,127.04390717
1469,1469.먹골역 4번출구,10370,1350,1881,2691,0.1301832208293153,0.1813886210221793,0.2594985535197686,0,3,37.60982132,127.07813263
1540,1540. 가오리역,10362,1288,1715,2852,0.1243003281219841,0.165508589075468,0.2752364408415363,0,3,37.64167023,127.01688385
1332,1332. 석계역 5번출구 건너편,10358,985,1731,2857,0.0950955782969685,0.1671172040934543,0.2758254489283645,0,3,37.61355591,127.06609344
5318,5318. 극동의 푸른별 아파트 뒤(중계4동주민센터 앞),10356,2496,1031,2215,0.2410196987253766,0.0995558130552336,0.2138856701429123,0,0,37.65868759,127.07759094
1339,1339. 삼성전자서비스 성북센터,10355,1553,1554,2545,0.1499758570738773,0.1500724287783679,0.2457749879285369,0,3,37.610569,127.0335083
5506,5506. 월드컵참누리아파트,10353,2442,1389,2710,0.235873659808751,0.1341640104317589,0.2617598763643388,0,0,37.57212448,126.90597534
3505,3505. 신양초교앞 교차로,10351,1072,1524,3006,0.1035648729591343,0.1472321514829485,0.2904067239880205,0,3,37.5352211,127.06839752
5764,5764. 한국체육대학교,10341,649,2224,3036,0.0627598878251619,0.2150662411759017,0.2935886277922831,0,3,37.51795959,127.13178253
3786,3786. 강서힐스테이트 상가 앞,10332,1328,1668,2734,0.1285327138985675,0.1614401858304297,0.2646147890050329,0,3,37.54663849,126.83657837
1468,1468.먹골역 7번 출구,10327,1107,1673,2745,0.1071947322552532,0.1620025176721216,0.2658080759174978,0,3,37.6114769,127.07739258
6176,6176. 유광사 여성병원 앞,10313,1570,1624,2700,0.152235043149423,0.1574711529137981,0.261805488218753,0,3,37.5434494,126.83891296
526,526. 용답토속공원 앞,10309,1794,3701,1148,0.1740226986128625,0.3590066931807159,0.1113590066931807,0,2,37.56351089,127.05672455
2315,2315. 봉은사역 5번출구 옆,10303,1364,2994,2197,0.1323886246724255,0.2905949723381539,0.2132388624672425,0,1,37.51424789,127.06111908
1464,1464.중화역 4번출구,10298,1051,1827,2834,0.102058652165469,0.1774130899203728,0.2751990677801514,0,3,37.60305405,127.07900238
4463,4463. 방이역 2번 출구,10239,1876,1638,2585,0.1832210176775075,0.1599765602109581,0.252466061138783,0,0,37.50801468,127.12594604
6178,6178. 마스터밸류에이스 지식산업센터,10230,680,3176,2264,0.0664711632453567,0.3104594330400782,0.2213098729227761,0,1,37.55875015,126.85991669
1869,1869.롯데캐슬골드파크3차 301동 앞,10226,3199,1103,1981,0.3128300410717778,0.1078623117543516,0.1937218853901819,0,0,37.45901871,126.89671326
2655,2655.송이공원,10223,1777,1514,2863,0.173823730803091,0.1480974273696566,0.2800547784407708,0,3,37.50057983,127.11884308
115,115. 마스타 빌딩 앞,10221,1155,1493,2785,0.1130026416201937,0.1460718129341551,0.2724782310928481,0,3,37.55893326,126.92711639
440,440. 하늘공원 입구,10210,273,1736,4993,0.0267384916748286,0.1700293829578844,0.4890303623898139,0,3,37.57012177,126.88134766
3558,3558.마장동 금호어울림APT앞,10192,1433,1425,2894,0.1406004709576138,0.1398155416012559,0.2839481946624804,0,3,37.56339645,127.04187012
4269,4269. 연희IC 남측,10190,1065,1602,2906,0.1045142296368989,0.1572129538763493,0.2851815505397448,0,3,37.56355667,126.92827606
4826,4826. 홈플러스 면목점,10181,1627,1398,2562,0.1598074845300068,0.137314605637953,0.2516452214910126,0,0,37.57984543,127.08242035
782,782.서남병원 후문,10178,2512,1692,2245,0.2468068382786402,0.1662409117704853,0.2205737865985458,0,0,37.51167297,126.83274078
191,191. 서우빌딩,10164,1983,1217,2536,0.1951003541912633,0.1197363242817788,0.2495080676898858,0,0,37.57889175,126.91073608
3103,3103. 홍제삼거리 북측,10152,1319,1557,2822,0.1299251379038613,0.1533687943262411,0.2779747832939322,0,3,37.58670044,126.94676971
1217,1217. 송파파인타운 7단지,10147,1311,1766,2726,0.1292007489898492,0.1740415886468907,0.2686508327584507,0,3,37.47930527,127.12979889
3207,3207.양남사거리1,10140,1412,2693,1765,0.1392504930966469,0.2655818540433925,0.1740631163708086,0,1,37.5218277,126.88972473
3520,3520. 광진경찰서,10109,2191,1352,2419,0.2167375605895736,0.1337422099119596,0.2392917202492828,0,0,,
4860,4860. 가락쌍용2차아파트 103동,10107,1376,1873,2869,0.1361432670426437,0.1853171069555753,0.2838626694370238,0,3,37.50226974,127.12195587
3815,3815. 광일빌딩,10089,1862,1111,2831,0.1845574387947269,0.1101199325998612,0.2806026365348399,0,0,37.47639847,126.97683716
4123,4123. 배봉초교 교차로,10082,1593,2240,2472,0.1580043642134497,0.2221781392580837,0.2451894465383852,0,1,37.57846832,127.06689453
3123,3123.DMC파크뷰자이1단지 110동 앞,10077,2055,1308,2924,0.2039297409943435,0.1298005358737719,0.2901657239257715,0,0,37.5723877,126.91510773
353,353. 재동초교 앞 삼거리,10076,875,2186,2952,0.0868400158793172,0.2169511710996427,0.2929734021437078,0,3,37.57938766,126.9849472
1828,1828. 독산동 한양수자인아파트 앞,10066,2855,1272,2138,0.2836280548380687,0.1263659845022849,0.2123981720643751,0,0,37.47531891,126.89888763
4320,4320. 비석공원,10056,1227,2374,2755,0.122016706443914,0.2360779634049323,0.2739657915672235,0,3,37.47901154,127.04144287
925,925. 불광역 2번출구,10055,793,2188,2535,0.07886623570363,0.2176031824962705,0.252113376429637,0,3,37.60956573,126.93097687
122,122. 신성기사식당 앞,10037,1717,1521,2700,0.1710670519079406,0.1515393045730796,0.2690046826741058,0,3,37.54745865,126.93837738
1719,1719. 신도봉사거리 버스정류장,10031,1561,1797,2529,0.1556175854849965,0.1791446515801016,0.2521184328581398,0,3,37.67328262,127.04399109
2606,2606. 위례동주민센터,10029,2024,1898,2531,0.2018147372619403,0.1892511716023531,0.2523681324159936,0,0,37.48173904,127.14322662
4133,4133.래미안허브리츠아파트 앞,10028,1552,1765,2496,0.1547666533705624,0.1760071798962904,0.2489030714000797,0,3,37.57426071,127.0354538
2390,2390. 구룡마을 입구 (래미안블레스티지 아파트),10020,1855,1241,2676,0.185129740518962,0.1238522954091816,0.267065868263473,0,0,37.48088074,127.06304169
5342,5342. 상계공원 입구,10017,2193,1245,2664,0.2189278227014076,0.1242887091943695,0.265947888589398,0,0,37.6709938,127.05046082
4367,4367. kt 행당빌딩 앞,10010,1030,1579,2705,0.1028971028971029,0.1577422577422577,0.2702297702297702,0,3,37.55862045,127.03435516
344,344. 성균관대 E하우스 앞,10002,1760,1323,2354,0.1759648070385922,0.1322735452909418,0.2353529294141171,0,0,37.57419968,127.0065918
2212,2212.서초현대4차아파트 201동 맞은편,9986,2077,1275,2695,0.2079911876627278,0.1276787502503505,0.2698778289605447,0,0,37.50065231,127.01861572
520,520. 상왕십리역 4번 출구 앞,9981,1514,1913,2225,0.1516882075944294,0.1916641619076244,0.2229235547540326,0,1,37.56385803,127.03031921
3311,3311.서울대입구역 4번 출구,9954,579,2076,2585,0.0581675708257986,0.2085593731163351,0.2596945951376331,0,3,37.48122025,126.95157623
4146,4146.이삭어린이공원,9952,1723,1877,2596,0.1731310289389067,0.1886053054662379,0.2608520900321543,0,3,37.57872772,127.04930115
1429,1429. 장안중학교,9947,1158,1578,2622,0.1164170101538152,0.1586407962199658,0.2635970644415402,0,3,37.59995651,127.08000183
1734,1734. 쌍문현대1차아파트 108동 앞,9945,2322,1081,2697,0.2334841628959276,0.1086978381096028,0.2711915535444947,0,0,37.65814972,127.03266907
2089,2089.사당역10번출구(금강빌딩),9939,1073,1608,2582,0.1079585471375389,0.1617869000905523,0.2597846865881879,0,3,37.4791069,126.98150635
387,387. 훈련원공원주차장 앞,9927,996,2209,2239,0.1003324267150196,0.2225244283267855,0.2255464893724186,0,1,37.56699371,127.00346375
4025,4025. 한천교 동편,9920,1066,1427,3309,0.1074596774193548,0.1438508064516129,0.3335685483870967,0,3,37.62533569,127.07019043
4147,4147.청량리역광장,9912,1220,1948,2715,0.1230831315577078,0.1965294592413236,0.273910411622276,0,3,37.58024597,127.04673767
4370,4370. 성동교 사거리,9904,494,3407,1979,0.0498788368336025,0.3440024232633279,0.1998182552504038,0,2,37.55141449,127.04475403
2550,2550.양재동 꽃시장 건너편,9901,1565,2487,1983,0.158064841935158,0.2511867488132512,0.2002827997172002,0,1,37.46738434,127.04145813
1403,1403. 중화빌딩 앞 (동부시장),9897,685,1931,2877,0.0692128927957967,0.1951096291805597,0.2906941497423461,0,3,37.59424973,127.07657623
4573,4573. 두산위브아파트,9880,3008,1231,2651,0.3044534412955466,0.1245951417004048,0.2683198380566801,0,0,37.51470184,126.91213989
1735,"1735. 도봉역 1,2번 출구사이 건너편",9878,1628,1747,2490,0.1648106904231625,0.1768576634946345,0.2520753188904636,0,3,37.67911911,127.04498291
4653,4653. 불광역 9번 출구 맞은편,9873,969,1637,2490,0.0981464600425402,0.1658057328066443,0.2522029778182923,0,3,37.61156845,126.93048859
1170,1170. 강서구보건소,9850,1188,1518,2471,0.1206091370558375,0.1541116751269035,0.2508629441624365,0,3,37.54917908,126.8687973
4105,4105. 서울교통공사사거리 교통섬,9847,1612,2559,1634,0.1637046816289225,0.2598761043972784,0.1659388646288209,0,1,37.56324005,127.05799103
5753,5753. 호반써밋,9845,1781,1670,2502,0.1809040121889284,0.1696292534281361,0.254139156932453,0,0,37.48294449,127.14044189
4603,4603. 한강GS에클라트 건너편 교통섬,9841,1726,2181,2232,0.1753886800121938,0.22162381871761,0.2268062188801951,0,1,37.53200531,126.95555878
2241,2241.양재전화국 사거리,9826,1373,2473,2396,0.1397313250559739,0.2516792184001628,0.2438428658660696,0,1,37.48537827,127.04170227
2420,2420.학여울역 사거리(LG베스트샵 앞),9816,3061,1915,2288,0.3118378158109209,0.1950896495517522,0.2330888345558272,0,0,37.49689484,127.07013702
4846,4846. 상봉동양엔파트 앞,9795,1245,1243,2487,0.1271056661562021,0.1269014803471158,0.2539050535987749,0,3,37.59527206,127.08213043
5759,5759. 풍납근린공원,9784,1015,2093,2599,0.1037408013082583,0.21392068683565,0.2656377759607523,0,3,37.53913879,127.12162018
5330,5330. 구립수락노인종합복지관,9782,2005,1579,2344,0.2049683091392353,0.1614189327335923,0.2396237988141484,0,0,37.6712532,127.05474854
4212,4212. 한화오벨리스크 앞,9776,2395,1255,2500,0.2449877250409165,0.1283756137479541,0.2557283142389525,0,0,37.58332062,126.88156128
4117,4117. 휘경119안전센터 앞,9765,1174,1795,2551,0.1202252944188428,0.1838197644649257,0.2612391193036354,0,3,37.59087372,127.06536102
285,285. 콤텍시스템 앞,9747,1184,2426,2180,0.1214732738278444,0.2488970965425259,0.2236585616087001,0,1,37.49985886,126.89723969
408,408. LG CNS앞,9744,719,3442,1133,0.0737889983579638,0.3532430213464696,0.1162766830870279,0,2,37.58081055,126.88665009
1553,1553.서울북부고용노동지청,9738,1182,1519,2695,0.1213801601971657,0.1559868556171698,0.2767508728691723,0,3,37.63520432,127.03396606
105,105. 합정역 5번출구 앞,9733,548,2061,2892,0.0563032980581526,0.2117538271858625,0.2971334634747765,0,3,37.55000687,126.91482544
1340,1340. 광운초등학교 앞,9728,3044,1121,2141,0.3129111842105263,0.115234375,0.2200863486842105,0,0,37.61784363,127.05500031
4710,4710. 자교교회 앞,9727,1790,1387,2541,0.1840238511360131,0.1425927829752236,0.2612316233165416,0,0,37.58114624,126.97123718
3420,3420. 성균관대입구 사거리 B,9725,894,1605,2597,0.0919280205655527,0.165038560411311,0.2670437017994859,0,3,37.58327484,126.99885559
4485,4485. 잠실나루역 고가하부,9718,784,2251,2635,0.080675036015641,0.2316320230500103,0.27114632640461,0,3,37.51988602,127.1043396
617,617. 청솔우성아파트 앞,9715,2428,951,2444,0.2499227997941328,0.0978898610396294,0.2515697375193,0,0,37.57420349,127.05769348
4689,4689. 은평서해그랑블아파트앞,9707,2158,1282,2513,0.2223137941691562,0.1320696404656433,0.2588853404759452,0,0,37.61705017,126.90658569
4962,4962.고덕비즈밸리 디엠스퀘어 앞,9689,197,4658,1239,0.0203323356383527,0.4807513675301889,0.1278769738879141,0,2,37.56755066,127.161026
195,195. 모래내고가차도 ,9683,1704,1258,2543,0.1759785190540121,0.1299184137147578,0.2626252194567799,0,0,37.56765747,126.91780853
3552,3552.서울숲 공영주차장앞,9673,216,1498,4636,0.0223301974568386,0.1548640545849271,0.4792722009717771,0,3,37.54195786,127.04277039
6180,6180.양천향교역 3번출구,9660,1888,1775,2287,0.1954451345755693,0.1837474120082815,0.2367494824016563,0,0,37.56978226,126.8417511
1833,1833. 독산역 1번출구 A,9657,3034,1477,1766,0.3141762452107279,0.1529460494977736,0.1828725277001139,0,0,37.46654129,126.89028168
5313,5313. 중계주공2단지 앞,9656,1362,1235,2918,0.1410521955260977,0.1278997514498757,0.302195526097763,0,3,37.65694046,127.07804871
156,156. 서울서부지방법원 앞,9651,1038,2370,2059,0.1075536213863848,0.2455704072116879,0.2133457672780022,0,1,37.54933167,126.95491791
3707,3707. 드래곤타워 앞,9643,1627,1441,2431,0.16872342631961,0.1494348231878046,0.2520999688893497,0,0,37.63713455,127.0313797
430,430. 장충동먹자골목 앞,9620,1379,1841,2183,0.1433471933471933,0.1913721413721413,0.2269230769230769,0,1,37.56212616,127.0062561
3963,3963. 에이스 하드웨어(시흥대로 396) 앞,9611,2718,1320,1977,0.2828009572364998,0.1373426282384767,0.2057018000208094,0,0,37.46865845,126.89826202
251,251. 서울지방병무청 버스정류장,9599,1083,1674,2483,0.1128242525263048,0.1743931659547869,0.2586727784144181,0,3,37.50449371,126.92195129
2514,2514.사평역 2번출구,9591,1838,1825,2265,0.1916379939526639,0.1902825565634449,0.2361588989677823,0,0,37.50364304,127.01602173
2654,2654.올림픽선수촌아파트 136동 앞,9591,1537,1408,2453,0.1602544051715149,0.1468042956938796,0.255760608904181,0,3,37.50997543,127.13369751
394,394. 경희궁 자이 3단지,9589,2807,2101,1599,0.2927312545625195,0.2191052247366774,0.166753571801022,0,0,37.56748962,126.96591949
5310,5310. 목련아파트,9588,2434,1202,1938,0.2538589904046725,0.1253650396328744,0.202127659574468,0,0,37.64862823,127.06918335
2427,2427.개포고등학교 정문앞,9584,1364,1590,2423,0.1423205342237061,0.1659015025041736,0.2528171953255426,0,3,37.48485184,127.0583725
3816,3816. 관악 GSfresh,9580,2065,1387,2331,0.2155532359081419,0.1447807933194154,0.2433194154488517,0,0,37.47909164,126.94941711
982,982. 녹번초등학교(서오릉로),9574,1515,1519,2491,0.1582410695634008,0.1586588677668686,0.2601838312095258,0,3,37.60412598,126.92508698
5758,5758. 올림픽선수기자촌아파트 123동 근처,9566,1438,1224,2790,0.1503240643947313,0.1279531674681162,0.2916579552582061,0,3,37.51064301,127.13167572
390,390. 충무로역 1번출구,9565,990,2310,1991,0.1035023523261892,0.2415054887611082,0.2081547307893361,0,1,37.56138992,126.9953537
3551,3551.성동도로사업소,9564,659,2782,1166,0.0689042241739857,0.2908824759514847,0.1219155165202844,0,2,37.55979919,127.05632782
4274,4274. 신촌 파랑고래 입구,9558,517,1512,2853,0.0540908139778196,0.1581920903954802,0.2984934086629002,0,3,37.55687714,126.93603516
332,332. 을지로2가 사거리 남측,9537,1646,1985,1344,0.1725909615182971,0.2081367306280801,0.1409248191255111,0,1,37.56599045,126.98779297
4544,4544.경창시장,9529,2335,1555,2191,0.2450414524084374,0.1631860635953405,0.2299296883198656,0,0,37.52399445,126.84213257
4902,4902. 구역삼세무서 교차로,9528,1344,2687,1480,0.1410579345088161,0.2820109151973132,0.1553316540722082,0,1,37.49524307,127.03937531
4842,4842. 면목라온프라이빗 아파트,9522,2441,1008,2541,0.2563537072043688,0.10586011342155,0.2668557025834908,0,0,37.58267593,127.07765961
1060,1060. 천일초교 사거리,9520,1345,1671,2550,0.141281512605042,0.1755252100840336,0.2678571428571428,0,3,37.5446701,127.13267517
1659,1659. 중계동 을지중학교,9519,1459,1078,2699,0.1532724025632944,0.1132471898308645,0.2835381867843261,0,3,37.65032959,127.07160187
930,930. 구 서부경찰서 건너편,9508,1575,1853,2415,0.165649978965082,0.1948885149347917,0.2539966344131258,0,3,37.60166168,126.92030334
1560,1560. 도봉세무서 앞,9499,804,1688,2463,0.0846404884724707,0.1777029160964312,0.259290451626487,0,3,37.6198082,127.02852631
813,813. 삼각지역 3번출구,9498,646,1376,3135,0.0680143188039587,0.1448726047588966,0.3300694883133291,0,3,37.53351212,126.97227478
5067,5067. 주원 리젠트 앞,9497,2241,1083,2209,0.2359692534484574,0.1140360113720122,0.2325997683478993,0,0,37.55085754,126.87233734
3543,3543. 세종대학교(학술정보원),9494,376,2211,1540,0.0396039603960396,0.2328839266905414,0.1622077101327154,0,1,37.55137253,127.07444
1247,1247. 문정 법조단지11,9491,1028,2139,2565,0.1083131387630386,0.2253714044884627,0.2702560320303445,0,3,37.4788208,127.12351227
2301,2301. 현대고등학교 건너편,9467,412,1962,3231,0.0435195943804795,0.2072462237245167,0.3412907996197317,0,3,37.52407074,127.02178955
4216,4216. 망원정 앞,9464,2155,1398,2801,0.2277049873203719,0.1477176669484362,0.2959636517328825,0,0,37.5500679,126.90480042
2170,2170. 조원동 강남힐병원,9463,2303,1060,2469,0.243368910493501,0.1120152171615766,0.2609109161999366,0,0,37.48152924,126.91203308
714,714. 한국SGI 양천문화회관 앞,9460,2177,1545,2216,0.2301268498942917,0.1633192389006342,0.2342494714587737,0,0,37.532547,126.83080292
452,452. 동대문 종합시장 버스정류장,9452,1184,1748,2034,0.1252644942869234,0.184934405416843,0.2151925518408802,0,1,37.57123947,127.00440979
4552,4552. 코레일유통본사,9434,1832,2594,915,0.194191223235107,0.2749629001483994,0.0969896120415518,0,1,37.52617645,126.90197754
4175,4175. 대방역2번출구,9432,1092,1870,2213,0.1157760814249363,0.1982612383375742,0.2346268023748939,0,1,37.51262665,126.92741394
2009,2009. 보라매역 8번출구,9423,890,1704,2511,0.094449750610209,0.180834129258198,0.2664756446991404,0,3,37.50007629,126.92108154
1402,1402. 금란주차장 앞,9420,1400,1204,2439,0.1486199575371549,0.1278131634819533,0.2589171974522293,0,3,37.60007095,127.10233307
1976,1976. 남구로역 5번 출입구 앞,9419,2051,1682,1617,0.2177513536468839,0.1785752202993948,0.1716742754007856,0,0,37.48567963,126.88670349
3912,3912. 삼호아파트 앞,9413,1021,1337,2545,0.1084670137044512,0.1420376075640072,0.2703707638372463,0,3,37.49385834,126.8564682
4423,4423.현대백화점 미아점,9390,1784,1101,2872,0.1899893503727369,0.1172523961661341,0.3058572949946752,0,0,37.60884857,127.02845764
950,950. 구산역 2번 출구 예일여고 버스정류장,9349,1275,1531,2671,0.1363782222697614,0.1637608300352979,0.2856990052412023,0,3,37.60980225,126.91679382
1750,1750. 창포원 남쪽 입구,9348,613,1554,3072,0.0655755241762943,0.1662387676508344,0.3286264441591784,0,3,37.68826675,127.04889679
4095,4095. 방학브라운스톤아파트,9336,1363,1457,2288,0.145994001713796,0.1560625535561268,0.2450728363324764,0,3,37.66289139,127.04540253
3618,3618. 서울율현초교 삼거리,9317,1681,1457,2339,0.1804228829022217,0.1563808092733712,0.25104647418697,0,0,37.47364044,127.10702515
750,750. 연의근린공원 건너편,9314,2661,1127,2242,0.2856989478204852,0.1210006441915396,0.2407129053038436,0,0,37.51215744,126.83562469
4518,4518. 청기와빌딩,9312,1617,1612,2399,0.1736469072164948,0.1731099656357388,0.2576245704467353,0,0,37.52011108,126.84474945
1239,1239. 문정 법조단지3,9309,2090,2281,1869,0.2245139112686647,0.2450316897625953,0.2007734450531743,0,1,37.48084259,127.11801147
4104,4104. 외대앞역 교차로,9308,956,1557,2669,0.1027073485174043,0.1672754619681994,0.2867425870219166,0,3,37.59436417,127.06459808
720,720. 서울강월초등학교 앞,9294,1489,1323,2409,0.1602108887454271,0.1423499031633311,0.2591994835377663,0,3,37.5161972,126.8348999
1336,1336. 성북3교 위,9284,1781,1180,2449,0.191835415769065,0.1271003877638948,0.2637871607065919,0,0,37.59125137,127.01400757
591,591. 건국대학교 (행정관),9278,456,1929,1211,0.0491485233886613,0.2079111877559818,0.1305238197887475,0,1,37.54277802,127.07537079
4800,4800. 필동 삼거리,9271,1050,2026,1473,0.1132563908963434,0.2185309028152303,0.158882536943156,0,1,37.55969238,126.99648285
3008,3008.DMC역7번출구,9268,2889,2232,1180,0.3117177384548986,0.2408286577470867,0.1273198100992663,0,0,37.57711411,126.89836121
1437,1437. 늘푸른공원 앞,9265,1697,1558,2273,0.1831624392876416,0.1681597409606044,0.2453318942255801,0,0,37.5834198,127.07992554
1139,1139. 용문사 버스정류장,9264,2153,1078,2007,0.2324050086355785,0.1163644214162348,0.2166450777202072,0,0,37.53852081,126.86343384
1346,1346. 길음8골어린이공원 옆,9259,1622,1045,2491,0.1751809050653418,0.1128631601684847,0.2690355329949238,0,0,37.60897827,127.02024841
1754,1754. 창동시장입구 사거리,9259,816,1569,2525,0.0881304676530942,0.169456744788854,0.2727076358138028,0,3,37.64689636,127.03343201
4329,4329. SC제일은행 양재동지점 앞,9240,2064,2071,1776,0.2233766233766233,0.2241341991341991,0.1922077922077922,0,1,37.48573685,127.03315735
1289,1289. 풍납토성 서성벽터B,9227,1574,2095,1993,0.1705863227484556,0.2270510458437195,0.2159965319171995,0,1,37.53147125,127.11109161
665,665.이문동 쌍용아파트 정문,9226,2081,1152,2591,0.2255582050726208,0.1248645133318881,0.2808367656622588,0,0,37.59960556,127.06864166
2317,2317. 삼성도로공원,9213,520,2407,2780,0.0564419841528275,0.2612612612612612,0.3017475306631933,0,3,37.51588821,127.06620026
1454,1454. 한국전력공사(동대문 중랑지사),9207,1348,1325,2289,0.146410339958727,0.1439122406864342,0.248615184099055,0,3,37.6073494,127.07859039
2353,2353. 강남구청역 2번출구 뒤,9206,930,2476,2023,0.1010210732131218,0.2689550293286987,0.2197479904410167,0,1,37.51681137,127.04047394
282,282. 신한은행 대림동지점,9204,1377,1384,2309,0.1496088657105606,0.1503694046066927,0.2508691873098653,0,3,37.48752975,126.90487671
4116,4116. 이문e편한세상아파트 앞,9167,1525,1549,2320,0.1663575869968364,0.1689756736118686,0.2530817061197775,0,3,37.60460281,127.06692505
4640,4640. 원효로2가 교차로,9166,1299,1675,2442,0.1417193977743835,0.1827405629500327,0.2664193759546149,0,3,37.53577805,126.96221161
3115,3115.북아현 치안센터 인근,9164,2018,998,2565,0.2202095154954168,0.108904408555216,0.2798996071584461,0,0,37.56145477,126.95574951
1214,1214. 오금역 7번 출구 인근,9156,1963,1402,1951,0.2143949322848405,0.1531236347750109,0.2130843162953254,0,0,37.50259399,127.1276474
391,391. 시립미술관,9137,1481,2308,1697,0.1620882127613002,0.2525993214402977,0.1857283572288497,0,1,37.56505203,126.97340393
4394,4394.서울시립24시간게스트하우스,9128,874,3187,1648,0.095749342681858,0.3491454864154251,0.1805433829973707,0,2,37.55433273,127.05822754
2389,2389. 경기여자고등학교 후문 (삼성로3길 입구),9128,1908,1146,2366,0.2090271691498685,0.1255477651183172,0.25920245398773,0,0,37.48616028,127.06723785
5152,5152.이스트폴 105동 방면 입구,9114,1318,1434,2696,0.1446126837831907,0.1573403554970375,0.2958086460390607,0,3,37.53387451,127.0881424
2237,2237.서울남부터미널 대합실 입구,9111,1176,2424,2111,0.1290747448139611,0.2660520250246954,0.2316979475359455,0,1,37.48455811,127.01486969
2652,2652.송파 레미니스1단지 102동 앞,9108,2143,1617,2187,0.2352876592007027,0.1775362318840579,0.2401185770750988,0,0,37.50883102,127.13426208
2325,2325. 대치삼성아파트 앞 교차로,9105,548,1717,2595,0.0601867105985722,0.1885777045579352,0.2850082372322899,0,3,37.4986496,127.05931854
3956,3956. 대륭테크노타운21차 앞,9103,1137,3110,1611,0.1249038778424695,0.3416456113369219,0.1769746237504119,0,2,37.46557617,126.88724518
3104,3104. e편한세상 신촌4단지 앞,9099,1249,1289,2387,0.1372678316298494,0.1416639191119903,0.2623365204967579,0,3,37.55812836,126.95620728
1993,1993. 금강수목원아파트 앞,9097,1867,1362,2186,0.2052324942288666,0.1497196878091678,0.2402989996702209,0,0,37.48937988,126.834198
1300,1300. 오륜사거리,9093,1687,1578,2612,0.1855273287143957,0.1735400857802705,0.287253931595733,0,3,37.50693893,127.13922119
733,733. 신정이펜하우스314동,9088,1885,1254,2376,0.2074163732394366,0.1379841549295774,0.261443661971831,0,0,37.51409912,126.83100128
2250,2250. 서초유치원 맞은편,9081,1511,1457,2442,0.1663913665895826,0.1604448849245677,0.2689131152956723,0,3,37.4557991,127.01628876
1532,1532. 번3동 주민센터 교차로,9072,1468,1631,2339,0.1618165784832451,0.1797839506172839,0.257826278659612,0,3,37.62635422,127.0474472
4951,4951. 강동농협 버스정류소 앞(광채빌라),9065,1719,1431,2465,0.1896304467733039,0.1578599007170435,0.2719249862107005,0,0,37.547966,127.13516235
2271,2271. 내방역 8번출구 앞,9062,956,1910,2342,0.1054954756124475,0.2107702493930699,0.258441845067314,0,3,37.48802185,126.99411774
4035,4035. 휴플러스 수락한신아파트 101동 앞,9059,2095,1116,2556,0.2312617286676233,0.123192405342753,0.2821503477204989,0,0,37.674366,127.05947113
1425,1425. 신성미소지움아파트,9059,1328,1211,1657,0.1465945468594767,0.1336792140412849,0.1829120211943923,0,1,37.58745956,127.09597015
2242,2242.양재역 10번 출구 앞,9041,2159,2033,1583,0.2388010175865501,0.2248645061387014,0.1750912509678133,0,1,37.48398972,127.03417969
1159,1159. 서서울모터리움 앞,9038,732,3412,1179,0.0809913697720734,0.3775171498119052,0.1304492144279707,0,2,37.56585312,126.84659576
3753,3753. 공항중학교 버스정류장,9033,2469,1355,1942,0.2733311192294919,0.1500055352596036,0.214989483006753,0,0,37.56113434,126.81610107
2524,2524.반포쇼핑타운 8동 앞,9018,524,1806,2560,0.0581060102018185,0.2002661343978709,0.2838766910623198,0,3,37.50735092,127.00801849
1391,1391.성북청소년센터,9017,1503,1104,2543,0.166685150271709,0.122435399800377,0.2820228457358323,0,3,37.61688232,127.05606842
2156,2156. 신림푸르지오아파트,9013,1843,1265,2263,0.2044824142904693,0.1403528236991013,0.2510817707755464,0,0,37.48072052,126.90932465
2215,2215. 반포종합운동장 입구,9002,871,1207,2637,0.0967562763830259,0.1340813152632748,0.29293490335481,0,3,37.5017128,126.99547577
3686,3686. 고덕 래미안 힐스테이트(101동),8999,1789,1127,2538,0.1987998666518502,0.1252361373485943,0.2820313368152017,0,0,37.55885696,127.15148926
607,607. 신이문역 2번출구,8992,1197,2026,2032,0.1331183274021352,0.2253113879003558,0.2259786476868327,0,1,37.60271072,127.06786346
1862,1862.MD호텔 앞,8984,2911,1377,1619,0.3240204808548531,0.1532724844167408,0.1802092609082813,0,0,37.46134567,126.89758301
4923,4923.수협대치동지점,8982,1233,1824,2436,0.1372745490981964,0.2030728122912491,0.2712090848363393,0,3,37.49861526,127.0683136
4408,4408. 돌곶이역 앞,8978,710,2276,1890,0.0790822009356204,0.2535085765203831,0.2105145912229895,0,1,,
5864,5864.장훈고 앞,8976,2125,880,1887,0.2367424242424242,0.0980392156862745,0.2102272727272727,0,0,37.51156998,126.91397858
395,395. 경희궁 자이 2단지,8959,2892,1248,1954,0.322803884362094,0.1393012613014845,0.2181046991851769,0,0,,
1527,1527. 미아역 1번 출구 뒤,8959,1195,1413,2212,0.1333854224801875,0.1577184953677866,0.2469025560888492,0,3,37.62733459,127.02605438
1727,1727. 서울도봉초등학교인근,8955,1377,1098,2616,0.1537688442211055,0.1226130653266331,0.2921273031825795,0,3,37.67867661,127.04076385
628,628. 휘봉고등학교 앞,8945,1338,1205,2043,0.1495807713806596,0.1347121296813862,0.2283957518166573,0,0,37.58681488,127.06754303
2529,2529.우리은행 방배동지점 앞,8930,1057,1864,2357,0.1183650615901455,0.2087346024636058,0.2639417693169092,0,3,37.48991776,126.99208069
948,948. 디지털미디어 시티역 4번출구(DMC역),8913,1130,2745,1818,0.1267811062492987,0.3079771120834735,0.2039717266913497,0,1,37.57720184,126.90235138
3130,3130.가재울사거리,8912,2134,1147,2248,0.2394524236983842,0.1287028725314183,0.2522441651705565,0,0,37.57456207,126.91799164
2095,2095.경문고등학교 앞,8907,1612,1140,2161,0.1809812507016953,0.1279892219602559,0.2426181654878185,0,0,37.49150085,126.98240662
4341,4341. 영동1교 북단,8906,1205,1789,2753,0.1353020435661351,0.2008758140579384,0.3091174489108466,0,3,37.47555923,127.03826141
5782,5782. 오금현대 아파트 상가입구 앞,8897,1133,1919,2113,0.1273462965044397,0.2156906822524446,0.2374957850960998,0,1,37.50366211,127.12606049
4040,4040. 공릉로 26길,8893,1217,962,2753,0.1368492072416507,0.1081749690768019,0.3095693241875633,0,3,37.61965561,127.08146667
4663,"4663. 불광역3,6호선 버스정류장(동명여고 방면)",8886,1000,1500,2494,0.1125365743866756,0.1688048615800135,0.2806662165203691,0,3,37.61326218,126.92786407
126,126. 서강대 후문 옆,8883,704,1617,1677,0.0792525047844196,0.1820330969267139,0.1887875717662951,0,1,37.55041122,126.94384766
2820,2820.신세기아파트 앞,8875,2585,1200,2087,0.2912676056338028,0.1352112676056338,0.2351549295774647,0,0,37.49396515,126.8530426
676,676.FITI시험연구원 앞,8872,1648,1263,1892,0.1857529305680793,0.1423579801623083,0.2132551848512173,0,0,37.58143234,127.03547668
2299,2299. 한전아트센터 앞,8868,2070,1685,1574,0.2334235453315291,0.1900090211998195,0.1774921064501578,0,0,37.48646927,127.02806091
713,713. 양서중학교 옆,8863,1868,1268,1931,0.210763849712287,0.1430666817104817,0.2178720523524766,0,0,37.53304672,126.82995605
2266,2266. 서초역 3번출구,8862,1422,2016,2154,0.1604603926878808,0.2274881516587677,0.2430602572782667,0,1,37.49053955,127.00816345
3122,3122.북가좌삼거리2,8861,2153,1071,2286,0.2429748335402324,0.1208667193319038,0.2579844261370048,0,0,37.5742836,126.90646362
3412,3412.세운상가,8854,1245,1825,1567,0.1406144115653941,0.2061215269934493,0.1769821549582109,0,1,37.5703125,126.99454498
960,960. 구파발역 환승센터,8850,340,2495,1830,0.0384180790960452,0.2819209039548022,0.2067796610169491,0,1,37.63825226,126.91945648
1228,1228. 마천사거리 ,8831,1843,1288,2465,0.2086966368474691,0.1458498471294304,0.2791303363152531,0,0,37.49769974,127.14620209
809,809. 한남 유수지 복개주차장,8820,669,1857,2597,0.0758503401360544,0.2105442176870748,0.2944444444444444,0,3,37.53016663,127.00743866
1051,"1051. 강일중,선사고 버스정류장(신암중학교 방면)",8783,870,1284,2468,0.0990549925993396,0.1461915063190254,0.2809973813047933,0,3,37.55483627,127.13732147
652,652. 답십리 래미안엘파인아파트 입구,8782,2403,1118,2225,0.2736278751992712,0.1273058528808927,0.2533591437030289,0,0,37.57653046,127.06594086
4847,4847. 신내역시티프라디움 앞,8766,910,1219,2093,0.1038101756787588,0.1390600045630846,0.2387634040611453,0,3,37.61038971,127.10135651
4639,4639. 동빙고근린공원,8758,545,1316,3960,0.0622288193651518,0.1502626170358529,0.4521580269467915,0,3,37.51794052,126.98370361
1936,1936. 개봉역 1번 출구 자전거보관서쪽,8757,1541,1995,1971,0.1759735069087587,0.2278177458033573,0.2250770811921891,0,1,37.49428177,126.85921478
3129,3129.DMC래미안e편한세상203동옆,8749,2276,1148,2210,0.2601440164590239,0.1312149959995428,0.2526002971768202,0,0,37.57626343,126.91132355
2293,2293. SPC 앞,8738,985,2302,1821,0.1127260242618448,0.2634470130464637,0.2084000915541314,0,1,37.48479843,127.03699493
820,820. 청파동입구 교차로,8737,1313,1851,1919,0.1502804166189767,0.2118576170310175,0.2196406089046583,0,1,37.54902649,126.97194672
4835,4835. 망우동 본죽 앞,8724,1776,988,2221,0.2035763411279229,0.1132508023842274,0.2545850527281064,0,0,37.60064316,127.10404968
4202,4202. 프런트원(공덕역4번출구 앞),8719,1061,1967,1797,0.1216882670030966,0.2255992659708682,0.2061016171579309,0,1,37.54585266,126.95259857
3903,3903. 현대아파트 앞,8714,2009,1480,2102,0.2305485425751664,0.1698416341519394,0.2412210236401193,0,0,37.49333954,126.85917664
903,903. 은평뉴타운 아이파크,8710,1712,1122,2254,0.1965556831228473,0.1288174512055109,0.2587830080367393,0,0,37.64586639,126.92739105
775,775.세종그랑시아 앞(102동),8702,1270,1173,2315,0.1459434612732705,0.1347965984831073,0.266030797517812,0,3,37.53837585,126.86383057
3986,3986.청년주택 독산동점,8700,3447,957,1888,0.3962068965517241,0.11,0.2170114942528735,0,0,37.46754074,126.89282227
1641,1641. 한내근린공원 남측,8688,1264,1482,2544,0.14548802946593,0.1705801104972375,0.292817679558011,0,3,37.62155533,127.06951141
2657,2657.송파 파인타운 11단지 ,8682,1557,939,2349,0.1793365583966828,0.108154803040774,0.2705597788527989,0,0,37.47916031,127.13219452
2712,2712.화곡터널입구교차로,8678,1392,1165,2419,0.1604056234155335,0.1342475224706153,0.2787508642544365,0,3,37.53835678,126.84236145
2394,2394. 개포래미안포레스트아파트 107동 앞,8675,2380,980,2129,0.2743515850144092,0.1129682997118155,0.2454178674351585,0,0,37.48025131,127.05419159
2227,2227.방배열린문화센터 앞,8673,1580,1826,1555,0.1821745647411507,0.2105384526692032,0.179292055805373,0,1,37.48905182,126.99252319
4918,4918. 매봉역 1번출구,8661,1023,2113,2043,0.1181156910287495,0.2439672093291767,0.2358850017319016,0,1,37.48661041,127.04550934
4797,4797. KG타워 앞,8656,1409,2280,1371,0.1627772643253234,0.2634011090573013,0.1583872458410351,0,1,37.56339645,126.96894073
1073,1073. SSTS 몰 앞,8644,1381,1092,2460,0.159763998149005,0.1263304025913929,0.2845904673762147,0,3,37.54114532,127.14105225
1981,1981. 천왕지구삼거리 앞,8643,2475,1081,1951,0.2863589031586255,0.1250723128543329,0.2257318060858498,0,0,37.47943115,126.84269714
347,347. 동대문역사문화공원역 9번출구 앞,8639,623,1590,2109,0.0721148281051047,0.1840490797546012,0.2441254774858201,0,3,37.56533051,127.00784302
4307,4307. 고투몰 gate 15옆,8638,1350,1336,2354,0.1562861773558694,0.1546654318129196,0.2725167862931234,0,3,37.50723267,127.00945282
3127,3127.홍은2파출소 옆,8637,1173,1658,2250,0.1358110455019104,0.1919648025934931,0.2605071205279611,0,3,37.58333588,126.93628693
1854,1854. 가산아네스트 오피스텔 앞,8633,3068,1318,1791,0.3553805166222634,0.1526699872581953,0.2074597474805977,0,0,37.47817993,126.89740753
1326,1326. 상월곡역 1번출구,8631,1215,1193,2282,0.140771637122002,0.1382226856679411,0.2643957826439578,0,3,37.60606766,127.0473175
5509,5509.신석초교 앞,8626,1536,1234,2461,0.1780663111523301,0.143055877579411,0.2853002550428936,0,0,37.54403305,126.93869019
518,518. 청계천 박물관 앞,8614,400,3328,1725,0.0464360343626654,0.3863478058973764,0.2002553981889946,0,2,37.57152557,127.03535461
1628,1628. 노일초등학교 앞,8612,1048,1484,2156,0.121690664189503,0.1723176962378077,0.250348351137947,0,3,37.67361832,127.05525208
1671,1671. 인덕대학교,8606,1443,1189,1730,0.1676737160120845,0.1381594236579131,0.2010225424122705,0,0,37.62934875,127.05482483
1564,1564.4.19민주묘지역 1번출구,8598,542,1586,2401,0.0630379157943707,0.1844615026750407,0.2792509886020005,0,3,37.64959717,127.01384735
476,476.광희문,8598,1152,1125,2180,0.1339846475924633,0.130844382414515,0.2535473365899046,0,3,37.56443024,127.00995636
1290,1290. 위례송파꿈에그린아파트24단지 앞 성벽 다리 밑,8596,2621,701,2130,0.3049092601209865,0.0815495579339227,0.2477896696137738,0,0,37.47458267,127.13754272
666,666.이문대성유니드아파트 앞,8590,825,1955,2584,0.0960419091967404,0.2275902211874272,0.3008149010477299,0,3,37.60362244,127.0708313
1420,1420. 신내어울공원 앞,8582,923,1905,2104,0.1075506874854346,0.2219762293171754,0.2451642973665812,0,1,37.61394501,127.09770203
1240,1240. 문정 법조단지4,8582,1620,1561,2119,0.1887671871358657,0.1818923327895595,0.2469121416919133,0,0,37.48057556,127.11856842
4857,4857. 올림픽공원 장미광장,8580,970,1697,3040,0.113053613053613,0.1977855477855477,0.3543123543123543,0,3,37.51275635,127.126297
2631,2631.배명고등학교,8569,1681,1217,2027,0.1961722488038277,0.1420235733457813,0.2365503559341813,0,0,37.49741364,127.09630585
4054,4054. 창동한신아파트 버스정류소,8564,1030,1145,2338,0.1202709014479215,0.1336992059785147,0.2730032695002335,0,3,37.64601898,127.03527069
358,358. 성균관대입구 사거리 A,8562,469,1540,2403,0.0547769212800747,0.1798645176360663,0.2806587245970567,0,3,37.58250046,126.99853516
2245,2245.양재초등학교 맞은편,8554,1300,1973,2053,0.1519756838905775,0.2306523263970072,0.2400046761748889,0,1,37.47361374,127.03050995
4414,4414. 안암역 3번 출구,8553,546,1539,2252,0.0638372500876885,0.179936864258155,0.2632994271016017,0,3,37.58625031,127.03095245
3642,3642. 강남자곡힐스테이트,8544,1640,686,2383,0.1919475655430711,0.0802902621722846,0.2789091760299625,0,0,37.47092819,127.08970642
2418,2418.봉은사역 7번 출구 ,8540,1205,2499,1701,0.1411007025761124,0.2926229508196721,0.1991803278688524,0,1,37.51393509,127.05982208
1616,1616. 하계2동 공항버스정류장 옆,8522,938,1633,2136,0.1100680591410467,0.1916216850504576,0.2506453884064774,0,3,37.63510895,127.06832886
2164,2164. 관악우체국,8511,952,1178,2203,0.1118552461520385,0.1384091176125014,0.2588414992362824,0,3,37.48476791,126.93287659
324,324. 신세계백화점 본점 앞,8498,460,2419,1829,0.0541303836196752,0.2846552129912921,0.2152271122617086,0,1,37.56143188,126.98069763
2172,2172. 나들목공원,8479,545,1596,2797,0.0642764476943035,0.1882297440735935,0.3298738058733341,0,3,37.46940613,126.94451141
3643,3643. 더시그넘하우스 앞,8479,1471,1511,1707,0.1734874395565515,0.1782049770020049,0.2013209104847269,0,1,37.47267914,127.10375977
759,759. 보아스아파트 앞,8475,2116,1127,2075,0.2496755162241888,0.1329793510324483,0.2448377581120944,0,0,37.52407074,126.83860016
1839,1839. 수출의 다리 아래,8470,251,3505,1349,0.029634002361275,0.4138134592680047,0.1592680047225501,0,2,37.47743607,126.88615417
1536,1536. 번동 두산위브 101동 옆,8464,802,1329,2180,0.0947542533081285,0.1570179584120982,0.2575614366729679,0,3,37.63626099,127.03217316
1065,1065.보훈병원 후문옆(더 원커피),8458,1065,1985,1736,0.1259162922676755,0.234689051785292,0.2052494679593284,0,1,37.53120804,127.1492691
3694,3694. 강동리엔파크 13단지(1303동 앞),8452,2321,1737,1485,0.274609559867487,0.2055134879318504,0.1756980596308566,0,0,37.55302811,127.18075562
4871,4871. 오금동 대림아파트 정문,8441,1132,1392,2168,0.1341073332543537,0.1649093709276152,0.256841606444734,0,3,37.51072693,127.13040161
188,188. 홍은동 정원여중 입구,8440,1433,1395,2315,0.1697867298578199,0.1652843601895734,0.2742890995260663,0,3,37.58638763,126.93512726
767,767.신정숲속마을아파트,8438,2994,927,1876,0.3548234178715335,0.1098601564351742,0.22232756577388,0,0,37.50574493,126.83631134
1829,1829. 홈플러스 금천점 앞,8428,1134,1660,2003,0.1345514950166113,0.1969625059326056,0.2376601803512102,0,1,37.4691391,126.89720154
436,436. 이대역 5번출구,8426,656,2027,2174,0.0778542606218846,0.24056491811061,0.2580109185853311,0,3,37.55659103,126.94618988
5861,5861. 보라주유소 앞,8420,1575,1382,2046,0.1870546318289786,0.1641330166270783,0.2429928741092636,0,0,37.51319885,126.92352295
162,162. 봉원고가차도 밑,8405,1333,1389,2089,0.1585960737656157,0.1652587745389649,0.2485425342058298,0,3,37.56526947,126.94624329
4638,4638. 청파동삼거리 앞,8400,1654,873,2351,0.1969047619047619,0.1039285714285714,0.2798809523809524,0,0,37.54733658,126.97038269
2251,2251. 더케이호텔 입구(양재2) ,8399,1133,2766,1453,0.1348970115489939,0.3293249196332897,0.1729967853315871,0,1,37.46750641,127.03447723
811,811. 녹사평역1번출구,8397,769,1876,2455,0.0915803263070144,0.2234131237346671,0.292366321305228,0,3,37.53507996,126.98538208
2178,2178. 서울대학교 정문,8386,325,2243,2265,0.0387550679704269,0.2674695921774386,0.270093012163129,0,3,37.46709442,126.94932556
2239,2239.교대역 6번출구,8386,1422,1775,1468,0.1695683281659909,0.2116622943000238,0.1750536608633436,0,1,37.49421692,127.01378632
413,413. 상암월드컵파크 3단지 후문,8371,1359,1280,2658,0.1623461951977063,0.1529088519890096,0.3175247879584279,0,3,37.57147598,126.88968658
3007,3007.MBC 앞,8350,762,2926,1148,0.0912574850299401,0.3504191616766467,0.1374850299401197,0,2,37.58194733,126.89029694
1089,1089.고덕 래미안힐스테이트(201동),8347,2037,863,2027,0.2440397747693782,0.1033904396789265,0.2428417395471427,0,0,37.56060028,127.146698
2307,2307. 압구정 한양 3차 아파트,8346,604,2032,2471,0.0723699976036424,0.2434699257129163,0.2960699736400671,0,3,37.52838135,127.03901672
3792,3792. 화곡본동시장 입구,8333,1363,1318,2023,0.1635665426617064,0.1581663266530661,0.2427697107884315,0,0,37.54382706,126.84368896
4931,4931. 디에이치퍼스티어아이파크 124동 앞,8332,1660,1080,2067,0.199231877100336,0.1296207393182909,0.2480796927508401,0,0,37.48131943,127.05435181
4392,4392. 답십리역 6번출구,8327,1206,1965,1686,0.1448300708538489,0.2359793443016692,0.2024738801489131,0,1,,
2521,2521.서초 크로바타워 앞,8326,1359,1395,1937,0.1632236368003843,0.1675474417487389,0.2326447273600768,0,0,37.49556351,127.0191803
1256,1256. 문정현대아파트 교차로,8310,1201,1559,1927,0.1445246690734055,0.1876052948255114,0.2318892900120337,0,1,37.49113083,127.12580872
971,971. 역촌 센트레빌 아파트,8296,2995,623,1890,0.3610173577627772,0.0750964320154291,0.2278206364513018,0,0,37.60232925,126.90654755
337,337. 창경궁 입구,8296,1331,1396,1816,0.1604387656702025,0.1682738669238187,0.218900675024108,0,1,37.57897949,126.99647522
774,774.등촌역 4번 출구 ,8278,966,1506,2220,0.1166948538294274,0.181928001932834,0.2681807199806716,0,3,37.54950714,126.86721802
1870,1870.독산3동주민센터 앞,8252,2121,1107,1790,0.2570285991274842,0.1341492971400872,0.2169171110033931,0,0,37.47507095,126.90335846
4073,4073.방아골종합사회복지관,8246,1773,975,2103,0.2150133398011157,0.1182391462527285,0.2550327431481931,0,0,37.66927338,127.03243256
979,979.원풍빌라앞,8245,1920,822,1869,0.2328684050939963,0.0996967859308672,0.226682838083687,0,0,37.59186172,126.90608215
1367,1367. 길음문화복합미디어센터,8242,1444,985,2145,0.1752001941276389,0.1195098277117204,0.2602523659305993,0,0,37.60429764,127.02261353
1752,1752. 창동 주공 4단지 입구 옆,8239,1494,1183,2173,0.1813326860055832,0.1435853865760407,0.2637456001941983,0,0,37.64548111,127.04857635
4616,4616. 신용산지하차도 앞,8231,1320,1568,2212,0.1603693354391933,0.1904993317944356,0.268740128781436,0,3,37.53248215,126.96411896
2634,2634.위례포레샤인아파트 정류장,8228,2525,787,1839,0.3068789499270782,0.0956490034030141,0.2235051045211473,0,0,37.477211,127.13717651
338,338. 세운스퀘어 앞,8226,827,2071,1303,0.1005348893751519,0.2517627036226598,0.1584001945052273,0,1,37.57095718,126.99712372
2360,2360. 도곡1동 주민센터 교차로,8222,1014,1977,1595,0.1233276575042568,0.2404524446606665,0.1939917295062028,0,1,37.4928093,127.04138947
2405,2405. 청담공원앞 교차로,8221,2078,1633,1539,0.2527673032477801,0.1986376353241698,0.1872035032234521,0,0,37.51871109,127.05084991
654,654. 전농동 텃골공원,8217,1380,1110,2319,0.1679445052939029,0.1350857977364001,0.2822197882438846,0,3,37.57762146,127.05210876
1702,1702. 녹천역 1번출구 앞,8217,1813,1257,2198,0.2206401363027869,0.1529755385177072,0.2674942193014482,0,0,37.64582062,127.05042267
5322,5322.노원성당 앞,8216,1931,987,2318,0.235029211295034,0.1201314508276533,0.2821324245374878,0,0,37.66450882,127.05270386
1368,1368. 성신여대입구 교차로,8213,1391,1328,1975,0.1693656398392792,0.1616948739802751,0.240472421770364,0,0,37.59139633,127.02015686
4221,4221. 솔리스타오피스텔(공덕동주민센터),8194,2742,821,2060,0.3346350988528191,0.1001952648279228,0.2514034659506956,0,0,37.55015945,126.96052551
4808,4808. 신내2동 주민센터 앞,8190,547,1892,1819,0.0667887667887667,0.231013431013431,0.2221001221001221,0,1,37.60641098,127.09404755
142,142. 아현역 4번출구 앞,8186,1594,1470,1955,0.1947226972880527,0.1795748839482042,0.2388223796726117,0,0,37.55720139,126.95566559
3606,3606. 신사동주민센터 옆,8186,444,2141,2155,0.0542389445394576,0.2615440996823845,0.2632543366723675,0,3,37.52422714,127.02285004
1109,1109. 공항시장역 4번출구,8186,1396,1165,2174,0.1705350598582946,0.1423161495235768,0.2655753725873442,0,0,37.56334686,126.81048584
1086,1086.래미안 솔베뉴(구천면로),8182,1011,1270,2322,0.1235639208017599,0.1552187729161574,0.2837936934734784,0,3,37.55059814,127.14545441
4874,4874. 탄천1교 하부보도,8181,1982,1063,2222,0.2422686713115756,0.1299352157437966,0.2716049382716049,0,0,37.50117111,127.08516693
639,639. 서울시립대 후문,8172,688,1396,2074,0.0841899167890357,0.1708272148800783,0.2537934410181106,0,3,37.58512497,127.06095123
1364,1364. 성북동 치안센터 앞,8161,1592,1082,1961,0.1950741330719274,0.1325817914471266,0.2402891802475187,0,0,37.59017181,127.00408936
709,709. 신정3동 현장민원실 앞,8152,1214,1199,2057,0.1489205103042198,0.147080471050049,0.2523307163886163,0,3,37.51158524,126.84156036
3655,3655. 둔촌신성미소지움아파트,8131,1503,1175,2479,0.1848481121633255,0.1445086705202312,0.3048825482720452,0,3,37.52726364,127.14233398
121,121. 마포소방서 앞,8118,1320,1234,2046,0.1626016260162601,0.1520078837152008,0.2520325203252032,0,3,37.54976654,126.93317413
3510,3510. 중곡SK아파트앞,8117,1563,994,2329,0.192558827152889,0.1224590365898731,0.2869286682271775,0,0,37.56864929,127.08625031
1457,1457. 동원사거리,8115,1104,1419,2014,0.1360443622920517,0.1748613678373382,0.2481823783117683,0,3,37.58975983,127.09323883
3545,3545.한양대역 1번출구,8100,575,1783,1896,0.0709876543209876,0.2201234567901234,0.234074074074074,0,1,37.55657959,127.04335785
3557,3557.서울숲리버뷰자이APT105동 앞,8096,1508,897,2261,0.1862648221343873,0.1107954545454545,0.2792737154150198,0,0,37.55653,127.03913116
2112,2112. 서울대입구역 마에스트로,8093,633,1151,2370,0.0782157419992586,0.1422216730507846,0.2928456690967503,0,3,37.4813385,126.95064545
2430,2430.강남파이낸스센터앞(역삼역2번출구),8092,1327,1662,1558,0.1639891250617894,0.2053880375679683,0.1925358378645575,0,1,37.50024414,127.03605652
2319,2319. 포스코사거리 서측(수협 삼성동 지점),8087,638,2851,1109,0.0788920489674786,0.3525411153703475,0.1371336713243477,0,2,37.50660706,127.05467987
2509,2509. 심산기념문화센터,8080,1717,1873,1368,0.2125,0.2318069306930693,0.1693069306930693,0,1,37.49836349,126.9911499
4563,4563. 여의도 은하아파트,8077,1472,1368,2016,0.1822458833725393,0.1693698155255664,0.2495976228797821,0,0,37.51850891,126.93448639
3880,3880. 홍련봉 공원,8066,1620,1275,2398,0.2008430448797421,0.1580709149516489,0.2972972972972973,0,0,37.54896927,127.09352875
3110,3110.홍은 현대아이파크 아파트 202동 앞,8066,1358,1200,2381,0.1683610215720307,0.148772625836846,0.2951896850979419,0,3,37.58928299,126.93694305
4542,4542. 월정초 사거리,8054,2059,1143,2047,0.2556493667742736,0.1419170598460392,0.2541594238887509,0,0,37.53642654,126.83341217
406,406. 상암월드컵파크 7단지 앞,8043,1050,1105,2345,0.1305483028720626,0.1373865473082183,0.2915578764142733,0,3,37.58111191,126.88087463
1472,1472.영성빌딩(PAT),8036,1047,1318,1943,0.1302887008461921,0.1640119462419114,0.2417869586859133,0,3,37.60408401,127.07923126
4316,4316. 고속터미널역 3번출구,8036,1027,2034,2131,0.127799900447984,0.2531110004977601,0.2651816824290692,0,1,37.50365829,127.0059433
2328,2328. 르네상스 호텔 사거리 역삼지하보도 7번출구 앞,8030,875,1948,1605,0.1089663760896637,0.2425902864259028,0.1998754669987546,0,1,37.50321198,127.04273224
866,866.브라운스톤 남산아파트,8030,1515,1179,2306,0.1886674968866749,0.146824408468244,0.287173100871731,0,0,37.551548,126.97686005
5321,5321.불암아파트 앞,8023,1150,1128,2268,0.1433379035273588,0.1405957871120528,0.2826872740869999,0,3,37.66751862,127.0791626
4014,4014. 불암산역 3번 출구,8018,1430,1112,2358,0.1783487153903716,0.1386879521077575,0.2940883013220254,0,3,37.67030334,127.07884216
2297,2297. 남부터미널역 1번출구,8015,944,1828,1934,0.1177791640673736,0.2280723643169058,0.2412975670617592,0,1,37.485672,127.01592255
1751,1751. 창원초등학교 교차로,8008,1350,947,2171,0.1685814185814186,0.1182567432567432,0.2711038961038961,0,0,37.6521225,127.04170227
1266,1266. 문정동 글샘 공원,8006,954,1916,1898,0.1191606295278541,0.2393205096177866,0.2370721958531101,0,1,37.47880936,127.12000275
2362,2362. 신사동 가로수길 입구,8006,494,1855,2165,0.0617037222083437,0.2317012240819385,0.2704221833624781,0,3,37.51763535,127.02245331
1257,1257. 가락시장역 사거리,8001,2687,1385,1269,0.335833020872391,0.17310336207974,0.1586051743532058,0,0,,
322,322. 명동성당 앞,8001,747,1844,2149,0.093363329583802,0.2304711911011123,0.268591426071741,0,3,37.56447601,126.98696899
1394,1394.길음뉴타운 래미안9단지,7991,1886,1009,1988,0.2360155174571392,0.1262670504317357,0.2487798773620322,0,0,37.60242462,127.01998138
4246,4246. 상수역새마을금고,7967,633,1231,2443,0.0794527425630726,0.1545123634994351,0.3066398895443705,0,3,37.54758835,126.92464447
4671,4671. 청구성심병원 앞,7956,788,1408,2216,0.0990447461035696,0.1769733534439417,0.2785319255907491,0,3,37.62087631,126.9197998
4462,4462. 가락중학교 앞,7955,905,1049,2283,0.113764927718416,0.1318667504714016,0.2869893148962916,0,3,37.50223541,127.11728668
2048,2048. 삼일초등학교 인근,7938,1616,777,1825,0.2035777273872512,0.0978835978835978,0.2299067775258251,0,0,37.48907852,126.97356415
2036,2036. 정금마을 마을버스정류장,7936,1054,1020,2193,0.1328125,0.1285282258064516,0.2763356854838709,0,3,37.49466324,126.98244476
536,536. 행당역 2번출구 앞,7933,1558,1007,2247,0.1963948065044749,0.1269381066431362,0.283247195260305,0,0,37.55735016,127.02921295
1715,1715. 서울특별시교육청도봉도서관,7925,623,1163,2631,0.0786119873817034,0.1467507886435331,0.33198738170347,0,3,37.65317917,127.01278687
1253,1253. 오금역 3번 출구 뒤,7923,1418,1431,1705,0.1789726113845765,0.1806134040136312,0.2151962640413984,0,1,37.50165176,127.12818146
402,402. 상암월드컵파크 9단지 앞,7921,2195,895,1905,0.2771114758237596,0.1129907839919202,0.240499936876657,0,0,37.58285522,126.87982178
1551,1551.4.19탑 앞,7912,1118,993,2367,0.1413043478260869,0.1255055611729019,0.2991658240647118,0,3,37.64686203,127.00881195
4306,4306. 서래공원 앞,7906,972,1994,1617,0.1229445990387047,0.2522135087275487,0.2045282064254996,0,1,37.50150681,127.003479
1057,1057. 능골근린공원,7898,1552,1369,1512,0.1965054444163079,0.1733350215244365,0.1914408711066092,0,0,37.55580902,127.1737442
2263,2263. 바우뫼문화복지회관,7897,1169,1580,1721,0.1480308978092946,0.200075978219577,0.2179308598201848,0,1,37.47192764,127.02684021
2119,2119. 중앙동 동진빌딩,7892,1422,1148,1935,0.180182463253928,0.1454637607704004,0.2451849974657881,0,0,37.48425674,126.95469666
4345,4345. 반포역 4번출구,7892,1448,1212,2329,0.183476938672073,0.1535732387227572,0.2951089711099848,0,3,37.50789642,127.01005554
4580,4580. 국회제2의원회관,7884,780,3852,247,0.0989345509893455,0.4885844748858447,0.0313292744799594,0,2,37.52974701,126.91316986
1474,1474.서울중랑우체국,7882,650,1186,1677,0.0824663790916011,0.1504694240040598,0.2127632580563308,0,3,37.59581375,127.08283997
6188,6188.금호아파트,7874,1229,1631,1799,0.1560833121666243,0.2071374142748285,0.2284734569469139,0,1,37.55619049,126.86463928
1303,1303. 돈암초교 입구,7869,2040,1169,1784,0.2592451391536409,0.1485576312110814,0.2267124158088702,0,0,37.59169388,127.01249695
1654,1654. 당고개입구 오거리,7856,1106,1156,2317,0.1407841140529531,0.1471486761710794,0.2949338085539715,0,3,37.66379166,127.07544708
2320,2320. 도곡역 대치지구대 방향,7851,918,1345,2186,0.1169277799006495,0.1713157559546554,0.2784358680422876,0,3,37.4919281,127.05696869
748,748. 목동운동장,7848,615,1902,2474,0.0783639143730886,0.2423547400611621,0.3152395514780836,0,3,37.53025055,126.87930298
2419,"2419.봉은사역 1,2번 출구 ",7840,1012,1768,2060,0.1290816326530612,0.2255102040816326,0.2627551020408163,0,3,37.51430893,127.05970001
1821,1821. 홈플러스 시흥점 맞은편 다비치안경 앞,7830,1902,938,2096,0.242911877394636,0.1197956577266922,0.2676883780332056,0,0,37.45145798,126.90211487
3685,3685. 강동리엔파크14단지(1401동 앞),7817,2016,1501,1622,0.2578994499168479,0.1920173979787642,0.2074964820263528,0,0,37.55212402,127.18064117
4960,4960.고덕비즈밸리 지식산업센터 A,7813,250,3579,1211,0.0319979521310636,0.4580826827083066,0.1549980801228721,0,2,37.5649147,127.16025543
1768,1768.신동아타워 버스정류소,7811,992,1333,2064,0.1270003840737421,0.170656766099091,0.2642427346050441,0,3,37.66208267,127.02874756
1296,1296. 석촌호수교차로 (송파나루근린공원 앞),7803,738,1313,2654,0.0945790080738177,0.1682686146353966,0.3401255927207484,0,3,37.50867844,127.1034317
416,416. 상암월드컵파크 1단지 교차로,7799,741,2161,1727,0.0950121810488524,0.2770868060007693,0.2214386459802538,0,1,37.57566452,126.89444733
309,309. 광화문역 6번출구 옆 B,7796,593,2755,1048,0.0760646485377116,0.353386351975372,0.1344279117496152,0,2,37.56996155,126.97615814
2716,2716.롯데 R&D 센터,7792,404,4557,400,0.0518480492813141,0.5848305954825462,0.0513347022587269,0,2,37.57094193,126.82831573
848,848. 삼각지12번 출구,7791,678,1720,2244,0.0870234886407393,0.2207675523039404,0.2880246438197921,0,3,37.53488922,126.97562408
2145,2145. 은천초등학교 육교,7781,1637,895,1972,0.2103842693741164,0.1150237758642847,0.2534378614573962,0,0,37.48635864,126.9429245
3113,3113. 독립문 앞,7766,2076,985,2442,0.2673190831831058,0.1268349214524852,0.3144475920679886,0,0,37.57220459,126.95974731
904,904. 은평뉴타운 푸르지오,7762,2339,747,2195,0.3013398608606029,0.0962380829683071,0.2827879412522546,0,0,37.64867401,126.93070221
1518,1518. 수유2동은행빌딩 앞,7753,1096,1118,2045,0.1413646330452728,0.1442022442925319,0.2637688636656778,0,3,37.64308548,127.01616669
3918,3918. 이좋은집오피스텔 앞,7752,1084,1079,2156,0.1398348813209494,0.1391898864809081,0.2781217750257997,0,3,37.4949913,126.84185028
349,349. 어린이도서관,7748,1034,1279,2216,0.13345379452762,0.1650748580278781,0.2860092927207021,0,3,37.57633209,126.96858978
1299,1299. 송파소방서 (방이119안전센터),7746,1389,1129,2105,0.1793183578621223,0.1457526465272398,0.2717531629227989,0,0,37.51987839,127.13671112
1713,1713. 쌍문동 이안아파트 앞,7736,902,1157,2014,0.1165977249224405,0.1495604963805584,0.2603412616339193,0,3,37.65165329,127.02848816
3523,3523. 건국대학교 과학관(이과대) 앞,7720,302,1783,796,0.0391191709844559,0.2309585492227979,0.1031088082901554,0,1,37.54171753,127.08016968
1405,1405. 망우역 1번출구,7715,1446,1428,1945,0.1874270900842514,0.1850939727802981,0.2521062864549578,0,0,37.59909821,127.09294891
1642,1642. 서울여대 남문,7703,945,1174,1906,0.1226794755290146,0.1524081526677917,0.247436063871219,0,3,37.62531662,127.08813477
2365,2365. K+ 타워 앞,7696,233,1822,2061,0.0302754677754677,0.2367463617463617,0.2678014553014553,0,3,37.52330017,127.03847504
4107,4107. 장안동근린공원 입구,7680,816,1327,2119,0.10625,0.1727864583333333,0.2759114583333333,0,3,37.57633209,127.07172394
4009,4009. 월계프라자,7680,1082,983,1901,0.1408854166666666,0.1279947916666666,0.2475260416666666,0,3,37.63284302,127.05213165
954,954. 은평뉴타운구파발9단지,7679,877,871,2237,0.1142075791118635,0.1134262273733559,0.2913139731735903,0,3,37.64260864,126.92147827
177,177. 북가좌 초등학교,7665,1880,1055,1993,0.2452707110241356,0.1376386170906718,0.2600130463144162,0,0,37.57767487,126.9098053
3797,3797. 마곡수명산파크7단지 710동 앞,7659,940,1107,1855,0.1227314270792531,0.1445358401880141,0.24219872045959,0,3,37.54857254,126.82076263
3211,3211.신길 래미안 프레비뉴,7639,1655,955,2102,0.2166513941615394,0.1250163633983505,0.2751669066631758,0,0,37.50438309,126.90808868
1041,1041. 묘곡초등학교,7638,1400,1137,1927,0.1832940560356114,0.1488609583660644,0.2522911757004451,0,0,37.55916214,127.15332031
4811,4811. 한양수자인아파트 앞,7620,1712,749,2024,0.2246719160104986,0.0982939632545931,0.2656167979002625,0,0,37.58032227,127.09415436
4273,4273. 홍연2교 사거리,7617,1813,1224,1852,0.2380202179335696,0.1606931862938164,0.2431403439674412,0,0,37.57716751,126.92906189
2243,2243.서울가정법원,7604,1709,1777,1484,0.2247501315097317,0.2336927932667017,0.1951604418726985,0,1,37.48149109,127.03672791
129,129. 신촌역(2호선) 6번출구 옆,7588,670,1188,2028,0.088297311544544,0.1565629942013706,0.2672641012124407,0,3,37.55505371,126.93756866
1772,1772.시립도봉노인복지관 버스정류소,7582,1204,935,2141,0.1587971511474545,0.1233183856502242,0.2823793194407808,0,3,37.65805054,127.03575897
3675,3675. 강동리버스트8단지,7571,1069,909,2104,0.1411966715097081,0.1200633998150838,0.2779025227843085,0,3,37.57180405,127.17446899
864,864.순천향대학병원(한남오거리),7566,355,1958,2146,0.0469204335183716,0.2587893206449908,0.2836373248744382,0,3,37.53514099,127.00600433
4621,4621. 남산도서관 앞,7553,561,1227,2140,0.0742751224678935,0.1624520058254998,0.2833311267046207,0,3,37.55240631,126.98201752
180,180. 충정로역 7번출구 아래,7543,1075,1759,1691,0.142516240222723,0.2331963409783905,0.2241813602015113,0,1,37.55996704,126.96246338
2034,2034. 사당역 7번출구쪽,7534,898,1415,2062,0.1191929917706397,0.1878152375895938,0.2736925935757897,0,3,37.47689056,126.98057556
1732,1732. 방학역사거리,7528,1085,1247,1878,0.1441285866099893,0.1656482465462274,0.2494686503719447,0,3,37.66759872,127.04299927
6059,6059. 덕수중학교,7527,1062,1658,1382,0.1410920685532084,0.2202736814135777,0.1836056861963597,0,1,37.56439209,126.99729919
1666,1666. 노원소방서인근,7526,895,1146,2171,0.1189210736114802,0.1522721233058729,0.2884666489503056,0,3,37.65578079,127.07177734
6057,6057. 을지로5가(방산시장),7523,1317,1517,1632,0.1750631397049049,0.2016482786122557,0.2169347334839824,0,1,37.56739807,127.00201416
5305,5305. 대륜E&S 서울지사 앞,7512,1053,979,1870,0.1401757188498402,0.1303248136315229,0.2489350372736954,0,3,37.64255524,127.06038666
4907,4907. 극동스포츠 앞,7510,881,1555,2018,0.1173102529960053,0.2070572569906791,0.2687083888149134,0,3,37.5257225,127.02588654
1568,1568.4.19민주묘지 입구사거리,7500,834,1104,2112,0.1112,0.1472,0.2816,0,3,37.64793396,127.01457214
2205,2205. 내곡3단지 어린이공원 앞,7486,2309,1131,1726,0.3084424258616083,0.1510820197702377,0.2305637189420251,0,0,37.45375061,127.05937958
776,776.목마공원,7477,773,1682,1825,0.1033837100441353,0.2249565333689982,0.2440818510097632,0,1,37.53874207,126.88568115
3132,3132.홍제교,7471,940,1164,2108,0.125819836701914,0.1558024360861999,0.2821576763485477,0,3,37.59186172,126.94421387
660,660. 동의보감타워,7471,1049,1314,1714,0.1404095837237317,0.1758800696024628,0.2294204256458305,0,1,,
939,939. 은평구청 교차로,7445,795,1833,1575,0.1067830758898589,0.2462055070517125,0.2115513767629281,0,1,37.60169983,126.92742157
2385,2385. 학동역,7443,1427,1461,1542,0.1917237672981324,0.196291817815397,0.2071745264006449,0,1,37.51395035,127.03015137
3588,3588.세종대학교(영실관),7424,463,1950,1080,0.0623653017241379,0.2626616379310345,0.1454741379310344,0,1,37.55237198,127.07353973
372,372. 약수역 3번출구 뒤,7415,551,1213,2193,0.0743088334457181,0.1635873229939312,0.2957518543492919,0,3,37.55429459,127.01119995
4128,4128.  종암초등학교 뒤(새울센스빌),7411,1202,1082,1787,0.1621913372014573,0.1459991903926595,0.2411280528943462,0,0,37.58265686,127.03196716
4891,4891. 위례포레나송파,7395,1634,903,1990,0.2209601081812035,0.1221095334685598,0.2691007437457742,0,0,37.48455429,127.14919281
3634,3634. 국악고교 앞 교차로,7387,1420,1217,1745,0.192229592527413,0.164748883173142,0.2362258020847434,0,0,37.47402191,127.04844666
118,118. 광흥창역 2번출구 앞,7383,910,1212,1934,0.1232561289448733,0.164160910199106,0.2619531355817418,0,3,37.54773331,126.9317627
2330,2330. 역삼월드메르디앙아파트 앞,7374,860,1651,1514,0.1166259831841605,0.2238947653919175,0.205315975047464,0,1,37.49219894,127.03945923
4253,4253. 홍은도담도서관,7366,1755,812,1841,0.2382568558240564,0.1102362204724409,0.2499321205538962,0,0,37.60169601,126.94916534
839,839. 보광동 삼성리버빌아파트 앞,7366,797,864,2143,0.1081998370893293,0.1172956828672278,0.290931306000543,0,3,37.5240097,127.00144958
1388,1388. 돈암초교입구 버스정류장(한성대입구역 방면),7366,1011,1108,1953,0.1372522400217214,0.150420852565843,0.2651371164811295,0,3,37.59088135,127.01170349
3006,3006. 상암월드컵파크5단지(상암중학교),7362,554,1691,1352,0.0752512904102146,0.2296930182015756,0.1836457484379244,0,1,37.57948685,126.88739014
2084,2084.e편한세상 상도노빌리티 앞,7348,486,1140,1969,0.0661404463799673,0.1551442569406641,0.2679640718562874,0,3,37.50456238,126.94678497
2422,2422.수서동 성당 맞은편,7347,868,891,2189,0.1181434599156118,0.1212739893834218,0.2979447393493943,0,3,37.48416901,127.09484863
328,328. 탑골공원 앞,7344,381,1412,1920,0.0518790849673202,0.1922657952069716,0.261437908496732,0,3,37.57039642,126.9881897
3689,3689. 강일역 3번출구,7344,1451,1705,1591,0.1975762527233115,0.2321623093681917,0.2166394335511982,0,1,37.55740356,127.17653656
4045,4045. 은하수 공원,7328,1904,922,1800,0.259825327510917,0.1258187772925764,0.2456331877729257,0,0,37.63000488,127.0440979
3930,3930. 온수역 2번 출구 앞,7324,774,1923,1459,0.1056799563080284,0.2625614418350628,0.199208083014746,0,1,37.49179459,126.82500458
3676,3676. 강동리엔파크9단지,7310,1442,885,1742,0.1972640218878249,0.1210670314637483,0.2383036935704514,0,0,37.55736542,127.18013763
2341,2341. 일원역 4~5번 출구 사이,7293,826,1296,1985,0.1132592897298779,0.1777046482928836,0.2721788015905663,0,3,37.4833107,127.08493805
1759,1759.서울북부지방법원 앞,7282,979,1866,1562,0.134441087613293,0.2562482834386158,0.2145015105740181,0,1,37.67721939,127.04863739
1136,1136. 등촌2파출소,7281,1301,932,1816,0.1786842466694135,0.1280043950006867,0.2494162889712951,0,0,37.54478836,126.86199951
4582,4582. 국회도서관,7256,359,2150,986,0.049476295479603,0.2963065049614112,0.1358875413450937,0,2,37.53054047,126.91817474
134,134. 연세로 명물길,7251,372,1427,2037,0.0513032685146876,0.1968004413184388,0.2809267687215556,0,3,37.55789185,126.93807983
1812,1812. 갑을그레이트밸리 앞,7239,793,2347,1314,0.1095455173366487,0.3242160519408758,0.1815167840861997,0,1,37.47903061,126.88729858
1548,1548. 북서울 꿈의숲 서문,7232,334,1009,3147,0.046183628318584,0.1395188053097345,0.4351493362831858,0,3,37.62268829,127.03781128
810,810. 이태원지하보도,7230,750,1464,2237,0.1037344398340249,0.2024896265560166,0.3094052558782849,0,3,37.53841019,126.98664856
4313,4313. 반포종합운동장,7228,711,1621,2115,0.0983674598782512,0.2242667404537908,0.292612064194798,0,3,37.49979782,126.99646759
140,140. 이화여대 후문,7227,607,2135,1269,0.0839905908399059,0.2954199529541995,0.1755915317559153,0,1,37.560009,126.94073486
6182,6182.오스템임플란트비전타워,7221,298,3895,516,0.0412685223653233,0.5393989752111896,0.0714582467802243,0,2,37.57143402,126.82884979
4775,4775. 을지로지하쇼핑센터,7215,674,1891,1477,0.0934164934164934,0.2620928620928621,0.2047124047124047,0,1,37.56589127,126.98445129
3609,3609. 언주초등학교 입구,7200,878,1998,1388,0.1219444444444444,0.2775,0.1927777777777777,0,1,37.48536682,127.03849792
737,737. 장수공원,7192,1472,1206,1742,0.2046718576195773,0.1676863181312569,0.2422135706340378,0,0,37.52256012,126.84947968
2148,2148. 낙성대역 3번출구 뒤,7187,870,1336,1663,0.1210518992625574,0.1858911924307777,0.231390009739808,0,1,37.47702789,126.96339417
3906,3906. 천왕차량사업소 입구,7164,1313,1849,1655,0.1832774986041317,0.2580960357342267,0.2310161920714684,0,1,37.47604752,126.84501648
2426,2426.강남한신휴플러스 6단지,7164,2190,613,1586,0.3056951423785594,0.0855667225013958,0.2213847012841987,0,0,37.46829605,127.10469818
3525,3525. 금호스포츠센터앞,7154,866,1042,2334,0.1210511601901034,0.1456527816606094,0.3262510483645513,0,3,37.54608917,127.02507019
621,621. 전농초등학교 건너편,7153,1949,1030,1702,0.2724730882147351,0.1439955263525793,0.2379421221864952,0,0,37.57489014,127.05353546
3553,3553.마장역3번출구,7142,1163,1397,1633,0.1628395407448893,0.19560347241669,0.2286474376925231,0,1,37.565979,127.04311371
3116,3116.신촌역 4번출구,7136,644,1189,1840,0.0902466367713004,0.1666199551569506,0.257847533632287,0,3,37.55550385,126.93720245
4678,4678. 백련산로 녹번센트레빌 ,7131,1730,793,1761,0.2426027205160566,0.1112045996353947,0.2469499368952461,0,0,37.59954453,126.92653656
1083,1083.광문고교사거리(아이파크),7120,903,1149,1801,0.1268258426966292,0.161376404494382,0.2529494382022472,0,3,37.56036758,127.15659332
1998,1998. 고척교 교차로,7112,763,1334,2196,0.1072834645669291,0.187570303712036,0.3087739032620922,0,3,37.49856949,126.871521
900,900. 은평예술회관,7106,975,1422,1552,0.1372079932451449,0.2001125809175344,0.2184069800168871,0,1,37.60394287,126.92769623
1516,1516. 우이동길마을마당,7103,1251,1059,1817,0.176122765028861,0.1490919329860622,0.255807405321695,0,0,37.63858795,127.01590729
5871,5871. 건영상가 앞,7095,1888,919,1621,0.2661028893587033,0.1295278365045807,0.2284707540521494,0,0,37.50611877,126.90161133
4889,4889. 마천역 1번 출구 인근②,7087,888,1304,1856,0.1252998447862283,0.1839988711725695,0.2618879638775222,0,3,37.49459076,127.15109253
4615,4615. 크라운호텔앞 버스정류소,7085,221,1431,2390,0.0311926605504587,0.2019760056457304,0.3373323923782639,0,3,37.53030014,126.99137878
235,235. 신길동 우리은행 옆,7076,814,1164,1853,0.1150367439231204,0.1644997173544375,0.2618711136235161,0,3,,
1682,1682. 중계종합사회복지관 교차로,7067,672,1028,1853,0.0950898542521579,0.145464836564313,0.2622046129899533,0,3,37.65745544,127.07554626
843,843. 이태원관광특구 입구(용산구청방향),7061,265,1618,2176,0.0375300948874097,0.2291460133125619,0.308171647075485,0,3,37.53379822,126.98867035
2246,2246. 서울시 품질시험소 앞,7041,765,1811,1369,0.1086493395824456,0.2572077829853714,0.1944326090044028,0,1,37.46920013,127.02900696
3604,3604. 삼성중앙역 5번출구,7020,1417,1608,1187,0.2018518518518518,0.229059829059829,0.1690883190883191,0,1,37.51296234,127.05386353
1241,1241. 문정 법조단지5,7020,1291,1314,1769,0.1839031339031339,0.1871794871794871,0.251994301994302,0,0,37.48123932,127.11979675
3761,3761. 나이아가라관광호텔,7020,1293,821,1993,0.1841880341880342,0.1169515669515669,0.2839031339031339,0,0,37.5490303,126.87836456
271,271. 샛강생태공원방문자센터 앞,7002,1289,1672,1611,0.1840902599257355,0.2387889174521565,0.2300771208226221,0,1,37.51896286,126.9216156
250,250. 대림아파트 사거리,6993,1479,994,1971,0.2114972114972114,0.1421421421421421,0.2818532818532818,0,0,37.50764084,126.92308044
3636,3636. 삼성중앙역·플래티넘아파트 정류소,6993,833,1287,1665,0.1191191191191191,0.184041184041184,0.238095238095238,0,3,37.51264191,127.05156708
976,976.진관고등학교앞,6989,1320,825,1547,0.1888682214909142,0.1180426384318214,0.2213478323079124,0,0,37.64350891,126.92410278
1031,1031. 올림픽로 836(아리수로),6983,930,1431,1762,0.1331805814120005,0.2049262494629815,0.2523270800515538,0,3,37.55582047,127.12991333
4838,4838.동원사거리 행복오피스텔 앞,6977,1090,912,1829,0.1562276049878171,0.1307152071090726,0.2621470546079977,0,3,37.58973694,127.0941925
575,575. 대원중고교 입구(대하빌딩),6968,954,1050,1865,0.1369115958668197,0.1506888633754305,0.2676521239954075,0,3,37.56429291,127.08693695
1835,1835. STX V타워,6965,1725,2300,853,0.2476669059583632,0.3302225412778176,0.1224694903086862,0,1,37.47706985,126.88442993
4206,4206. 광흥창역5번출구,6956,966,1463,1883,0.1388729154686601,0.2103220241518114,0.2707015526164462,0,3,37.54737854,126.931633
638,638. 서울시립대 정보기술관,6953,265,1722,1319,0.038113044728894,0.2476628793326621,0.1897022867826837,0,1,37.58300781,127.06097412
2038,2038. 동작역 7번출구,6951,698,1399,2310,0.1004172061573874,0.2012660048913825,0.3323262839879154,0,3,37.50318146,126.97608948
745,745. 강서초등학교,6948,1502,1055,1650,0.2161773172135866,0.1518422567645365,0.2374784110535406,0,0,37.52228165,126.83969879
2020,2020. 장승배기역2번출구뒷편쪽,6945,964,1184,1681,0.1388048956083513,0.1704823614110871,0.2420446364290856,0,3,37.50449753,126.93898773
405,405. DMC빌 앞,6944,670,2050,941,0.0964861751152073,0.2952188940092166,0.1355126728110599,0,1,37.58265686,126.88578796
1325,1325. 상월곡역 4번출구,6935,686,1443,1652,0.0989185291997116,0.2080749819754866,0.2382119682768565,0,1,37.60580826,127.04773712
4420,4420. 성북구 한예종 캠퍼스 별관,6931,561,1399,1258,0.0809407011975184,0.2018467753570913,0.1815033905641321,0,1,37.60289764,127.05847931
555,555. 구의3동주민센터,6919,650,1280,1758,0.0939442115912704,0.1849978320566556,0.2540829599653129,0,3,37.53784943,127.09217072
845,845. 용산 선인상가,6915,506,2356,872,0.073174258857556,0.3407086044830079,0.1261026753434562,0,2,37.53269958,126.96437836
1287,1287. 위례아이파크 101동 맞은편,6908,1546,1064,1964,0.2237984944991314,0.1540243196294151,0.2843080486392588,0,0,37.47746658,127.14151001
428,428. 명보사거리,6906,587,2028,996,0.0849985519837822,0.2936576889661164,0.1442224152910512,0,1,37.56439972,126.99143219
1441,1441. 신내능말공원,6882,1983,789,1546,0.2881429816913688,0.1146469049694856,0.2246439988375472,0,0,37.61670685,127.11026001
1840,1840. 솔브레인이엔지 뒤편,6869,1315,2505,819,0.191439802009026,0.3646819042073081,0.1192313291599941,0,2,37.47555161,126.88845825
2614,2614. 가락고등학교 앞,6832,1607,713,1612,0.2352166276346604,0.1043618266978922,0.2359484777517564,0,0,37.50186157,127.11723328
2273,2273. 일동제약 사거리,6831,602,1685,1830,0.0881276533450446,0.2466695944956814,0.2678963548528766,0,3,37.47782898,127.03826904
1856,1856. 모두의학교,6823,2021,745,1698,0.2962040158288143,0.1091895060823684,0.2488641360105525,0,0,37.47840881,126.90737152
2388,2388. 강남구 도시관리공단,6817,1828,1368,1463,0.2681531465454012,0.2006747836291623,0.2146105324922986,0,0,37.51678467,127.05161285
2339,2339. 현대아파트 정문 앞,6798,1529,928,1841,0.2249190938511326,0.136510738452486,0.2708149455722271,0,0,37.48326111,127.0522995
535,535. 응봉삼거리,6797,1058,911,2196,0.1556569074591731,0.1340297189936737,0.3230837134029719,0,3,37.5539856,127.03359222
941,941. 은평뉴타운 도서관,6792,817,1171,1877,0.1202885747938751,0.1724087161366313,0.2763545347467609,0,3,37.63722229,126.93330383
4836,4836. 양원역 1번 출구,6791,831,1475,1509,0.1223678397879546,0.2171992342806656,0.2222058606979826,0,1,37.60655212,127.10708618
952,952. 서울연신중학교,6789,1614,735,1721,0.2377375165709235,0.1082633672116659,0.2534983060833701,0,0,37.62265015,126.92524719
1421,1421. 신내역 4번출구,6788,1149,1591,1436,0.169269298762522,0.2343842074248674,0.2115497937536829,0,1,37.61246109,127.1033783
4807,4807. 라코지스테이 앞,6786,1401,809,1834,0.2064544650751547,0.1192160330091364,0.2702623047450633,0,0,37.59432602,127.07846069
1696,1696.수락리버시티4단지,6777,1325,797,2008,0.1955142393389405,0.1176036594363287,0.2962962962962963,0,0,37.68645096,127.05283356
1480,1480. 용마지구대 B,6770,714,1105,2096,0.1054652880354505,0.1632200886262924,0.3096011816838995,0,3,37.58111191,127.08010101
4264,4264. 홍남교 버스정류장,6766,1640,912,1949,0.2423884126514927,0.1347916050842447,0.2880579367425362,0,0,37.57675552,126.92827606
4546,4546. 목동운동장 주경기장,6752,687,1058,2216,0.1017476303317535,0.1566943127962085,0.3281990521327014,0,3,37.53002167,126.88219452
4362,4362. 행당중학교 후문,6749,499,1200,2143,0.0739368795377092,0.1778041191287598,0.3175285227441102,0,3,37.5540123,127.04154968
298,298.KBS 연구동 건너편,6744,1414,2007,1269,0.209667852906287,0.2975978647686833,0.1881672597864768,0,1,37.52750778,126.91429901
909,909. 백련산 힐스테이트 3차,6742,1683,785,1436,0.2496291901512904,0.1164342924948086,0.2129931770987837,0,0,37.58699417,126.92288208
3922,3922. 서울남부교정시설 앞,6714,997,2599,1301,0.1484956806672624,0.3871015787905868,0.1937742031575811,0,2,37.47715378,126.83985901
1758,1758.솔밭공원역 1번출구 주변,6713,765,912,2037,0.1139579919559064,0.1358558021748845,0.3034410844629823,0,3,37.65727997,127.0137558
2229,2229.로고스교회 맞은 편,6709,1094,1122,1696,0.163064540169921,0.1672380384558056,0.2527947533164406,0,3,37.48701096,126.98496246
4958,4958. 고덕래미안힐스테이트 아파트 211동,6707,2245,446,1449,0.3347249142686745,0.0664976889816609,0.2160429402117191,0,0,37.55949402,127.14512634
1025,1025. 상일초등학교,6700,735,2213,1177,0.1097014925373134,0.3302985074626866,0.1756716417910447,0,2,37.54684067,127.17251587
963,963. 불광롯데캐슬아파트 앞,6684,893,884,1848,0.1336026331538001,0.1322561340514662,0.2764811490125673,0,3,37.61442947,126.93257904
1034,1034. 고덕동 래미안 힐스테이트,6673,1830,744,1650,0.2742394725011239,0.1114940806234077,0.247265098156751,0,0,37.5618782,127.15078735
712,712. 강월초교입구 사거리,6668,1112,953,1547,0.1667666466706658,0.1429214157168566,0.2320035992801439,0,0,,
4774,4774. 을지로입구역 8번출구,6648,758,1586,1450,0.1140192539109506,0.2385679903730445,0.2181107099879663,0,1,37.56590271,126.98178101
4312,4312. 반포미도2차아파트 옆,6644,980,1674,1305,0.1475015051173991,0.2519566526189042,0.196417820590006,0,1,37.50320435,127.00653076
2069,2069. 숭실대 입구역3번 출구 앞,6643,541,1053,1819,0.0814391088363691,0.1585127201565557,0.2738220683426163,0,3,37.4966011,126.95368195
434,434. 신당 래미안 버스정류장,6641,1168,800,2099,0.175877126938714,0.1204637855744616,0.3160668574009938,0,3,37.56148911,127.02393341
965,965. 서울특별시 은평병원,6641,1211,896,1400,0.1823520554133413,0.134919439843397,0.2108116247553079,0,0,37.59347916,126.92318726
2626,"2626.경찰병원역 1,2번 출구 사이",6641,1531,1134,1361,0.230537569643126,0.1707574160517994,0.2049390152085529,0,0,37.49569321,127.12385559
1825,1825. 한신아파트 앞 육교 아래,6637,1498,1276,1670,0.2257043845110742,0.1922555371402742,0.2516197076992617,0,0,37.45470047,126.89105225
1543,1543. 수유1동 주민센터,6625,794,1016,1736,0.1198490566037735,0.1533584905660377,0.2620377358490566,0,3,37.63018799,127.01773834
4888,4888. 둔촌오륜역 2번출구,6623,1187,939,1803,0.1792239166540842,0.1417786501585384,0.2722331269817303,0,0,37.51869202,127.13906097
1672,1672. 상계동수락리버시티,6618,883,953,1904,0.1334239951647023,0.1440012088244182,0.2877002115442732,0,3,37.68859863,127.05340576
2196,2196. 봉천역 3번출구,6617,635,1181,1806,0.0959649387940154,0.1784796735680822,0.2729333534834517,0,3,37.4833107,126.93902588
3658,3658. 프라이어팰리스아파트,6615,1416,823,1926,0.2140589569160997,0.1244142101284958,0.291156462585034,0,0,37.5546875,127.1394043
2416,2416.한티역 6번 출구,6614,994,1464,1468,0.150287269428485,0.2213486543695192,0.2219534321136982,0,1,37.4958992,127.05219269
975,975.백련산 힐스테이트상가앞,6610,2072,618,1609,0.313464447806354,0.0934947049924357,0.2434190620272314,0,0,37.59036255,126.92301178
2174,2174. 삼성디지털프라자관악점,6599,519,914,1928,0.0786482800424306,0.1385058342173056,0.2921654796181239,0,3,37.48856354,126.92848206
4753,4753. 시청역 10번출구,6595,1058,1567,940,0.1604245640636846,0.2376042456406368,0.1425322213798332,0,1,37.56284332,126.9726181
4715,4715. 돈의문 박물관 마을,6587,1187,1846,958,0.1802034310004554,0.2802489752542887,0.1454379839076969,0,1,37.56883621,126.96955109
2198,2198.사랑의병원,6559,817,752,1857,0.1245616709864308,0.1146516237231285,0.2831224271992681,0,3,37.47946548,126.95693207
1207,1207. 마천중앙시장,6547,1260,800,1789,0.1924545593401558,0.1221933710096227,0.2732549259202688,0,0,37.49975586,127.15250397
5072,5072. 김포공항입구 교통섬,6547,1178,1103,1678,0.1799297388116694,0.1684741102795173,0.2563005956926836,0,0,37.56154633,126.80708313
2826,2826.가마산지하보도 옆,6541,1858,1247,1274,0.284054425928757,0.190643632472099,0.1947714416755847,0,0,37.48864746,126.88047028
2358,2358. 구룡초사거리 (현대아파트10동 앞 ),6536,1778,979,1523,0.27203182374541,0.1497858017135863,0.2330171358629131,0,0,37.48138428,127.05391693
1032,1032. 선사고등학교,6523,1155,1066,1622,0.1770657672849915,0.163421738463897,0.2486585926720834,0,0,37.55672836,127.13626099
2344,2344. 리엔파크 2단지 앞,6522,963,689,1724,0.1476540938362465,0.1056424409690279,0.2643360932229378,0,3,37.46506119,127.10119629
5777,5777. 호반써밋12단지,6477,1509,784,1515,0.2329782306623437,0.1210436930677782,0.2339045854562297,0,0,37.48448563,127.14067841
4579,4579. 국회의사당 본관,6472,947,2116,1136,0.1463226205191594,0.326946847960445,0.1755253399258343,0,1,37.5325737,126.91404724
2502,2502. 서초역1번출구 앞,6466,751,1365,1590,0.1161459944324157,0.2111042375502629,0.2459016393442623,0,1,37.49195099,127.00855255
2517,2517. 서초그랑자이 앞,6455,1679,1405,1401,0.2601084430673896,0.2176607281177381,0.2170410534469403,0,0,37.48768234,127.0247879
4234,4234. 에스테반,6454,1923,826,1549,0.2979547567400062,0.1279826464208243,0.2400061977068484,0,0,37.54891968,126.95951843
299,299.여의도 순복음교회,6444,186,1187,3016,0.0288640595903165,0.1842023587833643,0.468032278088144,0,3,37.53179169,126.92245483
2822,2822.제니스스포츠 앞,6419,1514,1235,1588,0.2358622838448356,0.1923975697149088,0.2473905592771459,0,0,37.50452042,126.87055206
1519,1519. 장미원시장 건너편,6419,644,1014,1735,0.1003271537622682,0.1579685309238199,0.2702913226359246,0,3,37.64545059,127.01561737
1733,1733. 방학사거리 (봄마당 앞),6414,530,1087,1741,0.0826317430620517,0.1694730277517929,0.2714374805113813,0,3,37.66297913,127.04193878
2116,2116. 에이스에이존빌딩,6413,272,1101,1771,0.0424138468735381,0.1716825198814907,0.2761578044596912,0,3,37.48170471,126.95082855
4275,4275.농협생명본사빌딩 서관,6411,1080,1690,944,0.1684604585868039,0.2636094213071284,0.1472469193573545,0,1,37.56233597,126.96909332
710,710. 금옥여고보도육교,6411,1121,449,1043,0.1748557167368585,0.0700358758384027,0.1626891280611449,0,0,37.50971222,126.84416962
2331,2331. 동영문화센터앞,6408,929,1342,1258,0.1449750312109862,0.2094257178526841,0.1963171036204744,0,1,37.49805069,127.04460144
1015,1015. 샛마을 근린공원,6407,925,894,1910,0.144373341657562,0.1395348837209302,0.2981114406118308,0,3,,
4318,4318. 방배역 2번 출구,6402,747,1503,1406,0.1166822867853795,0.2347703842549203,0.2196188691034052,0,1,37.48116684,126.99758911
1064,1064.중앙보훈병원역 1번출구,6396,765,1217,1732,0.1196060037523452,0.190275171982489,0.2707942464040025,0,3,37.52779388,127.14764404
4389,4389. 서울숲역3번출구,6374,254,1393,2600,0.0398493881393159,0.218544085346721,0.4079071226859115,0,3,37.54255676,127.04423523
1230,1230. 송파중학교 정문,6368,656,969,2010,0.1030150753768844,0.1521670854271356,0.3156407035175879,0,3,37.49567032,127.13059235
851,851.효창 푸르지오 앞,6363,1062,970,1887,0.1669024045261669,0.1524438158101524,0.2965582272512965,0,3,37.54047775,126.95811462
2071,2071. 대림아파트 후문 상가 옆,6360,1162,671,1675,0.1827044025157232,0.105503144654088,0.2633647798742138,0,0,37.48886871,126.97190857
3776,3776. 김포공항사거리,6359,1086,1127,1483,0.1707815694291555,0.1772291240761126,0.2332127693033495,0,1,37.5675354,126.80518341
4935,4935. 도곡삼성래미안,6324,1789,853,1657,0.2828905755850727,0.1348829854522454,0.2620177103099304,0,0,37.48920441,127.05106354
4585,4585. 국회6문,6318,135,1533,2127,0.0213675213675213,0.2426400759734093,0.3366571699905033,0,3,37.53271866,126.91799164
2501,2501. 서초 포레스타5단지,6313,1769,765,1583,0.2802154284809124,0.1211785205132266,0.2507524156502455,0,0,37.45066071,127.05706024
1859,1859. 대륭테크노타운 18차,6279,215,3531,430,0.0342411211976429,0.5623506927854754,0.0684822423952858,0,2,37.4679985,126.88684082
863,863.이촌역2번 출구,6274,567,1437,2247,0.090372967803634,0.2290404845393688,0.358144724258846,0,3,37.52177048,126.977005
163,163. 명지전문대학교 정문 앞,6262,1281,819,1245,0.20456723091664,0.1307888853401469,0.1988182689236665,0,0,37.58369827,126.9249649
1831,1831. 한국전력 구로금천지사 앞,6258,1658,1079,1159,0.2649408756791307,0.1724193032917865,0.1852029402364972,0,0,37.47249985,126.89795685
4686,4686. 우물골 근린공원,6234,1165,747,1710,0.1868784087263394,0.1198267564966313,0.2743022136669875,0,0,37.63406754,126.92539215
2549,2549.호반써밋서초파크 403동,6233,1912,746,1424,0.306754371891545,0.1196855446815337,0.2284614150489331,0,0,37.45924759,127.02390289
3663,3663. 암사정수센터교차로(강동롯데캐슬퍼스트아파트),6231,1636,604,1525,0.2625581768576472,0.0969346814315519,0.2447440218263521,0,0,37.55845642,127.14415741
4863,4863. 잠실나들목5,6219,983,876,1680,0.1580639974272391,0.1408586589483839,0.2701398938736131,0,3,37.5164032,127.07761383
919,919. 서울혁신파크,6218,591,1154,1877,0.0950466387906079,0.1855902219363139,0.3018655516243165,0,3,37.60702515,126.93331146
167,167. 연가초등학교 옆,6202,1387,810,1642,0.2236375362786198,0.1306030312802321,0.2647533053853595,0,0,37.57946014,126.91712952
171,171. 임광빌딩 앞,6197,1541,1436,987,0.2486687106664515,0.2317250282394707,0.1592706148136194,0,1,37.56472397,126.96727753
2396,2396. 영동3교 북단(우성캐릭터 앞 보도),6194,867,1041,1956,0.1399741685502099,0.1680658701969648,0.3157894736842105,0,3,37.48574066,127.05104828
2326,2326. 대치동 삼성로,6191,711,1356,1607,0.114844128573736,0.2190276207397835,0.2595703440478113,0,3,37.50239563,127.05879974
1528,1528. 삼각산동 주민센터,6189,811,725,1676,0.1310389400549362,0.1171433187914041,0.270803037647439,0,3,37.61503601,127.02069855
636,636. 세종대왕기념관 교차로,6183,446,1992,1165,0.0721332686398188,0.3221737020863658,0.1884198609089439,0,2,37.59090042,127.04258728
2337,2337. 대모산입구역 2번출구 앞,6181,845,770,1881,0.1367092703446044,0.1245753114382786,0.304319689370652,0,3,37.49207687,127.07197571
471,471.회현사거리 남측,6170,948,1523,1101,0.1536466774716369,0.2468395461912479,0.1784440842787682,0,1,37.56035995,126.98265076
1067,1067.한영중고앞사거리,6169,821,941,1575,0.1330847787323715,0.1525368779380775,0.2553088020748906,0,3,37.54903412,127.15605164
757,757. 신정이펜하우스 1단지아파트 입구 사거리,6158,1591,848,1535,0.2583631049041897,0.1377070477427736,0.2492692432607989,0,0,37.51427841,126.82874298
3765,3765. 문소빌딩,6157,1735,715,1523,0.2817930810459639,0.1161279844079909,0.2473607276270911,0,0,37.54555511,126.84449768
3770,3770. 남부순환로 205,6156,1165,982,1570,0.1892462638076673,0.1595191682910981,0.2550357374918778,0,0,37.54739761,126.82141113
3537,3537. 아차산 휴먼시아 아파트 옆,6156,1233,865,1790,0.2002923976608187,0.1405133203378817,0.2907732293697206,0,0,37.54848862,127.09375763
4134,4134. 제기동 현대아파트 앞,6155,696,1178,1495,0.1130787977254264,0.1913891145410235,0.2428919577579203,0,3,37.57994843,127.0353241
4687,4687. 역촌센트레빌아파트 101동 앞,6149,1633,749,1461,0.2655716376646609,0.1218084241340055,0.2375996096926329,0,0,37.60354233,126.90672302
1275,1275. 거여초등학교 옆,6142,1342,802,1609,0.2184956040377727,0.1305763594920221,0.2619667860631716,0,0,37.50458908,127.13936615
4604,4604. 원효로다목적체육관 앞,6132,773,1967,1217,0.1260600130463144,0.3207762557077626,0.1984670580560991,0,1,37.5332222,126.95723724
4555,4555. 대림우성2차아파트,6131,560,1090,1704,0.0913390963953678,0.1777850269124123,0.277931821888762,0,3,37.49519348,126.900177
1849,1849. 대륭포스트타워5차,6116,970,1302,1174,0.158600392413342,0.2128842380640941,0.1919555264879006,0,1,37.48135376,126.88694
4862,4862. 성내교 남단,6104,736,1162,2055,0.1205766710353866,0.1903669724770642,0.3366644823066841,0,3,37.52301788,127.11588287
4954,4954. 신명초등학교 건너편,6104,1914,547,1404,0.313564875491481,0.089613368283093,0.2300131061598951,0,0,37.54004288,127.15074158
5751,5751. 송파여성축구장,6098,503,1165,2111,0.0824860610036077,0.1910462446703837,0.3461790751065923,0,3,37.52471542,127.11743927
2008,2008. 노량진근린공원 대방공원,6096,1130,653,1597,0.1853674540682414,0.1071194225721784,0.2619750656167979,0,0,37.5093689,126.92807007
1426,1426. 면목도시개발아파트 1동 앞,6091,969,1093,1674,0.1590871778033163,0.1794450829092103,0.2748317189295682,0,3,37.57358932,127.08682251
1736,1736. 버스정류장 앞,6086,496,1054,1547,0.0814985211961879,0.1731843575418994,0.2541899441340782,0,3,37.65224075,127.0370636
667,667.청량차도 육교 밑,6072,1382,1104,1395,0.2276021080368906,0.1818181818181818,0.2297430830039525,0,0,37.58670807,127.04688263
1183,1183. 강서대학교,6070,1742,896,1220,0.2869851729818781,0.1476112026359143,0.200988467874794,0,0,37.54832077,126.85340118
477,477.앰배서더 호텔 주변,6066,820,1010,1606,0.1351796900758325,0.1665018133860863,0.2647543686119353,0,3,37.55928802,127.00268555
4855,4855. 거여5단지 503동 앞,6055,679,808,1781,0.1121387283236994,0.1334434351775392,0.2941370767960363,0,3,37.48933029,127.1460495
2313,2313. 금원빌딩 앞,6051,203,1986,1498,0.033548173855561,0.3282102131879028,0.2475623863824161,0,1,37.52511597,127.05246735
351,351. 청운초교 앞 삼거리,6049,1494,748,1423,0.2469829723921309,0.1236568027773185,0.2352454951231608,0,0,37.58496857,126.97041321
922,922. 연신내역 4번출구,6027,549,1133,1568,0.0910900945744151,0.1879873900779824,0.2601626016260163,0,3,37.61780167,126.92196655
760,760. 잣절보도육교 아래,6025,1137,896,1486,0.188713692946058,0.1487136929460581,0.2466390041493776,0,0,37.50682068,126.84429932
2026,2026. 흑석역 4번출구,6015,979,1133,1300,0.1627597672485453,0.1883624272651704,0.2161263507896924,0,1,37.50858688,126.96349335
2903,2903.월계초안아파트 1단지,6014,1030,742,1759,0.1712670435650149,0.1233787828400399,0.292484203525108,0,3,37.63372803,127.04436493
1105,1105. 방화근린공원,6014,691,699,2357,0.1148985700033255,0.1162287994679082,0.3919188560026604,0,3,37.58162308,126.81265259
1910,1910. 낙원교회 맞은편,6013,1592,943,1193,0.2647596873440878,0.1568268751039414,0.1984034591717944,0,0,37.49750519,126.88437653
4785,4785. 롯데시티호텔,6009,572,1980,770,0.0951905475120652,0.3295057413879181,0.128141121650857,0,2,37.56691742,126.98783112
4683,4683. 은평 성모병원 사거리,6008,874,974,1515,0.1454727030625832,0.1621171770972037,0.2521637816245006,0,3,37.63470078,126.9173584
371,371. 동대입구역 6번출구 뒤,6003,590,1114,1596,0.0982841912377144,0.1855738797268032,0.2658670664667666,0,3,37.55887222,127.00553894
169,169. 북가좌 삼거리,6000,1457,866,1262,0.2428333333333333,0.1443333333333333,0.2103333333333333,0,0,37.57300186,126.90779877
4658,4658. 녹번역1번출구앞,6000,499,1197,1569,0.0831666666666666,0.1995,0.2615,0,3,37.60176849,126.9354248
2233,2233. 서초신동아1차아파트 옆,5982,1010,890,1233,0.1688398528920093,0.1487796723503844,0.2061183550651955,0,0,37.49111176,127.02295685
4578,4578.보라매sk뷰,5972,1058,906,1622,0.1771600803750837,0.1517079705291359,0.2716008037508372,0,0,37.50400543,126.92028046
1554,1554.번동사거리,5968,767,859,1632,0.1285187667560321,0.1439343163538874,0.2734584450402145,0,3,37.63539124,127.03455353
1042,1042. 강일리버파크 2~5단지,5967,1288,1056,1486,0.2158538629126864,0.1769733534439417,0.2490363666834255,0,0,37.5685463,127.17700958
923,923. 국민은행 연서지점,5964,818,749,1597,0.1371562709590878,0.1255868544600939,0.2677733065057008,0,3,37.62094879,126.92563629
2122,2122. 낙성대로 입구,5960,499,904,1654,0.0837248322147651,0.1516778523489932,0.2775167785234899,0,3,37.47805786,126.960495
135,135. 명물길 원형무대 앞,5954,583,1471,1564,0.0979173664763184,0.2470607994625462,0.2626805508901579,0,1,37.55922699,126.93984222
120,120. 신수동 사거리,5940,1332,697,1662,0.2242424242424242,0.1173400673400673,0.2797979797979798,0,0,37.54524231,126.93411255
946,946. 독바위역 ,5903,703,862,1824,0.1190919871251905,0.1460274436727087,0.3089954260545485,0,3,37.61843872,126.93288422
4419,4419. 성북구 한예종 캠퍼스 본관,5902,498,1086,861,0.0843781768891901,0.1840054218908844,0.1458827516096238,0,1,37.60665131,127.05618286
1063,1063.강동롯데캐슬퍼스트 아파트(관리동),5890,1177,760,1960,0.199830220713073,0.1290322580645161,0.33276740237691,0,0,37.55666351,127.14273834
2381,2381. 언주역 4번출구,5889,563,1367,1172,0.0956019697741552,0.2321276957038546,0.1990151129223976,0,1,37.50636673,127.03452301
2272,2272. 교대입구 교차로,5883,591,1571,1233,0.1004589495155532,0.2670406255311915,0.209586945436002,0,1,37.4873085,127.01058197
3726,3726.삼양동사거리,5883,563,635,1695,0.0956994730579636,0.1079381268060513,0.2881183069862315,0,3,37.61792755,127.0213623
6055,6055. 한국경제,5880,1188,1534,859,0.2020408163265306,0.2608843537414966,0.1460884353741496,0,1,37.56062698,126.96768188
4458,4458. 가락2동주민센터 인근,5875,959,967,1400,0.1632340425531915,0.164595744680851,0.2382978723404255,0,0,37.49917603,127.12589264
138,138. 신촌동 제1공영주차장 앞,5871,916,800,1378,0.1560211207630727,0.1362629875660023,0.2347129960824391,0,0,37.5591774,126.93452454
2336,2336. 강남세브란스교차로  래미안그레이튼 104동 앞,5870,1112,1141,1066,0.1894378194207836,0.1943781942078364,0.1816013628620102,0,1,37.49423599,127.04746246
2139,2139. 서울신성초등학교,5870,1145,903,1550,0.1950596252129472,0.1538330494037478,0.2640545144804088,0,0,37.4711647,126.93701935
4599,4599. 대림우성아파트 사거리,5868,1094,898,1499,0.1864349011588275,0.1530334014996591,0.255453306066803,0,0,37.49484634,126.90029144
4058,4058. 다락원체육공원 전망대 입구,5865,230,882,2039,0.0392156862745098,0.1503836317135549,0.3476555839727195,0,3,37.69101334,127.04916382
4472,4472. 송파파크데일 1단지 115동 건너편,5855,593,709,1605,0.1012809564474807,0.1210930828351836,0.2741246797608881,0,3,37.49763107,127.15966797
4784,4784. 중부경찰서앞 사거리,5832,697,1665,932,0.1195130315500686,0.2854938271604938,0.1598079561042524,0,1,37.56459045,126.99076843
1693,1693. 원자력 병원,5827,847,1177,1343,0.1453578170585207,0.2019907327956066,0.2304788055603226,0,1,37.62818909,127.08210754
4474,4474. 가락현대 1차 11동 앞,5820,773,871,1686,0.1328178694158075,0.1496563573883161,0.2896907216494845,0,3,37.49146652,127.12664032
4173,4173. 중대후문 마을버스정류장,5811,631,904,1761,0.1085871622784374,0.1555670280502495,0.3030459473412493,0,3,37.50444412,126.95025635
1130,1130. 화곡본동시장 버스정류장,5810,868,980,1428,0.1493975903614458,0.1686746987951807,0.2457831325301205,0,3,37.54275131,126.84262085
4281,4281.명지대사거리,5808,1152,790,1510,0.1983471074380165,0.1360192837465564,0.2599862258953168,0,0,37.57701874,126.92015076
3638,3638. 신청담나들목,5806,417,1189,1797,0.0718222528418877,0.2047881501894591,0.309507406131588,0,3,37.52796173,127.05162811
840,840. 용산 파크타워 앞,5800,889,929,1783,0.1532758620689655,0.1601724137931034,0.3074137931034483,0,3,37.52365112,126.97026825
1056,1056. 강일리버파크 7~11단지,5798,1677,657,1424,0.289237668161435,0.1133149361848913,0.2456019317005864,0,0,37.56335449,127.17905426
4637,4637. 용산시티파크 101동 앞,5789,723,879,1819,0.124892036621178,0.1518396959751252,0.3142166177232682,0,3,37.52468109,126.96819305
4064,4064. 신창아파트 입구 앞,5788,1415,677,1408,0.2444713199723566,0.1169661368348306,0.2432619212163096,0,0,37.64051056,127.04082489
3933,3933. 오류동부골든아파트 후문 옆,5787,1567,567,1521,0.2707793329877311,0.0979782270606531,0.2628304821150855,0,0,37.49938202,126.84114075
3623,3623. 일원에코파크 앞(개포로 방면),5782,877,971,1702,0.1516776202006226,0.1679349705984088,0.2943618125216188,0,3,37.49587631,127.08650208
260,260. 여의도 마리나선착장 앞,5781,397,1246,2038,0.0686732399238886,0.2155336446981491,0.3525341636395087,0,3,37.53365707,126.91216278
4548,4548.신목동역1번출구,5778,698,1037,1329,0.1208030460366909,0.1794738663897542,0.2300103842159916,0,1,37.54470444,126.88251495
2650,2650.위례22단지 2208동 다리앞,5776,1730,534,1414,0.2995152354570637,0.0924515235457063,0.2448060941828254,0,0,37.47854996,127.13813782
993,993.은평뉴타운 은뜨락아파트앞,5772,677,1098,1440,0.1172903672903672,0.1902286902286902,0.2494802494802495,0,3,37.63028717,126.91956329
822,822. 이촌1동 마을공원,5764,968,1243,1384,0.1679389312977099,0.215648854961832,0.2401110340041637,0,1,37.52202606,126.96618652
4401,4401.뚝섬유수지 공영주차장,5741,647,1094,1595,0.1126981362132032,0.1905591360390175,0.2778261626894269,0,3,37.55018234,127.042099
1348,1348. 성북제일새마을금고 본점 앞,5732,904,978,1488,0.1577110956036287,0.1706210746685275,0.2595952547103978,0,3,37.60475159,127.02275848
4390,4390. 신답역 1번출구,5732,994,1813,973,0.1734124214933705,0.3162944870900209,0.1697487787857641,0,1,37.57045364,127.04694366
1973,1973. 오리로와 서해안도로 교차로 앞,5731,1060,686,1439,0.184958994939801,0.1196998778572674,0.2510905601116733,0,0,37.48859787,126.83649445
1049,1049. 강일리버파크 10단지,5731,1345,513,1461,0.2346885360321061,0.089513173966149,0.2549293317047635,0,0,37.561203,127.18026733
160,160. 북아현동 가구거리,5730,710,1230,1401,0.1239092495636998,0.2146596858638743,0.2445026178010471,0,1,37.55754852,126.9593811
3644,3644. 상록수아파트,5723,620,807,1749,0.1083347894460947,0.1410099598112877,0.3056089463568058,0,3,37.48276138,127.08042145
4634,4634. 이태원역 3번 출구,5723,220,869,2271,0.0384413769002271,0.1518434387558972,0.396819849729163,0,3,37.53440094,126.99466705
902,902. 진관동 은빛초등학교,5718,1448,616,1544,0.2532353969919552,0.1077299755159146,0.2700244840853445,0,0,37.64310837,126.91822052
2137,2137. KT&G 관악지점,5717,904,791,1579,0.1581248906769284,0.1383592793423124,0.2761938079412279,0,3,37.48490143,126.93653107
1999,1999. 수궁동 성당 주변,5715,605,914,1232,0.1058617672790901,0.1599300087489064,0.2155730533683289,0,1,37.49525833,126.83065796
2312,2312. 청담역 13번 출구 앞,5712,1156,1194,1299,0.2023809523809523,0.2090336134453781,0.2274159663865546,0,1,37.52058029,127.05632782
4801,4801. 충정로역 2호선(엘리베이터 앞),5711,1026,1245,1231,0.1796533006478725,0.2180003502013658,0.2155489406408685,0,1,37.55937576,126.96414185
1436,1436. 동원베네스트 건물 앞,5709,1172,637,1400,0.2052898931511648,0.1115782098441058,0.2452268348222105,0,0,37.60810089,127.10118103
4766,4766. 서소문성지역사박물관,5708,2026,785,1168,0.3549404344779257,0.1375262789067974,0.204625087596356,0,0,37.56024551,126.96878052
1843,1843. 독산고등학교,5689,1402,615,1380,0.2464404992089998,0.1081033573563016,0.2425733872385305,0,0,37.47709656,126.91113281
4469,4469. 거여동 어울림아파트  102동앞,5688,697,1405,1273,0.1225386779184247,0.2470112517580872,0.2238045007032348,0,1,37.49198532,127.14373016
4837,4837. 양원지구 힐데스하임 앞,5687,1323,813,1475,0.2326358361174609,0.1429576226481449,0.2593634605240021,0,0,37.60924149,127.1062088
850,850.KCC용산웰츠(WELLTZ)타워,5669,1170,729,1621,0.2063856059269712,0.1285941083083436,0.2859410830834362,0,0,37.53739929,126.96892548
869,869.노들섬 동측 앞,5662,346,1095,2284,0.0611091487107029,0.1933945602260685,0.4033910279053338,0,3,37.51729584,126.95914459
4346,4346.장학재단빌딩 앞,5649,492,1692,1117,0.0870950610727562,0.2995220392989909,0.1977341122322534,0,1,37.4997139,127.01212311
1360,1360. 정릉역,5646,857,709,1476,0.1517888770811193,0.1255756287637265,0.2614240170031881,0,3,37.60309601,127.01350403
3690,3690. 강일역 4번출구,5638,1130,1681,1004,0.2004256828662646,0.2981553742461866,0.1780773323873714,0,1,37.55707169,127.17514038
1537,1537. 북한산 우이역,5633,377,675,2184,0.0669270371027871,0.1198295757145393,0.3877152494230428,0,3,37.66366577,127.01242828
4834,4834. 용마복지센터 앞,5622,544,848,1198,0.0967627178939879,0.1508360014229811,0.2130914265385983,0,3,37.58686447,127.09532166
2280,2280. 서울서초고용센터앞,5611,1045,1395,1121,0.1862413117091427,0.2486187845303867,0.1997861343788985,0,1,37.48416138,127.01097107
4929,4929. 투썸플레이스 강남청담점 앞,5585,627,1773,1184,0.1122649955237242,0.3174574753804834,0.2119964189794091,0,1,37.52464676,127.04914856
3647,3647. 구룡역 1번 출구,5565,1287,1225,907,0.231266846361186,0.220125786163522,0.1629829290206648,0,1,37.48642349,127.05931854
2518,2518. 서초동 현대아파트 앞,5564,1087,1109,1219,0.1953630481667864,0.1993170381020848,0.2190869877785765,0,1,37.48731613,127.02489471
466,466.롯데호텔,5558,536,1266,1081,0.096437567470313,0.2277797768981648,0.1944944224541201,0,1,37.56584167,126.97981262
3646,3646. 선정릉역 4번 출구,5558,737,1505,1175,0.1326016552716804,0.2707808564231738,0.2114069809283915,0,1,37.5097847,127.04277039
4152,4152. 상도효성해링턴플레이스,5545,685,760,1465,0.1235347159603246,0.1370604147880973,0.2642019837691614,0,3,37.50543213,126.94151306
164,164. 북가좌1동 주민센터 ,5543,1531,561,1419,0.2762042215406819,0.1012087317337182,0.2559985567382284,0,0,37.57447815,126.91004944
2352,2352. 서울본부세관(건설회관 앞),5536,397,1894,735,0.0717124277456647,0.3421242774566474,0.1327673410404624,0,2,37.51758957,127.03502655
4641,4641. 아메리칸센터,5535,515,1243,1434,0.0930442637759711,0.2245709123757904,0.2590785907859078,0,3,37.54039001,126.97349548
2535,2535.신반포역 3번출구 뒤,5525,876,838,1656,0.158552036199095,0.1516742081447963,0.2997285067873303,0,3,37.50362396,126.99732208
5778,5778. 북위례3,5523,641,748,1693,0.1160601122578308,0.1354336411370632,0.3065363027340214,0,3,37.48884964,127.15699768
2349,2349. 역삼빌딩 앞(하나은행 옆),5520,633,1181,1179,0.1146739130434782,0.2139492753623188,0.2135869565217391,0,1,37.50154495,127.03856659
3920,3920. 개봉역2번출구 B,5509,1254,817,1342,0.2276275186059176,0.1483027772735523,0.2436013795607188,0,0,37.49555206,126.85697937
2643,2643.풍납중학교 측면,5496,679,1151,1415,0.1235443959243085,0.2094250363901019,0.2574599708879185,0,3,37.52515793,127.11694336
4094,4094.도봉여성센터,5485,931,756,1351,0.1697356426618049,0.1378304466727438,0.2463081130355515,0,0,37.66334915,127.03045654
1967,1967. 참새공원(백곡경노당),5484,1136,580,1393,0.2071480671043034,0.1057622173595915,0.2540116703136397,0,0,37.5051384,126.84433746
4144,4144.시립대학교 박물관 앞,5480,292,1235,900,0.0532846715328467,0.2253649635036496,0.1642335766423357,0,1,37.5832634,127.05721283
1634,1634. 당고개공원 대여소,5478,864,722,1560,0.1577217962760131,0.1317999269806498,0.2847754654983571,0,3,37.66846085,127.07714844
1343,1343. 한성대7번출구 앞,5465,513,685,1606,0.0938700823421774,0.1253430924062214,0.2938700823421775,0,3,37.58924866,127.00737762
364,364. 창신역 1번출구 앞,5461,1094,495,1397,0.2003296099615455,0.0906427394250137,0.2558139534883721,0,0,37.57933426,127.01508331
2083,2083.흑석롯데캐슬에듀포레(107동),5455,1117,682,1484,0.2047662694775435,0.1250229147571036,0.2720439963336388,0,0,37.50470352,126.96073151
4930,4930. 학여울역 1번출구,5452,1429,960,1384,0.262105649303008,0.1760821716801174,0.2538517975055026,0,0,37.49662018,127.07099915
2520,2520.서초1교 (진흥아파트 방면),5451,778,1015,1293,0.1427261053017794,0.1862043661713447,0.2372041827187672,0,1,37.49593353,127.02177429
2364,2364. 도산공원교차로,5448,460,1461,1154,0.0844346549192364,0.2681718061674009,0.2118208516886931,0,1,37.52124023,127.0318985
3310,3310.영락고등학교,5434,960,644,1419,0.1766654398233345,0.1185130658814869,0.2611336032388664,0,0,37.47662735,126.94364166
4762,4762. 국제빌딩,5425,778,1240,785,0.1434101382488479,0.2285714285714285,0.1447004608294931,0,1,37.56693268,126.98258209
2127,2127. 난곡종점,5418,886,508,1436,0.1635289774824658,0.0937615356220007,0.2650424510889627,0,0,37.46488571,126.91947937
192,192. 연서어린이공원,5408,1540,819,1260,0.2847633136094674,0.1514423076923076,0.2329881656804733,0,0,37.57222748,126.92306519
4684,4684. 응암2동주민센터 버스정류장(영락중학교 방면),5398,1232,501,1250,0.2282326787699148,0.0928121526491293,0.2315672471285661,0,0,37.59586716,126.92349243
4280,4280.북가좌2동 주민센터,5397,1139,722,1516,0.2110431721326663,0.1337780248286084,0.2808967945154715,0,0,37.5841713,126.91429138
3799,3799. 국립항공박물관,5395,581,2001,1045,0.1076923076923077,0.3708989805375347,0.1936978683966636,0,2,37.55688477,126.80926514
1547,1547. 꿈의숲 롯데캐슬,5394,1232,679,1492,0.2284019280682239,0.1258806080830552,0.2766036336670374,0,0,37.61775208,127.03570557
1539,1539. 4.19민주묘지역,5385,341,939,1626,0.0633240482822655,0.1743732590529247,0.3019498607242339,0,3,37.64967346,127.01345062
446,446. 상명대입구,5379,503,934,1572,0.0935118051682468,0.1736382227179773,0.2922476296709425,0,3,37.60012817,126.95783234
3602,3602. 한국지역난방공사강남지사,5333,1209,1762,574,0.2267016688543034,0.330395649728108,0.1076317269829364,0,2,37.49229431,127.09433746
1509,1509. 서울북부수도사업소,5330,495,809,1204,0.0928705440900562,0.1517823639774859,0.2258911819887429,0,3,37.63437653,127.03575134
1285,1285. 위례별 유치원 뒤,5328,1459,768,1352,0.2738363363363363,0.1441441441441441,0.2537537537537537,0,0,37.4774704,127.14459229
4840,4840. 서울시 북부병원 앞,5321,683,722,1061,0.1283593309528284,0.135688780304454,0.1993986092839691,0,1,37.60405731,127.10725403
4033,4033. 녹천역 4번 출구 옆,5315,577,985,1465,0.108560677328316,0.1853245531514581,0.2756349952963311,0,3,37.64292908,127.05194855
1725,1725. 창1동주민센터,5313,1252,477,1204,0.235648409561453,0.0897797854319593,0.2266139657444005,0,0,37.6475029,127.04331207
2617,2617. 가락삼환아파트 앞,5311,856,847,1357,0.1611749199774053,0.1594803238561476,0.2555074373940877,0,3,37.49618149,127.13803101
4475,4475. 송파파인타운 4단지 403동,5302,1289,693,1363,0.2431158053564692,0.1307053941908713,0.2570728027159562,0,0,37.48174286,127.12878418
141,141. 연대 대운동장 옆,5300,385,1157,1142,0.0726415094339622,0.2183018867924528,0.2154716981132075,0,1,37.56238174,126.93264771
2380,2380. 봉은사로68길 북측,5294,776,817,1197,0.146581035134114,0.1543256516811484,0.2261050245561012,0,1,37.51169586,127.04934692
467,467.한국은행,5291,161,2125,881,0.0304290304290304,0.4016254016254016,0.1665091665091665,0,2,37.5622139,126.98086548
2616,2616. 거여동 사거리,5290,912,734,1249,0.1724007561436673,0.1387523629489603,0.2361058601134215,0,0,37.49704742,127.14035034
4017,4017. 월계 청백1단지 아파트 정류장,5276,949,644,1587,0.1798711144806671,0.1220621683093252,0.3007960576194086,0,3,37.63459396,127.05206299
3958,3958. 롯데캐슬2차 마을버스 정류장(18804) 뒤편,5275,1258,907,1151,0.2384834123222748,0.1719431279620853,0.2181990521327014,0,0,37.45739746,126.89341736
6189,6189.데시앙플렉스 지식산업센터,5266,558,1434,951,0.1059627800987466,0.2723129510064565,0.1805924800607672,0,1,37.56448364,126.84830475
384,384. 중림동삼거리,5250,1687,681,1282,0.3213333333333333,0.1297142857142857,0.2441904761904761,0,0,37.55978012,126.96850586
2190,2190.도원맨션,5245,447,1019,1510,0.0852240228789323,0.194280266920877,0.2878932316491897,0,3,37.48368835,126.93915558
2027,2027. 중앙대학교 정문 1,5230,303,1133,1281,0.0579349904397705,0.2166347992351816,0.2449330783938814,0,3,37.50704193,126.95915222
468,468.웨스틴 조선호텔,5215,457,1487,932,0.0876318312559923,0.2851390220517737,0.1787152444870565,0,1,37.56415939,126.97948456
5783,5783.성내5교 2,5201,610,933,1749,0.1172851374735627,0.1793885791194001,0.3362814843299365,0,3,37.5018692,127.13741302
4396,4396. 마장축산물시장 서문 인근,5187,882,727,1130,0.1700404858299595,0.1401580875265085,0.217852323115481,0,0,37.56911469,127.03754425
3820,3820. 은천삼거리,5182,585,767,1387,0.1128907757622539,0.1480123504438441,0.2676572751833269,0,3,37.48506546,126.95545959
2510,2510. JW타워,5167,1144,1145,872,0.2214050706406038,0.2215986065415134,0.1687633055931875,0,1,37.48303986,127.02146149
1258,1258. 가락미륭아파트 앞,5166,750,817,1449,0.1451800232288037,0.1581494386372435,0.2804878048780488,0,3,37.49319839,127.1289978
4097,4097.숭미파출소 사거리,5161,1135,741,1209,0.2199186204223987,0.1435768261964735,0.234256926952141,0,0,37.6474762,127.0260849
664,664. 서울시립대 건설공학관,5160,314,1021,1092,0.0608527131782945,0.1978682170542635,0.2116279069767442,0,1,37.58412933,127.05793762
1660,1660. 서울시립과학관,5158,619,764,1302,0.1200077549437766,0.1481194261341605,0.2524234199302055,0,3,37.64207077,127.07662201
964,964. 북한산힐스테이트 7차아파트,5158,906,726,1428,0.175649476541295,0.1407522295463358,0.276851492826677,0,0,37.61654282,126.92512512
4703,4703. 쌍용아파트2단지 정문,5154,833,738,1481,0.1616220411331005,0.1431897555296856,0.2873496313542879,0,3,37.58131409,127.01268005
4581,4581. 국회소통관,5146,648,1188,761,0.1259230470268169,0.2308589195491644,0.1478818499805674,0,1,37.53050232,126.9128952
4278,4278. 홍은2동주민센터,5116,1304,877,907,0.254886630179828,0.1714229867083659,0.1772869429241595,0,0,37.58026886,126.93424988
4815,4815. 중랑데시앙플렉스 앞,5110,857,1773,709,0.1677103718199608,0.3469667318982387,0.1387475538160469,0,2,37.61755371,127.10399628
1349,1349. 월계2교 버스정류장 앞,5109,874,677,1398,0.1710706596202779,0.1325112546486592,0.2736347621843805,0,0,37.62382889,127.05020142
1515,1515. 송천동 주민센터,5084,770,692,1260,0.1514555468135326,0.1361132966168371,0.2478363493312352,0,3,37.61828613,127.02404785
1279,1279. 마천금호어울림 1차아파트 건너편,5076,966,949,1280,0.1903073286052009,0.1869582348305752,0.2521670606776989,0,0,37.49751663,127.15467834
424,424. 롯데하이마트 (상암월드컵점) ,5067,421,1037,1360,0.0830866390369054,0.2046575883165581,0.2684033945135188,0,3,37.57361984,126.8980484
198,198. 충정2교,5049,1150,1008,986,0.2277678748266983,0.1996434937611408,0.1952861952861952,0,0,37.5621376,126.96377563
4941,4941.압구정로 11길,5034,298,937,1858,0.0591974572904251,0.1861342868494239,0.3690901867302344,0,3,37.52594757,127.02082825
1510,1510. 번동주공5단지 관리사무소 앞,5029,825,979,1214,0.1640485185921654,0.1946709087293696,0.2413998806919864,0,1,37.63371658,127.03551483
494,494.신수동주민센터,5013,1237,514,1084,0.2467584280869738,0.1025334131258727,0.2162377817674047,0,0,37.54724503,126.93502808
1479,1479.면목 홈플러스 2 ,5013,353,893,1456,0.0704169160183522,0.1781368442050668,0.2904448434071414,0,3,37.58105469,127.08209229
3521,3521. 현대홈타운 뒷길,5012,943,629,1456,0.1881484437350359,0.1254988028731045,0.2905027932960894,0,0,37.54342651,127.09661865
2357,2357. 르네상스호텔사거리 역삼지하보도 3번출구 앞 (더 오번 빌딩 명동칼국수 앞),4991,774,1253,853,0.1550791424564215,0.2510518934081346,0.1709076337407333,0,1,37.50166321,127.04297638
2907,2907. 월계중학교,4979,1196,619,850,0.2402088772845953,0.1243221530427796,0.1707170114480819,0,0,37.63074875,127.05310822
1574,1574.송중초등학교 옆,4974,541,774,1260,0.1087655810213108,0.1556091676718938,0.2533172496984318,0,3,37.61669922,127.03049469
3653,3653. 강동리버스트4단지아파트 404동 앞,4972,1637,516,1121,0.329243765084473,0.1037811745776347,0.2254625905068382,0,0,37.57201385,127.17170715
1358,1358. 정릉도서관 앞,4971,636,798,1223,0.1279420639710319,0.1605310802655401,0.2460269563468115,0,3,37.60478973,127.01058197
2356,2356. 강남구청,4970,630,931,1080,0.1267605633802817,0.1873239436619718,0.2173038229376257,0,1,37.51807022,127.04711914
959,959. 구파발10단지 인근,4955,362,689,1586,0.0730575176589303,0.1390514631685166,0.3200807265388496,0,3,37.6436615,126.91455841
6172,6172. 가양5단지아파트,4940,1392,637,965,0.2817813765182186,0.1289473684210526,0.1953441295546558,0,0,37.56447983,126.85464478
4315,4315. 이투스교육 앞,4938,421,1559,981,0.0852571891454029,0.3157148643175375,0.1986634264884568,0,1,37.48389053,127.02905273
1774,1774.정의여중고 버스정류소,4933,899,794,1302,0.1822420433813095,0.1609568214068518,0.2639367524832759,0,0,37.65134811,127.034729
2548,2548.반포1동 자율방범초소 옆,4931,934,844,1271,0.1894139119853985,0.1711620360981545,0.2577570472520787,0,0,37.50847626,127.01676178
489,489.구룡근린공원,4925,983,818,1223,0.1995939086294416,0.1660913705583756,0.2483248730964467,0,0,37.58320236,126.88276672
1161,1161. 강서면허시험장 앞,4925,376,894,813,0.0763451776649746,0.1815228426395939,0.1650761421319797,0,1,37.54969406,126.819664
491,491.월드컵파크 4단지,4923,481,1254,1230,0.0977046516351818,0.2547227300426569,0.2498476538695917,0,1,37.57597733,126.88806915
995,995.은평다목적체육관,4922,963,614,1123,0.1956521739130435,0.1247460381958553,0.2281592848435595,0,0,37.63140869,126.92540741
1652,1652. 파르코 앞,4909,473,1081,1315,0.0963536361784477,0.2202077816255856,0.2678753310246486,0,3,37.68000031,127.05558014
741,741. 화곡로 입구 교차로,4901,602,953,1080,0.122832075086717,0.1944501122219955,0.2203631911854723,0,1,37.53952026,126.82540131
3611,3611. 방죽마을 입구,4890,1041,764,1065,0.212883435582822,0.1562372188139059,0.2177914110429447,0,0,37.47123337,127.10721588
4642,4642. 용산더프라임아파트 101동 앞,4882,847,885,1299,0.1734944694797214,0.1812781646866038,0.2660794756247439,0,3,37.53930283,126.97050476
1714,1714. 도봉문화정보도서관 삼거리,4859,569,981,1309,0.1171022844206626,0.2018933937024079,0.2693969952665157,0,3,37.64463043,127.04460907
3402,3402.이화공영주차장,4847,1181,810,880,0.243655869610068,0.1671136785640602,0.1815556014029296,0,0,37.57660675,127.00556946
2258,2258.구룡사 삼거리,4838,896,1047,1183,0.1852004960727573,0.2164117403885903,0.2445225299710624,0,1,37.47153854,127.05059052
1571,1571.북서울 꿈의 숲 입구,4833,1087,610,1224,0.2249120629008897,0.1262156010759362,0.2532588454376164,0,0,37.62673187,127.03877258
927,927. 연신내역 3번출구 인근,4822,454,748,1248,0.0941518042306097,0.155122355868934,0.2588137702198258,0,3,37.61785507,126.9225235
3802,3802. 관악구민체육센터,4810,1539,471,811,0.3199584199584199,0.0979209979209979,0.1686070686070686,0,0,37.47288132,126.96003723
2024,2024. 상도역 1번출구,4804,754,754,1273,0.1569525395503747,0.1569525395503747,0.2649875104079933,0,3,37.50217819,126.94820404
2545,2545.국립중앙도서관(국제회의장옆),4800,142,1456,1074,0.0295833333333333,0.3033333333333333,0.22375,0,1,37.49721146,127.00427246
6063,6063.NH농협은행(신당역6번출구),4793,347,795,1199,0.0723972459837262,0.1658668892134362,0.2501564781973712,0,3,37.56428146,127.01620483
1757,1757.솔밭공원역 1번출구 앞,4788,440,735,1393,0.0918964076858813,0.1535087719298245,0.2909356725146199,0,3,37.65568542,127.01338196
5780,5780. 송파세무서,4786,414,1608,670,0.0865022983702465,0.3359799414960301,0.1399916422900125,0,2,37.52646255,127.11369324
1992,1992. 구로구배드민턴실내체육관 앞,4784,531,620,975,0.1109949832775919,0.1295986622073578,0.2038043478260869,0,1,37.4917984,126.83242035
2128,2128. 관악구청교차로,4770,520,735,1211,0.1090146750524109,0.1540880503144654,0.2538784067085954,0,3,37.47916412,126.95258331
2818,2818.천왕이펜하우스3단지 앞,4750,1245,535,974,0.2621052631578947,0.1126315789473684,0.2050526315789473,0,0,37.48223877,126.83853149
4761,4761. 중부경찰서앞사거리 건너편,4748,578,1357,945,0.1217354675652906,0.285804549283909,0.1990311710193766,0,1,37.56474304,126.99095154
5763,5763. 세륜초등학교 건너편,4745,447,797,1400,0.094204425711275,0.1679662802950474,0.2950474183350896,0,3,37.51919556,127.13262177
4148,4148.동대문구 장안동 씨젠의료재단,4738,477,825,1245,0.1006753904601097,0.1741241029970451,0.26276910088645,0,3,37.57194519,127.07196045
802,802. 한강진역 2번 출구 앞,4738,684,898,1253,0.1443647108484592,0.1895314478682988,0.2644575770367243,0,3,37.54115295,127.00221252
4627,4627. 효창공원앞역 5번출구 옆,4736,1083,835,1093,0.2286739864864864,0.1763091216216216,0.2307854729729729,0,0,37.53851318,126.96355438
3419,3419.국립어린이과학관,4723,706,902,1141,0.1494812619098031,0.1909803091255558,0.241583739148846,0,1,37.58194733,126.99736786
4924,4924.논현동가구거리,4720,810,1115,804,0.1716101694915254,0.236228813559322,0.1703389830508474,0,1,37.51280975,127.02636719
3649,3649. 구룡역 5번 출구,4715,1343,1171,824,0.2848356309650053,0.248356309650053,0.1747613997879109,0,0,37.48607635,127.05921936
2186,2186. 낙성대입구삼거리,4695,504,718,1326,0.1073482428115016,0.1529286474973376,0.2824281150159744,0,3,37.4788208,126.95960999
3967,3967. 혜명양로원 담장 옆(2),4681,924,753,854,0.1973937192907498,0.1608630634479812,0.1824396496475112,0,0,37.45191956,126.91375732
4086,4086. 도봉로 534,4678,1004,489,1040,0.2146216331765711,0.1045318512184694,0.2223172295852928,0,0,37.6529541,127.03754425
2283,2283. 그룹한빌딩옆,4668,608,998,1085,0.130248500428449,0.2137960582690659,0.232433590402742,0,1,37.48652649,126.98916626
3917,3917. 성공회대학교,4662,490,844,902,0.1051051051051051,0.181038181038181,0.1934791934791934,0,1,37.48859024,126.82478333
671,671.대광빌딩,4653,452,785,1264,0.0971416290565226,0.1687083601977219,0.2716526971846121,0,3,37.57734299,127.02337646
4885,4885. 가든파이브 리빙관,4652,455,1176,1155,0.0978073946689595,0.2527944969905417,0.248280309544282,0,1,37.47709656,127.123703
1868,1868.우리은행 시흥남자동화점 앞,4627,1019,549,1160,0.2202290901231899,0.1186513939917873,0.2507023989626107,0,0,37.44785309,126.90288544
137,137. 신촌기차역입구 교차로,4603,228,974,1364,0.0495329133174016,0.211601129698023,0.2963284814251575,0,3,37.55681229,126.9431839
2825,2825.초롱타운 앞,4602,1204,539,988,0.2616253802694481,0.1171229900043459,0.2146892655367231,0,0,37.49545288,126.88039398
1853,1853. 청년취업사관학교앞,4593,1804,530,913,0.392771608970172,0.1153929893315915,0.1987807533202699,0,0,37.47248077,126.89586639
2815,2815.항동지구 7단지 정문,4579,470,772,1117,0.1026424983620877,0.1685957632670889,0.243939724830749,0,3,37.47603607,126.81658936
2062,2062. 사당새마을금고,4577,1072,577,1209,0.2342145510159493,0.1260651081494428,0.2641468210618309,0,0,37.48665237,126.9678421
4665,4665. 응암역3번 출구(서부경찰서 방면),4572,389,743,1377,0.0850831146106736,0.1625109361329833,0.3011811023622047,0,3,37.59967041,126.91716003
425,425. DMC첨단산업센터,4566,833,1212,531,0.1824353920280333,0.2654402102496714,0.1162943495400788,0,1,37.58450317,126.88559723
4875,4875. 위례포레샤인13단지,4566,980,630,1181,0.2146298729741568,0.1379763469119579,0.2586508979413053,0,0,37.4826355,127.1399231
3101,3101. 서대문구청,4561,449,678,1192,0.0984433238324928,0.1486516114887086,0.261346196009647,0,3,37.57838058,126.93609619
2368,2368. 도곡동 경남아파트 건너편,4559,546,1007,1213,0.119763105944286,0.2208817723184909,0.2660671199824523,0,3,37.48934174,127.04129791
533,533. 금남시장 교차로,4547,968,467,1263,0.2128876182098086,0.1027050802727072,0.2777655597096987,0,0,37.54814911,127.02108765
2429,2429.압구정로데오역 6번출구,4545,340,1199,1281,0.0748074807480748,0.2638063806380638,0.2818481848184818,0,3,,
3673,3673. 강동리버스트6단지,4533,899,639,1130,0.1983234061328039,0.1409662475181998,0.2492830355173174,0,0,37.57095337,127.1717453
4622,4622. 한강중학교 앞 버스정류장,4531,446,878,1369,0.098433016994041,0.1937762083425292,0.3021408077687045,0,3,37.5251503,126.99208832
4247,4247. 서울서부지방법원등기국앞,4529,867,592,1068,0.1914329874144403,0.1307131817178185,0.2358136453963347,0,0,37.55184937,126.95478058
2309,2309. 청담역(우리들병원 앞),4529,1148,807,893,0.2534775888717156,0.1781850298079046,0.197173769043939,0,0,37.51890182,127.04938507
2370,2370. 한티역 3번출구,4520,488,828,1172,0.1079646017699115,0.1831858407079646,0.2592920353982301,0,3,37.49655151,127.0542984
858,858.녹사평역3번 출구,4509,260,994,1431,0.0576624528720337,0.2204479929030827,0.3173652694610778,0,3,37.53440857,126.9868927
942,942. 상림마을 생태공원,4500,1179,355,1277,0.262,0.0788888888888888,0.2837777777777778,0,0,37.64408112,126.92928314
5766,5766. 북위례1,4499,796,507,1259,0.1769282062680595,0.1126917092687263,0.2798399644365414,0,0,37.48693085,127.15364838
3630,3630. 개포우성6차아파트 정문 앞,4491,1369,607,1126,0.3048318859942106,0.1351592073034958,0.2507236695613449,0,0,37.47685623,127.05536652
3612,3612. 은곡마을,4490,514,702,1459,0.1144766146993318,0.1563474387527839,0.3249443207126948,0,3,37.46726227,127.09801483
2144,2144. 난우길입구,4473,517,673,1115,0.1155823831880169,0.1504583053878828,0.2492734182875028,0,3,37.47777557,126.91675568
4428,4428.돈암동부센트레빌상가,4472,340,641,1381,0.0760286225402504,0.1433363148479427,0.3088103756708408,0,3,37.60254669,127.02561951
422,422. 문화비축기지,4469,169,577,2023,0.0378160662340568,0.1291116580890579,0.4526739762810472,0,3,37.56897736,126.89440155
2057,2057. 상도 아이파크 아파트,4466,940,432,1142,0.2104791759964173,0.096730855351545,0.2557098074339454,0,0,37.5008812,126.94174957
4632,4632. 용산 푸르지오 파크타운 1단지 앞,4446,745,1035,1129,0.1675663517768781,0.2327935222672064,0.253936122357175,0,1,37.52529526,126.99583435
388,388. 동성중학교 앞,4439,951,584,1016,0.2142374408650597,0.1315611624239693,0.2288803784636179,0,0,37.58573532,127.0016098
480,480.약수역 6번 출구,4439,355,679,1157,0.0799729668844334,0.1529623789141698,0.2606442892543366,0,3,37.55432129,127.01070404
3615,3615. 서울 논현동우체국 앞,4425,540,1362,824,0.1220338983050847,0.3077966101694915,0.1862146892655367,0,1,37.51446152,127.0326004
3725,3725. 강북 청소년 문화정보도서관 앞,4425,620,610,1257,0.1401129943502825,0.1378531073446327,0.2840677966101695,0,3,37.62302017,127.02186584
2167,2167. 낙성대역 1번출구,4423,277,826,1293,0.0626271761248021,0.1867510739317205,0.2923355188785892,0,3,37.47629547,126.96495819
3807,3807. 관악우체국 교차로,4417,979,449,1234,0.221643649535884,0.1016527054561919,0.2793751414987548,0,0,37.48497391,126.93437195
397,397. 종묘공영주차장 건너편,4396,247,805,1238,0.0561874431301182,0.1831210191082802,0.2816196542311192,0,3,37.57048035,126.99663544
867,867.서빙고역 광장(1번출구),4374,756,899,1291,0.1728395061728395,0.2055326931870141,0.2951531778692272,0,3,37.51990891,126.98923492
2321,2321. 학여울역 사거리,4373,688,718,1448,0.1573290647152984,0.1641893436999771,0.3311227989938257,0,3,37.49611664,127.06944275
4607,4607. 국립중앙박물관 -용산가족공원 앞,4361,126,812,1959,0.0288924558587479,0.1861958266452648,0.4492088970419629,0,3,37.52087784,126.97971344
953,953. 서울연신초등학교,4340,614,591,1213,0.1414746543778801,0.1361751152073732,0.2794930875576037,0,3,37.6257782,126.92881775
4909,4909. 노보텔 앰배서더 앞,4337,416,1049,1111,0.0959188379063869,0.2418722619322112,0.2561678579663362,0,1,37.50570297,127.02919769
3105,3105. 홍은센트레빌 아파트 앞,4326,755,568,1225,0.1745261211280628,0.1312991215903837,0.2831715210355987,0,0,37.5971489,126.93852997
5336,5336. 월계 고등학교 앞,4324,451,536,635,0.1043015726179463,0.123959296947271,0.146854764107308,0,1,37.63233185,127.04949951
469,469.회현역 1번출구,4322,633,846,795,0.1464599722350763,0.1957427117075428,0.1839426191577973,0,1,37.5592308,126.98014069
4625,4625. 용산공원갤러리앞,4321,580,1226,843,0.1342281879194631,0.2837306179125202,0.1950937283036334,0,1,37.5393219,126.97319031
3682,3682. 길동 동호빌딩,4321,869,515,1138,0.2011108539689886,0.1191853737560749,0.2633649618143948,0,0,37.54154587,127.14147949
724,724. 계남공원 입구 주출입구 좌측,4302,854,556,1073,0.198512319851232,0.1292422129242213,0.2494188749418875,0,0,37.51059723,126.85732269
4892,4892. 성내유수지 체육공원,4298,706,885,1061,0.1642624476500698,0.2059097254536994,0.2468590041879944,0,1,37.52597046,127.11820984
4493,4493. 마천사거리 2,4293,898,797,1124,0.2091777311903098,0.1856510598648963,0.2618215699976706,0,0,37.49900436,127.14694214
515,515. 광양중학교 앞,4292,660,563,1323,0.1537744641192917,0.1311742777260018,0.3082479030754892,0,3,37.53023529,127.08683014
823,823. 효창동주민센터 앞,4288,975,546,1201,0.2273787313432835,0.1273320895522388,0.2800839552238806,0,0,37.54232025,126.96195984
3556,3556.신금호파크자이APT앞,4270,431,678,1351,0.1009367681498829,0.1587822014051522,0.3163934426229508,0,3,37.55610657,127.01978302
2382,2382. 역삼동 sk뷰 501동앞,4250,352,893,1124,0.0828235294117647,0.2101176470588235,0.2644705882352941,0,3,37.50122833,127.05036163
382,382. 약수역 10번출구 앞,4245,409,632,1028,0.0963486454652532,0.1488810365135453,0.2421672555948174,0,3,37.55519867,127.01004791
2373,2373. 개포동역 사거리,4243,404,643,1244,0.0952156493047372,0.151543719066698,0.2931887815225076,0,3,37.48927689,127.06557465
679,679.전농SK아파트 앞,4240,793,615,1190,0.1870283018867924,0.1450471698113207,0.2806603773584906,0,0,37.57787704,127.06168365
1200,1200. 개화광역환승센터,4238,340,1213,921,0.0802265219443133,0.2862199150542708,0.2173194903256253,0,1,37.57844925,126.79897308
4344,4344. 양재대로(구룡지하차도 앞),4234,1149,521,1051,0.2713745866792631,0.1230514879546528,0.2482286254133207,0,0,37.46949005,127.04788208
2812,2812.항동프라자,4232,603,763,1057,0.1424858223062381,0.1802930056710775,0.2497637051039697,0,3,37.4798317,126.82275391
4043,4043. 상계주공13단지 1301동,4223,1004,386,1052,0.237745678427658,0.0914042150130239,0.2491120056831636,0,0,37.66674042,127.06388855
1863,1863.위너스 스포츠클럽 골프연습장옆,4213,1443,408,734,0.3425112746261571,0.0968431046760028,0.1742226441965345,0,0,37.46053696,126.89860535
606,606. 서울반도체고 앞,4208,337,697,1215,0.0800855513307984,0.1656368821292775,0.2887357414448669,0,3,37.58462524,127.07028961
159,159. 이대역 4번 출구,4195,342,958,1186,0.0815256257449344,0.2283671036948748,0.2827175208581645,0,3,37.55695343,126.94634247
3724,3724. 삼양동주민센터 앞,4192,269,580,1151,0.0641698473282442,0.1383587786259542,0.2745706106870229,0,3,37.62491226,127.01979065
1213,1213. 백토공원 앞,4192,1050,572,1028,0.2504770992366412,0.1364503816793893,0.2452290076335878,0,0,37.50831985,127.13321686
4340,4340. 방배래미안아트힐아파트 앞,4180,459,1421,868,0.1098086124401913,0.3399521531100478,0.2076555023923445,0,1,37.47730637,127.00592041
2094,2094.숭실대학교(중문) ,4178,376,600,1265,0.089995213020584,0.1436093824796553,0.3027764480612733,0,3,37.49550629,126.95637512
5602,5602.래미안신반포리오센트 후문,4175,513,659,1560,0.1228742514970059,0.1578443113772455,0.3736526946107784,0,3,37.51939392,127.01360321
4266,4266.국민연금공단충정로사옥,4174,919,815,776,0.2201724964063248,0.1952563488260661,0.1859127934834691,0,0,37.56184769,126.96414948
4149,4149.제기동역 5번출구,4170,762,646,1091,0.1827338129496402,0.1549160671462829,0.2616306954436451,0,0,37.5779953,127.03381348
1137,1137. 등촌2동주민센터,4167,913,486,816,0.2191024718022558,0.1166306695464362,0.1958243340532757,0,0,37.54126358,126.8633728
808,808. 서빙고동 금호맨션 앞,4161,327,755,1699,0.0785868781542898,0.1814467676039413,0.4083153088199951,0,3,37.520504,126.98973846
1181,1181. 농수산식품공사 (강서지사),4160,210,1462,365,0.0504807692307692,0.3514423076923076,0.0877403846153846,0,2,37.55104446,126.8184967
4162,4162. 노량진1동 청소년독서실,4152,1000,549,980,0.2408477842003853,0.1322254335260115,0.2360308285163776,0,0,37.50785828,126.94713593
2256,2256.양재동 꽃시장 입구,4151,726,1294,760,0.1748976150325223,0.3117321127439171,0.1830884124307396,0,1,37.46768951,127.0403595
2210,2210. 반포1동 주민센터 앞,4141,658,706,1162,0.1588988167109394,0.1704902197536827,0.280608548659744,0,3,37.50509644,127.0131073
1826,1826. 한신코아 앞,4140,1018,650,1004,0.2458937198067632,0.1570048309178744,0.242512077294686,0,0,37.45684052,126.88834381
4932,4932. 개포래미안포레스트 130동 맞은편,4139,874,538,1033,0.2111621164532496,0.1299830877023435,0.249577192558589,0,0,37.47748566,127.05743408
479,479.동대입구역 3번 출구,4139,488,786,1320,0.1179028750906016,0.1899009422565837,0.3189176129499879,0,3,37.55937576,127.00602722
2329,2329. 르네상스호텔사거리 역삼지하보도 2번출구,4136,649,729,737,0.1569148936170212,0.1762572533849129,0.1781914893617021,0,1,37.50235748,127.04319
2304,2304. 대현그린타워,4125,526,1346,781,0.1275151515151515,0.3263030303030303,0.1893333333333333,0,1,37.5116272,127.03565216
1865,1865.금천구청앞(M빌딩),4109,827,813,742,0.201265514723777,0.1978583596982234,0.1805792163543441,0,1,37.45633316,126.89645386
3674,3674. 강동리버스트7단지,4087,950,483,939,0.2324443356985564,0.1181795938341081,0.2297528749694152,0,0,37.57073975,127.17215729
4829,4829. 신내동 한살림 중랑지구 건너편,4081,1256,410,894,0.307767703994119,0.1004655721636853,0.2190639549130115,0,0,37.60446167,127.09741211
3932,3932. 개봉센트레빌레우스아파트 앞,4081,1007,531,938,0.2467532467532467,0.1301151678510169,0.2298456260720411,0,0,37.49752045,126.85295105
2311,2311. 학동로 래미안 아파트 앞,4066,522,1035,922,0.1283817019183472,0.2545499262174127,0.2267584849975406,0,1,37.51777267,127.04302216
2351,2351. 청소년수련관(수영장)앞,4065,480,546,1077,0.1180811808118081,0.1343173431734317,0.2649446494464945,0,3,37.48387909,127.0890274
2285,2285. LH서초3단지 301동 맞은편,4065,817,531,1193,0.2009840098400984,0.1306273062730627,0.2934809348093481,0,0,37.45742416,127.02265167
4752,4752. 삼성사이버빌리지아파트,4061,616,810,1044,0.151686776655996,0.1994582615119428,0.2570795370598375,0,3,37.55891418,126.96485901
3005,3005.마포구청 청사내,4044,538,893,525,0.1330365974282888,0.2208209693372898,0.1298219584569733,0,1,37.56624603,126.90218353
1850,1850. 코오롱테크노밸리,4043,215,1286,653,0.0531783329210981,0.3180806331931733,0.1615137274301261,0,2,37.48015976,126.8863678
5315,5315. 불암산역 앞,4040,667,619,1030,0.1650990099009901,0.1532178217821782,0.2549504950495049,0,0,37.67073822,127.07962036
4913,4913. 레베쌍트 빌딩 앞,4039,252,1104,761,0.0623916811091854,0.2733349839069076,0.1884129735082941,0,1,37.51292038,127.056427
2270,2270. 서초포레스타 7단지,4029,1104,562,999,0.2740134028294862,0.1394887068751551,0.2479523454951601,0,0,37.44896698,127.05773926
4776,4776. 신세계면세점,4025,259,1070,870,0.0643478260869565,0.2658385093167701,0.2161490683229813,0,1,37.56027603,126.98139191
4609,4609. 파크타워 104동 앞,4018,392,679,1471,0.0975609756097561,0.1689895470383275,0.3661025385764062,0,3,37.52330017,126.97206116
2347,2347. 두산건설 본사,4017,254,1442,640,0.0632312671147622,0.358974358974359,0.1593228777694797,0,2,37.51863861,127.03540039
5779,5779. 나래교,4000,1119,545,908,0.27975,0.13625,0.227,0,0,37.48009491,127.1384964
4610,4610. 한남나인원 105동 앞,3977,170,919,1096,0.0427457882826251,0.2310787025396027,0.2755846115162182,0,3,37.53591919,127.00541687
1728,1728. 서울북부지방법원,3975,404,1409,635,0.1016352201257861,0.3544654088050314,0.1597484276729559,0,2,37.67771912,127.04681396
1427,1427. 용마산역 1번출구,3965,303,1082,1033,0.0764186633039092,0.2728877679697352,0.2605296343001261,0,1,37.57429886,127.08691406
3134,3134.SK리쳄블(서울아리수본부),3957,1189,591,899,0.3004801617386909,0.1493555724033358,0.2271923174121809,0,0,37.56131744,126.96658325
3616,3616. 역삼중학교 앞(체육관 방향),3954,568,692,974,0.1436519979767324,0.1750126454223571,0.246332827516439,0,3,37.49526215,127.04950714
2281,2281. 서울교통공사 사당별관 건너편,3950,933,580,832,0.2362025316455696,0.1468354430379747,0.210632911392405,0,0,37.47597885,126.98628235
3654,3654. 강동리버스트4단지아파트 405동 앞,3946,560,419,1206,0.1419158641662443,0.106183476938672,0.3056259503294475,0,3,37.57201767,127.17295074
5773,5773. 송파시그니처롯데캐슬,3937,1100,478,1081,0.2794005588011176,0.1214122428244856,0.2745745491490983,0,0,37.49714279,127.14641571
1864,1864.산호시티빌 옆,3931,911,565,945,0.2317476469091834,0.1437293309590435,0.2403968455863648,0,0,37.45652008,126.89955139
3426,3426.독립문역 2번출구 뒤,3927,1562,420,807,0.3977591036414565,0.106951871657754,0.2055003819709702,0,0,37.57501602,126.95755005
1263,1263. 장지공영차고지,3917,684,484,712,0.1746234363032933,0.1235639520040847,0.1817717641051825,0,0,37.48054123,127.1370163
4098,4098.창동역 1번출구 인근,3899,303,807,1086,0.0777122339061297,0.2069761477301872,0.2785329571685047,0,3,37.65290833,127.04838562
4676,4676. 갈현1동 주민센터,3897,562,518,869,0.1442134975622273,0.1329227610982807,0.2229920451629458,0,0,37.62360764,126.91688538
1546,1546. 송천동우체국,3896,273,700,894,0.0700718685831622,0.1796714579055441,0.2294661190965092,0,3,37.61545944,127.02970123
4830,4830. 신내 우디안 111동 앞,3892,1145,369,940,0.2941932168550873,0.0948098663926002,0.2415210688591983,0,0,37.61727142,127.1085434
1366,1366. 일신초등학교 옆,3881,640,474,1201,0.1649059520742077,0.12213347075496,0.3094563256892553,0,3,37.59972,127.04038239
1646,1646. 삼육대 입구,3880,561,450,936,0.1445876288659794,0.1159793814432989,0.2412371134020618,0,3,37.63848877,127.10790253
1347,1347. 길음래미안아파트817동 상가 앞,3853,600,337,1059,0.1557228133921619,0.0874643135219309,0.2748507656371659,0,3,37.60710526,127.02149963
4937,4937.개포래미안포레스트 126동 앞,3847,976,444,991,0.2537041850792825,0.115414608786067,0.257603327268001,0,0,37.47816467,127.05630493
1542,1542. 삼양사거리역,3846,368,443,994,0.0956838273530941,0.1151846073842953,0.2584503380135205,0,3,37.62155151,127.02037048
173,173. 서대문역 8번출구 앞,3840,676,1062,556,0.1760416666666666,0.2765625,0.1447916666666666,0,1,37.56477737,126.96614838
1386,1386.동선고가차도 초입,3839,560,454,1099,0.1458713206564209,0.1182599635321698,0.2862724667882261,0,3,37.59415817,127.01896667
2092,2092.흑석한강푸르지오(110동),3833,891,389,906,0.2324549960866162,0.1014870858335507,0.2363683798591181,0,0,37.50311279,126.96471405
295,295.영등포공원 분수대 앞,3833,1246,479,929,0.3250717453691625,0.1249673884685624,0.2423689016436211,0,0,37.51481247,126.91170502
6187,6187.마곡119안전센터 맞은편,3832,1207,507,598,0.3149791231732776,0.1323068893528183,0.156054279749478,0,0,37.55534744,126.82072449
1943,1943. 온수역 북측,3826,222,789,978,0.0580240460010454,0.2062205959226346,0.2556194458964976,0,3,37.49279022,126.82452393
2609,2609. 보성중고등학교 후문 앞,3825,849,480,406,0.2219607843137254,0.1254901960784313,0.1061437908496732,0,0,37.52048874,127.1352005
1679,1679. 삼육대 도서관,3821,137,635,856,0.035854488353834,0.16618686207799,0.224025124313007,0,3,37.6428299,127.10666656
3114,3114.충정로역 3번 출구,3815,640,616,942,0.1677588466579292,0.1614678899082569,0.2469200524246395,0,0,37.56046295,126.96552277
2363,2363. 강남 을지병원 교차로,3798,175,989,884,0.0460768825697735,0.2604002106371774,0.2327540810953133,0,1,37.51913834,127.02751923
2305,2305. MCM 본사 직영점 앞,3798,85,1908,484,0.0223802001053185,0.5023696682464455,0.1274354923644023,0,2,37.52064133,127.03450775
1188,1188. 롯데중앙연구소,3789,307,1736,495,0.0810240168910002,0.4581683821588809,0.1306413301662707,0,2,37.57138062,126.82833862
1038,1038. 강일 다솜 어린이 공원,3788,702,502,911,0.1853220696937698,0.1325237592397043,0.2404963041182682,0,0,37.56863785,127.17480469
1525,1525. 미아동 복합청사,3779,670,717,791,0.1772955808414924,0.1897327335273882,0.2093146335009261,0,1,37.62714005,127.02669525
1819,1819. 금천구청 앞 자전거거치대,3773,339,775,742,0.0898489265836204,0.2054068380598993,0.196660482374768,0,1,37.45647812,126.89592743
4908,4908. SB타워 앞,3761,117,1294,745,0.031108747673491,0.3440574315341664,0.1980856155277851,0,2,37.52210999,127.03646088
2065,2065. 서울시여성가족재단,3748,670,471,855,0.1787620064034151,0.125667022411953,0.2281216648879402,0,0,37.51198959,126.92708588
857,857. 현대 안성타워,3740,97,1061,1027,0.0259358288770053,0.2836898395721925,0.2745989304812834,0,3,37.53502274,126.9980545
3813,3813. 낙성대역 5번출구,3734,312,653,1108,0.0835565077664702,0.174879485806106,0.2967327262988752,0,3,37.47752762,126.96276855
5100,5100. 강서도로사업소,3733,322,1505,420,0.0862577015804982,0.4031609965175462,0.1125100455397803,0,2,37.57331848,126.8300705
2406,2406. 논현동 광명빌딩 앞,3732,127,1069,807,0.0340300107181136,0.2864415862808145,0.2162379421221865,0,1,37.5175705,127.02364349
4277,4277. 서대문우체국 정류소 옆,3722,523,594,1000,0.1405158516926383,0.1595916174099946,0.2686727565824825,0,3,37.56325912,126.93024445
435,435. SK 남산빌딩,3705,559,749,727,0.1508771929824561,0.2021592442645074,0.196221322537112,0,1,37.55686188,126.97561646
4903,4903. 신사스퀘어,3704,140,1019,945,0.0377969762419006,0.2751079913606911,0.2551295896328294,0,1,37.51916885,127.0189743
442,442.서울역 서부,3698,953,590,908,0.2577068685776095,0.159545700378583,0.245538128718226,0,0,37.55641556,126.9691925
1058,1058. 고덕숲 아이파크 1,3696,763,450,1003,0.2064393939393939,0.1217532467532467,0.2713744588744589,0,0,37.55348206,127.16505432
4882,4882. 위례포레샤인18단지 1802동,3694,681,489,883,0.1843530048727666,0.1323768272874932,0.2390362750406064,0,0,37.48868561,127.15226746
1761,1761.방학중학교 앞,3693,775,508,888,0.2098564852423504,0.1375575412943406,0.2404549147034931,0,0,37.66562271,127.03108978
4248,4248. 신촌 교보빌딩,3693,267,647,1127,0.0722989439480097,0.1751963173571622,0.3051719469266179,0,3,37.5560112,126.94034576
2398,2398. 더라움,3689,437,841,790,0.1184602873407427,0.2279750609921388,0.214150176199512,0,1,37.50811005,127.0394516
2371,2371. 한국우편사업진흥원,3688,353,916,814,0.0957158351409978,0.2483731019522776,0.2207158351409978,0,1,37.51474762,127.03513336
3688,3688. 상일동산(동아아파트앞 교차로),3686,694,650,847,0.1882799782962561,0.176342919153554,0.2297883884970157,0,0,37.54581833,127.16688538
3973,3973. 독산2동주민센터 앞,3683,1016,345,858,0.2758620689655172,0.0936736356231333,0.2329622590279663,0,0,37.4632225,126.90357208
4668,4668. 기자촌사거리 B,3682,423,699,1032,0.1148832156436719,0.1898424769147202,0.2802824551873981,0,3,37.63390732,126.93177795
1703,1703. 도봉산광역환승센터앞 ,3676,162,1012,993,0.044069640914037,0.2752992383025027,0.2701305767138193,0,3,37.68972015,127.04519653
2203,2203. 청계산입구역 2번출구,3674,182,855,977,0.0495372890582471,0.2327163854109961,0.2659227000544366,0,3,37.44765854,127.05501556
4490,4490. 송파파인타운 10단지 1005동,3667,763,394,994,0.2080719934551404,0.1074447777474775,0.2710662667030269,0,0,37.4777832,127.13205719
1558,1558.강북문화정보도서관,3653,448,629,1168,0.1226389269093895,0.1721872433616205,0.3197372022994799,0,3,37.62552643,127.037323
1466,1466.두산대림아파트 삼거리,3633,311,599,1060,0.0856041838700798,0.1648775116983209,0.2917698871456097,0,3,37.61882401,127.08757019
524,524. 래미안금호하이리버 아파트 102동 옆,3631,715,459,947,0.1969154502891765,0.1264114568989259,0.2608096942990912,0,0,37.55220032,127.02505493
4827,4827. 신내SK V1센터 앞,3614,276,1906,386,0.0763696734919756,0.527393469839513,0.1068068622025456,0,2,37.6127243,127.11306
3661,3661. 명일동신동아아파트 앞,3607,591,529,819,0.1638480731910174,0.1466592736345993,0.2270584973662323,0,0,37.55483246,127.1517334
4153,4153. 흑석동효사정앞,3605,533,550,1054,0.1478502080443828,0.1525658807212205,0.2923717059639389,0,3,37.51120377,126.96128082
2310,2310. 청담동 맥도날드 옆(위치),3605,210,951,835,0.058252427184466,0.2638002773925104,0.231622746185853,0,1,37.52361298,127.04017639
4132,4132. 이문삼익아파트 앞,3603,882,320,958,0.2447960033305578,0.0888148764918123,0.2658895364973633,0,0,37.5963974,127.06776428
4103,4103. 휘경sk뷰아파트 앞,3601,448,631,1068,0.1244098861427381,0.1752291030269369,0.2965842821438489,0,3,37.59383774,127.06781769
470,470.회현역 7번출구,3598,532,923,777,0.1478599221789883,0.2565314063368538,0.2159533073929961,0,1,37.55974579,126.98000336
4351,4351.서울AI허브 앞,3597,155,1159,632,0.0430914651098137,0.3222129552404781,0.1757019738671114,0,2,37.46693802,127.0280838
4768,4768. 서울도시건축전시관,3593,1055,741,532,0.2936264959643752,0.2062343445588644,0.1480656832730309,0,0,,
3910,3910. 목양전원교회 앞 로터리,3559,517,437,1012,0.1452655240236021,0.1227872998033155,0.2843495363866254,0,3,37.48389053,126.8221817
5785,5785.한림연예예술고등학교,3541,704,422,789,0.1988138943801186,0.1191753741880824,0.2228184128777181,0,0,37.48488235,127.13278198
978,978.녹번 힐스테이트상가앞,3541,362,747,944,0.1022310081897769,0.2109573566789042,0.2665913583733408,0,3,37.60100937,126.93592834
1951,1951. 천왕이펜하우스 4단지 후문,3541,863,461,952,0.2437164642756283,0.1301892120869811,0.2688506071731149,0,0,37.48070526,126.83895874
1823,1823. W컨템포오피스텔앞,3517,745,525,676,0.2118282627239124,0.1492749502416832,0.1922092692635769,0,0,37.4589119,126.89859009
139,139. 연세대 정문 건너편,3508,473,710,669,0.1348346636259977,0.2023945267958951,0.1907069555302166,0,1,37.55986404,126.93441772
4667,4667. 폭포동입구 교차로,3504,449,541,890,0.1281392694063927,0.1543949771689497,0.2539954337899543,0,3,37.62962723,126.93011475
1756,1756.서울북부광역등기국,3499,333,602,860,0.09517004858531,0.172049156901972,0.2457845098599599,0,3,37.65148544,127.04431915
608,608. 전농삼성아파트,3499,833,418,812,0.238068019434124,0.1194627036296084,0.2320663046584738,0,0,37.58131027,127.05534363
3109,3109.북한산더샾 106동 앞,3493,360,464,945,0.1030632693959347,0.1328371027769825,0.2705410821643286,0,3,37.59293365,126.94129181
616,616. 서울시립대 정문 앞 A,3468,279,478,766,0.0804498269896193,0.1378316032295271,0.220876585928489,0,3,37.58256149,127.05436707
3923,3923. 구로공구상가 앞,3463,239,848,596,0.0690153046491481,0.2448743863701992,0.1721051111752815,0,1,37.50075531,126.87708282
1007,1007.암사동 선사유적지,3458,180,388,1406,0.0520532099479467,0.1122035858877964,0.4065934065934066,0,3,37.55955887,127.13087463
4605,"4605. 노들섬 다목적홀(동쪽) 숲, 앞",3456,84,689,1540,0.0243055555555555,0.1993634259259259,0.4456018518518518,0,3,,
5504,5504.아현교회,3453,426,896,731,0.1233709817549956,0.2594845062264697,0.2116999710396756,0,1,37.55677795,126.94934082
2235,2235.KT 서초지사 앞,3442,322,951,669,0.0935502614758861,0.2762928529924462,0.194363742010459,0,1,37.48215866,127.00270081
3974,3974.  안천중학교,3433,1078,303,640,0.3140110690358287,0.0882609962132245,0.1864258665889892,0,0,37.45936584,126.88677979
5507,5507. 아현래미안푸르지오아파트 104동 앞,3433,1012,271,925,0.2947859015438392,0.0789397028837751,0.2694436353043984,0,0,37.55515671,126.95292664
4781,4781. 브라운스위트레지던스,3430,978,761,660,0.285131195335277,0.221865889212828,0.1924198250728863,0,0,37.56147003,126.96801758
2226,2226. 신동아럭스빌아파트 앞,3429,265,1305,692,0.0772820064158646,0.3805774278215223,0.2018081073199183,0,2,37.47518158,127.00138855
4240,4240. 아현문화건강센터,3428,825,473,792,0.2406651108518086,0.1379813302217036,0.2310385064177363,0,0,37.55235291,126.95147705
2088,2088.상도중앙하이츠빌 입구,3427,857,365,858,0.2500729501021301,0.1065071491100087,0.2503647505106507,0,0,37.50024796,126.94972992
3530,3530. 왕십리자이아파트 후문(삼거리),3427,790,298,883,0.2305223227312518,0.0869565217391304,0.257659760723665,0,0,37.56014633,127.02635956
4956,4956. 암사역사공원역 1번출구,3419,626,579,1020,0.1830944720678561,0.169347762503656,0.298332845861363,0,3,37.5575676,127.14015961
352,352. 중앙고입구 삼거리,3419,557,658,900,0.1629131324948815,0.1924539338988008,0.2632348639953202,0,3,37.58341599,126.98523712
6062,6062.서울역파출소,3419,1121,536,831,0.3278736472652822,0.156770985668324,0.2430535244223457,0,0,37.55709457,126.97183228
1979,1979. 구로1동우체국 앞,3414,897,302,825,0.2627416520210896,0.0884592852958406,0.2416520210896309,0,0,37.4920311,126.87377167
4925,4925. 청담백영빌딩 앞,3414,198,925,726,0.0579964850615114,0.2709431751611013,0.2126537785588752,0,1,37.52390289,127.04660797
4177,4177. 롯데캐슬 101동 앞,3413,793,299,939,0.2323469088778201,0.0876062115440961,0.2751245238792851,0,0,37.50157547,126.94590759
2143,2143. 서울산업정보학교,3412,432,635,985,0.126611957796014,0.1861078546307151,0.2886869871043376,0,3,37.4706955,126.94219971
2649,2649.오금공원사거리2,3402,435,559,992,0.1278659611992945,0.1643151087595532,0.2915931804820694,0,3,37.50544357,127.13233185
3703,3703. 삼양입구사거리,3400,594,405,910,0.1747058823529411,0.1191176470588235,0.2676470588235294,0,0,37.61708832,127.02809906
3622,3622. 은마아파트입구 사거리(1),3394,201,609,989,0.0592221567472009,0.1794342958161461,0.2913965822038892,0,3,37.49986649,127.0605011
1635,"1635. 상계3,4동 주민센터 대여소",3349,427,460,818,0.1275007464914899,0.1373544341594506,0.244252015527023,0,3,37.67271042,127.0831604
4454,4454. 위례 포레샤인 1809동 부근,3332,586,367,931,0.1758703481392557,0.1101440576230492,0.2794117647058823,0,0,37.48687744,127.1526947
1365,1365. 선잠단지 앞,3329,592,302,959,0.1778311805346951,0.0907179333133073,0.2880744968458997,0,0,37.5933609,126.9990921
410,410. 상암중학교 옆,3321,297,615,898,0.089430894308943,0.1851851851851851,0.2704004817825956,0,3,37.57739258,126.88747406
2659,2659.서울친환경유통센터,3304,1046,302,572,0.3165859564164648,0.0914043583535108,0.1731234866828087,0,0,37.49416733,127.10453033
2817,2817.천왕이펜하우스5단지 앞,3292,389,556,738,0.1181652490886998,0.1688942891859052,0.2241798298906439,0,1,37.47989655,126.84037018
830,830. 강변삼성스위트아파트 앞,3277,853,584,773,0.2602990540128166,0.1782117790662191,0.235886481537992,0,0,37.53442383,126.94857025
928,928. 은평역사한옥박물관,3275,399,588,1198,0.1218320610687022,0.1795419847328244,0.3658015267175573,0,3,37.64131546,126.93804169
6173,6173. 서울자동차운전전문학원,3263,229,849,599,0.0701808152007355,0.2601900091939932,0.1835733987128409,0,1,37.54613495,126.82106018
5852,5852. 대림동현대2차 201동 앞,3261,532,404,858,0.1631401410610242,0.1238883777982214,0.2631094756209751,0,0,37.50300598,126.89382935
3659,3659. 명일초등학교 옆,3251,405,593,798,0.1245770532143955,0.1824054137188557,0.2454629344816979,0,3,37.55464554,127.14253235
4519,4519. 양원보도육교,3249,363,263,229,0.1117266851338873,0.0809479839950754,0.0704832256078793,0,1,37.53924561,126.8237381
5879,5879. 국회도서관 2문 앞,3230,129,1144,581,0.039938080495356,0.3541795665634675,0.179876160990712,0,2,37.53107071,126.91668701
4802,4802. 새우개마을,3227,1079,756,534,0.3343662844747443,0.2342733188720173,0.165478772854044,0,0,37.61571121,127.1010437
5892,5892.국회의사당본관 좌측,3227,234,1502,255,0.072513170127053,0.4654477843198016,0.0790207623179423,0,2,37.53090286,126.91375732
5334,5334. 화랑대역 3번출구,3222,430,686,645,0.1334574798261949,0.2129112352576039,0.2001862197392923,0,1,37.62081528,127.083992
2533,2533.한가람미술관 앞,3215,136,857,897,0.0423017107309486,0.2665629860031104,0.27900466562986,0,3,37.48087692,127.01452637
4304,4304. 서울고앞,3211,570,566,861,0.1775147928994082,0.1762690750545001,0.2681407661164746,0,3,37.48339462,127.00736237
2350,2350. 래미안그레이튼102동앞,3209,387,696,699,0.1205983172327828,0.2168899968837644,0.2178248675599875,0,1,37.49482346,127.04790497
1379,1379.길음뉴타운푸르지오아파트 3단지,3196,1188,185,825,0.3717146433041302,0.0578848560700876,0.2581351689612015,0,0,37.60929489,127.01847839
3427,3427.인왕산 아이파크 정문,3195,1129,461,614,0.3533646322378717,0.1442879499217527,0.1921752738654147,0,0,37.57666779,126.95584869
827,827. 국군복지단,3187,131,1000,218,0.0411044869783495,0.3137747097583935,0.0684028867273297,0,2,37.54188538,126.97966003
4939,4939.도산공원,3186,194,795,741,0.0608913998744507,0.2495291902071563,0.2325800376647834,0,1,37.5253067,127.03302765
1357,1357. 북한산보국문역,3184,368,424,912,0.1155778894472361,0.1331658291457286,0.2864321608040201,0,3,37.61207199,127.00813293
1377,1377. 한국과학기술연구원 북문,3183,210,1223,442,0.0659754948162111,0.3842287150486962,0.1388627081369776,0,2,37.60418701,127.04549408
2401,2401. 밀알학교 입구 (삼성서울병원 입구),3180,573,426,898,0.180188679245283,0.1339622641509434,0.2823899371069182,0,0,37.48656082,127.08267212
3652,3652. 한영외국어고등학교,3173,747,477,681,0.2354238890639773,0.1503309171131421,0.2146233848093287,0,0,37.54709244,127.15621948
4319,4319. 삼성전자R&D어린이집 뒤,3159,377,894,472,0.1193415637860082,0.2830009496676163,0.1494143716365938,0,1,37.46559143,127.02184296
6053,6053. 중부세무서 앞,3158,230,662,653,0.0728309056364787,0.2096263457884737,0.2067764407853071,0,1,37.56092453,126.99066162
1376,1376. 한국과학기술연구원 중문,3151,35,1245,300,0.0111075848936845,0.3951126626467788,0.0952078705172961,0,2,37.59730911,127.0437851
2625,2625.가락종합 사회복지관,3145,950,404,728,0.302066772655008,0.1284578696343402,0.2314785373608903,0,0,37.4955368,127.10720062
2421,2421. 신논현역 4번출구,3144,339,624,894,0.107824427480916,0.1984732824427481,0.2843511450381679,0,3,37.504673,127.02579498
534,534. 금호사거리,3142,534,346,996,0.16995544239338,0.1101209420751113,0.316995544239338,0,3,37.54863358,127.02572632
3532,3532. 왕십리KCC스위첸아파트,3139,1144,227,577,0.3644472762026123,0.0723160242115323,0.1838165020707231,0,0,37.56068039,127.02677917
1314,1314. 정릉꿈에그린1단지 201동 앞,3112,582,336,790,0.1870179948586118,0.1079691516709511,0.2538560411311054,0,0,37.60243988,127.01168823
1316,1316. 고려사대부속중고 건너편 ,3107,216,525,741,0.0695204377212745,0.1689732861280978,0.2384937238493724,0,3,37.60726166,127.00283813
967,967. 서울혁신파크2,3101,126,743,822,0.0406320541760722,0.2396001289906481,0.2650757820058045,0,3,37.60890961,126.93241882
1857,1857. 주공14단지,3098,1202,319,663,0.3879922530664945,0.1029696578437701,0.2140090380890897,0,0,37.46055984,126.88709259
4608,4608. 국립중앙박물관 정문 앞,3088,100,730,1033,0.0323834196891191,0.2363989637305699,0.334520725388601,0,3,37.52145767,126.97767639
2129,2129. 낙성대 과학전시관,3087,213,628,828,0.0689990281827016,0.2034337544541626,0.2682215743440233,0,3,37.46905518,126.95814514
4928,4928. 교수마을 입구,3083,431,680,694,0.1397988971780733,0.2205643853389555,0.2251054168018164,0,1,37.4818573,127.10456085
5767,5767. 북위례2,3074,604,325,886,0.1964866623292127,0.1057254391672088,0.2882238126219908,0,0,37.48483276,127.1499176
2383,2383. 보금자리정원,3066,509,494,841,0.1660143509458577,0.1611219830397912,0.2742987606001305,0,3,37.46632767,127.09488678
2223,2223. 방배래미안 정문 앞,3060,195,542,866,0.0637254901960784,0.1771241830065359,0.2830065359477124,0,3,37.47261047,126.98300934
1477,1477.면목삼익아파트 앞,3057,324,482,977,0.1059862610402355,0.1576709192018318,0.3195943735688583,0,3,37.57598495,127.0796051
4333,4333. 서울고등학교 건너편,3041,691,494,738,0.2272278855639592,0.1624465636303847,0.24268332785268,0,0,37.48285294,127.00597382
2425,2425.세곡동 사거리(대왕초등학교 정류장),3037,406,500,801,0.1336845571287454,0.1646361540994402,0.2637471188673033,0,3,37.46461868,127.10684967
1731,1731. 도봉고등학교 맞은편,3030,328,409,913,0.1082508250825082,0.1349834983498349,0.3013201320132013,0,3,37.6876297,127.04221344
4088,4088. 김근태도서관,3029,152,441,1077,0.0501815780785737,0.1455926048200726,0.3555628920435787,0,3,37.68750763,127.04263306
3637,3637. 세곡데이케어센터,3025,639,357,733,0.2112396694214876,0.1180165289256198,0.2423140495867768,0,0,37.46072388,127.10287476
3624,3624. 대모산입구역 7번 출구 앞,3017,613,346,882,0.2031819688432217,0.114683460391117,0.2923433874709977,0,0,37.49017715,127.07305908
2037,2037. 동작역 5번출구 동작주차공원,3009,131,574,1187,0.043536058491193,0.1907610501827849,0.3944832170156198,0,3,37.50318909,126.97714996
4327,4327. 몽마르뜨공원입구,3005,391,655,774,0.130116472545757,0.2179700499168053,0.2575707154742097,0,3,37.4928894,127.0026474
1053,1053. 동명근린공원 진입로 (아리수로),2993,587,453,685,0.1961242900100233,0.1513531573671901,0.2288673571667223,0,0,37.56254578,127.16448212
5889,5889.의원회관출입구 앞,2984,158,897,490,0.0529490616621983,0.3006032171581769,0.1642091152815013,0,2,37.52985382,126.91479492
3111,3111.무악재역 4번 출구,2978,461,547,772,0.1548018804566823,0.1836803223640027,0.2592343854936199,0,3,37.58221054,126.95016479
1039,1039. 고덕초등학교,2976,754,380,793,0.2533602150537634,0.1276881720430107,0.2664650537634409,0,0,37.56129837,127.16784668
2159,2159. 인헌초교,2973,196,327,1010,0.0659266733938782,0.1099899091826438,0.339724184325597,0,3,37.47509003,126.95922852
483,483.남산타운아파트 버스정류장,2971,316,474,992,0.1063614944463143,0.1595422416694715,0.3338943116795692,0,3,37.54758453,127.00643921
2248,2248. 서초리슈빌S 글로벌 앞,2965,900,404,646,0.3035413153456998,0.136256323777403,0.2178752107925801,0,0,37.45995331,127.02474213
1410,1410. 면목 대원칸타빌아파트,2965,503,300,916,0.16964586846543,0.1011804384485666,0.30893760539629,0,3,37.57778168,127.09018707
1842,1842. 한울중학교,2951,948,178,557,0.3212470349034225,0.0603185360894612,0.1887495764147746,0,0,37.46257401,126.90686035
196,196. 연희교차로 인근,2937,459,437,765,0.1562819203268641,0.1487912836227443,0.2604698672114402,0,3,37.56612015,126.92589569
2386,2386. 크린랩 본사,2936,470,699,698,0.1600817438692098,0.2380790190735695,0.2377384196185286,0,1,37.50958633,127.04090881
1352,1352. e 편한세상 보문아파트 내,2933,660,396,779,0.2250255710876235,0.1350153426525741,0.2655983634503921,0,0,37.58388138,127.01709747
4180,4180. 흑석동주민센터 입구,2931,550,306,874,0.1876492664619583,0.1044012282497441,0.2981917434322756,0,0,37.50682831,126.96673584
4583,4583. 의정관,2930,335,1235,265,0.114334470989761,0.4215017064846416,0.0904436860068259,0,2,37.53214645,126.91747284
3100,3100. 북성초교,2927,366,472,783,0.1250427058421592,0.161257259993167,0.267509395285275,0,3,37.55739594,126.9521637
2269,2269. 주홍교 하부,2924,391,580,801,0.1337209302325581,0.1983584131326949,0.2739398084815321,0,3,37.51034927,127.01605225
1675,1675. 월계문화체육센터,2924,531,422,385,0.1816005471956224,0.1443228454172366,0.1316689466484268,0,1,37.62694168,127.05513
4271,4271. 충정로역 1번 출구,2921,417,728,771,0.1427593289969188,0.249229715850736,0.2639507018144471,0,1,37.55942535,126.96305847
1858,"1858. 500번,507번 버스 종점 앞",2920,222,851,860,0.0760273972602739,0.2914383561643835,0.2945205479452055,0,3,37.43727112,126.90268707
1504,1504. 삼양시장오거리,2915,283,443,783,0.0970840480274442,0.1519725557461406,0.2686106346483705,0,3,37.62415695,127.01862335
522,522. 금호역 1번출구 앞,2909,210,600,756,0.0721897559298728,0.2062564455139223,0.2598831213475421,0,3,37.5486412,127.01642609
4461,4461. 한양3차아파트 3동 앞,2906,504,434,882,0.1734342739160357,0.1493461803165863,0.3035099793530626,0,3,37.50585175,127.12194061
3902,3902. 항동지구5단지 501동 앞,2902,627,308,808,0.2160578911095796,0.1061337008959338,0.2784286698828394,0,0,37.47819901,126.82487488
947,947. 연신내 선일하이츠빌 정류소,2894,581,369,753,0.2007601935038009,0.1275051831375259,0.2601935038009675,0,0,37.62266922,126.91999054
5331,5331. 공릉동 풍림아파트 112동 앞,2893,897,445,539,0.3100587625302454,0.1538195644659523,0.1863117870722433,0,0,37.6281929,127.06787872
1820,1820. 신한은행 시흥대로금융센터지점,2890,497,540,574,0.1719723183391003,0.1868512110726643,0.1986159169550173,0,1,37.4433403,126.90335846
3563,3563.구의7단지현대아파트,2879,845,387,818,0.2935046891281695,0.1344216741924279,0.2841264327891629,0,0,37.53680038,127.09083557
2417,"2417.선정릉 디캠프(D,CAMP)앞",2869,572,569,518,0.1993726036946671,0.198326943185779,0.180550714534681,0,1,37.50799942,127.04524994
994,994.북한산생태공원입구(교통섬),2865,500,438,723,0.1745200698080279,0.1528795811518324,0.2523560209424084,0,0,37.61050797,126.9385376
1037,1037. 강일리버파크 6단지,2847,520,316,772,0.182648401826484,0.1109940288022479,0.2711626273270109,0,0,37.56256485,127.1776123
3915,3915. 동선아파트 앞,2843,245,325,899,0.0861765740415054,0.114315863524446,0.3162152655645445,0,3,37.49382782,126.83907318
2249,2249. 우솔초등학교 맞은편,2837,892,379,673,0.314416637292915,0.1335918223475502,0.2372224180472329,0,0,37.45623398,127.01934814
2184,2184. 구암초등학교 버스정류장,2834,480,309,866,0.1693719124911785,0.1090331686661962,0.305575158786168,0,3,37.48949051,126.94592285
1620,1620. 중계구민체육센터,2828,263,377,839,0.092998585572843,0.1333097595473833,0.2966760961810467,0,3,,
3555,3555.양지사거리(센트라스APT 115동앞),2815,656,330,691,0.2330373001776199,0.1172291296625222,0.2454706927175843,0,0,37.56681824,127.02915192
3804,3804. 낙성대공원,2800,55,364,1469,0.0196428571428571,0.13,0.5246428571428572,0,3,37.47185516,126.95871735
1393,1393.돈암육교 하단,2796,348,310,687,0.1244635193133047,0.1108726752503576,0.2457081545064377,0,3,37.59818268,127.0211792
1304,1304. 만해공원,2777,474,375,803,0.1706877925819229,0.1350378105869643,0.2891609650702196,0,3,37.59440231,126.99230957
3117,3117.이화여대 인문관 인근,2777,217,597,510,0.0781418797263233,0.2149801944544472,0.1836514223982715,0,1,37.56406784,126.94532776
4915,4915. 영동중앙교회 버스정류장,2775,448,682,455,0.1614414414414414,0.2457657657657657,0.1639639639639639,0,1,37.49775314,127.03857422
1424,1424. 양원역 2번출구,2770,241,622,639,0.0870036101083032,0.2245487364620938,0.2306859205776173,0,1,37.6063118,127.10774231
600,600. 휘경2동 주민센터,2763,259,333,668,0.093738689829895,0.1205211726384364,0.2417661961635903,0,3,37.58991241,127.06867981
569,569. 응봉현대아파트 정류소,2761,424,375,915,0.1535675479898587,0.1358203549438609,0.3314016660630206,0,3,37.54958344,127.03024292
3503,3503. 광진유진스웰,2761,341,576,780,0.1235059760956175,0.2086200651937703,0.2825063382832307,0,3,37.55048752,127.10895538
4883,4883. 위례포레샤인18단지 1812동,2757,512,333,732,0.1857091040986579,0.1207834602829162,0.26550598476605,0,0,37.48714828,127.15328217
1353,1353. 금호어울림센터힐 내,2756,714,232,876,0.2590711175616836,0.0841799709724238,0.3178519593613933,0,0,37.60083008,127.02355194
3561,3561.행당동 삼부APT후문,2752,123,538,785,0.0446947674418604,0.1954941860465116,0.2852470930232558,0,3,37.55926895,127.03839874
432,432. 마포중앙도서관,2745,166,633,819,0.0604735883424408,0.2306010928961748,0.2983606557377049,0,3,37.56333923,126.90820312
4310,4310. 염곡동(염통골) 입구,2741,503,458,516,0.1835096680043779,0.167092302079533,0.1882524626048887,0,1,37.46220779,127.04867554
4479,4479. 문정중학교,2722,709,233,724,0.260470242468773,0.085598824393828,0.2659808963997061,0,0,37.48827362,127.1306839
1541,1541. 삼양역,2706,177,401,750,0.065410199556541,0.1481892091648189,0.2771618625277162,0,3,37.62652969,127.01805878
4672,4672. 준빌딩 앞,2694,357,375,735,0.1325167037861915,0.1391982182628062,0.2728285077951002,0,3,37.62205124,126.91958618
3431,3431.로제우스 레포츠센터,2682,231,569,779,0.0861297539149888,0.2121551081282625,0.290454884414616,0,3,37.60760117,126.95768738
4324,4324. 세화고등학교,2676,67,504,714,0.0250373692077727,0.1883408071748878,0.2668161434977578,0,3,37.50209427,126.99147034
4911,4911. 도곡동 골프 로데오거리,2672,476,559,538,0.1781437125748503,0.2092065868263473,0.2013473053892215,0,1,,
2804,2804.항동지구 6단지 602동 앞,2671,276,340,918,0.1033320853612879,0.1272931486334706,0.3436915013103706,0,3,37.47737503,126.82001495
2318,2318. 삼성중앙역4번출구(문화센터더 리빌),2670,355,610,598,0.1329588014981273,0.2284644194756554,0.2239700374531835,0,1,37.51357651,127.05503082
1344,1344. 아리랑시네센터 앞,2662,171,444,855,0.0642374154770849,0.1667918858001502,0.3211870773854245,0,3,37.60028839,127.01370239
4488,"4488. 문현중,고등학교 사이",2656,265,355,713,0.0997740963855421,0.1336596385542168,0.2684487951807229,0,3,37.48051071,127.12862396
4919,4919. 학여울역사거리(은마아파트),2645,520,371,800,0.1965973534971644,0.1402646502835538,0.3024574669187145,0,0,37.49665833,127.06938171
1847,1847. 독산주공 14단지 버스정류소,2643,587,760,631,0.222096102913356,0.2875520242149073,0.2387438516836927,0,1,37.46093369,126.88716888
4959,4959. 암사역사공원역 3번출구,2642,885,600,379,0.3349735049205147,0.2271006813020439,0.143451930355791,0,0,37.55744553,127.13816833
1422,1422. 신내우디안아파트 1단지,2638,112,641,658,0.0424564063684609,0.2429871114480667,0.2494313874147081,0,3,37.62009811,127.10646057
3766,3766. 강서문화센터,2622,883,245,598,0.3367658276125095,0.093440122044241,0.2280701754385964,0,0,37.54457855,126.84378052
3924,3924. 오류동 계림웨스트밸리 앞,2620,592,340,532,0.2259541984732824,0.1297709923664122,0.2030534351145038,0,0,37.49090958,126.82965088
4613,4613. 서울갤러리아 앞,2617,72,534,954,0.0275124188001528,0.2040504394344669,0.3645395491020252,0,3,37.53599548,126.99948883
1392,1392.돈암삼성풍림아파트,2609,568,212,674,0.2177079340743579,0.0812571866615561,0.2583365274051361,0,0,37.5970993,127.02262878
1342,1342. 성북쉼터 앞,2604,551,319,644,0.2115975422427035,0.1225038402457757,0.2473118279569892,0,0,37.59261703,126.99793243
1463,1463.중랑구민회관,2602,328,320,617,0.1260568793235972,0.1229823212913143,0.2371252882398155,0,3,,
2516,2516.본마을 노인복지센터 앞,2574,312,413,844,0.1212121212121212,0.1604506604506604,0.3278943278943279,0,3,37.45441818,127.052742
3701,3701. 방아삼거리,2565,109,317,898,0.042495126705653,0.1235867446393762,0.3500974658869396,0,3,37.5232811,127.14613342
3806,3806. 낙성대 교수아파트,2562,243,505,691,0.094847775175644,0.197111631537861,0.2697111631537861,0,3,37.46895981,126.95765686
977,977.신도중학교앞,2551,445,403,706,0.1744413955311642,0.1579772638181105,0.2767542140337122,0,3,37.63310242,126.9315033
297,297.국회3문,2522,485,681,574,0.1923076923076923,0.2700237906423473,0.2275971451229183,0,1,37.52863693,126.91267395
3531,3531. 논골사거리(금호도서관 입구),2519,471,262,809,0.1869789599047241,0.1040095275903136,0.3211591901548233,0,0,37.55477905,127.02484131
449,449. 일성아파트,2513,468,343,653,0.1862315957023478,0.1364902506963788,0.2598487863111818,0,0,37.60871887,126.97286224
1467,1467.sk신내 주유소앞(용마산로),2498,118,410,724,0.0472377902321857,0.1641313050440352,0.2898318654923939,0,3,37.61362076,127.10115051
451,451. 청와대앞길,2497,196,577,782,0.0784941930316379,0.2310772927513015,0.3131758109731678,0,3,37.58351517,126.97966766
443,443.호암아트홀,2477,595,882,202,0.240209931368591,0.3560758982640291,0.0815502624142107,0,2,37.5621109,126.97071838
4305,4305. 서일스포츠센터,2476,573,367,592,0.231421647819063,0.1482229402261712,0.2390953150242326,0,0,37.49801636,127.02222443
855,855.이촌역5번출구 앞,2475,247,518,840,0.0997979797979798,0.2092929292929292,0.3393939393939394,0,3,37.52272415,126.97277069
1435,1435. 능산삼거리,2468,402,287,637,0.1628849270664505,0.116288492706645,0.2581037277147487,0,0,37.60868073,127.10079193
1315,1315. 고려사대부속중고 정문,2460,178,372,709,0.0723577235772357,0.1512195121951219,0.2882113821138211,0,3,37.60776138,127.00328064
973,973.제각말푸르지오 5-1단지 아파트,2443,395,347,717,0.1616864510847319,0.1420384772820302,0.2934916086778551,0,3,37.63734818,126.93584442
2334,2334. 삼호아파트 2동 ( 간선도로),2433,359,465,343,0.147554459515002,0.1911220715166461,0.1409782161939991,0,1,37.49375916,127.04589844
1459,1459. 용마한신아파트사거리,2427,326,243,703,0.134322208487845,0.1001236093943139,0.2896580140090647,0,3,37.58034897,127.09265137
1006,1006. 롯데캐슬 115동앞,2423,386,396,630,0.1593066446553858,0.1634337598018984,0.260008254230293,0,3,37.55486679,127.14279938
3620,3620. 청담역 11번 출구,2422,817,400,458,0.3373245251857968,0.1651527663088356,0.1890999174236168,0,0,37.51925659,127.0515976
5339,5339. 은빛1단지 아파트 앞,2422,254,373,619,0.1048720066061106,0.1540049545829892,0.2555739058629232,0,3,37.68120956,127.05516815
2519,2519.서초2교(사임당로 방면),2416,558,394,548,0.2309602649006622,0.1630794701986755,0.2268211920529801,0,0,37.49100876,127.02352142
859,859.남산공원 야외식물원 앞,2416,171,432,759,0.0707781456953642,0.1788079470198675,0.3141556291390728,0,3,37.54188538,126.99586487
4623,4623. 라인프랜즈이태원점 앞,2403,99,466,773,0.0411985018726591,0.1939242613399917,0.3216812317935913,0,3,37.53453064,126.99619293
4845,4845. 신내역금강펜테리움센트럴파크,2398,503,474,519,0.2097581317764804,0.1976647206005004,0.2164303586321934,0,0,37.60910034,127.11160278
4538,4538. 양천공영차고지,2390,163,437,482,0.0682008368200836,0.1828451882845188,0.201673640167364,0,1,37.50922012,126.8371582
4417,4417. 성북청소년문화의집,2367,366,298,571,0.1546261089987325,0.1258977608787494,0.2412336290663287,0,0,37.61566925,127.00876617
2041,2041. 사당중학교 버스정류소,2360,415,243,690,0.1758474576271186,0.1029661016949152,0.2923728813559322,0,0,37.48683548,126.9680481
2532,2532.국립국악원 앞,2339,251,793,489,0.1073108165882855,0.3390337751175716,0.2090637024369388,0,1,37.47820282,127.00878143
161,161. 무악재역1번 출구,2338,343,414,718,0.1467065868263473,0.1770744225834046,0.3071000855431993,0,3,37.58224487,126.95064545
4881,4881. 거여동사거리 송파둘레길 입구,2331,454,356,603,0.1947661947661947,0.1527241527241527,0.2586872586872586,0,0,37.49535751,127.13947296
3970,3970. 시흥4동주민센터 앞,2329,833,164,466,0.3576642335766423,0.0704164877629884,0.2000858737655646,0,0,37.45894241,126.90592957
3629,3629. 청담사거리(신한오피스텔빌딩 앞),2326,82,699,497,0.0352536543422184,0.3005159071367154,0.2136715391229578,0,1,37.52416229,127.0489502
4879,4879. 마천청소년센터,2322,457,245,646,0.1968130921619293,0.1055124892334194,0.2782084409991386,0,0,37.49222183,127.15659332
4473,4473. 마천금호어울림 1차 102동앞,2311,435,282,691,0.1882302033751622,0.12202509736045,0.2990047598442232,0,0,37.49808884,127.15429688
5897,5897.여의도공작아파트,2292,130,717,740,0.056719022687609,0.31282722513089,0.3228621291448517,0,3,37.52595139,126.92987061
2040,2040. 비계 버스정류소,2285,288,237,735,0.1260393873085339,0.1037199124726477,0.3216630196936542,0,3,37.5063591,126.96907806
4611,4611. 국제루터교회 앞,2281,192,466,599,0.0841736080666374,0.2042963612450679,0.2626041209995616,0,3,37.54143906,127.00376129
4158,4158. 노량진근린공원,2265,415,269,604,0.1832229580573951,0.1187637969094922,0.2666666666666666,0,0,37.50680542,126.92850494
127,127. 현대벤처빌 앞,2265,226,419,596,0.0997792494481236,0.1849889624724061,0.2631346578366446,0,3,,
1866,1866.서울안천초등학교 옆,2248,280,439,538,0.1245551601423487,0.1952846975088968,0.2393238434163701,0,1,37.45777893,126.88942719
3418,3418.창신역2번 출구,2242,547,243,535,0.243978590544157,0.1083853702051739,0.2386262265834076,0,0,37.57998657,127.01506042
1101,1101. 상사마을 버스정류장(아라대교방면),2236,403,418,481,0.1802325581395348,0.1869409660107334,0.2151162790697674,0,1,37.58161163,126.79859924
2165,2165. JK장평타워,2223,122,393,656,0.0548807917228969,0.1767881241565452,0.2950967161493477,0,3,37.47648239,126.96536255
4021,4021. 중계본동 입구,2216,445,282,572,0.200812274368231,0.1272563176895307,0.2581227436823105,0,0,37.64426041,127.08331299
1573,1573.현대성우아파트 옆,2202,392,206,664,0.1780199818346957,0.0935513169845594,0.3015440508628519,0,0,37.61666489,127.02210999
1370,1370. 복자사랑 피정의 집,2198,404,202,749,0.183803457688808,0.091901728844404,0.340764331210191,0,3,37.59453964,126.99520874
938,938. 금암 문화공원,2190,224,394,679,0.102283105022831,0.1799086757990867,0.3100456621004566,0,3,37.64468384,126.91845703
2536,2536.서초AICT 우수기업센터 앞,2161,267,537,333,0.1235539102267468,0.2484960666358167,0.1540953262378528,0,1,37.45899582,127.0413208
1861,1861.IBK기업은행 석수역 지점 앞,2155,160,538,610,0.074245939675174,0.2496519721577726,0.2830626450116009,0,3,37.4369812,126.90329742
4323,4323. 내곡도서관,2146,129,364,638,0.0601118359739049,0.1696178937558247,0.2972972972972973,0,3,37.45199966,127.05391693
4584,4584. 국회2문,2131,207,804,306,0.0971374941342092,0.3772876583763491,0.1435945565462224,0,2,37.52864075,126.91510773
681,681.서울특별시 동부교육지원청(육교),2099,351,357,402,0.1672224868985231,0.1700809909480705,0.191519771319676,0,1,37.5798378,127.0563736
1418,1418. 새솔초등학교,2084,545,183,497,0.2615163147792706,0.0878119001919385,0.2384836852207293,0,0,37.61743927,127.10901642
4916,4916. 청담역 1번출구,2082,303,396,546,0.1455331412103746,0.1902017291066282,0.2622478386167147,0,3,37.51973724,127.05767822
2079,2079.중앙대학교 중앙광장,2073,287,328,534,0.1384466956102267,0.1582247949831162,0.2575976845151954,0,3,37.50667191,126.95777893
992,992.북한산입구 정류장,2066,90,244,931,0.0435624394966118,0.1181026137463698,0.4506292352371733,0,3,37.65828705,126.94529724
2807,2807.항동지구 1단지 105동 앞,2063,234,328,628,0.1134270479883664,0.1589917595734367,0.3044110518662142,0,3,37.48062897,126.82181549
200,200. 국회의원회관,2060,253,799,104,0.1228155339805825,0.3878640776699029,0.0504854368932038,0,2,37.52841568,126.91391754
974,974.연신초등학교옆 마을마당,2059,391,275,571,0.1898980087421078,0.1335599805730937,0.2773190869354055,0,0,37.62672043,126.92901611
4421,4421. 롯데캐슬클라시아 입구 앞,2059,325,408,574,0.1578436134045653,0.1981544439048081,0.2787761049052938,0,3,37.6069603,127.02606964
4681,4681.박석고개(은평소방서) 앞,2050,298,319,536,0.1453658536585365,0.1556097560975609,0.2614634146341463,0,3,37.62794495,126.91976929
2257,2257. 청계산 입구 삼거리,2048,40,795,458,0.01953125,0.38818359375,0.2236328125,0,2,37.46268845,127.04611206
3401,3401.창신두산아파트,2039,800,220,467,0.392349190779794,0.1078960274644433,0.2290338401177047,0,0,37.57376099,127.0139389
3428,3428.서울미술관,2021,396,273,679,0.1959426026719445,0.1350816427511133,0.3359722909450767,0,3,37.59512711,126.96349335
3911,3911. 항동하버리안2단지아파트 후문,2016,291,265,602,0.144345238095238,0.1314484126984127,0.2986111111111111,0,3,37.48337555,126.82247925
465,465. 삼청공원 앞,2007,374,491,441,0.1863477827603388,0.2446437468858993,0.2197309417040358,0,1,37.58760452,126.9835968
2078,2078.흑석 아크로리버하임(103동),1996,201,371,579,0.1007014028056112,0.1858717434869739,0.2900801603206412,0,3,37.51083755,126.96163177
1730,1730. 도봉산역 교차로 앞,1993,42,497,558,0.0210737581535373,0.249372804816859,0.2799799297541395,0,3,37.68759155,127.04550171
4936,4936. SK텔레콤(T1) 인근,1992,227,526,437,0.1139558232931726,0.2640562248995984,0.2193775100401606,0,1,37.51263046,127.04283142
3720,3720. 우이천 창번교,1991,327,361,581,0.1642390758412857,0.1813159216474133,0.2918131592164741,0,3,,
2808,2808.항동지구 2단지 202동 앞,1988,280,272,549,0.1408450704225352,0.1368209255533199,0.2761569416498994,0,3,37.48080826,126.82190704
2199,2199.신봉천주유소 A,1987,199,303,599,0.1001509813789632,0.1524911927528938,0.3014594866633115,0,3,37.47877121,126.95869446
2093,2093.상도SH빌아파트 입구,1966,225,254,563,0.1144455747711088,0.1291963377416073,0.2863682604272635,0,3,37.50321198,126.95459747
2225,2225.백석예술대학교 제3캠퍼스 앞,1964,200,841,353,0.1018329938900203,0.4282077393075356,0.1797352342158859,0,2,37.4737587,126.99524689
2806,2806.항동지구 4단지 입구,1957,488,241,531,0.2493612672457843,0.1231476750127746,0.2713336739908022,0,0,37.48259735,126.82645416
3539,3539. 서원마을,1943,264,465,652,0.1358723623262995,0.2393206381883685,0.3355635615028307,0,3,37.56379318,127.13283539
1445,1445. 용마지구대 A,1940,297,289,496,0.1530927835051546,0.1489690721649484,0.2556701030927835,0,3,37.5799408,127.07939911
2207,2207. 내곡파출소 뒤 정자,1940,331,469,401,0.1706185567010309,0.2417525773195876,0.206701030927835,0,1,37.45440674,127.06492615
1513,1513. 강북구청 뒷편,1939,125,325,539,0.0644662197008767,0.1676121712222795,0.2779783393501805,0,3,,
1836,1836. 금천구립 독산도서관,1928,383,328,445,0.1986514522821576,0.1701244813278008,0.2308091286307054,0,0,37.46740341,126.90814209
2814,2814.항동지구 10단지 1001동 앞,1927,789,183,496,0.4094447327451997,0.0949662688116242,0.2573949143746756,0,0,37.47934341,126.82563782
1250,1250.문정2동 주민센터,1923,319,217,446,0.1658866354654186,0.1128445137805512,0.2319292771710868,0,0,37.48987198,127.11083984
4336,4336. 서울교육청 교육연수원 앞,1919,124,765,241,0.0646169880145909,0.3986451276706618,0.1255862428348098,0,2,37.473423,126.99777222
1283,1283. 오금공원 사거리,1889,249,317,550,0.1318157755426151,0.1678136580201164,0.2911593435680254,0,3,37.50541306,127.13169098
1453,1453. 중랑캠핑숲,1856,432,241,432,0.2327586206896551,0.1298491379310344,0.2327586206896551,0,0,37.60460281,127.10925293
1971,1971. 오정초교 앞 보도육교,1848,104,303,413,0.0562770562770562,0.1639610389610389,0.2234848484848484,0,3,37.49072266,126.82639313
921,921. 신도고등학교,1843,237,355,496,0.1285946825827455,0.1926207270754205,0.2691264243081931,0,3,37.63001633,126.91902924
3429,3429.HW컨벤션센터 앞,1838,486,192,547,0.264417845484222,0.1044613710554951,0.2976060935799782,0,0,37.59725952,126.96308899
2354,2354. 청담역 2번출구,1815,230,372,554,0.1267217630853994,0.2049586776859504,0.3052341597796143,0,3,37.51978683,127.0567627
3714,3714. 송천센트레빌,1803,316,171,503,0.1752634498058791,0.0948419301164725,0.2789794786466999,0,0,37.61220932,127.02497864
5308,5308. 상계신동아아파트,1788,200,196,663,0.1118568232662192,0.1096196868008948,0.3708053691275167,0,3,,
3610,3610. 윗반마을 입구,1777,154,389,612,0.0866629150253235,0.2189082723691615,0.3444006752954417,0,3,37.46534729,127.1088028
4942,4942.율현삼거리,1765,73,382,476,0.0413597733711048,0.2164305949008498,0.2696883852691218,0,3,37.46805573,127.12036133
4760,4760. 서울역 7번출구,1755,146,504,281,0.0831908831908831,0.2871794871794871,0.1601139601139601,0,1,37.55664444,126.97364044
945,945. 기자촌 사거리 A,1752,295,280,488,0.1683789954337899,0.1598173515981735,0.2785388127853881,0,3,37.63414001,126.93234253
2130,2130. 영어마을 관악캠프,1751,100,316,551,0.0571102227298686,0.1804683038263849,0.3146773272415762,0,3,37.47198868,126.95842743
854,854.HID 유족동지회 앞,1734,55,308,642,0.0317185697808535,0.1776239907727797,0.370242214532872,0,3,37.53872681,127.00154877
1242,1242. 문정 법조단지6,1719,276,502,358,0.1605584642233856,0.2920302501454334,0.20826061663758,0,1,37.48163223,127.11916351
2068,2068. 총신대 앞(육교),1702,278,337,378,0.163337250293772,0.1980023501762632,0.2220916568742655,0,1,37.48815918,126.96647644
2284,2284. CJ오쇼핑앞,1699,69,573,384,0.0406121247792819,0.3372572101236021,0.226015303119482,0,2,37.4681015,126.98680115
725,725. 양강중학교앞 교차로,1688,207,252,520,0.1226303317535545,0.1492890995260663,0.3080568720379147,0,3,,
1538,1538. 솔밭공원역,1687,139,209,532,0.0823947836395969,0.1238885595732068,0.3153526970954357,0,3,37.65615845,127.01313782
4772,4772. 중앙일보,1685,95,717,179,0.0563798219584569,0.4255192878338279,0.1062314540059347,0,2,37.56253433,126.97249603
4617,4617. 동원베네스트 건너편,1681,327,229,400,0.1945270672218917,0.1362284354550862,0.2379535990481856,0,0,37.52761078,126.95511627
1550,1550.삼각산아이원아파트(105동 옆),1642,493,128,480,0.3002436053593179,0.0779537149817296,0.292326431181486,0,0,37.61522293,127.01850891
1572,1572. 우이동 먹거리마을,1623,142,231,642,0.0874922982131854,0.1423290203327172,0.3955637707948244,0,3,37.66446304,127.01184082
5880,5880. 국회박물관,1616,34,383,126,0.021039603960396,0.2370049504950495,0.0779702970297029,0,2,37.53183365,126.91945648
3648,3648. 구룡역 4번 출구,1609,99,338,452,0.0615288999378495,0.2100683654443753,0.2809198259788689,0,3,37.48670578,127.0605011
1855,1855. 성지아파트 옆 도로변,1608,234,201,379,0.1455223880597015,0.125,0.2356965174129353,0,3,37.45132065,126.89762115
5888,5888.여의도성당,1600,106,644,392,0.06625,0.4025,0.245,0,2,37.52164459,126.93920898
3003,3003.래미안신공덕3차아파트,1579,471,139,432,0.2982900569981001,0.0880303989867004,0.2735908803039898,0,0,37.54554749,126.95679474
968,968. 은평뉴타운 상림마을 13단지,1577,376,124,401,0.238427393785669,0.0786303107165504,0.25428027901078,0,0,37.64208984,126.92941284
564,564. 금호역 3번출구,1550,133,159,527,0.0858064516129032,0.1025806451612903,0.34,0,3,37.54792786,127.01557159
4178,4178. 이수성결교회 옆,1542,99,272,521,0.0642023346303501,0.1763942931258106,0.3378728923476005,0,3,37.49814987,126.98368835
6185,6185.가양나들목,1526,223,173,532,0.1461336828309305,0.1133682830930537,0.3486238532110092,0,3,37.57341003,126.84345245
4612,4612. 이태원로 255,1479,47,244,526,0.0317782285327924,0.1649763353617309,0.3556457065584855,0,3,37.53749847,127.00084686
1969,1969. 궁동생태공원,1478,134,195,409,0.0906630581867388,0.131935047361299,0.2767253044654939,0,3,37.50190353,126.82896423
4309,4309. 서초케이타운앞,1476,111,202,393,0.0752032520325203,0.1368563685636856,0.266260162601626,0,3,37.45766449,127.05931854
3940,3940.삼각어린이공원 앞,1473,407,175,335,0.2763068567549219,0.118805159538357,0.2274270196877121,0,0,37.50207901,126.89234924
3404,3404.서울특별시 중부교육지원청,1466,236,315,186,0.1609822646657571,0.2148703956343792,0.1268758526603001,0,1,37.57185364,127.00235748
2809,2809.항동지구 11단지 1103동 앞,1463,197,211,518,0.1346548188653452,0.1442241968557758,0.354066985645933,0,3,37.47790527,126.82311249
447,447. 신영동삼거리,1461,163,219,406,0.1115674195756331,0.1498973305954825,0.2778918548939083,0,3,37.60399246,126.96194458
969,969. 은평 지웰테라스,1459,291,110,318,0.1994516792323509,0.0753941055517477,0.2179575051405071,0,0,37.64339447,126.93213654
3937,3937. 개봉역 신영지웰에스테이트,1450,375,251,372,0.2586206896551724,0.173103448275862,0.256551724137931,0,0,37.49563599,126.85797882
966,966. 서울혁신파크1,1448,103,411,410,0.0711325966850828,0.2838397790055249,0.2831491712707182,0,3,37.60903168,126.93467712
1066,1066.생태공원앞 교차로(조명탑),1447,265,249,436,0.1831375259156876,0.1720801658604008,0.3013130615065653,0,3,37.5377655,127.15201569
486,486. 평창동주민센터 앞,1440,101,258,457,0.0701388888888888,0.1791666666666666,0.3173611111111111,0,3,37.60627365,126.96832275
2805,2805.구로자원순환센터 ,1428,125,182,508,0.0875350140056022,0.1274509803921568,0.3557422969187675,0,3,37.48250961,126.82575989
4690,4690.은평뉴타운폭포동 힐스테이트4단지,1408,229,208,502,0.1626420454545454,0.1477272727272727,0.3565340909090909,0,3,37.62834167,126.933815
4782,4782. 서소문역사공원,1406,257,446,217,0.1827880512091038,0.3172119487908961,0.1543385490753911,0,1,37.56157303,126.9684906
5786,5786.문정로데오거리입구,1397,164,295,410,0.117394416607015,0.2111667859699355,0.2934860415175376,0,3,37.48887634,127.1216507
4896,4896. 송파레이크힐,1352,355,248,247,0.2625739644970414,0.1834319526627219,0.1826923076923076,0,0,37.48688889,127.14169312
5601,5601.감정평가사회관앞,1343,120,340,375,0.0893521965748324,0.2531645569620253,0.2792256142963514,0,3,37.47925949,126.99932861
4099,4099.창동역 이마트 건너편,1288,107,210,363,0.0830745341614906,0.1630434782608695,0.2818322981366459,0,3,,
381,381. 장충체육관,1286,110,260,329,0.0855365474339035,0.2021772939346811,0.2558320373250389,0,3,37.55853271,127.00698853
4044,4044. 공릉산 백세문 입구,1278,150,152,509,0.1173708920187793,0.1189358372456964,0.3982785602503912,0,3,37.62812042,127.08548737
2506,2506. LG유플러스 (방배사옥),1261,51,365,281,0.0404440919904837,0.2894528152260111,0.2228390166534496,0,1,37.47909164,126.99067688
2508,2508. 양재이스타빌 앞,1256,177,317,305,0.1409235668789809,0.2523885350318471,0.2428343949044586,0,1,,
937,937. 상림마을 롯데캐슬2단지 옆,1254,75,171,519,0.0598086124401913,0.1363636363636363,0.4138755980861244,0,3,37.64585114,126.92379761
1723,1723. 방학동학마을도서관,1245,141,265,363,0.1132530120481927,0.2128514056224899,0.2915662650602409,0,3,,
3972,3972. 산기슭공원 앞,1238,395,89,277,0.3190630048465266,0.0718901453957996,0.2237479806138933,0,0,,
5898,5898.당산역 1번출구,1236,69,350,312,0.0558252427184466,0.2831715210355987,0.2524271844660194,0,1,37.53442764,126.90203094
4348,4348. 사당역 1번출구,1207,197,296,223,0.1632145816072908,0.2452361226180613,0.1847555923777961,0,1,37.47597885,126.98390961
991,991.흥국사 정류장,1195,106,142,429,0.0887029288702929,0.1188284518828451,0.3589958158995815,0,3,37.6567688,126.94200897
2541,2541.옛골 입구,1173,205,224,382,0.1747655583972719,0.1909633418584825,0.3256606990622336,0,3,37.43097687,127.07033539
5337,5337. 태강릉 앞,1169,62,187,474,0.0530367835757057,0.1599657827202737,0.4054747647562018,0,3,37.62966537,127.09723663
4777,4777. 약수동 주민센터,1160,116,164,375,0.1,0.1413793103448276,0.3232758620689655,0,3,37.55281448,127.00919342
4334,4334. 인재개발원 데이터센터,1152,47,278,201,0.0407986111111111,0.2413194444444444,0.1744791666666666,0,1,37.4801178,127.02180481
2096,2096.서울특별시 동작관악교육지원청,1132,356,149,243,0.3144876325088339,0.131625441696113,0.2146643109540636,0,0,37.50251389,126.94065094
2810,2810.항동지구 3단지 311동 앞,1128,176,181,409,0.1560283687943262,0.1604609929078014,0.3625886524822695,0,3,37.47793961,126.82327271
429,429. 송도병원,1105,201,103,377,0.1819004524886877,0.0932126696832579,0.3411764705882353,0,3,37.54988861,127.00734711
523,523. 옥수동성당 옆,1080,81,159,356,0.075,0.1472222222222222,0.3296296296296296,0,3,37.54366302,127.01406097
3781,3781. 강서아동복지센터,1072,96,218,253,0.0895522388059701,0.2033582089552238,0.2360074626865671,0,1,37.58458328,126.81092072
2392,2392. 구룡산 입구 (구룡산 서울둘레길 입구),1072,245,196,241,0.228544776119403,0.1828358208955224,0.2248134328358209,0,0,37.47447205,127.05545044
1822,1822. 서울 시흥동우체국 앞,1021,208,171,259,0.2037218413320274,0.167482859941234,0.2536728697355533,0,0,,
556,556. 달맞이공원,1019,50,210,388,0.0490677134445534,0.2060843964671246,0.380765456329735,0,3,37.54205322,127.020401
2289,2289. 남태령역 2번출구,1017,151,260,202,0.1484759095378564,0.255653883972468,0.1986234021632251,0,1,37.46429825,126.98852539
4523,4523. 구립양천어르신요양센터,983,137,152,342,0.1393692777212614,0.1546286876907426,0.3479145473041709,0,3,37.51351166,126.82681274
4337,4337. 우면산등산로 입구,978,96,381,187,0.0981595092024539,0.3895705521472393,0.1912065439672801,0,2,37.47691727,127.00611115
3787,3787. 가양나들목,964,58,171,364,0.0601659751037344,0.1773858921161825,0.3775933609958506,0,3,,
2813,2813.항동지구 3단지 302동 앞,928,351,81,236,0.3782327586206896,0.0872844827586206,0.2543103448275862,0,0,37.47937012,126.82546997
2816,2816.항동지구 8단지 803동옆(주차장입구),916,160,151,228,0.1746724890829694,0.1648471615720524,0.2489082969432314,0,0,37.47473145,126.81700897
5320,5320. 국제 스케이트장,869,46,147,228,0.0529344073647871,0.1691599539700805,0.2623705408515535,0,3,37.63573456,127.10585022
4644,4644.서울특별시교육청 앞,838,124,97,257,0.1479713603818615,0.1157517899761336,0.3066825775656324,0,3,37.54584122,126.97671509
4944,4944.젠빌딩,807,143,192,167,0.1771995043370508,0.2379182156133829,0.2069392812887236,0,1,37.49093246,127.03659058
1678,1678. 성서대학교 밀알관,774,124,190,80,0.1602067183462532,0.2454780361757106,0.1033591731266149,0,1,,
3878,3878. 장로회신학대학교 주기철 기념관,762,21,164,212,0.0275590551181102,0.2152230971128609,0.2782152230971129,0,3,37.54983902,127.10302734
4322,4322.서울추모공원 입구,743,45,140,179,0.0605652759084791,0.1884253028263795,0.2409152086137281,0,3,37.45429993,127.04283142
2288,2288. 안골마을입구,673,100,102,192,0.1485884101040119,0.1515601783060921,0.2852897473997028,0,3,37.45560837,127.06445312
4415,4415. 미아초교버스승강장,643,83,91,182,0.1290824261275272,0.1415241057542768,0.2830482115085536,0,3,37.61207962,127.02198029
4968,4968.강동구 자원순환센터,634,19,205,194,0.029968454258675,0.3233438485804416,0.305993690851735,0,3,37.56932449,127.16061401
2287,2287. 능안마을입구,606,28,237,50,0.0462046204620462,0.3910891089108911,0.0825082508250825,0,2,37.45561981,127.06710052
3971,3971. 순흥안씨묘 건너편,598,141,81,136,0.2357859531772575,0.1354515050167224,0.2274247491638795,0,0,37.45838165,126.90807343
2064,2064. 흑석한강푸르지오 106동앞,575,191,32,123,0.3321739130434782,0.0556521739130434,0.2139130434782608,0,0,37.50535583,126.96617889
3968,3968. 독산동 현대홈타운 금천과선교 앞,572,140,67,144,0.2447552447552447,0.1171328671328671,0.2517482517482518,0,0,37.46222305,126.89181519
5327,5327. 태릉선수촌 앞,555,21,122,152,0.0378378378378378,0.2198198198198198,0.2738738738738738,0,3,37.63434219,127.10427856
4363,4363. 신금호역 2번출구 앞,540,34,96,164,0.0629629629629629,0.1777777777777777,0.3037037037037037,0,3,37.55507278,127.01988983
1680,1680. 삼육대 제3과학관,504,11,106,93,0.0218253968253968,0.2103174603174603,0.1845238095238095,0,1,37.64265442,127.10838318
1280,1280. 송파파크데일 2단지입구 앞 주차장,481,84,56,112,0.1746361746361746,0.1164241164241164,0.2328482328482328,0,0,37.49565887,127.15717316
4343,4343. 헌인릉 입구,481,121,77,117,0.2515592515592516,0.1600831600831601,0.2432432432432432,0,0,37.46066284,127.08129883
3527,3527. 왕십리 자이아파트(101동 앞),406,76,54,114,0.1871921182266009,0.1330049261083744,0.2807881773399014,0,0,37.56179047,127.02439117
4933,4933. 디에이치퍼스티어아이파크 159동 앞,343,67,32,108,0.19533527696793,0.0932944606413994,0.314868804664723,0,0,,
4338,4338.새정이마을버스정류장 앞,330,31,32,129,0.0939393939393939,0.0969696969696969,0.3909090909090909,0,3,37.43474579,127.06594849
3430,3430.구기치안센터 앞,330,25,57,119,0.0757575757575757,0.1727272727272727,0.3606060606060606,0,3,,
2286,2286. 탑성마을입구,320,96,41,69,0.3,0.128125,0.215625,0,0,37.4585495,127.05588531
2391,2391. 구룡터널 입구(개포1단지아파트),312,64,91,88,0.2051282051282051,0.2916666666666667,0.282051282051282,0,1,37.47598648,127.05962372
2314,2314. 청담나들목입구,260,29,49,65,0.1115384615384615,0.1884615384615384,0.25,0,3,37.52101517,127.06015015
2612,2612. 광평교사거리 인근,197,7,24,68,0.0355329949238578,0.1218274111675127,0.3451776649746192,0,3,,
9980,AS센터,134,10,30,1,0.0746268656716417,0.2238805970149253,0.0074626865671641,0,2,,
1362,1362. 보문역6번출구 앞,30,2,3,13,0.0666666666666666,0.1,0.4333333333333333,0,3,37.58519745,127.01966858
2007,2007. 유한양행앞,27,3,7,0,0.1111111111111111,0.2592592592592592,0.0,0,2,37.51293945,126.93424225
1845,1845. 롯데캐슬골드파크1차 서문,7,2,1,2,0.2857142857142857,0.1428571428571428,0.2857142857142857,0,0,37.460289,126.89218903
3605,3605. 봉은사역6번출구(현대아이파크타워앞),5,0,2,0,0.0,0.4,0.0,0,2,37.51390839,127.06072998
3305,3305.낙성대역 8번 출구,4,0,2,0,0.0,0.5,0.0,0,2,37.47677612,126.96486664
5855,5855. 하이투자증권 앞,4,0,0,2,0.0,0.0,0.5,0,3,37.52464294,126.92342377
3779,3779. 유광사여성병원,4,0,3,0,0.0,0.75,0.0,0,2,,
1721,1721. 창동역 2번출구 ,4,0,2,0,0.0,0.5,0.0,0,2,,
2135,2135. 신림역 5번출구,4,0,0,0,0.0,0.0,0.0,0,1,37.48440933,126.9289093
2322,2322. 삼성역 3번 출구,3,0,0,3,0.0,0.0,1.0,0,3,37.50809097,127.06310272
5854,5854. 신한금융투자 앞,3,0,0,2,0.0,0.0,0.6666666666666666,0,3,37.52508926,126.9240799
211,211. 여의도역 4번출구 옆,3,0,0,2,0.0,0.0,0.6666666666666666,0,3,37.52222824,126.92463684
764,764. 목동청소년수련관,2,0,0,1,0.0,0.0,0.5,0,3,37.53102875,126.87589264
2113,2113. 관악동작견인차량보관소,1,0,1,0,0.0,1.0,0.0,0,2,37.4846611,126.90390015
212,212. 여의도역 1번출구 옆,1,0,0,0,0.0,0.0,0.0,0,1,37.5213623,126.92346191
2355,2355. 삼성역 5~6번 출구 사이,1,0,0,0,0.0,0.0,0.0,0,1,37.50912094,127.06230927
3603,3603. 삼성역 2번출구,1,0,0,1,0.0,0.0,1.0,0,3,37.5082016,127.06396484
1026,1026. 대명초교 입구 교차로,1,1,0,0,1.0,0.0,0.0,0,0,37.54653549,127.15583801
3621,3621. 휘문고교 사거리,1,0,0,1,0.0,0.0,1.0,0,3,37.50286484,127.06594086
253,253. 신풍역 5번출구 인근,1,0,0,0,0.0,0.0,0.0,0,1,37.5006485,126.90951538
